설비 사이트 코드,공정,제품 코드,최소목표일
A관(1공장),누수규격,P0575S-00.25-0.75090,2026-07-30
A관(1공장),누수규격,P0575S-00.50-0.75090,2026-07-26
A관(1공장),누수규격,P0575S-00.50-0.75180,2026-08-18
A관(1공장),누수규격,P0575S-01.25-1.75010,2026-07-30
A관(1공장),누수규격,P0575S-01.50-1.25010,2026-07-26
A관(1공장),누수규격,P0575S-01.50-1.25090,2026-07-26
A관(1공장),누수규격,P0575S-01.50-1.25170,2026-07-26
A관(1공장),누수규격,P0575S-01.75-0.75020,2026-07-26
A관(1공장),누수규격,P0575S-01.75-1.75170,2026-07-30
A관(1공장),누수규격,P0575S-02.00-0.75080,2026-07-26
A관(1공장),누수규격,P0575S-02.00-1.25170,2026-07-26
A관(1공장),누수규격,P0575S-02.25-0.75100,2026-07-30
A관(1공장),누수규격,P0575S-02.25-1.75010,2026-07-30
A관(1공장),누수규격,P0575S-02.25-1.75170,2026-07-30
A관(1공장),누수규격,P0575S-02.50-2.25170,2026-07-30
A관(1공장),누수규격,P0575S-02.50-2.25180,2026-08-06
A관(1공장),누수규격,P0575S-02.75-0.75080,2026-07-26
A관(1공장),누수규격,P0575S-02.75-0.75090,2026-07-26
A관(1공장),누수규격,P0575S-03.00-0.75180,2026-08-18
A관(1공장),누수규격,P0575S-03.00-1.25170,2026-07-26
A관(1공장),누수규격,P0575S-03.00-2.75180,2026-07-30
A관(1공장),누수규격,P0575S-03.25-0.75160,2026-07-30
A관(1공장),누수규격,P0575S-03.50-0.75180,2026-07-26
A관(1공장),누수규격,P0575S-03.50-1.25160,2026-07-30
A관(1공장),누수규격,P0575S-03.75-0.75020,2026-07-26
A관(1공장),누수규격,P0575S-03.75-1.75180,2026-08-06
A관(1공장),누수규격,P0575S-04.00-1.25150,2026-07-30
A관(1공장),누수규격,P0575S-04.75-1.25180,2026-08-06
A관(1공장),누수규격,P0575S-04.75-2.75180,2026-07-26
A관(1공장),누수규격,P0575S-05.25-0.75160,2026-08-18
A관(1공장),누수규격,P0575S-05.25-2.75170,2026-07-30
A관(1공장),누수규격,P0575S-06.00-1.25010,2026-07-30
A관(1공장),누수규격,P0575S-06.00-2.25020,2026-07-30
A관(1공장),누수규격,P0575S-09.50-2.75180,2026-07-26
A관(1공장),누수규격,P0575S-10.00-2.25180,2026-07-26
A관(1공장),누수규격,P0575S-11.00-1.25170,2026-07-30
A관(1공장),누수규격,P0575S-11.00-1.75180,2026-07-26
A관(1공장),누수규격,P0584M-00.00MOO3,2026-08-01
A관(1공장),누수규격,P0584M-01.00MOO3,2026-08-01
A관(1공장),누수규격,P0584M-01.25MOO3,2026-08-01
A관(1공장),누수규격,P0584M-01.50MOO3,2026-08-01
A관(1공장),누수규격,P0584M-02.00MOO3,2026-08-01
A관(1공장),누수규격,P0584M-02.25MOO3,2026-08-01
A관(1공장),누수규격,P0584M-02.50MOO3,2026-08-01
A관(1공장),누수규격,P0584M-02.75MOO3,2026-08-01
A관(1공장),누수규격,P0584M-03.50MOO3,2026-08-01
A관(1공장),누수규격,P0584M-03.75MOO3,2026-08-01
A관(1공장),누수규격,P0584M-04.00MOO3,2026-08-01
A관(1공장),누수규격,P0584M-04.50MOO3,2026-08-01
A관(1공장),누수규격,P0584M-05.25MOO3,2026-08-01
A관(1공장),누수규격,P0584M-05.50MOO3,2026-08-01
A관(1공장),누수규격,P0584M-05.75MOO3,2026-08-01
A관(1공장),누수규격,P0585M-00.00STU3,2026-08-01
A관(1공장),누수규격,P0585M-01.25STU3,2026-08-01
A관(1공장),누수규격,P0585M-01.50STU3,2026-08-01
A관(1공장),누수규격,P0585M-01.75STU3,2026-08-01
A관(1공장),누수규격,P0585M-02.25STU3,2026-08-01
A관(1공장),누수규격,P0585M-02.75STU3,2026-08-01
A관(1공장),누수규격,P0585M-03.25STU3,2026-08-01
A관(1공장),누수규격,P0585M-04.50STU3,2026-08-01
A관(1공장),누수규격,P0585M-05.00STU3,2026-08-01
A관(1공장),누수규격,P0585M-05.25STU3,2026-08-01
A관(1공장),누수규격,P0585M-05.75STU3,2026-08-01
A관(1공장),누수규격,P0585M-06.00STU3,2026-08-01
A관(1공장),누수규격,P0614M-00.00PFB2,2026-08-01
A관(1공장),누수규격,P0614M-00.50PFB2,2026-08-01
A관(1공장),누수규격,P0614M-01.00PFB2,2026-08-01
A관(1공장),누수규격,P0614M-01.75PFB2,2026-08-01
A관(1공장),누수규격,P0614M-02.00PFB2,2026-08-01
A관(1공장),누수규격,P0614M-02.25PFB2,2026-08-01
A관(1공장),누수규격,P0614M-02.50PFB2,2026-08-01
A관(1공장),누수규격,P0614M-03.00PFB2,2026-08-01
A관(1공장),누수규격,P0614M-03.50PFB2,2026-08-01
A관(1공장),누수규격,P0614M-04.00PFB2,2026-08-01
A관(1공장),누수규격,P0614M-04.50PFB2,2026-08-01
A관(1공장),누수규격,P0614M-04.75PFB2,2026-08-01
A관(1공장),누수규격,P0614M-05.00PFB2,2026-08-01
A관(1공장),누수규격,P0614M-06.00PFB2,2026-08-01
A관(1공장),누수규격,P0615M-00.00HAZ2,2026-08-01
A관(1공장),누수규격,P0615M-01.00HAZ2,2026-08-01
A관(1공장),누수규격,P0615M-01.75HAZ2,2026-08-01
A관(1공장),누수규격,P0615M-02.00HAZ2,2026-08-01
A관(1공장),누수규격,P0615M-02.25HAZ2,2026-08-01
A관(1공장),누수규격,P0615M-02.50HAZ2,2026-08-01
A관(1공장),누수규격,P0615M-02.75HAZ2,2026-08-01
A관(1공장),누수규격,P0615M-03.00HAZ2,2026-08-01
A관(1공장),누수규격,P0615M-03.25HAZ2,2026-08-01
A관(1공장),누수규격,P0615M-03.50HAZ2,2026-08-01
A관(1공장),누수규격,P0615M-04.00HAZ2,2026-08-01
A관(1공장),누수규격,P0615M-04.25HAZ2,2026-08-01
A관(1공장),누수규격,P0615M-04.75HAZ2,2026-08-01
A관(1공장),누수규격,P0615M-05.00HAZ2,2026-08-01
A관(1공장),누수규격,P0615M-05.50HAZ2,2026-08-01
A관(1공장),누수규격,P1104V8.50-04.00,2026-07-27
A관(1공장),누수규격,P1104V8.50-06.00,2026-07-27
A관(1공장),누수규격,P1136V8.60-03.00,2026-07-27
A관(1공장),누수규격,P1150S8.70+00.75,2026-07-23
A관(1공장),누수규격,P1150S8.70-01.50,2026-07-23
A관(1공장),누수규격,P1150S8.70-01.75,2026-07-23
A관(1공장),누수규격,P1150S8.70-03.00,2026-07-23
A관(1공장),누수규격,P1150S8.70-03.25,2026-07-23
A관(1공장),누수규격,P1150S8.70-03.50,2026-07-23
A관(1공장),누수규격,P1150S8.70-04.00,2026-07-23
A관(1공장),누수규격,P1150S8.70-06.00,2026-07-23
A관(1공장),누수규격,P1150S8.70-07.25,2026-07-23
A관(1공장),누수규격,P1200V8.60-01.25,2026-07-30
A관(1공장),누수규격,P1200V8.60-03.00,2026-07-30
A관(1공장),누수규격,P1200V8.60-03.50,2026-07-30
A관(1공장),누수규격,P1200V8.60-06.00,2026-07-30
A관(1공장),누수규격,P1200V8.60-07.00,2026-07-30
A관(1공장),누수규격,P1200V8.60-09.00,2026-07-30
A관(1공장),누수규격,P1200V8.60-10.00,2026-07-30
A관(1공장),누수규격,P1201S8.60-00.75,2026-08-31
A관(1공장),누수규격,P1201S8.60-01.00,2026-08-31
A관(1공장),누수규격,P1201S8.60-01.25,2026-08-31
A관(1공장),누수규격,P1201S8.60-01.50,2026-08-03
A관(1공장),누수규격,P1201S8.60-01.75,2026-08-31
A관(1공장),누수규격,P1201S8.60-02.00,2026-08-31
A관(1공장),누수규격,P1201S8.60-02.25,2026-08-31
A관(1공장),누수규격,P1201S8.60-02.50,2026-08-31
A관(1공장),누수규격,P1201S8.60-02.75,2026-08-31
A관(1공장),누수규격,P1201S8.60-03.00,2026-08-31
A관(1공장),누수규격,P1201S8.60-03.25,2026-08-31
A관(1공장),누수규격,P1201S8.60-03.50,2026-08-31
A관(1공장),누수규격,P1201S8.60-03.75,2026-08-31
A관(1공장),누수규격,P1201S8.60-04.00,2026-08-31
A관(1공장),누수규격,P1201S8.60-04.25,2026-08-31
A관(1공장),누수규격,P1201S8.60-04.50,2026-08-31
A관(1공장),누수규격,P1201S8.60-04.75,2026-08-31
A관(1공장),누수규격,P1201S8.60-05.00,2026-08-31
A관(1공장),누수규격,P1201S8.60-05.75,2026-08-31
A관(1공장),누수규격,P1201S8.60-06.00,2026-08-31
A관(1공장),누수규격,P1201S8.60-06.50,2026-08-31
A관(1공장),누수규격,P1201S8.60-09.00,2026-08-31
A관(1공장),누수규격,P1203R8.60-08.00,2026-08-31
A관(1공장),누수규격,P1203R8.60-10.50,2026-08-31
A관(1공장),누수규격,P1205V8.60-06.00,2026-08-03
A관(1공장),누수규격,P1205V8.60-06.50,2026-08-03
A관(1공장),누수규격,P1205V8.60-07.50,2026-08-03
A관(1공장),누수규격,P1205V8.60-08.00,2026-08-03
A관(1공장),누수규격,P1205V8.60-08.50,2026-08-03
A관(1공장),누수규격,P1205V8.60-10.00,2026-07-21
A관(1공장),누수규격,P1205V8.60-10.50,2026-07-21
A관(1공장),누수규격,P1205V8.60-12.00,2026-08-03
A관(1공장),누수규격,P1205V8.60-14.00,2026-08-03
A관(1공장),누수규격,P1205V8.60-15.00,2026-07-21
A관(1공장),누수규격,P1205V8.60-16.00,2026-08-03
A관(1공장),누수규격,P1205V8.60-17.00,2026-07-21
A관(1공장),누수규격,P1206S8.60+03.00,2026-08-31
A관(1공장),누수규격,P1206S8.60-01.25,2026-08-31
A관(1공장),누수규격,P1206S8.60-03.50,2026-08-31
A관(1공장),누수규격,P1206S8.60-06.00,2026-08-31
A관(1공장),누수규격,P1206S8.60-08.00,2026-08-31
A관(1공장),누수규격,P1206S8.60-08.50,2026-08-31
A관(1공장),누수규격,P1206S8.60-09.00,2026-08-31
A관(1공장),누수규격,P1206S8.60-09.50,2026-08-31
A관(1공장),누수규격,P1206S8.60-10.00,2026-08-31
A관(1공장),누수규격,P1206S8.60-14.00,2026-08-26
A관(1공장),누수규격,P1206S8.60-15.00,2026-08-26
A관(1공장),누수규격,P1206S8.60-17.00,2026-08-31
A관(1공장),누수규격,P1206S8.60-18.00,2026-08-31
A관(1공장),누수규격,P1206S8.80+00.25,2026-08-31
A관(1공장),누수규격,P1206S8.80+00.50,2026-08-31
A관(1공장),누수규격,P1206S8.80+00.75,2026-08-31
A관(1공장),누수규격,P1206S8.80+01.00,2026-08-31
A관(1공장),누수규격,P1206S8.80+01.25,2026-08-31
A관(1공장),누수규격,P1206S8.80-00.75,2026-08-31
A관(1공장),누수규격,P1206S8.80-01.00,2026-07-18
A관(1공장),누수규격,P1206S8.80-01.75,2026-08-31
A관(1공장),누수규격,P1206S8.80-02.25,2026-08-31
A관(1공장),누수규격,P1206S8.80-03.00,2026-08-31
A관(1공장),누수규격,P1206S8.80-04.25,2026-08-31
A관(1공장),누수규격,P1206S8.80-05.00,2026-07-23
A관(1공장),누수규격,P1206S8.80-07.50,2026-08-31
A관(1공장),누수규격,P1206S8.80-08.00,2026-08-31
A관(1공장),누수규격,P1206S8.80-08.50,2026-08-31
A관(1공장),누수규격,P1206S8.80-09.00,2026-08-31
A관(1공장),누수규격,P1208R8.60-01.50,2026-08-31
A관(1공장),누수규격,P1216S+00.25,2026-08-31
A관(1공장),누수규격,P1216S+00.50,2026-08-31
A관(1공장),누수규격,P1216S+00.75,2026-08-31
A관(1공장),누수규격,P1216S+01.00,2026-08-31
A관(1공장),누수규격,P1216S+02.50,2026-08-31
A관(1공장),누수규격,P1216S-00.25,2026-08-31
A관(1공장),누수규격,P1216S-05.50,2026-08-31
A관(1공장),누수규격,P1230S+00.25-0.75180,2026-08-31
A관(1공장),누수규격,P1230S+00.25-1.25180,2026-08-31
A관(1공장),누수규격,P1230S+00.25-1.75160,2026-08-31
A관(1공장),누수규격,P1230S+00.50-0.75010,2026-07-18
A관(1공장),누수규격,P1230S+00.75-0.75010,2026-08-31
A관(1공장),누수규격,P1230S+00.75-0.75170,2026-08-31
A관(1공장),누수규격,P1230S+00.75-1.75180,2026-08-31
A관(1공장),누수규격,P1230S+00.75-2.25090,2026-08-31
A관(1공장),누수규격,P1230S+00.75-2.25180,2026-08-31
A관(1공장),누수규격,P1230S+01.00-0.75080,2026-08-31
A관(1공장),누수규격,P1230S+01.00-2.25030,2026-08-09
A관(1공장),누수규격,P1230S+01.00-2.25070,2026-08-09
A관(1공장),누수규격,P1230S+01.25-0.75090,2026-08-31
A관(1공장),누수규격,P1230S+01.25-1.25180,2026-08-31
A관(1공장),누수규격,P1230S+01.50-0.75020,2026-08-09
A관(1공장),누수규격,P1230S+01.50-2.25160,2026-08-09
A관(1공장),누수규격,P1230S+01.75-1.75040,2026-07-18
A관(1공장),누수규격,P1230S+01.75-1.75180,2026-08-31
A관(1공장),누수규격,P1230S+02.00-1.25090,2026-08-31
A관(1공장),누수규격,P1230S+02.50-1.25090,2026-08-09
A관(1공장),누수규격,P1230S+03.00-1.25110,2026-08-09
A관(1공장),누수규격,P1230S+03.25-1.25160,2026-08-31
A관(1공장),누수규격,P1230S+03.25-1.25180,2026-08-31
A관(1공장),누수규격,P1230S+03.75-1.25170,2026-08-31
A관(1공장),누수규격,P1230S+03.75-2.25090,2026-08-31
A관(1공장),누수규격,P1230S+05.00-1.75180,2026-08-31
A관(1공장),누수규격,P1230S-00.00-0.75070,2026-07-18
A관(1공장),누수규격,P1230S-00.00-0.75080,2026-07-18
A관(1공장),누수규격,P1230S-00.00-0.75090,2026-07-18
A관(1공장),누수규격,P1230S-00.00-0.75120,2026-08-31
A관(1공장),누수규격,P1230S-00.00-0.75160,2026-08-31
A관(1공장),누수규격,P1230S-00.00-0.75170,2026-08-31
A관(1공장),누수규격,P1230S-00.00-0.75180,2026-07-18
A관(1공장),누수규격,P1230S-00.00-1.25010,2026-08-31
A관(1공장),누수규격,P1230S-00.00-1.25170,2026-08-31
A관(1공장),누수규격,P1230S-00.00-1.25180,2026-08-31
A관(1공장),누수규격,P1230S-00.00-1.75020,2026-08-31
A관(1공장),누수규격,P1230S-00.00-1.75080,2026-08-31
A관(1공장),누수규격,P1230S-00.00-1.75090,2026-08-31
A관(1공장),누수규격,P1230S-00.00-1.75170,2026-08-31
A관(1공장),누수규격,P1230S-00.00-1.75180,2026-08-31
A관(1공장),누수규격,P1230S-00.00-2.25090,2026-08-31
A관(1공장),누수규격,P1230S-00.00-2.25170,2026-08-31
A관(1공장),누수규격,P1230S-00.25-0.75110,2026-08-31
A관(1공장),누수규격,P1230S-00.25-0.75140,2026-08-31
A관(1공장),누수규격,P1230S-00.25-1.25160,2026-08-31
A관(1공장),누수규격,P1230S-00.50-0.75090,2026-08-31
A관(1공장),누수규격,P1230S-00.50-0.75170,2026-08-31
A관(1공장),누수규격,P1230S-00.50-1.25020,2026-08-31
A관(1공장),누수규격,P1230S-00.50-1.75180,2026-08-31
A관(1공장),누수규격,P1230S-00.50-2.25030,2026-08-31
A관(1공장),누수규격,P1230S-00.50-2.25080,2026-08-31
A관(1공장),누수규격,P1230S-00.50-2.25170,2026-08-31
A관(1공장),누수규격,P1230S-00.75-0.75170,2026-07-18
A관(1공장),누수규격,P1230S-00.75-0.75180,2026-08-31
A관(1공장),누수규격,P1230S-00.75-1.25050,2026-07-18
A관(1공장),누수규격,P1230S-00.75-1.25160,2026-08-31
A관(1공장),누수규격,P1230S-00.75-1.25180,2026-08-31
A관(1공장),누수규격,P1230S-00.75-1.75010,2026-07-09
A관(1공장),누수규격,P1230S-00.75-2.25010,2026-08-31
A관(1공장),누수규격,P1230S-00.75-2.25180,2026-07-18
A관(1공장),누수규격,P1230S-01.00-0.75020,2026-08-31
A관(1공장),누수규격,P1230S-01.00-0.75150,2026-07-18
A관(1공장),누수규격,P1230S-01.00-0.75180,2026-08-31
A관(1공장),누수규격,P1230S-01.00-1.75180,2026-08-31
A관(1공장),누수규격,P1230S-01.25-0.75020,2026-08-31
A관(1공장),누수규격,P1230S-01.25-0.75030,2026-07-18
A관(1공장),누수규격,P1230S-01.25-0.75090,2026-08-31
A관(1공장),누수규격,P1230S-01.25-0.75170,2026-08-31
A관(1공장),누수규격,P1230S-01.25-1.25100,2026-07-18
A관(1공장),누수규격,P1230S-01.25-1.75020,2026-08-31
A관(1공장),누수규격,P1230S-01.25-1.75180,2026-08-31
A관(1공장),누수규격,P1230S-01.25-2.25020,2026-08-31
A관(1공장),누수규격,P1230S-01.25-2.25170,2026-08-31
A관(1공장),누수규격,P1230S-01.50-0.75010,2026-08-31
A관(1공장),누수규격,P1230S-01.50-0.75020,2026-08-31
A관(1공장),누수규격,P1230S-01.50-0.75060,2026-08-31
A관(1공장),누수규격,P1230S-01.50-0.75090,2026-08-31
A관(1공장),누수규격,P1230S-01.50-0.75150,2026-08-31
A관(1공장),누수규격,P1230S-01.50-0.75170,2026-08-31
A관(1공장),누수규격,P1230S-01.50-1.25090,2026-08-31
A관(1공장),누수규격,P1230S-01.75-0.75090,2026-07-18
A관(1공장),누수규격,P1230S-01.75-0.75180,2026-08-31
A관(1공장),누수규격,P1230S-01.75-2.25020,2026-08-31
A관(1공장),누수규격,P1230S-02.00-0.75010,2026-08-31
A관(1공장),누수규격,P1230S-02.00-0.75150,2026-08-31
A관(1공장),누수규격,P1230S-02.00-0.75180,2026-08-31
A관(1공장),누수규격,P1230S-02.00-1.25170,2026-08-31
A관(1공장),누수규격,P1230S-02.00-1.75010,2026-08-31
A관(1공장),누수규격,P1230S-02.00-1.75180,2026-08-31
A관(1공장),누수규격,P1230S-02.00-2.25010,2026-08-31
A관(1공장),누수규격,P1230S-02.00-2.25160,2026-08-31
A관(1공장),누수규격,P1230S-02.00-2.25180,2026-08-31
A관(1공장),누수규격,P1230S-02.25-0.75180,2026-08-31
A관(1공장),누수규격,P1230S-02.25-1.25170,2026-08-31
A관(1공장),누수규격,P1230S-02.25-1.25180,2026-08-31
A관(1공장),누수규격,P1230S-02.25-2.25180,2026-08-31
A관(1공장),누수규격,P1230S-02.50-0.75010,2026-08-31
A관(1공장),누수규격,P1230S-02.50-0.75080,2026-08-31
A관(1공장),누수규격,P1230S-02.50-0.75170,2026-08-31
A관(1공장),누수규격,P1230S-02.50-1.25020,2026-08-31
A관(1공장),누수규격,P1230S-02.50-1.25160,2026-08-31
A관(1공장),누수규격,P1230S-02.50-1.25170,2026-08-31
A관(1공장),누수규격,P1230S-02.50-2.25170,2026-08-31
A관(1공장),누수규격,P1230S-02.75-0.75010,2026-08-31
A관(1공장),누수규격,P1230S-02.75-0.75080,2026-08-31
A관(1공장),누수규격,P1230S-02.75-0.75090,2026-07-18
A관(1공장),누수규격,P1230S-02.75-0.75180,2026-08-31
A관(1공장),누수규격,P1230S-02.75-1.25010,2026-08-31
A관(1공장),누수규격,P1230S-02.75-1.25180,2026-08-31
A관(1공장),누수규격,P1230S-02.75-1.75170,2026-08-31
A관(1공장),누수규격,P1230S-02.75-1.75180,2026-08-31
A관(1공장),누수규격,P1230S-03.00-0.75180,2026-08-31
A관(1공장),누수규격,P1230S-03.00-1.25020,2026-08-31
A관(1공장),누수규격,P1230S-03.00-1.75180,2026-08-31
A관(1공장),누수규격,P1230S-03.25-0.75160,2026-08-31
A관(1공장),누수규격,P1230S-03.25-1.25010,2026-08-31
A관(1공장),누수규격,P1230S-03.25-1.25150,2026-08-31
A관(1공장),누수규격,P1230S-03.25-1.25170,2026-08-31
A관(1공장),누수규격,P1230S-03.25-1.25180,2026-08-31
A관(1공장),누수규격,P1230S-03.25-2.25020,2026-08-31
A관(1공장),누수규격,P1230S-03.25-2.25180,2026-08-31
A관(1공장),누수규격,P1230S-03.50-0.75160,2026-08-31
A관(1공장),누수규격,P1230S-03.50-0.75170,2026-08-31
A관(1공장),누수규격,P1230S-03.50-1.25170,2026-07-18
A관(1공장),누수규격,P1230S-03.50-1.25180,2026-08-31
A관(1공장),누수규격,P1230S-03.50-1.75180,2026-08-31
A관(1공장),누수규격,P1230S-03.50-2.25170,2026-08-31
A관(1공장),누수규격,P1230S-03.50-2.25180,2026-08-31
A관(1공장),누수규격,P1230S-03.75-0.75010,2026-08-31
A관(1공장),누수규격,P1230S-03.75-0.75170,2026-08-31
A관(1공장),누수규격,P1230S-03.75-1.25180,2026-07-19
A관(1공장),누수규격,P1230S-03.75-1.75020,2026-08-31
A관(1공장),누수규격,P1230S-03.75-1.75180,2026-08-31
A관(1공장),누수규격,P1230S-04.00-0.75090,2026-08-31
A관(1공장),누수규격,P1230S-04.00-0.75170,2026-08-31
A관(1공장),누수규격,P1230S-04.00-1.25010,2026-08-31
A관(1공장),누수규격,P1230S-04.00-1.25160,2026-07-18
A관(1공장),누수규격,P1230S-04.00-1.25170,2026-08-31
A관(1공장),누수규격,P1230S-04.00-1.25180,2026-08-31
A관(1공장),누수규격,P1230S-04.00-1.75160,2026-07-18
A관(1공장),누수규격,P1230S-04.00-1.75180,2026-08-31
A관(1공장),누수규격,P1230S-04.00-2.25170,2026-08-31
A관(1공장),누수규격,P1230S-04.25-0.75150,2026-08-31
A관(1공장),누수규격,P1230S-04.25-0.75180,2026-08-31
A관(1공장),누수규격,P1230S-04.25-1.25010,2026-08-31
A관(1공장),누수규격,P1230S-04.25-1.25020,2026-08-31
A관(1공장),누수규격,P1230S-04.25-1.25180,2026-08-31
A관(1공장),누수규격,P1230S-04.25-1.75180,2026-08-31
A관(1공장),누수규격,P1230S-04.50-0.75180,2026-08-31
A관(1공장),누수규격,P1230S-04.50-1.25170,2026-07-18
A관(1공장),누수규격,P1230S-04.50-1.75010,2026-08-31
A관(1공장),누수규격,P1230S-04.50-2.25020,2026-08-31
A관(1공장),누수규격,P1230S-04.50-2.25170,2026-08-31
A관(1공장),누수규격,P1230S-04.75-1.25010,2026-08-31
A관(1공장),누수규격,P1230S-04.75-1.25180,2026-07-18
A관(1공장),누수규격,P1230S-04.75-1.75010,2026-08-31
A관(1공장),누수규격,P1230S-04.75-1.75180,2026-08-31
A관(1공장),누수규격,P1230S-04.75-2.25170,2026-08-31
A관(1공장),누수규격,P1230S-05.00-0.75010,2026-08-31
A관(1공장),누수규격,P1230S-05.00-0.75110,2026-08-31
A관(1공장),누수규격,P1230S-05.00-1.75010,2026-08-31
A관(1공장),누수규격,P1230S-05.00-2.25010,2026-08-31
A관(1공장),누수규격,P1230S-05.25-1.75170,2026-08-31
A관(1공장),누수규격,P1230S-05.50-0.75010,2026-08-31
A관(1공장),누수규격,P1230S-05.50-0.75020,2026-08-31
A관(1공장),누수규격,P1230S-05.50-0.75170,2026-08-31
A관(1공장),누수규격,P1230S-05.50-1.25010,2026-08-31
A관(1공장),누수규격,P1230S-05.50-1.25020,2026-08-31
A관(1공장),누수규격,P1230S-05.50-1.25150,2026-08-31
A관(1공장),누수규격,P1230S-05.50-1.25180,2026-08-31
A관(1공장),누수규격,P1230S-05.50-1.75170,2026-08-31
A관(1공장),누수규격,P1230S-05.50-2.25010,2026-08-31
A관(1공장),누수규격,P1230S-05.50-2.25180,2026-08-31
A관(1공장),누수규격,P1230S-05.75-0.75180,2026-08-31
A관(1공장),누수규격,P1230S-05.75-1.75100,2026-08-31
A관(1공장),누수규격,P1230S-05.75-2.25180,2026-08-31
A관(1공장),누수규격,P1230S-06.00-0.75160,2026-08-31
A관(1공장),누수규격,P1230S-06.00-1.25180,2026-08-31
A관(1공장),누수규격,P1230S-06.00-1.75170,2026-08-31
A관(1공장),누수규격,P1230S-06.00-2.25180,2026-08-31
A관(1공장),누수규격,P1230S-06.25-0.75140,2026-08-31
A관(1공장),누수규격,P1230S-06.25-0.75180,2026-08-31
A관(1공장),누수규격,P1230S-06.50-0.75170,2026-07-18
A관(1공장),누수규격,P1230S-06.50-1.75170,2026-08-31
A관(1공장),누수규격,P1230S-06.50-2.25170,2026-08-31
A관(1공장),누수규격,P1230S-07.50-1.25010,2026-08-31
A관(1공장),누수규격,P1230S-07.50-1.75160,2026-08-31
A관(1공장),누수규격,P1230S-07.50-2.25010,2026-08-31
A관(1공장),누수규격,P1230S-08.00-0.75010,2026-08-31
A관(1공장),누수규격,P1230S-08.00-0.75050,2026-07-18
A관(1공장),누수규격,P1230S-08.00-0.75090,2026-08-31
A관(1공장),누수규격,P1230S-08.50-1.75180,2026-08-31
A관(1공장),누수규격,P1230S-09.00-1.75020,2026-08-31
A관(1공장),누수규격,P1230S-09.50-1.75150,2026-08-31
A관(1공장),누수규격,P1230S-10.00-2.25010,2026-08-31
A관(1공장),누수규격,P1245S8.60+02.50,2026-08-31
A관(1공장),누수규격,P1245S8.60-02.00,2026-08-31
A관(1공장),누수규격,P1245S8.60-02.50,2026-08-31
A관(1공장),누수규격,P1245S8.60-04.25,2026-08-31
A관(1공장),누수규격,P1245S8.60-04.50,2026-08-31
A관(1공장),누수규격,P1245S8.60-05.00,2026-08-31
A관(1공장),누수규격,P1245S8.60-06.00,2026-08-31
A관(1공장),누수규격,P1245S8.60-06.50,2026-08-31
A관(1공장),누수규격,P1245S8.60-14.00,2026-08-31
A관(1공장),누수규격,P1246M8.60-03.50,2026-08-31
A관(1공장),누수규격,P1301R-01.00,2026-08-31
A관(1공장),누수규격,P1301R-01.50,2026-08-31
A관(1공장),누수규격,P1301R-02.00,2026-08-31
A관(1공장),누수규격,P1301R-02.50,2026-08-31
A관(1공장),누수규격,P1301R-03.00,2026-08-31
A관(1공장),누수규격,P1301R-03.25,2026-08-31
A관(1공장),누수규격,P1301R-03.50,2026-08-31
A관(1공장),누수규격,P1301R-04.00,2026-08-31
A관(1공장),누수규격,P1301R-04.50,2026-08-31
A관(1공장),누수규격,P1301R-04.75,2026-08-31
A관(1공장),누수규격,P1301R-05.50,2026-08-31
A관(1공장),누수규격,P1301R-06.00,2026-08-31
A관(1공장),누수규격,P1301R-06.50,2026-08-31
A관(1공장),누수규격,P1301R-07.00,2026-08-31
A관(1공장),누수규격,P1301R-07.50,2026-08-31
A관(1공장),누수규격,P1301R-11.00,2026-08-31
A관(1공장),누수규격,P1301R-12.00,2026-08-31
A관(1공장),누수규격,P1400V-01.50-2.25100,2026-07-27
A관(1공장),누수규격,P1400V-02.50-2.75100,2026-07-27
A관(1공장),누수규격,P1400V-06.00-1.75170,2026-07-27
A관(1공장),누수규격,P1400V-08.50-2.75180,2026-07-27
A관(1공장),누수규격,P3402M-03.25BRW,2026-07-27
A관(1공장),누수규격,P3402M-05.00BRW,2026-07-27
A관(1공장),누수규격,P3402M-05.50BRW,2026-07-27
A관(1공장),누수규격,P3402M-06.50BRW,2026-07-27
A관(1공장),누수규격,P3502S+00.50-1.75180,2026-08-31
A관(1공장),누수규격,P3502S+00.75-0.75180,2026-08-31
A관(1공장),누수규격,P3502S+02.50-2.25180,2026-08-31
A관(1공장),누수규격,P3502S+02.75-0.75180,2026-08-31
A관(1공장),누수규격,P3502S-00.00-0.75010,2026-08-31
A관(1공장),누수규격,P3502S-00.00-0.75090,2026-08-31
A관(1공장),누수규격,P3502S-00.00-1.75070,2026-08-31
A관(1공장),누수규격,P3502S-00.00-2.75010,2026-08-31
A관(1공장),누수규격,P3502S-00.00-2.75120,2026-08-31
A관(1공장),누수규격,P3502S-00.00-2.75150,2026-08-31
A관(1공장),누수규격,P3502S-00.25-2.75090,2026-08-31
A관(1공장),누수규격,P3502S-00.50-0.75010,2026-08-31
A관(1공장),누수규격,P3502S-00.50-0.75060,2026-08-31
A관(1공장),누수규격,P3502S-00.75-1.25020,2026-08-31
A관(1공장),누수규격,P3502S-00.75-2.25160,2026-08-31
A관(1공장),누수규격,P3502S-00.75-2.75170,2026-08-31
A관(1공장),누수규격,P3502S-01.00-0.75030,2026-08-31
A관(1공장),누수규격,P3502S-01.00-0.75070,2026-08-31
A관(1공장),누수규격,P3502S-01.00-0.75100,2026-08-31
A관(1공장),누수규격,P3502S-01.00-1.25010,2026-08-31
A관(1공장),누수규격,P3502S-01.00-1.75090,2026-08-31
A관(1공장),누수규격,P3502S-01.25-1.25150,2026-08-31
A관(1공장),누수규격,P3502S-01.25-2.25010,2026-08-31
A관(1공장),누수규격,P3502S-01.50-0.75050,2026-08-31
A관(1공장),누수규격,P3502S-01.50-0.75070,2026-08-31
A관(1공장),누수규격,P3502S-01.50-0.75100,2026-08-31
A관(1공장),누수규격,P3502S-01.50-0.75110,2026-08-31
A관(1공장),누수규격,P3502S-01.50-0.75160,2026-08-31
A관(1공장),누수규격,P3502S-01.50-1.25100,2026-08-31
A관(1공장),누수규격,P3502S-01.50-2.75170,2026-08-31
A관(1공장),누수규격,P3502S-01.75-0.75060,2026-08-31
A관(1공장),누수규격,P3502S-01.75-1.25170,2026-08-31
A관(1공장),누수규격,P3502S-01.75-1.75010,2026-08-31
A관(1공장),누수규격,P3502S-02.00-0.75060,2026-08-31
A관(1공장),누수규격,P3502S-02.00-1.25100,2026-08-31
A관(1공장),누수규격,P3502S-02.00-2.25010,2026-08-31
A관(1공장),누수규격,P3502S-02.25-1.25030,2026-08-31
A관(1공장),누수규격,P3502S-02.25-1.25080,2026-08-31
A관(1공장),누수규격,P3502S-02.25-2.75170,2026-08-31
A관(1공장),누수규격,P3502S-02.50-0.75040,2026-08-31
A관(1공장),누수규격,P3502S-02.50-0.75090,2026-08-31
A관(1공장),누수규격,P3502S-02.50-0.75100,2026-08-31
A관(1공장),누수규격,P3502S-02.50-1.25160,2026-08-31
A관(1공장),누수규격,P3502S-02.50-1.75010,2026-08-31
A관(1공장),누수규격,P3502S-02.50-1.75020,2026-08-31
A관(1공장),누수규격,P3502S-02.50-1.75160,2026-08-31
A관(1공장),누수규격,P3502S-02.50-2.75180,2026-08-31
A관(1공장),누수규격,P3502S-02.75-0.75030,2026-08-31
A관(1공장),누수규격,P3502S-02.75-0.75070,2026-08-31
A관(1공장),누수규격,P3502S-02.75-0.75080,2026-08-31
A관(1공장),누수규격,P3502S-02.75-0.75090,2026-08-31
A관(1공장),누수규격,P3502S-02.75-0.75150,2026-08-31
A관(1공장),누수규격,P3502S-02.75-1.75100,2026-08-31
A관(1공장),누수규격,P3502S-02.75-2.25180,2026-08-31
A관(1공장),누수규격,P3502S-03.00-0.75060,2026-08-31
A관(1공장),누수규격,P3502S-03.50-1.25170,2026-08-31
A관(1공장),누수규격,P3502S-03.50-2.25010,2026-08-31
A관(1공장),누수규격,P3502S-03.75-0.75040,2026-08-31
A관(1공장),누수규격,P3502S-03.75-0.75140,2026-08-31
A관(1공장),누수규격,P3502S-03.75-0.75160,2026-08-31
A관(1공장),누수규격,P3502S-03.75-1.25010,2026-08-31
A관(1공장),누수규격,P3502S-03.75-1.25180,2026-08-31
A관(1공장),누수규격,P3502S-03.75-2.75170,2026-08-31
A관(1공장),누수규격,P3502S-04.00-0.75040,2026-08-31
A관(1공장),누수규격,P3502S-04.00-1.25090,2026-08-31
A관(1공장),누수규격,P3502S-04.00-1.25160,2026-08-31
A관(1공장),누수규격,P3502S-04.00-1.75010,2026-08-31
A관(1공장),누수규격,P3502S-04.00-1.75180,2026-08-31
A관(1공장),누수규격,P3502S-04.00-2.75010,2026-08-31
A관(1공장),누수규격,P3502S-04.25-1.25010,2026-08-31
A관(1공장),누수규격,P3502S-04.25-2.75170,2026-08-31
A관(1공장),누수규격,P3502S-04.50-1.75010,2026-08-31
A관(1공장),누수규격,P3502S-04.75-2.75180,2026-08-31
A관(1공장),누수규격,P3502S-05.00-1.25060,2026-08-31
A관(1공장),누수규격,P3502S-05.00-2.75180,2026-08-31
A관(1공장),누수규격,P3502S-05.25-0.75170,2026-08-31
A관(1공장),누수규격,P3502S-05.25-1.25010,2026-08-31
A관(1공장),누수규격,P3502S-05.50-1.25020,2026-08-31
A관(1공장),누수규격,P3502S-05.75-0.75160,2026-08-31
A관(1공장),누수규격,P3502S-06.00-0.75020,2026-08-31
A관(1공장),누수규격,P3502S-06.00-1.25010,2026-08-31
A관(1공장),누수규격,P3502S-06.00-1.25030,2026-08-31
A관(1공장),누수규격,P3502S-06.00-1.75050,2026-08-31
A관(1공장),누수규격,P3502S-06.00-2.25010,2026-08-31
A관(1공장),누수규격,P3502S-06.00-2.75170,2026-08-31
A관(1공장),누수규격,P3502S-06.50-1.25170,2026-08-31
A관(1공장),누수규격,P3502S-06.50-1.25180,2026-08-31
A관(1공장),누수규격,P3502S-06.50-1.75020,2026-08-31
A관(1공장),누수규격,P3502S-06.50-2.25160,2026-08-31
A관(1공장),누수규격,P3502S-06.50-2.25170,2026-08-31
A관(1공장),누수규격,P3502S-07.00-0.75020,2026-08-31
A관(1공장),누수규격,P3502S-07.00-0.75180,2026-08-31
A관(1공장),누수규격,P3502S-07.00-1.25180,2026-08-31
A관(1공장),누수규격,P3502S-07.00-1.75170,2026-08-31
A관(1공장),누수규격,P3502S-07.00-2.25160,2026-08-31
A관(1공장),누수규격,P3502S-07.00-2.25170,2026-08-31
A관(1공장),누수규격,P3502S-07.00-2.75020,2026-08-31
A관(1공장),누수규격,P3502S-07.50-0.75010,2026-08-31
A관(1공장),누수규격,P3502S-07.50-1.25170,2026-08-31
A관(1공장),누수규격,P3502S-07.50-2.25160,2026-08-31
A관(1공장),누수규격,P3502S-08.00-0.75100,2026-08-31
A관(1공장),누수규격,P3502S-08.00-1.25010,2026-08-31
A관(1공장),누수규격,P3502S-08.00-1.75180,2026-08-31
A관(1공장),누수규격,P3502S-08.00-2.25160,2026-08-31
A관(1공장),누수규격,P3502S-08.00-2.75160,2026-08-31
A관(1공장),누수규격,P3502S-08.50-1.25050,2026-08-31
A관(1공장),누수규격,P3502S-08.50-1.75180,2026-08-31
A관(1공장),누수규격,P3502S-09.00-0.75010,2026-08-31
A관(1공장),누수규격,P3502S-09.00-2.75070,2026-08-31
A관(1공장),누수규격,P3502S-09.50-0.75170,2026-08-31
A관(1공장),누수규격,P3502S-10.00-0.75180,2026-08-31
A관(1공장),누수규격,P3502S-10.00-1.75020,2026-08-31
A관(1공장),누수규격,P3502S-10.00-1.75150,2026-08-31
A관(1공장),누수규격,P3502S-10.00-1.75160,2026-08-31
A관(1공장),누수규격,P3502S-10.00-1.75180,2026-08-31
A관(1공장),누수규격,P3502S-10.00-2.25170,2026-08-31
A관(1공장),누수규격,P3502S-10.00-2.75010,2026-08-31
A관(1공장),누수규격,P3502S-10.50-1.75160,2026-08-31
A관(1공장),누수규격,P3502S-10.50-2.25180,2026-08-31
A관(1공장),누수규격,P3502S-11.00-0.75060,2026-08-31
A관(1공장),누수규격,P3502S-11.00-1.25170,2026-08-31
A관(1공장),누수규격,P3502S-11.00-2.75010,2026-08-31
A관(1공장),누수규격,P3502S-12.00-1.25180,2026-08-31
A관(1공장),누수규격,P3502S-12.00-2.75020,2026-08-31
A관(1공장),누수규격,P4001S-02.25HAZ2,2026-07-11
A관(1공장),누수규격,P4060M-00.00VIG3,2026-07-21
A관(1공장),누수규격,P4065M-00.00CIG3,2026-07-21
A관(1공장),누수규격,P4070M-00.00GRA2,2026-07-21
A관(1공장),누수규격,P4070M-02.50BRW2,2026-07-21
A관(1공장),누수규격,P4070M-03.00BRW2,2026-07-21
A관(1공장),누수규격,P4070M-03.50GRA2,2026-07-21
A관(1공장),누수규격,P4070M-04.25BRW2,2026-07-21
A관(1공장),누수규격,P4070M-04.50BRW2,2026-07-21
A관(1공장),누수규격,P4070M-04.50GRA2,2026-07-21
A관(1공장),누수규격,P4070M-05.00BRW2,2026-07-21
A관(1공장),누수규격,P4070M-05.25BRW2,2026-07-21
A관(1공장),누수규격,P4070M-05.50BRW2,2026-07-21
A관(1공장),누수규격,P4070M-05.75BRW2,2026-07-21
A관(1공장),누수규격,P4070M-06.00BRW2,2026-07-21
A관(1공장),누수규격,P4070M-06.00GRA2,2026-07-21
A관(1공장),누수규격,P4070M-06.50BRW2,2026-07-21
A관(1공장),누수규격,P4070M-07.50BRW2,2026-07-21
A관(1공장),누수규격,P4070M-08.00GRA2,2026-07-21
A관(1공장),누수규격,P4070M-08.50BRW2,2026-07-21
A관(1공장),누수규격,P4070M-10.00BRW2,2026-07-21
A관(1공장),누수규격,P4074R-00.00BLK1,2026-08-01
A관(1공장),누수규격,P4074R-01.50BLK1,2026-08-01
A관(1공장),누수규격,P4074R-03.00BLK1,2026-08-01
A관(1공장),누수규격,P4074R-03.50BLK1,2026-08-01
A관(1공장),누수규격,P4074R-04.50BLK1,2026-08-01
A관(1공장),누수규격,P4074R-05.50BLK1,2026-08-01
A관(1공장),누수규격,P4074R-06.00BLK1,2026-08-01
A관(1공장),누수규격,P4149R-00.00GRN3,2026-07-09
A관(1공장),누수규격,P4149R-01.50BLK1,2026-08-03
A관(1공장),누수규격,P4149R-02.50BLK1,2026-08-03
A관(1공장),누수규격,P4149R-04.00BLK1,2026-08-03
A관(1공장),누수규격,P4185R-05.00GRA2,2026-07-30
A관(1공장),누수규격,P4201V-00.50BRW3,2026-07-21
A관(1공장),누수규격,P4201V-01.50BRW3,2026-07-21
A관(1공장),누수규격,P4201V-01.75BRW3,2026-07-21
A관(1공장),누수규격,P4201V-02.75BRW3,2026-07-21
A관(1공장),누수규격,P4201V-03.25BRW3,2026-07-21
A관(1공장),누수규격,P4201V-03.50GRA3,2026-07-21
A관(1공장),누수규격,P4201V-03.50HON3,2026-07-21
A관(1공장),누수규격,P4201V-03.75HON3,2026-07-21
A관(1공장),누수규격,P4201V-04.00BRW3,2026-07-21
A관(1공장),누수규격,P4201V-04.00HON3,2026-07-21
A관(1공장),누수규격,P4201V-04.50BRW3,2026-07-21
A관(1공장),누수규격,P4201V-05.00BRW3,2026-07-21
A관(1공장),누수규격,P4201V-05.25BRW3,2026-07-21
A관(1공장),누수규격,P4201V-06.00BRW3,2026-07-21
A관(1공장),누수규격,P4201V-06.50BRW3,2026-07-21
A관(1공장),누수규격,P4201V-07.50GRA3,2026-07-21
A관(1공장),누수규격,P4201V-08.00BRW3,2026-07-21
A관(1공장),누수규격,P4201V-10.00BRW3,2026-07-21
A관(1공장),누수규격,P4202R-01.25TUR3,2026-07-09
A관(1공장),누수규격,P4202R-01.75GRN3,2026-07-09
A관(1공장),누수규격,P4202R-02.00BRW3,2026-07-09
A관(1공장),누수규격,P4202R-03.00TRU3,2026-07-09
A관(1공장),누수규격,P4202R-03.25GRN3,2026-07-09
A관(1공장),누수규격,P4202R-03.50GRN3,2026-07-09
A관(1공장),누수규격,P4202R-03.75BRW3,2026-07-09
A관(1공장),누수규격,P4202R-03.75GRN3,2026-07-09
A관(1공장),누수규격,P4202R-08.00TRU3,2026-07-09
A관(1공장),누수규격,P4202R-09.00TRU3,2026-07-09
A관(1공장),누수규격,P4215M+00.25GRN3,2026-07-23
A관(1공장),누수규격,P4215M+00.50BRW3,2026-07-23
A관(1공장),누수규격,P4215M+00.50GRA3,2026-07-23
A관(1공장),누수규격,P4215M+00.50HAZ3,2026-07-23
A관(1공장),누수규격,P4215M+00.50TRU3,2026-07-23
A관(1공장),누수규격,P4215M+00.75BRW3,2026-07-23
A관(1공장),누수규격,P4215M+00.75HAZ3,2026-07-23
A관(1공장),누수규격,P4215M+00.75TUR3,2026-07-23
A관(1공장),누수규격,P4215M+01.00HON3,2026-07-23
A관(1공장),누수규격,P4215M+01.00TUR3,2026-07-23
A관(1공장),누수규격,P4215M+01.25GRA3,2026-07-23
A관(1공장),누수규격,P4215M+01.25HAZ3,2026-07-23
A관(1공장),누수규격,P4215M+01.50BRW3,2026-07-23
A관(1공장),누수규격,P4215M+01.50HAZ3,2026-07-23
A관(1공장),누수규격,P4215M+01.50TUR3,2026-07-23
A관(1공장),누수규격,P4215M+01.75GRA3,2026-07-23
A관(1공장),누수규격,P4215M+01.75GRN3,2026-07-23
A관(1공장),누수규격,P4215M+01.75TUR3,2026-07-23
A관(1공장),누수규격,P4215M+02.25GRN3,2026-07-23
A관(1공장),누수규격,P4215M+02.75HAZ3,2026-07-23
A관(1공장),누수규격,P4215M+03.00BRW3,2026-07-23
A관(1공장),누수규격,P4215M+03.00GRN3,2026-07-23
A관(1공장),누수규격,P4215M+03.00HON3,2026-07-23
A관(1공장),누수규격,P4215M+03.25BRW3,2026-07-23
A관(1공장),누수규격,P4215M+03.25GRA3,2026-07-23
A관(1공장),누수규격,P4215M+03.25GRN3,2026-07-23
A관(1공장),누수규격,P4215M+03.25HAZ3,2026-07-23
A관(1공장),누수규격,P4215M+03.50GRN3,2026-07-23
A관(1공장),누수규격,P4215M+03.75BRW3,2026-07-23
A관(1공장),누수규격,P4215M+03.75GRN3,2026-07-23
A관(1공장),누수규격,P4215M+03.75HAZ3,2026-07-23
A관(1공장),누수규격,P4215M+03.75TUR3,2026-07-23
A관(1공장),누수규격,P4215M+04.00BRW3,2026-07-23
A관(1공장),누수규격,P4215M-00.25GRN3,2026-07-23
A관(1공장),누수규격,P4215M-00.25HON3,2026-07-23
A관(1공장),누수규격,P4215M-00.50GRN3,2026-07-23
A관(1공장),누수규격,P4215M-00.50HAZ3,2026-07-23
A관(1공장),누수규격,P4215M-00.50HON3,2026-07-23
A관(1공장),누수규격,P4215M-00.75GRA3,2026-07-23
A관(1공장),누수규격,P4215M-00.75HAZ3,2026-07-23
A관(1공장),누수규격,P4215M-00.75HON3,2026-07-23
A관(1공장),누수규격,P4215M-00.75TRU3,2026-07-23
A관(1공장),누수규격,P4215M-01.00BRW3,2026-07-23
A관(1공장),누수규격,P4215M-01.00GRA3,2026-07-23
A관(1공장),누수규격,P4215M-01.00GRN3,2026-07-23
A관(1공장),누수규격,P4215M-01.00HAZ3,2026-07-23
A관(1공장),누수규격,P4215M-01.00TRU3,2026-07-23
A관(1공장),누수규격,P4215M-01.25HAZ3,2026-07-23
A관(1공장),누수규격,P4215M-01.50GRN3,2026-07-23
A관(1공장),누수규격,P4215M-01.75GRA3,2026-07-23
A관(1공장),누수규격,P4215M-01.75GRN3,2026-07-23
A관(1공장),누수규격,P4215M-01.75HAZ3,2026-07-23
A관(1공장),누수규격,P4215M-02.00GRN3,2026-07-23
A관(1공장),누수규격,P4215M-02.00HAZ3,2026-07-23
A관(1공장),누수규격,P4215M-02.25BRW3,2026-07-23
A관(1공장),누수규격,P4215M-02.25GRA3,2026-07-23
A관(1공장),누수규격,P4215M-02.25GRN3,2026-07-23
A관(1공장),누수규격,P4215M-02.50BRW3,2026-07-23
A관(1공장),누수규격,P4215M-02.50GRA3,2026-07-23
A관(1공장),누수규격,P4215M-02.50HAZ3,2026-07-23
A관(1공장),누수규격,P4215M-02.50HON3,2026-07-23
A관(1공장),누수규격,P4215M-02.75BRW3,2026-07-23
A관(1공장),누수규격,P4215M-02.75GRA3,2026-07-23
A관(1공장),누수규격,P4215M-02.75GRN3,2026-07-23
A관(1공장),누수규격,P4215M-02.75HAZ3,2026-07-23
A관(1공장),누수규격,P4215M-02.75HON3,2026-07-23
A관(1공장),누수규격,P4215M-03.00BRW3,2026-07-23
A관(1공장),누수규격,P4215M-03.00HAZ3,2026-07-23
A관(1공장),누수규격,P4215M-03.25BRW3,2026-07-23
A관(1공장),누수규격,P4215M-03.25GRA3,2026-07-23
A관(1공장),누수규격,P4215M-03.25GRN3,2026-07-23
A관(1공장),누수규격,P4215M-03.25HAZ3,2026-07-23
A관(1공장),누수규격,P4215M-03.50BRW3,2026-07-23
A관(1공장),누수규격,P4215M-03.50GRA3,2026-07-23
A관(1공장),누수규격,P4215M-03.50HAZ3,2026-07-23
A관(1공장),누수규격,P4215M-03.75GRA3,2026-07-23
A관(1공장),누수규격,P4215M-03.75GRN3,2026-07-23
A관(1공장),누수규격,P4215M-04.00BRW3,2026-07-23
A관(1공장),누수규격,P4215M-04.00GRA3,2026-07-23
A관(1공장),누수규격,P4215M-04.00GRN3,2026-07-23
A관(1공장),누수규격,P4215M-04.00HAZ3,2026-07-23
A관(1공장),누수규격,P4215M-04.00HON3,2026-07-23
A관(1공장),누수규격,P4215M-04.25GRA3,2026-07-23
A관(1공장),누수규격,P4215M-04.25GRN3,2026-07-23
A관(1공장),누수규격,P4215M-04.25HAZ3,2026-07-23
A관(1공장),누수규격,P4215M-04.50BRW3,2026-07-23
A관(1공장),누수규격,P4215M-04.50GRA3,2026-07-23
A관(1공장),누수규격,P4215M-04.50HAZ3,2026-07-23
A관(1공장),누수규격,P4215M-04.50HON3,2026-07-23
A관(1공장),누수규격,P4215M-04.75GRN3,2026-07-23
A관(1공장),누수규격,P4215M-04.75HAZ3,2026-07-23
A관(1공장),누수규격,P4215M-04.75HON3,2026-07-23
A관(1공장),누수규격,P4215M-05.00GRA3,2026-07-23
A관(1공장),누수규격,P4215M-05.00HAZ3,2026-07-23
A관(1공장),누수규격,P4215M-05.00HON3,2026-07-23
A관(1공장),누수규격,P4215M-05.25HAZ3,2026-07-23
A관(1공장),누수규격,P4215M-05.50BRW3,2026-07-23
A관(1공장),누수규격,P4215M-05.50GRA3,2026-07-23
A관(1공장),누수규격,P4215M-05.50HAZ3,2026-07-23
A관(1공장),누수규격,P4215M-05.75HAZ3,2026-07-23
A관(1공장),누수규격,P4215M-06.00BRW3,2026-07-23
A관(1공장),누수규격,P4215M-06.00GRA3,2026-07-23
A관(1공장),누수규격,P4215M-07.00BRW3,2026-07-23
A관(1공장),누수규격,P4215M-07.00GRN3,2026-07-23
A관(1공장),누수규격,P4215M-08.00BRW3,2026-07-23
A관(1공장),누수규격,P4215M-08.00GRN3,2026-07-23
A관(1공장),누수규격,P4215M-08.00HAZ3,2026-07-23
A관(1공장),누수규격,P4216S-00.00BRW2,2026-07-21
A관(1공장),누수규격,P4216S-00.00HON2,2026-07-21
A관(1공장),누수규격,P4216S-01.50BRW2,2026-07-21
A관(1공장),누수규격,P4216S-01.75BRW2,2026-07-21
A관(1공장),누수규격,P4216S-02.00BRW2,2026-07-21
A관(1공장),누수규격,P4216S-02.50BRW2,2026-07-21
A관(1공장),누수규격,P4216S-02.50GRA1,2026-07-21
A관(1공장),누수규격,P4216S-02.50HON2,2026-07-21
A관(1공장),누수규격,P4216S-02.75BRW2,2026-07-21
A관(1공장),누수규격,P4216S-03.25HON2,2026-07-21
A관(1공장),누수규격,P4216S-03.50BRW2,2026-07-21
A관(1공장),누수규격,P4216S-03.50HON2,2026-07-21
A관(1공장),누수규격,P4216S-03.75BRW2,2026-07-21
A관(1공장),누수규격,P4216S-03.75HON2,2026-07-21
A관(1공장),누수규격,P4216S-04.00BRW2,2026-07-21
A관(1공장),누수규격,P4216S-04.00HON2,2026-07-21
A관(1공장),누수규격,P4216S-04.25HON2,2026-07-21
A관(1공장),누수규격,P4216S-04.50BRW2,2026-07-21
A관(1공장),누수규격,P4216S-04.50HON2,2026-07-21
A관(1공장),누수규격,P4216S-04.75BRW2,2026-07-21
A관(1공장),누수규격,P4216S-05.00GRA1,2026-07-21
A관(1공장),누수규격,P4216S-05.00HON2,2026-07-21
A관(1공장),누수규격,P4216S-05.25HON2,2026-07-21
A관(1공장),누수규격,P4216S-05.50BRW2,2026-07-21
A관(1공장),누수규격,P4216S-05.50GRA1,2026-07-21
A관(1공장),누수규격,P4216S-06.00BRW2,2026-07-21
A관(1공장),누수규격,P4216S-06.00GRA1,2026-07-21
A관(1공장),누수규격,P4216S-06.50BRW2,2026-07-21
A관(1공장),누수규격,P4216S-06.50HON2,2026-07-21
A관(1공장),누수규격,P4216S-07.50BRW2,2026-07-21
A관(1공장),누수규격,P4216S-07.50GRA1,2026-07-21
A관(1공장),누수규격,P4216S-08.00BRW2,2026-07-21
A관(1공장),누수규격,P4216S-08.00GRA1,2026-07-21
A관(1공장),누수규격,P4216S-08.50BRW2,2026-07-21
A관(1공장),누수규격,P4216S-09.00BRW2,2026-07-21
A관(1공장),누수규격,P4216S-09.50BRW2,2026-07-21
A관(1공장),누수규격,P4216S-10.00BRW2,2026-07-21
A관(1공장),누수규격,P4218R-00.00BRW3,2026-07-09
A관(1공장),누수규격,P4218R-00.00GRA2,2026-07-09
A관(1공장),누수규격,P4218R-00.00GRN2,2026-07-09
A관(1공장),누수규격,P4218R-00.00HAZ2,2026-07-09
A관(1공장),누수규격,P4218R-00.00HAZ3,2026-07-09
A관(1공장),누수규격,P4218R-00.00PUR2,2026-07-09
A관(1공장),누수규격,P4218R-00.00PUR3,2026-08-01
A관(1공장),누수규격,P4218R-01.00BRW3,2026-08-03
A관(1공장),누수규격,P4218R-01.25PUR3,2026-08-01
A관(1공장),누수규격,P4218R-01.50PUR3,2026-08-01
A관(1공장),누수규격,P4218R-01.75PUR3,2026-08-01
A관(1공장),누수규격,P4218R-02.00PUR3,2026-08-01
A관(1공장),누수규격,P4218R-02.25PUR3,2026-08-01
A관(1공장),누수규격,P4218R-02.50PUR3,2026-08-01
A관(1공장),누수규격,P4218R-02.75PUR3,2026-08-01
A관(1공장),누수규격,P4218R-03.00PUR3,2026-08-01
A관(1공장),누수규격,P4218R-03.25PUR3,2026-08-01
A관(1공장),누수규격,P4218R-03.50PUR3,2026-08-01
A관(1공장),누수규격,P4218R-03.75PUR3,2026-08-01
A관(1공장),누수규격,P4218R-04.00PUR3,2026-08-01
A관(1공장),누수규격,P4218R-04.25PUR3,2026-08-01
A관(1공장),누수규격,P4218R-04.50PUR3,2026-08-01
A관(1공장),누수규격,P4218R-04.75PUR3,2026-08-01
A관(1공장),누수규격,P4218R-05.25PUR3,2026-08-01
A관(1공장),누수규격,P4218R-05.50PUR3,2026-07-06
A관(1공장),누수규격,P4218R-05.75PUR3,2026-07-06
A관(1공장),누수규격,P4218R-06.00GRN3,2026-08-01
A관(1공장),누수규격,P4218R-06.00PUR3,2026-07-06
A관(1공장),누수규격,P4252R-00.00HON3,2026-07-09
A관(1공장),누수규격,P4331M+02.50GRN3,2026-07-26
A관(1공장),누수규격,P4331M+02.75SKY3,2026-07-26
A관(1공장),누수규격,P4331M+03.25SKY3,2026-07-26
A관(1공장),누수규격,P4331M+05.00SKY3,2026-07-26
A관(1공장),누수규격,P4331M-00.00BLK1,2026-07-26
A관(1공장),누수규격,P4331M-00.00GIA1,2026-07-26
A관(1공장),누수규격,P4331M-00.00GRN3,2026-07-26
A관(1공장),누수규격,P4331M-01.50GRA3,2026-07-26
A관(1공장),누수규격,P4331M-01.75GRN3,2026-07-26
A관(1공장),누수규격,P4331M-02.25GRN3,2026-07-26
A관(1공장),누수규격,P4331M-02.50GRN3,2026-07-26
A관(1공장),누수규격,P4331M-02.75GRN3,2026-07-26
A관(1공장),누수규격,P4331M-03.00GIA1,2026-07-26
A관(1공장),누수규격,P4331M-03.00GRN3,2026-07-26
A관(1공장),누수규격,P4331M-03.50BLK1,2026-07-26
A관(1공장),누수규격,P4331M-03.50GRN3,2026-07-26
A관(1공장),누수규격,P4331M-03.75GRN3,2026-07-26
A관(1공장),누수규격,P4331M-04.00GRA3,2026-07-26
A관(1공장),누수규격,P4331M-05.50GRN3,2026-07-26
A관(1공장),누수규격,P4331M-06.00GRN3,2026-07-26
A관(1공장),누수규격,P4333M-00.00LGR3,2026-07-26
A관(1공장),누수규격,P4333M-01.00HON3,2026-07-26
A관(1공장),누수규격,P4333M-02.00LGR3,2026-07-26
A관(1공장),누수규격,P4333M-02.00MGG3,2026-07-26
A관(1공장),누수규격,P4333M-04.00HON3,2026-07-26
A관(1공장),누수규격,P4340M-00.00ABL2,2026-08-01
A관(1공장),누수규격,P4340M-00.00AMG2,2026-08-01
A관(1공장),누수규격,P4340M-01.00BSD2,2026-08-01
A관(1공장),누수규격,P4340M-01.50ABL2,2026-08-01
A관(1공장),누수규격,P4340M-01.50AMG2,2026-08-01
A관(1공장),누수규격,P4340M-01.50BSD2,2026-08-01
A관(1공장),누수규격,P4340M-01.75ABL2,2026-08-01
A관(1공장),누수규격,P4340M-01.75AMG2,2026-08-01
A관(1공장),누수규격,P4340M-01.75BSD2,2026-08-01
A관(1공장),누수규격,P4340M-02.25ABL2,2026-08-01
A관(1공장),누수규격,P4340M-02.50ABL2,2026-08-01
A관(1공장),누수규격,P4340M-02.50AMG2,2026-08-01
A관(1공장),누수규격,P4340M-02.75ABL2,2026-08-01
A관(1공장),누수규격,P4340M-02.75AMG2,2026-08-01
A관(1공장),누수규격,P4340M-02.75BSD2,2026-08-01
A관(1공장),누수규격,P4340M-03.00ABL2,2026-08-01
A관(1공장),누수규격,P4340M-03.00AMG2,2026-08-01
A관(1공장),누수규격,P4340M-03.00BSD2,2026-08-01
A관(1공장),누수규격,P4340M-03.25BSD2,2026-08-01
A관(1공장),누수규격,P4340M-03.50ABL2,2026-08-01
A관(1공장),누수규격,P4340M-03.50AMG2,2026-08-01
A관(1공장),누수규격,P4340M-03.50BSD2,2026-08-01
A관(1공장),누수규격,P4340M-04.00ABL2,2026-08-01
A관(1공장),누수규격,P4340M-04.00BSD2,2026-08-01
A관(1공장),누수규격,P4340M-04.50ABL2,2026-08-01
A관(1공장),누수규격,P4340M-04.50AMG2,2026-08-01
A관(1공장),누수규격,P4340M-04.50BSD2,2026-08-01
A관(1공장),누수규격,P4340M-04.75BSD2,2026-08-01
A관(1공장),누수규격,P4340M-05.25BSD2,2026-08-01
A관(1공장),누수규격,P4340M-05.50AMG2,2026-08-01
A관(1공장),누수규격,P4340M-05.75ABL2,2026-08-01
A관(1공장),누수규격,P4340M-05.75BSD2,2026-08-01
A관(1공장),누수규격,P4340M-06.00BSD2,2026-08-01
A관(1공장),누수규격,P4370M-00.00AGR3,2026-08-01
A관(1공장),누수규격,P4370M-00.00GOV2,2026-08-03
A관(1공장),누수규격,P4370M-00.00SAB2,2026-08-01
A관(1공장),누수규격,P4370M-00.00SAG2,2026-08-01
A관(1공장),누수규격,P4370M-00.00WIH2,2026-08-01
A관(1공장),누수규격,P4370M-00.50WIH2,2026-08-01
A관(1공장),누수규격,P4370M-01.50SAB2,2026-08-01
A관(1공장),누수규격,P4370M-01.50SAG2,2026-08-01
A관(1공장),누수규격,P4370M-01.75AGR3,2026-08-01
A관(1공장),누수규격,P4370M-01.75SAB2,2026-08-01
A관(1공장),누수규격,P4370M-01.75WIH2,2026-08-01
A관(1공장),누수규격,P4370M-02.25SAB2,2026-08-01
A관(1공장),누수규격,P4370M-02.25SAG2,2026-08-01
A관(1공장),누수규격,P4370M-02.25WIH2,2026-08-01
A관(1공장),누수규격,P4370M-02.50AGR3,2026-08-01
A관(1공장),누수규격,P4370M-02.50SAB2,2026-08-01
A관(1공장),누수규격,P4370M-02.50SAG2,2026-08-01
A관(1공장),누수규격,P4370M-02.75AGR3,2026-08-01
A관(1공장),누수규격,P4370M-02.75SAB2,2026-08-01
A관(1공장),누수규격,P4370M-02.75SAG2,2026-08-01
A관(1공장),누수규격,P4370M-03.00AGR3,2026-08-01
A관(1공장),누수규격,P4370M-03.00SAB2,2026-08-01
A관(1공장),누수규격,P4370M-03.00SAG2,2026-08-01
A관(1공장),누수규격,P4370M-03.00WIH2,2026-08-01
A관(1공장),누수규격,P4370M-03.25SAB2,2026-08-01
A관(1공장),누수규격,P4370M-03.25SAG2,2026-08-01
A관(1공장),누수규격,P4370M-03.50AGR3,2026-08-01
A관(1공장),누수규격,P4370M-03.50SAB2,2026-08-01
A관(1공장),누수규격,P4370M-03.50SAG2,2026-08-01
A관(1공장),누수규격,P4370M-03.50WIH2,2026-08-01
A관(1공장),누수규격,P4370M-04.00AGR3,2026-08-01
A관(1공장),누수규격,P4370M-04.00SAB2,2026-08-01
A관(1공장),누수규격,P4370M-04.00SAG2,2026-08-01
A관(1공장),누수규격,P4370M-04.00WIH2,2026-08-01
A관(1공장),누수규격,P4370M-04.50AGR3,2026-08-01
A관(1공장),누수규격,P4370M-04.50SAB2,2026-08-01
A관(1공장),누수규격,P4370M-04.50SAG2,2026-08-01
A관(1공장),누수규격,P4370M-05.25AGR3,2026-08-01
A관(1공장),누수규격,P4370M-05.75AGR3,2026-08-01
A관(1공장),누수규격,P4370M-06.00AGR3,2026-08-01
A관(1공장),누수규격,P4370M-06.00SAB2,2026-08-01
A관(1공장),누수규격,P4405R-00.00CRM1,2026-07-06
A관(1공장),누수규격,P4405R-00.00WHZ2,2026-07-06
A관(1공장),누수규격,P4405R-08.50IVY1,2026-07-06
A관(1공장),누수규격,P4430M-00.00ABB1,2026-08-08
A관(1공장),누수규격,P4430M-00.00ABC1,2026-08-08
A관(1공장),누수규격,P4531R-00.00BRW2,2026-08-01
A관(1공장),누수규격,P4531R-00.50BRW2,2026-08-01
A관(1공장),누수규격,P4531R-01.00BRW2,2026-08-01
A관(1공장),누수규격,P4531R-01.25BRW2,2026-08-01
A관(1공장),누수규격,P4531R-01.75BRW2,2026-08-01
A관(1공장),누수규격,P4531R-02.00BRW2,2026-08-01
A관(1공장),누수규격,P4531R-02.25BRW2,2026-08-01
A관(1공장),누수규격,P4531R-02.75BRW2,2026-08-01
A관(1공장),누수규격,P4531R-03.00BRW2,2026-08-01
A관(1공장),누수규격,P4531R-03.25BRW2,2026-08-01
A관(1공장),누수규격,P4531R-03.50BRW2,2026-08-01
A관(1공장),누수규격,P4531R-04.00BRW2,2026-08-01
A관(1공장),누수규격,P4531R-04.25BRW2,2026-08-01
A관(1공장),누수규격,P4531R-04.50BRW2,2026-08-01
A관(1공장),누수규격,P4531R-04.75BRW2,2026-08-01
A관(1공장),누수규격,P4531R-05.00BRW2,2026-08-01
A관(1공장),누수규격,P4531R-05.50BRW2,2026-08-01
A관(1공장),누수규격,P4531R-06.00BRW2,2026-08-01
A관(1공장),누수규격,P4765R-00.00AMD3,2026-08-01
A관(1공장),누수규격,P4765R-00.00CED3,2026-08-01
A관(1공장),누수규격,P4765R-00.00MON2,2026-08-01
A관(1공장),누수규격,P4765R-00.50AMD3,2026-08-01
A관(1공장),누수규격,P4765R-00.50MON2,2026-08-01
A관(1공장),누수규격,P4765R-01.50MON2,2026-08-01
A관(1공장),누수규격,P4765R-01.75CED3,2026-08-01
A관(1공장),누수규격,P4765R-02.25AMD3,2026-08-01
A관(1공장),누수규격,P4765R-02.25MON2,2026-08-01
A관(1공장),누수규격,P4765R-02.50AMD3,2026-08-01
A관(1공장),누수규격,P4765R-02.50CED3,2026-08-01
A관(1공장),누수규격,P4765R-02.50MON2,2026-08-01
A관(1공장),누수규격,P4765R-02.75AMD3,2026-08-01
A관(1공장),누수규격,P4765R-02.75CED3,2026-08-01
A관(1공장),누수규격,P4765R-02.75MON2,2026-08-01
A관(1공장),누수규격,P4765R-03.00AMD3,2026-08-01
A관(1공장),누수규격,P4765R-03.00CED3,2026-08-01
A관(1공장),누수규격,P4765R-03.00MON2,2026-08-01
A관(1공장),누수규격,P4765R-03.25AMD3,2026-08-01
A관(1공장),누수규격,P4765R-03.25CED3,2026-08-01
A관(1공장),누수규격,P4765R-03.25MON2,2026-08-01
A관(1공장),누수규격,P4765R-03.50AMD3,2026-08-01
A관(1공장),누수규격,P4765R-03.50CED3,2026-08-01
A관(1공장),누수규격,P4765R-03.50MON2,2026-08-01
A관(1공장),누수규격,P4765R-04.00AMD3,2026-08-01
A관(1공장),누수규격,P4765R-04.00CED3,2026-08-01
A관(1공장),누수규격,P4765R-04.00MON2,2026-08-01
A관(1공장),누수규격,P4765R-04.25AMD3,2026-08-01
A관(1공장),누수규격,P4765R-04.25CED3,2026-08-01
A관(1공장),누수규격,P4765R-04.25MON2,2026-08-01
A관(1공장),누수규격,P4765R-04.50AMD3,2026-08-01
A관(1공장),누수규격,P4765R-04.50CED3,2026-08-01
A관(1공장),누수규격,P4765R-04.50MON2,2026-08-01
A관(1공장),누수규격,P4765R-04.75AMD3,2026-08-01
A관(1공장),누수규격,P4765R-05.25CED3,2026-08-01
A관(1공장),누수규격,P4765R-05.50AMD3,2026-08-01
A관(1공장),누수규격,P4765R-05.50CED3,2026-08-01
A관(1공장),누수규격,P4765R-05.50MON2,2026-08-01
A관(1공장),누수규격,P4765R-05.75CED3,2026-08-01
A관(1공장),누수규격,P4765R-06.00AMD3,2026-08-01
A관(1공장),누수규격,P4765R-06.00CED3,2026-08-01
A관(1공장),누수규격,P4765R-06.00MON2,2026-08-01
A관(1공장),누수규격,P5337M-00.00CHC,2026-07-27
A관(1공장),누수규격,P5337M-00.50CHC,2026-07-11
A관(1공장),누수규격,P5337M-01.00CHC,2026-07-27
A관(1공장),누수규격,P5337M-01.25CHC,2026-07-11
A관(1공장),누수규격,P5337M-01.50CHC,2026-07-11
A관(1공장),누수규격,P5337M-01.75CHC,2026-07-11
A관(1공장),누수규격,P5337M-02.25CHC,2026-07-27
A관(1공장),누수규격,P5337M-02.50CHC,2026-07-11
A관(1공장),누수규격,P5337M-03.00CHC,2026-07-11
A관(1공장),누수규격,P5337M-03.25CHC,2026-07-11
A관(1공장),누수규격,P5337M-03.50CHC,2026-07-11
A관(1공장),누수규격,P5337M-04.50CHC,2026-07-11
A관(1공장),누수규격,P5337M-04.75CHC,2026-07-11
A관(1공장),누수규격,P5337M-05.00CHC,2026-07-11
A관(1공장),누수규격,P5337M-05.50CHC,2026-07-11
A관(1공장),누수규격,P5337M-06.50CHC,2026-07-11
A관(1공장),누수규격,P5337M-07.50CHC,2026-07-11
A관(1공장),누수규격,P5358M-00.00BBO,2026-08-01
A관(1공장),누수규격,P5358M-00.50BBO,2026-08-01
A관(1공장),누수규격,P5358M-01.00BBO,2026-08-01
A관(1공장),누수규격,P5358M-01.25BBO,2026-08-01
A관(1공장),누수규격,P5358M-01.75BBO,2026-08-01
A관(1공장),누수규격,P5358M-02.00BBO,2026-08-01
A관(1공장),누수규격,P5358M-02.25BBO,2026-08-01
A관(1공장),누수규격,P5358M-02.50BBO,2026-08-01
A관(1공장),누수규격,P5358M-03.00BBO,2026-08-01
A관(1공장),누수규격,P5358M-03.50BBO,2026-08-01
A관(1공장),누수규격,P5358M-04.25BBO,2026-08-01
A관(1공장),누수규격,P5358M-04.75BBO,2026-08-01
A관(1공장),누수규격,P5358M-05.00BBO,2026-08-01
A관(1공장),누수규격,P5358M-05.50BBO,2026-08-01
A관(1공장),누수규격,P5358M-06.00BBO,2026-08-01
A관(1공장),누수규격,P5360M-00.00FIL,2026-07-27
A관(1공장),누수규격,P5360M-01.50FIL,2026-07-27
A관(1공장),누수규격,P5360M-02.00FIL,2026-08-01
A관(1공장),누수규격,P5360M-02.50FIL,2026-08-01
A관(1공장),누수규격,P5360M-08.00FIL,2026-07-11
A관(1공장),누수규격,P5399M-00.00GRA,2026-07-27
A관(1공장),누수규격,P5399M-00.50GRA,2026-07-11
A관(1공장),누수규격,P5399M-01.25GRA,2026-07-11
A관(1공장),누수규격,P5399M-01.75GRA,2026-08-01
A관(1공장),누수규격,P5399M-02.00GRA,2026-08-01
A관(1공장),누수규격,P5399M-02.25GRA,2026-08-01
A관(1공장),누수규격,P5399M-02.50GRA,2026-08-01
A관(1공장),누수규격,P5399M-02.75GRA,2026-08-01
A관(1공장),누수규격,P5399M-03.00GRA,2026-07-11
A관(1공장),누수규격,P5399M-03.25GRA,2026-07-11
A관(1공장),누수규격,P5399M-03.50GRA,2026-08-01
A관(1공장),누수규격,P5399M-04.00GRA,2026-07-11
A관(1공장),누수규격,P5399M-04.25GRA,2026-08-01
A관(1공장),누수규격,P5399M-04.50GRA,2026-08-01
A관(1공장),누수규격,P5399M-05.00GRA,2026-07-11
A관(1공장),누수규격,P5399M-05.50GRA,2026-08-01
A관(1공장),누수규격,P5399M-06.00GRA,2026-07-27
A관(1공장),누수규격,P5418S+01.50+2.50,2026-07-09
A관(1공장),누수규격,P5418S+01.75+2.00,2026-07-09
A관(1공장),누수규격,P5418S+01.75+2.50,2026-07-18
A관(1공장),누수규격,P5418S+02.25+1.50,2026-07-18
A관(1공장),누수규격,P5418S+02.50+2.00,2026-07-18
A관(1공장),누수규격,P5418S-04.75+1.50,2026-07-10
A관(1공장),누수규격,P5418S-05.00+2.00,2026-07-18
A관(1공장),분리,Q00028.60+02.75,2026-07-19
A관(1공장),분리,Q00028.60-01.00,2026-07-19
A관(1공장),분리,Q00028.60-01.25,2026-07-19
A관(1공장),분리,Q00028.60-01.50,2026-07-19
A관(1공장),분리,Q00028.60-01.75,2026-07-20
A관(1공장),분리,Q00028.60-03.00,2026-07-19
A관(1공장),분리,Q00028.60-03.50,2026-07-19
A관(1공장),분리,Q00028.60-04.00,2026-07-19
A관(1공장),분리,Q00028.60-04.25,2026-07-20
A관(1공장),분리,Q00028.60-04.75,2026-07-19
A관(1공장),분리,Q00028.60-05.25,2026-07-20
A관(1공장),분리,Q00028.60-05.50,2026-07-09
A관(1공장),분리,Q00028.60-06.00,2026-07-20
A관(1공장),분리,Q10048.60-01.50,
A관(1공장),분리,Q10048.60-02.00,
A관(1공장),분리,Q10048.60-07.50,
A관(1공장),분리,Q10048.60-09.00,
A관(1공장),분리,Q11108.50-04.00,2026-07-23
A관(1공장),분리,Q11108.50-06.00,2026-07-23
A관(1공장),분리,Q11508.70+00.75,2026-07-19
A관(1공장),분리,Q11508.70-01.50,2026-07-19
A관(1공장),분리,Q11508.70-01.75,2026-07-19
A관(1공장),분리,Q12008.60-00.75,2026-08-27
A관(1공장),분리,Q12008.60-01.00,2026-08-27
A관(1공장),분리,Q12008.60-01.50,2026-07-30
A관(1공장),분리,Q12008.60-01.75,2026-08-27
A관(1공장),분리,Q12008.60-02.00,2026-08-27
A관(1공장),분리,Q12008.60-02.25,2026-08-27
A관(1공장),분리,Q12008.60-02.50,2026-08-27
A관(1공장),분리,Q12008.60-02.75,2026-08-27
A관(1공장),분리,Q12008.60-03.00,2026-07-26
A관(1공장),분리,Q12008.60-03.25,2026-08-27
A관(1공장),분리,Q12008.60-03.50,2026-07-26
A관(1공장),분리,Q12008.60-03.75,2026-08-27
A관(1공장),분리,Q12008.60-04.00,2026-08-27
A관(1공장),분리,Q12008.60-04.25,2026-08-27
A관(1공장),분리,Q12008.60-04.50,2026-08-27
A관(1공장),분리,Q12008.60-04.75,2026-08-27
A관(1공장),분리,Q12008.60-05.00,2026-08-27
A관(1공장),분리,Q12008.60-05.75,2026-08-27
A관(1공장),분리,Q12008.60-06.00,2026-07-26
A관(1공장),분리,Q12008.60-06.50,2026-08-27
A관(1공장),분리,Q12008.60-07.00,2026-07-26
A관(1공장),분리,Q12008.60-08.00,2026-08-27
A관(1공장),분리,Q12008.60-09.00,2026-07-26
A관(1공장),분리,Q12008.60-10.00,2026-07-26
A관(1공장),분리,Q12008.60-10.50,2026-08-27
A관(1공장),분리,Q12058.60+03.00,2026-08-27
A관(1공장),분리,Q12058.60-06.00,2026-07-30
A관(1공장),분리,Q12058.60-06.50,2026-07-30
A관(1공장),분리,Q12058.60-07.50,2026-07-30
A관(1공장),분리,Q12058.60-08.00,2026-07-30
A관(1공장),분리,Q12058.60-08.50,2026-07-30
A관(1공장),분리,Q12058.60-09.00,2026-08-27
A관(1공장),분리,Q12058.60-09.50,2026-08-27
A관(1공장),분리,Q12058.60-12.00,2026-07-30
A관(1공장),분리,Q12058.60-14.00,2026-07-30
A관(1공장),분리,Q12058.60-15.00,2026-08-22
A관(1공장),분리,Q12058.60-16.00,2026-07-30
A관(1공장),분리,Q12058.60-17.00,2026-08-27
A관(1공장),분리,Q12058.60-18.00,2026-08-27
A관(1공장),분리,Q12058.80+00.25,2026-08-27
A관(1공장),분리,Q12058.80+00.50,2026-08-27
A관(1공장),분리,Q12058.80+00.75,2026-08-27
A관(1공장),분리,Q12058.80+01.00,2026-08-27
A관(1공장),분리,Q12058.80+01.25,2026-08-27
A관(1공장),분리,Q12058.80-00.75,2026-08-27
A관(1공장),분리,Q12058.80-01.00,2026-07-14
A관(1공장),분리,Q12058.80-03.00,2026-08-27
A관(1공장),분리,Q12058.80-05.00,2026-08-27
A관(1공장),분리,Q12058.80-08.00,2026-08-27
A관(1공장),분리,Q12058.80-08.50,2026-08-27
A관(1공장),분리,Q12058.80-09.00,2026-08-27
A관(1공장),분리,Q1216+00.25,2026-08-27
A관(1공장),분리,Q1216+00.50,2026-08-27
A관(1공장),분리,Q1216+00.75,2026-08-27
A관(1공장),분리,Q1216+02.50,2026-08-27
A관(1공장),분리,Q1216-00.25,2026-08-27
A관(1공장),분리,Q1230+00.25-0.75180,2026-08-27
A관(1공장),분리,Q1230+00.25-1.25180,2026-08-27
A관(1공장),분리,Q1230+00.25-1.75160,2026-08-27
A관(1공장),분리,Q1230+00.50-0.75010,2026-07-14
A관(1공장),분리,Q1230+00.75-0.75010,2026-08-27
A관(1공장),분리,Q1230+00.75-0.75170,2026-08-27
A관(1공장),분리,Q1230+00.75-1.75180,2026-08-27
A관(1공장),분리,Q1230+00.75-2.25090,2026-08-27
A관(1공장),분리,Q1230+00.75-2.25180,2026-08-27
A관(1공장),분리,Q1230+01.00-0.75080,2026-08-27
A관(1공장),분리,Q1230+01.00-2.25070,2026-08-05
A관(1공장),분리,Q1230+01.25-0.75090,2026-08-27
A관(1공장),분리,Q1230+01.25-1.25180,2026-08-27
A관(1공장),분리,Q1230+01.50-0.75020,2026-08-05
A관(1공장),분리,Q1230+01.50-2.25160,2026-08-05
A관(1공장),분리,Q1230+01.75-1.75040,2026-07-14
A관(1공장),분리,Q1230+01.75-1.75180,2026-08-27
A관(1공장),분리,Q1230+02.00-1.25090,2026-08-27
A관(1공장),분리,Q1230+02.50-1.25090,2026-08-05
A관(1공장),분리,Q1230+03.00-1.25110,2026-08-05
A관(1공장),분리,Q1230+03.25-1.25160,2026-08-27
A관(1공장),분리,Q1230+03.25-1.25180,2026-08-27
A관(1공장),분리,Q1230+03.75-1.25170,2026-08-27
A관(1공장),분리,Q1230+03.75-2.25090,2026-08-27
A관(1공장),분리,Q1230+05.00-1.75180,2026-08-27
A관(1공장),분리,Q1230-00.00-0.75070,2026-07-14
A관(1공장),분리,Q1230-00.00-0.75080,2026-07-14
A관(1공장),분리,Q1230-00.00-0.75090,2026-07-14
A관(1공장),분리,Q1230-00.00-0.75120,2026-08-27
A관(1공장),분리,Q1230-00.00-0.75160,2026-08-27
A관(1공장),분리,Q1230-00.00-0.75170,2026-08-27
A관(1공장),분리,Q1230-00.00-0.75180,2026-07-14
A관(1공장),분리,Q1230-00.00-1.25010,2026-08-27
A관(1공장),분리,Q1230-00.00-1.25170,2026-08-27
A관(1공장),분리,Q1230-00.00-1.25180,2026-08-27
A관(1공장),분리,Q1230-00.00-1.75020,2026-08-27
A관(1공장),분리,Q1230-00.00-1.75080,2026-08-27
A관(1공장),분리,Q1230-00.00-1.75090,2026-08-27
A관(1공장),분리,Q1230-00.00-1.75170,2026-08-27
A관(1공장),분리,Q1230-00.00-1.75180,2026-08-27
A관(1공장),분리,Q1230-00.00-2.25090,2026-08-27
A관(1공장),분리,Q1230-00.00-2.25170,2026-08-27
A관(1공장),분리,Q1230-00.25-0.75110,2026-08-27
A관(1공장),분리,Q1230-00.25-0.75140,2026-08-27
A관(1공장),분리,Q1230-00.25-1.25160,2026-08-27
A관(1공장),분리,Q1230-00.50-0.75090,2026-08-27
A관(1공장),분리,Q1230-00.50-0.75170,2026-08-27
A관(1공장),분리,Q1230-00.50-1.25020,2026-08-27
A관(1공장),분리,Q1230-00.50-1.75180,2026-08-27
A관(1공장),분리,Q1230-00.50-2.25030,2026-08-27
A관(1공장),분리,Q1230-00.50-2.25080,2026-08-27
A관(1공장),분리,Q1230-00.75-0.75170,2026-07-14
A관(1공장),분리,Q1230-00.75-0.75180,2026-08-27
A관(1공장),분리,Q1230-00.75-1.25050,2026-07-14
A관(1공장),분리,Q1230-00.75-1.25160,2026-08-27
A관(1공장),분리,Q1230-00.75-1.25180,2026-08-27
A관(1공장),분리,Q1230-00.75-1.75010,2026-07-05
A관(1공장),분리,Q1230-00.75-2.25010,2026-08-27
A관(1공장),분리,Q1230-00.75-2.25180,2026-07-14
A관(1공장),분리,Q1230-01.00-0.75020,2026-08-27
A관(1공장),분리,Q1230-01.00-0.75150,2026-07-14
A관(1공장),분리,Q1230-01.00-0.75180,2026-08-27
A관(1공장),분리,Q1230-01.00-1.75180,2026-08-27
A관(1공장),분리,Q1230-01.25-0.75020,2026-08-27
A관(1공장),분리,Q1230-01.25-0.75030,2026-07-14
A관(1공장),분리,Q1230-01.25-0.75090,2026-08-27
A관(1공장),분리,Q1230-01.25-0.75170,2026-08-27
A관(1공장),분리,Q1230-01.25-1.25100,2026-07-14
A관(1공장),분리,Q1230-01.25-1.75020,2026-08-27
A관(1공장),분리,Q1230-01.25-1.75180,2026-08-27
A관(1공장),분리,Q1230-01.25-2.25020,2026-08-27
A관(1공장),분리,Q1230-01.25-2.25170,2026-08-27
A관(1공장),분리,Q1230-01.50-0.75010,2026-08-27
A관(1공장),분리,Q1230-01.50-0.75020,2026-08-27
A관(1공장),분리,Q1230-01.50-0.75060,2026-08-27
A관(1공장),분리,Q1230-01.50-0.75090,2026-08-27
A관(1공장),분리,Q1230-01.50-0.75150,2026-08-27
A관(1공장),분리,Q1230-01.50-0.75170,2026-08-27
A관(1공장),분리,Q1230-01.50-1.25090,2026-08-27
A관(1공장),분리,Q1230-01.75-0.75090,2026-07-14
A관(1공장),분리,Q1230-01.75-0.75180,2026-08-27
A관(1공장),분리,Q1230-01.75-2.25020,2026-08-27
A관(1공장),분리,Q1230-02.00-0.75010,2026-08-27
A관(1공장),분리,Q1230-02.00-0.75150,2026-08-27
A관(1공장),분리,Q1230-02.00-0.75180,2026-08-27
A관(1공장),분리,Q1230-02.00-1.25170,2026-08-27
A관(1공장),분리,Q1230-02.00-1.75010,2026-08-27
A관(1공장),분리,Q1230-02.00-1.75180,2026-08-27
A관(1공장),분리,Q1230-02.00-2.25010,2026-08-27
A관(1공장),분리,Q1230-02.00-2.25160,2026-08-27
A관(1공장),분리,Q1230-02.00-2.25180,2026-08-27
A관(1공장),분리,Q1230-02.25-0.75180,2026-08-27
A관(1공장),분리,Q1230-02.25-1.25170,2026-08-27
A관(1공장),분리,Q1230-02.25-1.25180,2026-08-27
A관(1공장),분리,Q1230-02.25-2.25180,2026-08-27
A관(1공장),분리,Q1230-02.50-0.75010,2026-08-27
A관(1공장),분리,Q1230-02.50-0.75080,2026-08-27
A관(1공장),분리,Q1230-02.50-0.75170,2026-08-27
A관(1공장),분리,Q1230-02.50-1.25020,2026-08-27
A관(1공장),분리,Q1230-02.50-1.25160,2026-08-27
A관(1공장),분리,Q1230-02.50-1.25170,2026-08-27
A관(1공장),분리,Q1230-02.50-2.25170,2026-08-27
A관(1공장),분리,Q1230-02.75-0.75010,2026-08-27
A관(1공장),분리,Q1230-02.75-0.75080,2026-08-27
A관(1공장),분리,Q1230-02.75-0.75090,2026-07-14
A관(1공장),분리,Q1230-02.75-0.75180,2026-08-27
A관(1공장),분리,Q1230-02.75-1.25010,2026-08-27
A관(1공장),분리,Q1230-02.75-1.25180,2026-08-27
A관(1공장),분리,Q1230-02.75-1.75170,2026-08-27
A관(1공장),분리,Q1230-02.75-1.75180,2026-08-27
A관(1공장),분리,Q1230-03.00-0.75180,2026-08-27
A관(1공장),분리,Q1230-03.00-1.25020,2026-08-27
A관(1공장),분리,Q1230-03.00-1.75180,2026-08-27
A관(1공장),분리,Q1230-03.25-0.75160,2026-08-27
A관(1공장),분리,Q1230-03.25-1.25010,2026-08-27
A관(1공장),분리,Q1230-03.25-1.25150,2026-08-27
A관(1공장),분리,Q1230-03.25-1.25170,2026-08-27
A관(1공장),분리,Q1230-03.25-1.25180,2026-08-27
A관(1공장),분리,Q1230-03.25-2.25020,2026-08-27
A관(1공장),분리,Q1230-03.25-2.25180,2026-08-27
A관(1공장),분리,Q1230-03.50-0.75160,2026-08-27
A관(1공장),분리,Q1230-03.50-0.75170,2026-08-27
A관(1공장),분리,Q1230-03.50-1.25170,2026-07-14
A관(1공장),분리,Q1230-03.50-1.25180,2026-08-27
A관(1공장),분리,Q1230-03.50-1.75180,2026-08-27
A관(1공장),분리,Q1230-03.50-2.25170,2026-08-27
A관(1공장),분리,Q1230-03.50-2.25180,2026-08-27
A관(1공장),분리,Q1230-03.75-0.75010,2026-08-27
A관(1공장),분리,Q1230-03.75-0.75170,2026-08-27
A관(1공장),분리,Q1230-03.75-1.25180,2026-07-15
A관(1공장),분리,Q1230-03.75-1.75020,2026-08-27
A관(1공장),분리,Q1230-03.75-1.75180,2026-08-27
A관(1공장),분리,Q1230-04.00-0.75090,2026-08-27
A관(1공장),분리,Q1230-04.00-0.75170,2026-08-27
A관(1공장),분리,Q1230-04.00-1.25010,2026-08-27
A관(1공장),분리,Q1230-04.00-1.25160,2026-07-14
A관(1공장),분리,Q1230-04.00-1.25170,2026-08-27
A관(1공장),분리,Q1230-04.00-1.25180,2026-08-27
A관(1공장),분리,Q1230-04.00-1.75160,2026-07-14
A관(1공장),분리,Q1230-04.00-1.75180,2026-08-27
A관(1공장),분리,Q1230-04.00-2.25170,2026-08-27
A관(1공장),분리,Q1230-04.25-0.75150,2026-08-27
A관(1공장),분리,Q1230-04.25-0.75180,2026-08-27
A관(1공장),분리,Q1230-04.25-1.25010,2026-08-27
A관(1공장),분리,Q1230-04.25-1.25020,2026-08-27
A관(1공장),분리,Q1230-04.25-1.25180,2026-08-27
A관(1공장),분리,Q1230-04.25-1.75180,2026-08-27
A관(1공장),분리,Q1230-04.50-0.75180,2026-08-27
A관(1공장),분리,Q1230-04.50-1.25170,2026-07-14
A관(1공장),분리,Q1230-04.50-1.75010,2026-08-27
A관(1공장),분리,Q1230-04.50-2.25020,2026-08-27
A관(1공장),분리,Q1230-04.50-2.25170,2026-08-27
A관(1공장),분리,Q1230-04.75-1.25010,2026-08-27
A관(1공장),분리,Q1230-04.75-1.25180,2026-07-14
A관(1공장),분리,Q1230-04.75-1.75010,2026-08-27
A관(1공장),분리,Q1230-04.75-1.75180,2026-08-27
A관(1공장),분리,Q1230-04.75-2.25170,2026-08-27
A관(1공장),분리,Q1230-05.00-0.75010,2026-08-27
A관(1공장),분리,Q1230-05.00-0.75110,2026-08-27
A관(1공장),분리,Q1230-05.00-1.75010,2026-08-27
A관(1공장),분리,Q1230-05.00-2.25010,2026-08-27
A관(1공장),분리,Q1230-05.25-1.75170,2026-08-27
A관(1공장),분리,Q1230-05.50-0.75010,2026-08-27
A관(1공장),분리,Q1230-05.50-0.75020,2026-08-27
A관(1공장),분리,Q1230-05.50-0.75170,2026-08-27
A관(1공장),분리,Q1230-05.50-1.25010,2026-08-27
A관(1공장),분리,Q1230-05.50-1.25020,2026-08-27
A관(1공장),분리,Q1230-05.50-1.25150,2026-08-27
A관(1공장),분리,Q1230-05.50-1.25180,2026-08-27
A관(1공장),분리,Q1230-05.50-1.75170,2026-08-27
A관(1공장),분리,Q1230-05.50-2.25010,2026-08-27
A관(1공장),분리,Q1230-05.50-2.25180,2026-08-27
A관(1공장),분리,Q1230-05.75-0.75180,2026-08-27
A관(1공장),분리,Q1230-05.75-1.75100,2026-08-27
A관(1공장),분리,Q1230-05.75-2.25180,2026-08-27
A관(1공장),분리,Q1230-06.00-0.75160,2026-08-27
A관(1공장),분리,Q1230-06.00-1.25180,2026-08-27
A관(1공장),분리,Q1230-06.00-1.75170,2026-08-27
A관(1공장),분리,Q1230-06.00-2.25180,2026-08-27
A관(1공장),분리,Q1230-06.25-0.75140,2026-08-27
A관(1공장),분리,Q1230-06.25-0.75180,2026-08-27
A관(1공장),분리,Q1230-06.50-0.75170,2026-07-14
A관(1공장),분리,Q1230-06.50-1.75170,2026-08-27
A관(1공장),분리,Q1230-06.50-2.25170,2026-08-27
A관(1공장),분리,Q1230-07.50-1.25010,2026-08-27
A관(1공장),분리,Q1230-07.50-1.75160,2026-08-27
A관(1공장),분리,Q1230-07.50-2.25010,2026-08-27
A관(1공장),분리,Q1230-08.00-0.75010,2026-08-27
A관(1공장),분리,Q1230-08.00-0.75050,2026-07-14
A관(1공장),분리,Q1230-08.00-0.75090,2026-08-27
A관(1공장),분리,Q1230-08.50-1.75180,2026-08-27
A관(1공장),분리,Q1230-09.00-1.75020,2026-08-27
A관(1공장),분리,Q1230-09.50-1.75150,2026-08-27
A관(1공장),분리,Q1230-10.00-2.25010,2026-08-27
A관(1공장),분리,Q12458.60+02.50,2026-08-27
A관(1공장),분리,Q12458.60-02.00,2026-08-27
A관(1공장),분리,Q12458.60-02.50,2026-08-27
A관(1공장),분리,Q12458.60-03.50,2026-08-27
A관(1공장),분리,Q12458.60-04.25,2026-08-27
A관(1공장),분리,Q12458.60-04.50,2026-08-27
A관(1공장),분리,Q12458.60-05.00,2026-08-27
A관(1공장),분리,Q12458.60-06.00,2026-08-27
A관(1공장),분리,Q12458.60-06.50,2026-08-27
A관(1공장),분리,Q12458.60-14.00,2026-08-27
A관(1공장),분리,Q1300-01.00,2026-08-27
A관(1공장),분리,Q1300-01.50,2026-08-27
A관(1공장),분리,Q1300-02.00,2026-08-27
A관(1공장),분리,Q1300-02.50,2026-08-27
A관(1공장),분리,Q1300-03.00,2026-08-27
A관(1공장),분리,Q1300-03.25,2026-08-27
A관(1공장),분리,Q1300-03.50,2026-08-27
A관(1공장),분리,Q1300-04.00,2026-08-27
A관(1공장),분리,Q1300-04.50,2026-08-27
A관(1공장),분리,Q1300-04.75,2026-08-27
A관(1공장),분리,Q1300-05.50,2026-08-27
A관(1공장),분리,Q1300-06.00,2026-08-27
A관(1공장),분리,Q1300-06.50,2026-08-27
A관(1공장),분리,Q1300-07.00,2026-08-27
A관(1공장),분리,Q1300-07.50,2026-08-27
A관(1공장),분리,Q1300-11.00,2026-08-27
A관(1공장),분리,Q1300-12.00,2026-08-27
A관(1공장),분리,Q1400-02.50-2.75100,2026-07-23
A관(1공장),분리,Q1400-06.00-1.75170,2026-07-23
A관(1공장),분리,Q1400-08.50-2.75180,2026-07-23
A관(1공장),분리,Q47128.60+04.0014.4,
A관(1공장),분리,Q47128.60-00.0014.4,2026-07-24
A관(1공장),분리,Q47128.60-03.0014.4,2026-07-24
A관(1공장),분리,Q47128.60-03.5014.4,2026-07-24
A관(1공장),분리,Q47128.60-04.5014.4,
A관(1공장),분리,Q47128.60-06.0014.4,2026-07-24
A관(1공장),분리,Q47128.60-07.0014.4,
A관(1공장),분리,Q47148.60+02.2514.2,
A관(1공장),분리,Q47148.60+02.7514.2,
A관(1공장),분리,Q47148.60+03.2514.2,
A관(1공장),분리,Q47148.60-00.0014.2,
A관(1공장),분리,Q47148.60-00.5014.2,
A관(1공장),분리,Q47148.60-01.0014.2,
A관(1공장),분리,Q47148.60-01.7514.2,2026-07-24
A관(1공장),분리,Q47148.60-02.0014.2,
A관(1공장),분리,Q47148.60-02.5014.2,
A관(1공장),분리,Q47148.60-04.0014.2,
A관(1공장),분리,Q47148.60-04.5014.2,
A관(1공장),분리,Q47148.60-04.7514.2,
A관(1공장),분리,Q47148.60-05.0014.2,2026-07-19
A관(1공장),분리,Q47148.60-05.5014.2,2026-07-24
A관(1공장),분리,Q47148.60-06.5014.2,
A관(1공장),분리,Q47148.60-08.0014.2,2026-07-13
A관(1공장),분리,Q5405+00.50-1.75180,2026-08-27
A관(1공장),분리,Q5405+00.75-0.75180,2026-08-27
A관(1공장),분리,Q5405+02.75-0.75180,2026-08-27
A관(1공장),분리,Q5405-00.00-0.75010,2026-08-27
A관(1공장),분리,Q5405-00.00-0.75090,2026-08-27
A관(1공장),분리,Q5405-00.00-1.75070,2026-08-27
A관(1공장),분리,Q5405-00.00-2.75010,2026-08-27
A관(1공장),분리,Q5405-00.00-2.75120,2026-08-27
A관(1공장),분리,Q5405-00.00-2.75150,2026-08-27
A관(1공장),분리,Q5405-00.25-2.75090,2026-08-27
A관(1공장),분리,Q5405-00.50-0.75010,2026-08-27
A관(1공장),분리,Q5405-00.50-0.75060,2026-08-27
A관(1공장),분리,Q5405-00.75-1.25020,2026-08-27
A관(1공장),분리,Q5405-00.75-2.25160,2026-08-27
A관(1공장),분리,Q5405-00.75-2.75170,2026-08-27
A관(1공장),분리,Q5405-01.00-0.75030,2026-08-27
A관(1공장),분리,Q5405-01.00-0.75070,2026-08-27
A관(1공장),분리,Q5405-01.00-0.75100,2026-08-27
A관(1공장),분리,Q5405-01.00-1.25010,2026-08-27
A관(1공장),분리,Q5405-01.00-1.75090,2026-08-27
A관(1공장),분리,Q5405-01.25-1.25150,2026-08-27
A관(1공장),분리,Q5405-01.25-2.25010,2026-08-27
A관(1공장),분리,Q5405-01.50-0.75050,2026-08-27
A관(1공장),분리,Q5405-01.50-0.75070,2026-08-27
A관(1공장),분리,Q5405-01.50-0.75100,2026-08-27
A관(1공장),분리,Q5405-01.50-0.75110,2026-08-27
A관(1공장),분리,Q5405-01.50-0.75160,2026-08-27
A관(1공장),분리,Q5405-01.50-1.25100,2026-08-27
A관(1공장),분리,Q5405-01.50-2.75170,2026-08-27
A관(1공장),분리,Q5405-01.75-0.75060,2026-08-27
A관(1공장),분리,Q5405-01.75-1.25170,2026-08-27
A관(1공장),분리,Q5405-01.75-1.75010,2026-08-27
A관(1공장),분리,Q5405-02.00-0.75060,2026-08-27
A관(1공장),분리,Q5405-02.00-1.25100,2026-08-27
A관(1공장),분리,Q5405-02.00-2.25010,2026-08-27
A관(1공장),분리,Q5405-02.25-1.25030,2026-08-27
A관(1공장),분리,Q5405-02.25-1.25080,2026-08-27
A관(1공장),분리,Q5405-02.25-1.75170,2026-07-26
A관(1공장),분리,Q5405-02.25-2.75170,2026-08-27
A관(1공장),분리,Q5405-02.50-0.75040,2026-08-27
A관(1공장),분리,Q5405-02.50-0.75090,2026-08-27
A관(1공장),분리,Q5405-02.50-0.75100,2026-08-27
A관(1공장),분리,Q5405-02.50-1.25160,2026-08-27
A관(1공장),분리,Q5405-02.50-1.75010,2026-08-27
A관(1공장),분리,Q5405-02.50-1.75020,2026-08-27
A관(1공장),분리,Q5405-02.50-1.75160,2026-08-27
A관(1공장),분리,Q5405-02.50-2.25180,2026-08-02
A관(1공장),분리,Q5405-02.50-2.75180,2026-08-27
A관(1공장),분리,Q5405-02.75-0.75030,2026-08-27
A관(1공장),분리,Q5405-02.75-0.75070,2026-08-27
A관(1공장),분리,Q5405-02.75-0.75080,2026-08-27
A관(1공장),분리,Q5405-02.75-0.75090,2026-07-22
A관(1공장),분리,Q5405-02.75-0.75150,2026-08-27
A관(1공장),분리,Q5405-02.75-1.75100,2026-08-27
A관(1공장),분리,Q5405-02.75-2.25180,2026-08-27
A관(1공장),분리,Q5405-03.00-0.75060,2026-08-27
A관(1공장),분리,Q5405-03.00-0.75180,2026-08-14
A관(1공장),분리,Q5405-03.50-1.25170,2026-08-27
A관(1공장),분리,Q5405-03.50-2.25010,2026-08-27
A관(1공장),분리,Q5405-03.75-0.75040,2026-08-27
A관(1공장),분리,Q5405-03.75-0.75140,2026-08-27
A관(1공장),분리,Q5405-03.75-0.75160,2026-08-27
A관(1공장),분리,Q5405-03.75-1.25010,2026-08-27
A관(1공장),분리,Q5405-03.75-2.75170,2026-08-27
A관(1공장),분리,Q5405-04.00-0.75040,2026-08-27
A관(1공장),분리,Q5405-04.00-1.25090,2026-08-27
A관(1공장),분리,Q5405-04.00-1.25160,2026-08-27
A관(1공장),분리,Q5405-04.00-1.75010,2026-08-27
A관(1공장),분리,Q5405-04.00-1.75180,2026-08-27
A관(1공장),분리,Q5405-04.00-2.75010,2026-08-27
A관(1공장),분리,Q5405-04.25-1.25010,2026-08-27
A관(1공장),분리,Q5405-04.25-2.75170,2026-08-27
A관(1공장),분리,Q5405-04.50-1.75010,2026-08-27
A관(1공장),분리,Q5405-04.75-1.25180,2026-08-02
A관(1공장),분리,Q5405-05.00-1.25060,2026-08-27
A관(1공장),분리,Q5405-05.00-2.75180,2026-08-27
A관(1공장),분리,Q5405-05.25-0.75170,2026-08-27
A관(1공장),분리,Q5405-05.25-1.25010,2026-08-27
A관(1공장),분리,Q5405-05.50-1.25020,2026-08-27
A관(1공장),분리,Q5405-05.75-0.75160,2026-08-27
A관(1공장),분리,Q5405-06.00-0.75020,2026-08-27
A관(1공장),분리,Q5405-06.00-1.25010,2026-07-26
A관(1공장),분리,Q5405-06.00-1.25030,2026-08-27
A관(1공장),분리,Q5405-06.00-1.75050,2026-08-27
A관(1공장),분리,Q5405-06.00-2.25010,2026-08-27
A관(1공장),분리,Q5405-06.00-2.75170,2026-08-27
A관(1공장),분리,Q5405-06.50-1.25170,2026-08-27
A관(1공장),분리,Q5405-06.50-1.25180,2026-08-27
A관(1공장),분리,Q5405-06.50-1.75020,2026-08-27
A관(1공장),분리,Q5405-06.50-2.25160,2026-08-27
A관(1공장),분리,Q5405-06.50-2.25170,2026-08-27
A관(1공장),분리,Q5405-07.00-0.75020,2026-08-27
A관(1공장),분리,Q5405-07.00-0.75180,2026-08-27
A관(1공장),분리,Q5405-07.00-1.25180,2026-08-27
A관(1공장),분리,Q5405-07.00-1.75170,2026-08-27
A관(1공장),분리,Q5405-07.00-2.25160,2026-08-27
A관(1공장),분리,Q5405-07.00-2.75020,2026-08-27
A관(1공장),분리,Q5405-07.50-0.75010,2026-08-27
A관(1공장),분리,Q5405-07.50-1.25170,2026-08-27
A관(1공장),분리,Q5405-07.50-2.25160,2026-08-27
A관(1공장),분리,Q5405-08.00-0.75100,2026-08-27
A관(1공장),분리,Q5405-08.00-1.25010,2026-08-27
A관(1공장),분리,Q5405-08.00-1.75180,2026-08-27
A관(1공장),분리,Q5405-08.00-2.25160,2026-08-27
A관(1공장),분리,Q5405-08.00-2.75160,2026-08-27
A관(1공장),분리,Q5405-08.50-1.25050,2026-08-27
A관(1공장),분리,Q5405-08.50-1.75180,2026-08-27
A관(1공장),분리,Q5405-09.00-0.75010,2026-08-27
A관(1공장),분리,Q5405-09.00-2.75070,2026-08-27
A관(1공장),분리,Q5405-09.50-0.75170,2026-08-27
A관(1공장),분리,Q5405-09.50-2.75180,2026-07-22
A관(1공장),분리,Q5405-10.00-0.75180,2026-08-27
A관(1공장),분리,Q5405-10.00-1.75020,2026-08-27
A관(1공장),분리,Q5405-10.00-1.75150,2026-08-27
A관(1공장),분리,Q5405-10.00-1.75160,2026-08-27
A관(1공장),분리,Q5405-10.00-1.75180,2026-08-27
A관(1공장),분리,Q5405-10.00-2.25170,2026-08-27
A관(1공장),분리,Q5405-10.00-2.75010,2026-08-27
A관(1공장),분리,Q5405-10.50-1.75160,2026-08-27
A관(1공장),분리,Q5405-10.50-2.25180,2026-08-27
A관(1공장),분리,Q5405-11.00-1.25170,2026-07-26
A관(1공장),분리,Q5405-11.00-2.75010,2026-08-27
A관(1공장),분리,Q5405-12.00-1.25180,2026-08-27
A관(1공장),분리,Q5405-12.00-2.75020,2026-08-27
A관(1공장),분리,Q5419+01.75+2.00,2026-07-05
A관(1공장),분리,Q5419+01.75+2.50,2026-07-14
A관(1공장),분리,Q5419+02.25+1.50,2026-07-14
A관(1공장),분리,Q5419+02.50+2.00,2026-07-14
A관(1공장),분리,Q5419-05.00+2.00,2026-07-14
A관(1공장),사출,R00028.60+02.75,2026-07-18
A관(1공장),사출,R00028.60-01.00,2026-07-18
A관(1공장),사출,R00028.60-01.25,2026-07-18
A관(1공장),사출,R00028.60-01.50,2026-07-18
A관(1공장),사출,R00028.60-01.75,2026-07-19
A관(1공장),사출,R00028.60-03.00,2026-07-18
A관(1공장),사출,R00028.60-03.50,2026-07-18
A관(1공장),사출,R00028.60-04.00,2026-07-18
A관(1공장),사출,R00028.60-04.25,2026-07-19
A관(1공장),사출,R00028.60-04.75,2026-07-18
A관(1공장),사출,R00028.60-05.25,2026-07-19
A관(1공장),사출,R00028.60-05.50,2026-07-08
A관(1공장),사출,R00028.60-06.00,2026-07-19
A관(1공장),사출,R10048.60-09.00,
A관(1공장),사출,R10058.60-03.00,2026-07-23
A관(1공장),사출,R11108.50-04.00,2026-07-22
A관(1공장),사출,R11108.50-06.00,2026-07-22
A관(1공장),사출,R11508.70+00.75,2026-07-18
A관(1공장),사출,R11508.70-01.50,2026-07-18
A관(1공장),사출,R11508.70-01.75,2026-07-18
A관(1공장),사출,R12008.60-00.75,2026-08-26
A관(1공장),사출,R12008.60-01.50,2026-08-26
A관(1공장),사출,R12008.60-01.75,2026-08-26
A관(1공장),사출,R12008.60-02.50,2026-08-26
A관(1공장),사출,R12008.60-02.75,2026-08-26
A관(1공장),사출,R12008.60-03.00,2026-08-26
A관(1공장),사출,R12008.60-03.25,2026-08-26
A관(1공장),사출,R12008.60-03.50,2026-07-25
A관(1공장),사출,R12008.60-03.75,2026-08-26
A관(1공장),사출,R12008.60-04.00,2026-08-26
A관(1공장),사출,R12008.60-04.25,2026-08-26
A관(1공장),사출,R12008.60-04.50,2026-08-26
A관(1공장),사출,R12008.60-04.75,2026-08-26
A관(1공장),사출,R12008.60-05.00,2026-08-26
A관(1공장),사출,R12008.60-05.75,2026-08-26
A관(1공장),사출,R12008.60-06.00,2026-07-25
A관(1공장),사출,R12008.60-06.50,2026-08-26
A관(1공장),사출,R12008.60-07.00,2026-07-25
A관(1공장),사출,R12008.60-08.00,2026-08-26
A관(1공장),사출,R12008.60-09.00,2026-07-25
A관(1공장),사출,R12008.60-10.00,2026-07-25
A관(1공장),사출,R12008.60-10.50,2026-08-26
A관(1공장),사출,R12058.60+03.00,2026-08-26
A관(1공장),사출,R12058.60-06.00,2026-07-29
A관(1공장),사출,R12058.60-06.50,2026-07-29
A관(1공장),사출,R12058.60-07.50,2026-07-29
A관(1공장),사출,R12058.60-08.00,2026-07-29
A관(1공장),사출,R12058.60-08.50,2026-07-29
A관(1공장),사출,R12058.60-09.00,2026-08-26
A관(1공장),사출,R12058.60-09.50,2026-08-26
A관(1공장),사출,R12058.60-12.00,2026-07-29
A관(1공장),사출,R12058.60-14.00,2026-07-29
A관(1공장),사출,R12058.60-15.00,2026-08-21
A관(1공장),사출,R12058.60-16.00,2026-07-29
A관(1공장),사출,R12058.60-18.00,2026-08-26
A관(1공장),사출,R12058.80+00.25,2026-08-26
A관(1공장),사출,R12058.80+00.50,2026-08-26
A관(1공장),사출,R12058.80+00.75,2026-08-26
A관(1공장),사출,R12058.80+01.00,2026-08-26
A관(1공장),사출,R12058.80+01.25,2026-08-26
A관(1공장),사출,R12058.80-00.75,2026-08-26
A관(1공장),사출,R12058.80-01.00,2026-08-26
A관(1공장),사출,R12058.80-03.00,2026-08-26
A관(1공장),사출,R12058.80-05.00,2026-08-26
A관(1공장),사출,R12058.80-08.00,2026-08-26
A관(1공장),사출,R12058.80-08.50,2026-08-26
A관(1공장),사출,R12058.80-09.00,2026-08-26
A관(1공장),사출,R1216+00.25,2026-08-26
A관(1공장),사출,R1216+00.50,2026-08-26
A관(1공장),사출,R1216+00.75,2026-08-26
A관(1공장),사출,R1216+02.50,2026-08-26
A관(1공장),사출,R1216-00.25,2026-08-26
A관(1공장),사출,R1230+00.25-0.75180,2026-08-26
A관(1공장),사출,R1230+00.75-1.75180,2026-08-26
A관(1공장),사출,R1230+00.75-2.25090,2026-08-26
A관(1공장),사출,R1230+01.00-2.25070,2026-08-04
A관(1공장),사출,R1230+01.25-0.75090,2026-08-26
A관(1공장),사출,R1230+01.25-1.25180,2026-08-26
A관(1공장),사출,R1230+01.50-0.75020,2026-08-04
A관(1공장),사출,R1230+01.75-1.75180,2026-08-26
A관(1공장),사출,R1230+02.00-1.25090,2026-08-26
A관(1공장),사출,R1230+02.50-1.25090,2026-08-04
A관(1공장),사출,R1230+03.25-1.25160,2026-08-26
A관(1공장),사출,R1230+03.25-1.25180,2026-08-26
A관(1공장),사출,R1230+05.00-1.75180,2026-08-26
A관(1공장),사출,R1230-00.00-0.75070,2026-08-26
A관(1공장),사출,R1230-00.00-0.75090,2026-07-13
A관(1공장),사출,R1230-00.00-0.75120,2026-08-26
A관(1공장),사출,R1230-00.00-0.75170,2026-08-26
A관(1공장),사출,R1230-00.00-1.25010,2026-08-26
A관(1공장),사출,R1230-00.00-1.25180,2026-08-26
A관(1공장),사출,R1230-00.00-1.75090,2026-08-26
A관(1공장),사출,R1230-00.00-1.75170,2026-08-26
A관(1공장),사출,R1230-00.00-2.25090,2026-08-26
A관(1공장),사출,R1230-00.25-0.75140,2026-08-26
A관(1공장),사출,R1230-00.50-0.75170,2026-08-26
A관(1공장),사출,R1230-00.50-2.25030,2026-08-26
A관(1공장),사출,R1230-00.75-0.75170,2026-07-13
A관(1공장),사출,R1230-00.75-0.75180,2026-08-26
A관(1공장),사출,R1230-00.75-1.25160,2026-08-26
A관(1공장),사출,R1230-00.75-1.25180,2026-08-26
A관(1공장),사출,R1230-00.75-2.25010,2026-08-26
A관(1공장),사출,R1230-00.75-2.25180,2026-07-13
A관(1공장),사출,R1230-01.00-0.75150,2026-07-13
A관(1공장),사출,R1230-01.25-0.75170,2026-08-26
A관(1공장),사출,R1230-01.50-0.75060,2026-08-26
A관(1공장),사출,R1230-01.50-0.75090,2026-08-26
A관(1공장),사출,R1230-01.75-2.25020,2026-08-26
A관(1공장),사출,R1230-02.00-0.75150,2026-08-26
A관(1공장),사출,R1230-02.00-0.75180,2026-08-26
A관(1공장),사출,R1230-02.00-1.75180,2026-08-26
A관(1공장),사출,R1230-02.00-2.25160,2026-08-26
A관(1공장),사출,R1230-02.25-0.75180,2026-08-26
A관(1공장),사출,R1230-02.25-1.25180,2026-08-26
A관(1공장),사출,R1230-02.50-0.75010,2026-08-26
A관(1공장),사출,R1230-02.50-1.25020,2026-08-26
A관(1공장),사출,R1230-02.75-0.75180,2026-08-26
A관(1공장),사출,R1230-02.75-1.75170,2026-08-26
A관(1공장),사출,R1230-02.75-1.75180,2026-08-26
A관(1공장),사출,R1230-03.00-0.75180,2026-08-26
A관(1공장),사출,R1230-03.00-1.75180,2026-08-26
A관(1공장),사출,R1230-03.25-2.25020,2026-08-26
A관(1공장),사출,R1230-03.25-2.25180,2026-08-26
A관(1공장),사출,R1230-03.50-0.75160,2026-08-26
A관(1공장),사출,R1230-03.50-0.75170,2026-08-26
A관(1공장),사출,R1230-03.50-1.25170,2026-07-13
A관(1공장),사출,R1230-03.50-1.75180,2026-08-26
A관(1공장),사출,R1230-03.75-0.75170,2026-08-26
A관(1공장),사출,R1230-03.75-1.25180,2026-08-26
A관(1공장),사출,R1230-03.75-1.75180,2026-08-26
A관(1공장),사출,R1230-04.00-0.75090,2026-08-26
A관(1공장),사출,R1230-04.00-0.75170,2026-08-26
A관(1공장),사출,R1230-04.00-1.25170,2026-08-26
A관(1공장),사출,R1230-04.00-1.75160,2026-07-13
A관(1공장),사출,R1230-04.00-1.75180,2026-08-26
A관(1공장),사출,R1230-04.00-2.25170,2026-08-26
A관(1공장),사출,R1230-04.25-0.75180,2026-08-26
A관(1공장),사출,R1230-04.25-1.25180,2026-08-26
A관(1공장),사출,R1230-04.50-0.75180,2026-08-26
A관(1공장),사출,R1230-04.50-1.25170,2026-07-13
A관(1공장),사출,R1230-04.50-2.25020,2026-08-26
A관(1공장),사출,R1230-04.50-2.25170,2026-08-26
A관(1공장),사출,R1230-04.75-1.75010,2026-08-26
A관(1공장),사출,R1230-04.75-2.25170,2026-08-26
A관(1공장),사출,R1230-05.00-0.75010,2026-08-26
A관(1공장),사출,R1230-05.25-1.75170,2026-08-26
A관(1공장),사출,R1230-05.50-0.75010,2026-08-26
A관(1공장),사출,R1230-05.50-0.75020,2026-08-26
A관(1공장),사출,R1230-05.50-0.75170,2026-08-26
A관(1공장),사출,R1230-05.50-1.25150,2026-08-26
A관(1공장),사출,R1230-05.50-2.25180,2026-08-26
A관(1공장),사출,R1230-06.25-0.75140,2026-08-26
A관(1공장),사출,R1230-08.00-0.75050,2026-07-13
A관(1공장),사출,R1230-09.00-1.75020,2026-08-26
A관(1공장),사출,R1230-09.50-1.75150,2026-08-26
A관(1공장),사출,R1230-10.00-2.25010,2026-08-26
A관(1공장),사출,R12458.60+02.50,2026-08-26
A관(1공장),사출,R12458.60-02.00,2026-08-26
A관(1공장),사출,R12458.60-02.50,2026-08-26
A관(1공장),사출,R12458.60-03.50,2026-08-26
A관(1공장),사출,R12458.60-04.25,2026-08-26
A관(1공장),사출,R12458.60-04.50,2026-08-26
A관(1공장),사출,R12458.60-05.00,2026-08-26
A관(1공장),사출,R12458.60-06.00,2026-08-26
A관(1공장),사출,R12458.60-06.50,2026-08-26
A관(1공장),사출,R12458.60-14.00,2026-08-26
A관(1공장),사출,R12558.70-01.75,2026-08-26
A관(1공장),사출,R12558.70-02.25,2026-08-26
A관(1공장),사출,R12558.70-02.50,2026-08-26
A관(1공장),사출,R12558.70-02.75,2026-08-26
A관(1공장),사출,R12558.70-03.00,2026-08-26
A관(1공장),사출,R12558.70-04.00,2026-08-26
A관(1공장),사출,R12558.70-04.25,2026-08-26
A관(1공장),사출,R12558.70-04.75,2026-08-26
A관(1공장),사출,R12558.70-05.75,2026-08-26
A관(1공장),사출,R12558.70-06.00,2026-08-26
A관(1공장),사출,R12558.70-06.50,2026-08-26
A관(1공장),사출,R12558.70-07.00,2026-08-26
A관(1공장),사출,R1300-01.00,2026-08-26
A관(1공장),사출,R1300-01.50,2026-08-26
A관(1공장),사출,R1300-02.00,2026-08-26
A관(1공장),사출,R1300-02.50,2026-08-26
A관(1공장),사출,R1300-03.00,2026-08-26
A관(1공장),사출,R1300-03.25,2026-08-26
A관(1공장),사출,R1300-03.50,2026-08-26
A관(1공장),사출,R1300-04.00,2026-08-26
A관(1공장),사출,R1300-04.50,2026-08-26
A관(1공장),사출,R1300-04.75,2026-08-26
A관(1공장),사출,R1300-05.50,2026-08-26
A관(1공장),사출,R1300-06.00,2026-08-26
A관(1공장),사출,R1300-06.50,2026-08-26
A관(1공장),사출,R1300-07.00,2026-08-26
A관(1공장),사출,R1300-07.50,2026-08-26
A관(1공장),사출,R1300-11.00,2026-08-26
A관(1공장),사출,R1300-12.00,2026-08-26
A관(1공장),사출,R1400-02.50-2.75100,2026-07-22
A관(1공장),사출,R1400-06.00-1.75170,2026-07-22
A관(1공장),사출,R47128.60+04.0014.4,
A관(1공장),사출,R47128.60-00.0014.4,2026-07-23
A관(1공장),사출,R47128.60-03.0014.4,2026-07-23
A관(1공장),사출,R47128.60-03.5014.4,2026-07-23
A관(1공장),사출,R47128.60-04.5014.4,
A관(1공장),사출,R47128.60-06.0014.4,2026-07-23
A관(1공장),사출,R47128.60-07.0014.4,
A관(1공장),사출,R47148.60+02.2514.2,
A관(1공장),사출,R47148.60+02.7514.2,
A관(1공장),사출,R47148.60+03.2514.2,
A관(1공장),사출,R47148.60-00.0014.2,
A관(1공장),사출,R47148.60-00.5014.2,
A관(1공장),사출,R47148.60-01.0014.2,
A관(1공장),사출,R47148.60-01.7514.2,2026-07-23
A관(1공장),사출,R47148.60-02.0014.2,
A관(1공장),사출,R47148.60-02.5014.2,
A관(1공장),사출,R47148.60-04.0014.2,
A관(1공장),사출,R47148.60-04.5014.2,
A관(1공장),사출,R47148.60-04.7514.2,
A관(1공장),사출,R47148.60-05.0014.2,2026-07-18
A관(1공장),사출,R47148.60-05.5014.2,2026-07-23
A관(1공장),사출,R47148.60-06.5014.2,
A관(1공장),사출,R5405+00.50-1.75180,2026-08-26
A관(1공장),사출,R5405+00.75-0.75180,2026-08-26
A관(1공장),사출,R5405+02.75-0.75180,2026-08-26
A관(1공장),사출,R5405-00.00-1.75070,2026-08-26
A관(1공장),사출,R5405-00.00-2.75150,2026-08-26
A관(1공장),사출,R5405-00.50-0.75060,2026-08-26
A관(1공장),사출,R5405-00.75-2.25160,2026-08-26
A관(1공장),사출,R5405-01.00-0.75030,2026-08-26
A관(1공장),사출,R5405-01.00-1.25010,2026-08-26
A관(1공장),사출,R5405-01.25-2.25010,2026-08-26
A관(1공장),사출,R5405-01.50-1.25100,2026-08-26
A관(1공장),사출,R5405-01.50-1.25170,2026-07-22
A관(1공장),사출,R5405-01.50-2.75170,2026-08-26
A관(1공장),사출,R5405-01.75-1.25170,2026-08-26
A관(1공장),사출,R5405-02.25-1.25030,2026-08-26
A관(1공장),사출,R5405-02.25-1.75170,2026-07-25
A관(1공장),사출,R5405-02.50-1.25160,2026-08-26
A관(1공장),사출,R5405-02.50-1.75020,2026-08-26
A관(1공장),사출,R5405-02.50-2.25180,2026-08-01
A관(1공장),사출,R5405-02.50-2.75180,2026-08-26
A관(1공장),사출,R5405-02.75-0.75090,2026-07-21
A관(1공장),사출,R5405-02.75-0.75150,2026-08-26
A관(1공장),사출,R5405-02.75-2.25180,2026-08-26
A관(1공장),사출,R5405-03.00-0.75180,2026-08-13
A관(1공장),사출,R5405-03.75-0.75140,2026-08-26
A관(1공장),사출,R5405-03.75-1.75180,2026-08-02
A관(1공장),사출,R5405-03.75-2.75170,2026-08-26
A관(1공장),사출,R5405-04.00-1.25090,2026-08-26
A관(1공장),사출,R5405-04.25-2.75170,2026-08-26
A관(1공장),사출,R5405-05.25-0.75170,2026-08-26
A관(1공장),사출,R5405-05.75-0.75160,2026-08-26
A관(1공장),사출,R5405-06.00-1.25030,2026-08-26
A관(1공장),사출,R5405-06.00-1.75050,2026-08-26
A관(1공장),사출,R5405-06.00-2.25010,2026-08-26
A관(1공장),사출,R5405-06.50-1.25170,2026-08-26
A관(1공장),사출,R5405-06.50-1.25180,2026-08-26
A관(1공장),사출,R5405-06.50-1.75020,2026-08-26
A관(1공장),사출,R5405-07.00-0.75020,2026-08-26
A관(1공장),사출,R5405-07.00-0.75180,2026-08-26
A관(1공장),사출,R5405-07.00-1.75170,2026-08-26
A관(1공장),사출,R5405-07.50-0.75010,2026-08-26
A관(1공장),사출,R5405-07.50-1.25170,2026-08-26
A관(1공장),사출,R5405-08.00-0.75100,2026-08-26
A관(1공장),사출,R5405-08.00-1.75180,2026-08-26
A관(1공장),사출,R5405-08.50-1.75180,2026-08-26
A관(1공장),사출,R5405-09.00-0.75010,2026-08-26
A관(1공장),사출,R5405-09.50-0.75170,2026-08-26
A관(1공장),사출,R5405-09.50-2.75180,2026-07-21
A관(1공장),사출,R5405-10.00-0.75180,2026-08-26
A관(1공장),사출,R5405-10.00-1.75020,2026-08-26
A관(1공장),사출,R5405-10.00-1.75150,2026-08-26
A관(1공장),사출,R5405-10.00-1.75180,2026-08-26
A관(1공장),사출,R5405-10.00-2.75010,2026-08-26
A관(1공장),사출,R5405-10.50-2.25180,2026-08-26
A관(1공장),사출,R5405-11.00-1.25170,2026-07-25
A관(1공장),사출,R5405-11.00-2.75010,2026-08-26
A관(1공장),사출,R5405-12.00-1.25180,2026-08-26
A관(1공장),사출,R5405-12.00-2.75020,2026-08-26
A관(1공장),사출,R5419+01.75+2.00,2026-07-04
A관(1공장),사출,R5419+02.25+1.50,2026-07-13
A관(1공장),사출,R5419+02.50+2.00,2026-07-13
A관(1공장),접착,P0575S-00.25-0.75090,2026-07-29
A관(1공장),접착,P0575S-00.50-0.75090,2026-07-25
A관(1공장),접착,P0575S-00.50-0.75180,2026-08-17
A관(1공장),접착,P0575S-01.25-1.75010,2026-07-29
A관(1공장),접착,P0575S-01.50-1.25010,2026-07-25
A관(1공장),접착,P0575S-01.50-1.25090,2026-07-25
A관(1공장),접착,P0575S-01.50-1.25170,2026-07-25
A관(1공장),접착,P0575S-01.75-0.75020,2026-07-25
A관(1공장),접착,P0575S-02.00-0.75080,2026-07-25
A관(1공장),접착,P0575S-02.00-1.25170,2026-07-25
A관(1공장),접착,P0575S-02.25-0.75100,2026-07-29
A관(1공장),접착,P0575S-02.25-1.75170,2026-07-29
A관(1공장),접착,P0575S-02.50-2.25170,2026-07-29
A관(1공장),접착,P0575S-02.50-2.25180,2026-08-05
A관(1공장),접착,P0575S-02.75-0.75080,2026-07-25
A관(1공장),접착,P0575S-02.75-0.75090,2026-07-25
A관(1공장),접착,P0575S-03.00-0.75180,2026-08-17
A관(1공장),접착,P0575S-03.00-2.75180,2026-07-29
A관(1공장),접착,P0575S-03.25-0.75160,2026-07-29
A관(1공장),접착,P0575S-03.50-0.75180,2026-07-25
A관(1공장),접착,P0575S-03.50-1.25160,2026-07-29
A관(1공장),접착,P0575S-03.75-0.75020,2026-07-25
A관(1공장),접착,P0575S-03.75-1.75180,2026-08-05
A관(1공장),접착,P0575S-04.00-1.25150,2026-07-29
A관(1공장),접착,P0575S-04.75-1.25180,2026-08-05
A관(1공장),접착,P0575S-04.75-2.75180,2026-07-25
A관(1공장),접착,P0575S-05.25-0.75160,2026-08-17
A관(1공장),접착,P0575S-05.25-2.75170,2026-07-29
A관(1공장),접착,P0575S-06.00-1.25010,2026-07-29
A관(1공장),접착,P0575S-06.00-2.25020,2026-07-29
A관(1공장),접착,P0575S-09.50-2.75180,2026-07-25
A관(1공장),접착,P0575S-10.00-2.25180,2026-07-25
A관(1공장),접착,P0575S-11.00-1.25170,2026-07-29
A관(1공장),접착,P0575S-11.00-1.75180,2026-07-25
A관(1공장),접착,P0584M-00.00MOO3,2026-07-31
A관(1공장),접착,P0584M-01.00MOO3,2026-07-31
A관(1공장),접착,P0584M-01.25MOO3,2026-07-31
A관(1공장),접착,P0584M-01.50MOO3,2026-07-31
A관(1공장),접착,P0584M-02.00MOO3,2026-07-31
A관(1공장),접착,P0584M-02.25MOO3,2026-07-31
A관(1공장),접착,P0584M-02.50MOO3,2026-07-31
A관(1공장),접착,P0584M-02.75MOO3,2026-07-31
A관(1공장),접착,P0584M-03.50MOO3,2026-07-31
A관(1공장),접착,P0584M-03.75MOO3,2026-07-31
A관(1공장),접착,P0584M-04.00MOO3,2026-07-31
A관(1공장),접착,P0584M-04.50MOO3,2026-07-31
A관(1공장),접착,P0584M-05.25MOO3,2026-07-31
A관(1공장),접착,P0584M-05.50MOO3,2026-07-31
A관(1공장),접착,P0584M-05.75MOO3,2026-07-31
A관(1공장),접착,P0585M-00.00STU3,2026-07-31
A관(1공장),접착,P0585M-01.25STU3,2026-07-31
A관(1공장),접착,P0585M-01.50STU3,2026-07-31
A관(1공장),접착,P0585M-01.75STU3,2026-07-31
A관(1공장),접착,P0585M-02.25STU3,2026-07-31
A관(1공장),접착,P0585M-02.75STU3,2026-07-31
A관(1공장),접착,P0585M-03.25STU3,2026-07-31
A관(1공장),접착,P0585M-04.50STU3,2026-07-31
A관(1공장),접착,P0585M-05.00STU3,2026-07-31
A관(1공장),접착,P0585M-05.25STU3,2026-07-31
A관(1공장),접착,P0585M-05.75STU3,2026-07-31
A관(1공장),접착,P0585M-06.00STU3,2026-07-31
A관(1공장),접착,P0614M-00.00PFB2,2026-07-31
A관(1공장),접착,P0614M-00.50PFB2,2026-07-31
A관(1공장),접착,P0614M-01.00PFB2,2026-07-31
A관(1공장),접착,P0614M-01.75PFB2,2026-07-31
A관(1공장),접착,P0614M-02.00PFB2,2026-07-31
A관(1공장),접착,P0614M-02.25PFB2,2026-07-31
A관(1공장),접착,P0614M-02.50PFB2,2026-07-31
A관(1공장),접착,P0614M-03.00PFB2,2026-07-31
A관(1공장),접착,P0614M-03.50PFB2,2026-07-31
A관(1공장),접착,P0614M-04.00PFB2,2026-07-31
A관(1공장),접착,P0614M-04.50PFB2,2026-07-31
A관(1공장),접착,P0614M-04.75PFB2,2026-07-31
A관(1공장),접착,P0614M-05.00PFB2,2026-07-31
A관(1공장),접착,P0614M-06.00PFB2,2026-07-31
A관(1공장),접착,P0615M-00.00HAZ2,2026-07-31
A관(1공장),접착,P0615M-01.00HAZ2,2026-07-31
A관(1공장),접착,P0615M-01.75HAZ2,2026-07-31
A관(1공장),접착,P0615M-02.00HAZ2,2026-07-31
A관(1공장),접착,P0615M-02.25HAZ2,2026-07-31
A관(1공장),접착,P0615M-02.50HAZ2,2026-07-31
A관(1공장),접착,P0615M-02.75HAZ2,2026-07-31
A관(1공장),접착,P0615M-03.00HAZ2,2026-07-31
A관(1공장),접착,P0615M-03.25HAZ2,2026-07-31
A관(1공장),접착,P0615M-03.50HAZ2,2026-07-31
A관(1공장),접착,P0615M-04.00HAZ2,2026-07-31
A관(1공장),접착,P0615M-04.25HAZ2,2026-07-31
A관(1공장),접착,P0615M-04.75HAZ2,2026-07-31
A관(1공장),접착,P0615M-05.00HAZ2,2026-07-31
A관(1공장),접착,P0615M-05.50HAZ2,2026-07-31
A관(1공장),접착,P1104V8.50-04.00,2026-07-26
A관(1공장),접착,P1104V8.50-06.00,2026-07-26
A관(1공장),접착,P1136V8.60-03.00,2026-07-26
A관(1공장),접착,P1150S8.70+00.75,2026-07-22
A관(1공장),접착,P1150S8.70-01.50,2026-07-22
A관(1공장),접착,P1150S8.70-01.75,2026-07-22
A관(1공장),접착,P1150S8.70-03.00,2026-07-22
A관(1공장),접착,P1150S8.70-03.25,2026-07-22
A관(1공장),접착,P1150S8.70-03.50,2026-07-22
A관(1공장),접착,P1150S8.70-04.00,2026-07-22
A관(1공장),접착,P1150S8.70-06.00,2026-07-22
A관(1공장),접착,P1150S8.70-07.25,2026-07-22
A관(1공장),접착,P1200V8.60-01.25,2026-07-29
A관(1공장),접착,P1200V8.60-03.00,2026-07-29
A관(1공장),접착,P1200V8.60-03.50,2026-07-29
A관(1공장),접착,P1200V8.60-06.00,2026-07-29
A관(1공장),접착,P1200V8.60-07.00,2026-07-29
A관(1공장),접착,P1200V8.60-09.00,2026-07-29
A관(1공장),접착,P1200V8.60-10.00,2026-07-29
A관(1공장),접착,P1201S8.60-00.75,2026-08-30
A관(1공장),접착,P1201S8.60-01.00,2026-08-30
A관(1공장),접착,P1201S8.60-01.25,2026-08-30
A관(1공장),접착,P1201S8.60-01.50,2026-08-02
A관(1공장),접착,P1201S8.60-01.75,2026-08-30
A관(1공장),접착,P1201S8.60-02.00,2026-08-30
A관(1공장),접착,P1201S8.60-02.25,2026-08-30
A관(1공장),접착,P1201S8.60-02.50,2026-08-30
A관(1공장),접착,P1201S8.60-02.75,2026-08-30
A관(1공장),접착,P1201S8.60-03.00,2026-08-30
A관(1공장),접착,P1201S8.60-03.25,2026-08-30
A관(1공장),접착,P1201S8.60-03.50,2026-08-30
A관(1공장),접착,P1201S8.60-03.75,2026-08-30
A관(1공장),접착,P1201S8.60-04.00,2026-08-30
A관(1공장),접착,P1201S8.60-04.25,2026-08-30
A관(1공장),접착,P1201S8.60-04.50,2026-08-30
A관(1공장),접착,P1201S8.60-04.75,2026-08-30
A관(1공장),접착,P1201S8.60-05.00,2026-08-30
A관(1공장),접착,P1201S8.60-05.75,2026-08-30
A관(1공장),접착,P1201S8.60-06.00,2026-08-30
A관(1공장),접착,P1201S8.60-06.50,2026-08-30
A관(1공장),접착,P1201S8.60-09.00,2026-08-30
A관(1공장),접착,P1203R8.60-08.00,2026-08-30
A관(1공장),접착,P1203R8.60-10.50,2026-08-30
A관(1공장),접착,P1205V8.60-06.00,2026-08-02
A관(1공장),접착,P1205V8.60-06.50,2026-08-02
A관(1공장),접착,P1205V8.60-07.50,2026-08-02
A관(1공장),접착,P1205V8.60-08.00,2026-08-02
A관(1공장),접착,P1205V8.60-08.50,2026-08-02
A관(1공장),접착,P1205V8.60-10.00,2026-07-20
A관(1공장),접착,P1205V8.60-10.50,2026-07-20
A관(1공장),접착,P1205V8.60-12.00,2026-08-02
A관(1공장),접착,P1205V8.60-14.00,2026-08-02
A관(1공장),접착,P1205V8.60-15.00,2026-07-20
A관(1공장),접착,P1205V8.60-16.00,2026-08-02
A관(1공장),접착,P1205V8.60-17.00,2026-07-20
A관(1공장),접착,P1206S8.60+03.00,2026-08-30
A관(1공장),접착,P1206S8.60-01.25,2026-08-30
A관(1공장),접착,P1206S8.60-03.50,2026-08-30
A관(1공장),접착,P1206S8.60-06.00,2026-08-30
A관(1공장),접착,P1206S8.60-08.00,2026-08-30
A관(1공장),접착,P1206S8.60-08.50,2026-08-30
A관(1공장),접착,P1206S8.60-09.00,2026-08-30
A관(1공장),접착,P1206S8.60-09.50,2026-08-30
A관(1공장),접착,P1206S8.60-10.00,2026-08-30
A관(1공장),접착,P1206S8.60-14.00,2026-08-25
A관(1공장),접착,P1206S8.60-15.00,2026-08-25
A관(1공장),접착,P1206S8.60-17.00,2026-08-30
A관(1공장),접착,P1206S8.60-18.00,2026-08-30
A관(1공장),접착,P1206S8.80+00.25,2026-08-30
A관(1공장),접착,P1206S8.80+00.50,2026-08-30
A관(1공장),접착,P1206S8.80+00.75,2026-08-30
A관(1공장),접착,P1206S8.80+01.00,2026-08-30
A관(1공장),접착,P1206S8.80+01.25,2026-08-30
A관(1공장),접착,P1206S8.80-00.75,2026-08-30
A관(1공장),접착,P1206S8.80-01.00,2026-07-17
A관(1공장),접착,P1206S8.80-01.75,2026-08-30
A관(1공장),접착,P1206S8.80-02.25,2026-08-30
A관(1공장),접착,P1206S8.80-03.00,2026-08-30
A관(1공장),접착,P1206S8.80-04.25,2026-08-30
A관(1공장),접착,P1206S8.80-05.00,2026-07-22
A관(1공장),접착,P1206S8.80-08.00,2026-08-30
A관(1공장),접착,P1206S8.80-08.50,2026-08-30
A관(1공장),접착,P1206S8.80-09.00,2026-08-30
A관(1공장),접착,P1208R8.60-01.50,2026-08-30
A관(1공장),접착,P1216S+00.25,2026-08-30
A관(1공장),접착,P1216S+00.50,2026-08-30
A관(1공장),접착,P1216S+00.75,2026-08-30
A관(1공장),접착,P1216S+01.00,2026-08-30
A관(1공장),접착,P1216S+02.50,2026-08-30
A관(1공장),접착,P1216S-00.25,2026-08-30
A관(1공장),접착,P1216S-05.50,2026-08-30
A관(1공장),접착,P1230S+00.25-0.75180,2026-08-30
A관(1공장),접착,P1230S+00.25-1.25180,2026-08-30
A관(1공장),접착,P1230S+00.25-1.75160,2026-08-30
A관(1공장),접착,P1230S+00.50-0.75010,2026-07-17
A관(1공장),접착,P1230S+00.75-0.75010,2026-08-30
A관(1공장),접착,P1230S+00.75-0.75170,2026-08-30
A관(1공장),접착,P1230S+00.75-1.75180,2026-08-30
A관(1공장),접착,P1230S+00.75-2.25090,2026-08-30
A관(1공장),접착,P1230S+00.75-2.25180,2026-08-30
A관(1공장),접착,P1230S+01.00-0.75080,2026-08-30
A관(1공장),접착,P1230S+01.00-2.25030,2026-08-08
A관(1공장),접착,P1230S+01.00-2.25070,2026-08-08
A관(1공장),접착,P1230S+01.25-0.75090,2026-08-30
A관(1공장),접착,P1230S+01.25-1.25180,2026-08-30
A관(1공장),접착,P1230S+01.50-0.75020,2026-08-08
A관(1공장),접착,P1230S+01.50-2.25160,2026-08-08
A관(1공장),접착,P1230S+01.75-1.75040,2026-07-17
A관(1공장),접착,P1230S+01.75-1.75180,2026-08-30
A관(1공장),접착,P1230S+02.00-1.25090,2026-08-30
A관(1공장),접착,P1230S+02.50-1.25090,2026-08-08
A관(1공장),접착,P1230S+03.00-1.25110,2026-08-08
A관(1공장),접착,P1230S+03.25-1.25160,2026-08-30
A관(1공장),접착,P1230S+03.25-1.25180,2026-08-30
A관(1공장),접착,P1230S+03.75-1.25170,2026-08-30
A관(1공장),접착,P1230S+03.75-2.25090,2026-08-30
A관(1공장),접착,P1230S+05.00-1.75180,2026-08-30
A관(1공장),접착,P1230S-00.00-0.75070,2026-07-17
A관(1공장),접착,P1230S-00.00-0.75080,2026-07-17
A관(1공장),접착,P1230S-00.00-0.75090,2026-07-17
A관(1공장),접착,P1230S-00.00-0.75120,2026-08-30
A관(1공장),접착,P1230S-00.00-0.75160,2026-08-30
A관(1공장),접착,P1230S-00.00-0.75170,2026-08-30
A관(1공장),접착,P1230S-00.00-0.75180,2026-07-17
A관(1공장),접착,P1230S-00.00-1.25010,2026-08-30
A관(1공장),접착,P1230S-00.00-1.25170,2026-08-30
A관(1공장),접착,P1230S-00.00-1.25180,2026-08-30
A관(1공장),접착,P1230S-00.00-1.75020,2026-08-30
A관(1공장),접착,P1230S-00.00-1.75080,2026-08-30
A관(1공장),접착,P1230S-00.00-1.75090,2026-08-30
A관(1공장),접착,P1230S-00.00-1.75170,2026-08-30
A관(1공장),접착,P1230S-00.00-1.75180,2026-08-30
A관(1공장),접착,P1230S-00.00-2.25090,2026-08-30
A관(1공장),접착,P1230S-00.00-2.25170,2026-08-30
A관(1공장),접착,P1230S-00.25-0.75110,2026-08-30
A관(1공장),접착,P1230S-00.25-0.75140,2026-08-30
A관(1공장),접착,P1230S-00.25-1.25160,2026-08-30
A관(1공장),접착,P1230S-00.50-0.75090,2026-08-30
A관(1공장),접착,P1230S-00.50-0.75170,2026-08-30
A관(1공장),접착,P1230S-00.50-1.25020,2026-08-30
A관(1공장),접착,P1230S-00.50-1.75180,2026-08-30
A관(1공장),접착,P1230S-00.50-2.25030,2026-08-30
A관(1공장),접착,P1230S-00.50-2.25080,2026-08-30
A관(1공장),접착,P1230S-00.50-2.25170,2026-08-30
A관(1공장),접착,P1230S-00.75-0.75170,2026-07-17
A관(1공장),접착,P1230S-00.75-0.75180,2026-08-30
A관(1공장),접착,P1230S-00.75-1.25050,2026-07-17
A관(1공장),접착,P1230S-00.75-1.25160,2026-08-30
A관(1공장),접착,P1230S-00.75-1.25180,2026-08-30
A관(1공장),접착,P1230S-00.75-1.75010,2026-07-08
A관(1공장),접착,P1230S-00.75-2.25010,2026-08-30
A관(1공장),접착,P1230S-00.75-2.25180,2026-07-17
A관(1공장),접착,P1230S-01.00-0.75020,2026-08-30
A관(1공장),접착,P1230S-01.00-0.75150,2026-07-17
A관(1공장),접착,P1230S-01.00-0.75180,2026-08-30
A관(1공장),접착,P1230S-01.00-1.75180,2026-08-30
A관(1공장),접착,P1230S-01.25-0.75020,2026-08-30
A관(1공장),접착,P1230S-01.25-0.75030,2026-07-17
A관(1공장),접착,P1230S-01.25-0.75090,2026-08-30
A관(1공장),접착,P1230S-01.25-0.75170,2026-08-30
A관(1공장),접착,P1230S-01.25-1.25100,2026-07-17
A관(1공장),접착,P1230S-01.25-1.75020,2026-08-30
A관(1공장),접착,P1230S-01.25-1.75180,2026-08-30
A관(1공장),접착,P1230S-01.25-2.25020,2026-08-30
A관(1공장),접착,P1230S-01.25-2.25170,2026-08-30
A관(1공장),접착,P1230S-01.50-0.75010,2026-08-30
A관(1공장),접착,P1230S-01.50-0.75020,2026-08-30
A관(1공장),접착,P1230S-01.50-0.75060,2026-08-30
A관(1공장),접착,P1230S-01.50-0.75090,2026-08-30
A관(1공장),접착,P1230S-01.50-0.75150,2026-08-30
A관(1공장),접착,P1230S-01.50-0.75170,2026-08-30
A관(1공장),접착,P1230S-01.50-1.25090,2026-08-30
A관(1공장),접착,P1230S-01.75-0.75090,2026-07-17
A관(1공장),접착,P1230S-01.75-0.75180,2026-08-30
A관(1공장),접착,P1230S-01.75-2.25020,2026-08-30
A관(1공장),접착,P1230S-02.00-0.75010,2026-08-30
A관(1공장),접착,P1230S-02.00-0.75150,2026-08-30
A관(1공장),접착,P1230S-02.00-0.75180,2026-08-30
A관(1공장),접착,P1230S-02.00-1.25170,2026-08-30
A관(1공장),접착,P1230S-02.00-1.75010,2026-08-30
A관(1공장),접착,P1230S-02.00-1.75180,2026-08-30
A관(1공장),접착,P1230S-02.00-2.25010,2026-08-30
A관(1공장),접착,P1230S-02.00-2.25160,2026-08-30
A관(1공장),접착,P1230S-02.00-2.25180,2026-08-30
A관(1공장),접착,P1230S-02.25-0.75180,2026-08-30
A관(1공장),접착,P1230S-02.25-1.25170,2026-08-30
A관(1공장),접착,P1230S-02.25-1.25180,2026-08-30
A관(1공장),접착,P1230S-02.25-2.25180,2026-08-30
A관(1공장),접착,P1230S-02.50-0.75010,2026-08-30
A관(1공장),접착,P1230S-02.50-0.75080,2026-08-30
A관(1공장),접착,P1230S-02.50-0.75170,2026-08-30
A관(1공장),접착,P1230S-02.50-1.25020,2026-08-30
A관(1공장),접착,P1230S-02.50-1.25160,2026-08-30
A관(1공장),접착,P1230S-02.50-1.25170,2026-08-30
A관(1공장),접착,P1230S-02.50-2.25170,2026-08-30
A관(1공장),접착,P1230S-02.75-0.75010,2026-08-30
A관(1공장),접착,P1230S-02.75-0.75080,2026-08-30
A관(1공장),접착,P1230S-02.75-0.75090,2026-07-17
A관(1공장),접착,P1230S-02.75-0.75180,2026-08-30
A관(1공장),접착,P1230S-02.75-1.25010,2026-08-30
A관(1공장),접착,P1230S-02.75-1.25180,2026-08-30
A관(1공장),접착,P1230S-02.75-1.75170,2026-08-30
A관(1공장),접착,P1230S-02.75-1.75180,2026-08-30
A관(1공장),접착,P1230S-03.00-0.75180,2026-08-30
A관(1공장),접착,P1230S-03.00-1.25020,2026-08-30
A관(1공장),접착,P1230S-03.00-1.75180,2026-08-30
A관(1공장),접착,P1230S-03.25-0.75160,2026-08-30
A관(1공장),접착,P1230S-03.25-1.25010,2026-08-30
A관(1공장),접착,P1230S-03.25-1.25150,2026-08-30
A관(1공장),접착,P1230S-03.25-1.25170,2026-08-30
A관(1공장),접착,P1230S-03.25-1.25180,2026-08-30
A관(1공장),접착,P1230S-03.25-2.25020,2026-08-30
A관(1공장),접착,P1230S-03.25-2.25180,2026-08-30
A관(1공장),접착,P1230S-03.50-0.75160,2026-08-30
A관(1공장),접착,P1230S-03.50-0.75170,2026-08-30
A관(1공장),접착,P1230S-03.50-1.25170,2026-07-17
A관(1공장),접착,P1230S-03.50-1.25180,2026-08-30
A관(1공장),접착,P1230S-03.50-1.75180,2026-08-30
A관(1공장),접착,P1230S-03.50-2.25170,2026-08-30
A관(1공장),접착,P1230S-03.50-2.25180,2026-08-30
A관(1공장),접착,P1230S-03.75-0.75010,2026-08-30
A관(1공장),접착,P1230S-03.75-0.75170,2026-08-30
A관(1공장),접착,P1230S-03.75-1.25180,2026-07-18
A관(1공장),접착,P1230S-03.75-1.75020,2026-08-30
A관(1공장),접착,P1230S-03.75-1.75180,2026-08-30
A관(1공장),접착,P1230S-04.00-0.75090,2026-08-30
A관(1공장),접착,P1230S-04.00-0.75170,2026-08-30
A관(1공장),접착,P1230S-04.00-1.25010,2026-08-30
A관(1공장),접착,P1230S-04.00-1.25160,2026-07-17
A관(1공장),접착,P1230S-04.00-1.25170,2026-08-30
A관(1공장),접착,P1230S-04.00-1.25180,2026-08-30
A관(1공장),접착,P1230S-04.00-1.75160,2026-07-17
A관(1공장),접착,P1230S-04.00-1.75180,2026-08-30
A관(1공장),접착,P1230S-04.00-2.25170,2026-08-30
A관(1공장),접착,P1230S-04.25-0.75150,2026-08-30
A관(1공장),접착,P1230S-04.25-0.75180,2026-08-30
A관(1공장),접착,P1230S-04.25-1.25010,2026-08-30
A관(1공장),접착,P1230S-04.25-1.25020,2026-08-30
A관(1공장),접착,P1230S-04.25-1.25180,2026-08-30
A관(1공장),접착,P1230S-04.25-1.75180,2026-08-30
A관(1공장),접착,P1230S-04.50-0.75180,2026-08-30
A관(1공장),접착,P1230S-04.50-1.25170,2026-07-17
A관(1공장),접착,P1230S-04.50-1.75010,2026-08-30
A관(1공장),접착,P1230S-04.50-2.25020,2026-08-30
A관(1공장),접착,P1230S-04.50-2.25170,2026-08-30
A관(1공장),접착,P1230S-04.75-1.25010,2026-08-30
A관(1공장),접착,P1230S-04.75-1.25180,2026-07-17
A관(1공장),접착,P1230S-04.75-1.75010,2026-08-30
A관(1공장),접착,P1230S-04.75-1.75180,2026-08-30
A관(1공장),접착,P1230S-04.75-2.25170,2026-08-30
A관(1공장),접착,P1230S-05.00-0.75010,2026-08-30
A관(1공장),접착,P1230S-05.00-0.75110,2026-08-30
A관(1공장),접착,P1230S-05.00-1.75010,2026-08-30
A관(1공장),접착,P1230S-05.00-2.25010,2026-08-30
A관(1공장),접착,P1230S-05.25-1.75170,2026-08-30
A관(1공장),접착,P1230S-05.50-0.75010,2026-08-30
A관(1공장),접착,P1230S-05.50-0.75020,2026-08-30
A관(1공장),접착,P1230S-05.50-0.75170,2026-08-30
A관(1공장),접착,P1230S-05.50-1.25010,2026-08-30
A관(1공장),접착,P1230S-05.50-1.25020,2026-08-30
A관(1공장),접착,P1230S-05.50-1.25150,2026-08-30
A관(1공장),접착,P1230S-05.50-1.25180,2026-08-30
A관(1공장),접착,P1230S-05.50-1.75170,2026-08-30
A관(1공장),접착,P1230S-05.50-2.25010,2026-08-30
A관(1공장),접착,P1230S-05.50-2.25180,2026-08-30
A관(1공장),접착,P1230S-05.75-0.75180,2026-08-30
A관(1공장),접착,P1230S-05.75-1.75100,2026-08-30
A관(1공장),접착,P1230S-05.75-2.25180,2026-08-30
A관(1공장),접착,P1230S-06.00-0.75160,2026-08-30
A관(1공장),접착,P1230S-06.00-1.25180,2026-08-30
A관(1공장),접착,P1230S-06.00-1.75170,2026-08-30
A관(1공장),접착,P1230S-06.00-2.25180,2026-08-30
A관(1공장),접착,P1230S-06.25-0.75140,2026-08-30
A관(1공장),접착,P1230S-06.25-0.75180,2026-08-30
A관(1공장),접착,P1230S-06.50-0.75170,2026-07-17
A관(1공장),접착,P1230S-06.50-1.75170,2026-08-30
A관(1공장),접착,P1230S-06.50-2.25170,2026-08-30
A관(1공장),접착,P1230S-07.50-1.25010,2026-08-30
A관(1공장),접착,P1230S-07.50-1.75160,2026-08-30
A관(1공장),접착,P1230S-07.50-2.25010,2026-08-30
A관(1공장),접착,P1230S-08.00-0.75010,2026-08-30
A관(1공장),접착,P1230S-08.00-0.75050,2026-07-17
A관(1공장),접착,P1230S-08.00-0.75090,2026-08-30
A관(1공장),접착,P1230S-08.50-1.75180,2026-08-30
A관(1공장),접착,P1230S-09.00-1.75020,2026-08-30
A관(1공장),접착,P1230S-09.50-1.75150,2026-08-30
A관(1공장),접착,P1230S-10.00-2.25010,2026-08-30
A관(1공장),접착,P1245S8.60+02.50,2026-08-30
A관(1공장),접착,P1245S8.60-02.00,2026-08-30
A관(1공장),접착,P1245S8.60-02.50,2026-08-30
A관(1공장),접착,P1245S8.60-04.25,2026-08-30
A관(1공장),접착,P1245S8.60-04.50,2026-08-30
A관(1공장),접착,P1245S8.60-05.00,2026-08-30
A관(1공장),접착,P1245S8.60-06.00,2026-08-30
A관(1공장),접착,P1245S8.60-06.50,2026-08-30
A관(1공장),접착,P1245S8.60-14.00,2026-08-30
A관(1공장),접착,P1246M8.60-03.50,2026-08-30
A관(1공장),접착,P1301R-01.00,2026-08-30
A관(1공장),접착,P1301R-01.50,2026-08-30
A관(1공장),접착,P1301R-02.00,2026-08-30
A관(1공장),접착,P1301R-02.50,2026-08-30
A관(1공장),접착,P1301R-03.00,2026-08-30
A관(1공장),접착,P1301R-03.25,2026-08-30
A관(1공장),접착,P1301R-03.50,2026-08-30
A관(1공장),접착,P1301R-04.00,2026-08-30
A관(1공장),접착,P1301R-04.50,2026-08-30
A관(1공장),접착,P1301R-04.75,2026-08-30
A관(1공장),접착,P1301R-05.50,2026-08-30
A관(1공장),접착,P1301R-06.00,2026-08-30
A관(1공장),접착,P1301R-06.50,2026-08-30
A관(1공장),접착,P1301R-07.00,2026-08-30
A관(1공장),접착,P1301R-07.50,2026-08-30
A관(1공장),접착,P1301R-11.00,2026-08-30
A관(1공장),접착,P1301R-12.00,2026-08-30
A관(1공장),접착,P1400V-01.50-2.25100,2026-07-26
A관(1공장),접착,P1400V-02.50-2.75100,2026-07-26
A관(1공장),접착,P1400V-06.00-1.75170,2026-07-26
A관(1공장),접착,P1400V-08.50-2.75180,2026-07-26
A관(1공장),접착,P3402M-03.25BRW,2026-07-26
A관(1공장),접착,P3402M-05.00BRW,2026-07-26
A관(1공장),접착,P3402M-05.50BRW,2026-07-26
A관(1공장),접착,P3402M-06.50BRW,2026-07-26
A관(1공장),접착,P3502S+00.50-1.75180,2026-08-30
A관(1공장),접착,P3502S+00.75-0.75180,2026-08-30
A관(1공장),접착,P3502S+02.50-2.25180,2026-08-30
A관(1공장),접착,P3502S+02.75-0.75180,2026-08-30
A관(1공장),접착,P3502S-00.00-0.75010,2026-08-30
A관(1공장),접착,P3502S-00.00-0.75090,2026-08-30
A관(1공장),접착,P3502S-00.00-1.75070,2026-08-30
A관(1공장),접착,P3502S-00.00-2.75010,2026-08-30
A관(1공장),접착,P3502S-00.00-2.75120,2026-08-30
A관(1공장),접착,P3502S-00.00-2.75150,2026-08-30
A관(1공장),접착,P3502S-00.25-2.75090,2026-08-30
A관(1공장),접착,P3502S-00.50-0.75010,2026-08-30
A관(1공장),접착,P3502S-00.50-0.75060,2026-08-30
A관(1공장),접착,P3502S-00.75-1.25020,2026-08-30
A관(1공장),접착,P3502S-00.75-2.25160,2026-08-30
A관(1공장),접착,P3502S-00.75-2.75170,2026-08-30
A관(1공장),접착,P3502S-01.00-0.75030,2026-08-30
A관(1공장),접착,P3502S-01.00-0.75070,2026-08-30
A관(1공장),접착,P3502S-01.00-0.75100,2026-08-30
A관(1공장),접착,P3502S-01.00-1.25010,2026-08-30
A관(1공장),접착,P3502S-01.00-1.75090,2026-08-30
A관(1공장),접착,P3502S-01.25-1.25150,2026-08-30
A관(1공장),접착,P3502S-01.25-2.25010,2026-08-30
A관(1공장),접착,P3502S-01.50-0.75050,2026-08-30
A관(1공장),접착,P3502S-01.50-0.75070,2026-08-30
A관(1공장),접착,P3502S-01.50-0.75100,2026-08-30
A관(1공장),접착,P3502S-01.50-0.75110,2026-08-30
A관(1공장),접착,P3502S-01.50-0.75160,2026-08-30
A관(1공장),접착,P3502S-01.50-1.25100,2026-08-30
A관(1공장),접착,P3502S-01.50-2.75170,2026-08-30
A관(1공장),접착,P3502S-01.75-0.75060,2026-08-30
A관(1공장),접착,P3502S-01.75-1.25170,2026-08-30
A관(1공장),접착,P3502S-01.75-1.75010,2026-08-30
A관(1공장),접착,P3502S-02.00-0.75060,2026-08-30
A관(1공장),접착,P3502S-02.00-1.25100,2026-08-30
A관(1공장),접착,P3502S-02.00-2.25010,2026-08-30
A관(1공장),접착,P3502S-02.25-1.25030,2026-08-30
A관(1공장),접착,P3502S-02.25-1.25080,2026-08-30
A관(1공장),접착,P3502S-02.25-2.75170,2026-08-30
A관(1공장),접착,P3502S-02.50-0.75040,2026-08-30
A관(1공장),접착,P3502S-02.50-0.75090,2026-08-30
A관(1공장),접착,P3502S-02.50-0.75100,2026-08-30
A관(1공장),접착,P3502S-02.50-1.25160,2026-08-30
A관(1공장),접착,P3502S-02.50-1.75010,2026-08-30
A관(1공장),접착,P3502S-02.50-1.75020,2026-08-30
A관(1공장),접착,P3502S-02.50-1.75160,2026-08-30
A관(1공장),접착,P3502S-02.50-2.75180,2026-08-30
A관(1공장),접착,P3502S-02.75-0.75030,2026-08-30
A관(1공장),접착,P3502S-02.75-0.75070,2026-08-30
A관(1공장),접착,P3502S-02.75-0.75080,2026-08-30
A관(1공장),접착,P3502S-02.75-0.75090,2026-08-30
A관(1공장),접착,P3502S-02.75-0.75150,2026-08-30
A관(1공장),접착,P3502S-02.75-1.75100,2026-08-30
A관(1공장),접착,P3502S-02.75-2.25180,2026-08-30
A관(1공장),접착,P3502S-03.00-0.75060,2026-08-30
A관(1공장),접착,P3502S-03.50-1.25170,2026-08-30
A관(1공장),접착,P3502S-03.50-2.25010,2026-08-30
A관(1공장),접착,P3502S-03.75-0.75040,2026-08-30
A관(1공장),접착,P3502S-03.75-0.75140,2026-08-30
A관(1공장),접착,P3502S-03.75-0.75160,2026-08-30
A관(1공장),접착,P3502S-03.75-1.25010,2026-08-30
A관(1공장),접착,P3502S-03.75-1.25180,2026-08-30
A관(1공장),접착,P3502S-03.75-2.75170,2026-08-30
A관(1공장),접착,P3502S-04.00-0.75040,2026-08-30
A관(1공장),접착,P3502S-04.00-1.25090,2026-08-30
A관(1공장),접착,P3502S-04.00-1.25160,2026-08-30
A관(1공장),접착,P3502S-04.00-1.75010,2026-08-30
A관(1공장),접착,P3502S-04.00-1.75180,2026-08-30
A관(1공장),접착,P3502S-04.00-2.75010,2026-08-30
A관(1공장),접착,P3502S-04.25-1.25010,2026-08-30
A관(1공장),접착,P3502S-04.25-2.75170,2026-08-30
A관(1공장),접착,P3502S-04.50-1.75010,2026-08-30
A관(1공장),접착,P3502S-04.75-2.75180,2026-08-30
A관(1공장),접착,P3502S-05.00-1.25060,2026-08-30
A관(1공장),접착,P3502S-05.00-2.75180,2026-08-30
A관(1공장),접착,P3502S-05.25-0.75170,2026-08-30
A관(1공장),접착,P3502S-05.25-1.25010,2026-08-30
A관(1공장),접착,P3502S-05.50-1.25020,2026-08-30
A관(1공장),접착,P3502S-05.75-0.75160,2026-08-30
A관(1공장),접착,P3502S-06.00-0.75020,2026-08-30
A관(1공장),접착,P3502S-06.00-1.25010,2026-08-30
A관(1공장),접착,P3502S-06.00-1.25030,2026-08-30
A관(1공장),접착,P3502S-06.00-1.75050,2026-08-30
A관(1공장),접착,P3502S-06.00-2.25010,2026-08-30
A관(1공장),접착,P3502S-06.00-2.75170,2026-08-30
A관(1공장),접착,P3502S-06.50-1.25170,2026-08-30
A관(1공장),접착,P3502S-06.50-1.25180,2026-08-30
A관(1공장),접착,P3502S-06.50-1.75020,2026-08-30
A관(1공장),접착,P3502S-06.50-2.25160,2026-08-30
A관(1공장),접착,P3502S-06.50-2.25170,2026-08-30
A관(1공장),접착,P3502S-07.00-0.75020,2026-08-30
A관(1공장),접착,P3502S-07.00-0.75180,2026-08-30
A관(1공장),접착,P3502S-07.00-1.25180,2026-08-30
A관(1공장),접착,P3502S-07.00-1.75170,2026-08-30
A관(1공장),접착,P3502S-07.00-2.25160,2026-08-30
A관(1공장),접착,P3502S-07.00-2.25170,2026-08-30
A관(1공장),접착,P3502S-07.00-2.75020,2026-08-30
A관(1공장),접착,P3502S-07.50-0.75010,2026-08-30
A관(1공장),접착,P3502S-07.50-1.25170,2026-08-30
A관(1공장),접착,P3502S-07.50-2.25160,2026-08-30
A관(1공장),접착,P3502S-08.00-0.75100,2026-08-30
A관(1공장),접착,P3502S-08.00-1.25010,2026-08-30
A관(1공장),접착,P3502S-08.00-1.75180,2026-08-30
A관(1공장),접착,P3502S-08.00-2.25160,2026-08-30
A관(1공장),접착,P3502S-08.00-2.75160,2026-08-30
A관(1공장),접착,P3502S-08.50-1.25050,2026-08-30
A관(1공장),접착,P3502S-08.50-1.75180,2026-08-30
A관(1공장),접착,P3502S-09.00-0.75010,2026-08-30
A관(1공장),접착,P3502S-09.00-2.75070,2026-08-30
A관(1공장),접착,P3502S-09.50-0.75170,2026-08-30
A관(1공장),접착,P3502S-10.00-0.75180,2026-08-30
A관(1공장),접착,P3502S-10.00-1.75020,2026-08-30
A관(1공장),접착,P3502S-10.00-1.75150,2026-08-30
A관(1공장),접착,P3502S-10.00-1.75160,2026-08-30
A관(1공장),접착,P3502S-10.00-1.75180,2026-08-30
A관(1공장),접착,P3502S-10.00-2.25170,2026-08-30
A관(1공장),접착,P3502S-10.00-2.75010,2026-08-30
A관(1공장),접착,P3502S-10.50-1.75160,2026-08-30
A관(1공장),접착,P3502S-10.50-2.25180,2026-08-30
A관(1공장),접착,P3502S-11.00-0.75060,2026-08-30
A관(1공장),접착,P3502S-11.00-1.25170,2026-08-30
A관(1공장),접착,P3502S-11.00-2.75010,2026-08-30
A관(1공장),접착,P3502S-12.00-1.25180,2026-08-30
A관(1공장),접착,P3502S-12.00-2.75020,2026-08-30
A관(1공장),접착,P4001S-02.25HAZ2,2026-07-10
A관(1공장),접착,P4060M-00.00VIG3,2026-07-20
A관(1공장),접착,P4065M-00.00CIG3,2026-07-20
A관(1공장),접착,P4070M-00.00GRA2,2026-07-20
A관(1공장),접착,P4070M-02.50BRW2,2026-07-20
A관(1공장),접착,P4070M-03.00BRW2,2026-07-20
A관(1공장),접착,P4070M-03.50GRA2,2026-07-20
A관(1공장),접착,P4070M-04.25BRW2,2026-07-20
A관(1공장),접착,P4070M-04.50BRW2,2026-07-20
A관(1공장),접착,P4070M-04.50GRA2,2026-07-20
A관(1공장),접착,P4070M-05.00BRW2,2026-07-20
A관(1공장),접착,P4070M-05.25BRW2,2026-07-20
A관(1공장),접착,P4070M-05.50BRW2,2026-07-20
A관(1공장),접착,P4070M-05.75BRW2,2026-07-20
A관(1공장),접착,P4070M-06.00BRW2,2026-07-20
A관(1공장),접착,P4070M-06.00GRA2,2026-07-20
A관(1공장),접착,P4070M-06.50BRW2,2026-07-20
A관(1공장),접착,P4070M-07.50BRW2,2026-07-20
A관(1공장),접착,P4070M-08.00GRA2,2026-07-20
A관(1공장),접착,P4070M-08.50BRW2,2026-07-20
A관(1공장),접착,P4070M-10.00BRW2,2026-07-20
A관(1공장),접착,P4074R-00.00BLK1,2026-07-31
A관(1공장),접착,P4074R-01.50BLK1,2026-07-31
A관(1공장),접착,P4074R-03.00BLK1,2026-07-31
A관(1공장),접착,P4074R-03.50BLK1,2026-07-31
A관(1공장),접착,P4074R-04.50BLK1,2026-07-31
A관(1공장),접착,P4074R-05.50BLK1,2026-07-31
A관(1공장),접착,P4074R-06.00BLK1,2026-07-31
A관(1공장),접착,P4149R-00.00GRN3,2026-07-08
A관(1공장),접착,P4149R-01.50BLK1,2026-08-02
A관(1공장),접착,P4149R-02.50BLK1,2026-08-02
A관(1공장),접착,P4149R-04.00BLK1,2026-08-02
A관(1공장),접착,P4185R-05.00GRA2,2026-07-29
A관(1공장),접착,P4201V-00.50BRW3,2026-07-20
A관(1공장),접착,P4201V-01.50BRW3,2026-07-20
A관(1공장),접착,P4201V-01.75BRW3,2026-07-20
A관(1공장),접착,P4201V-02.75BRW3,2026-07-20
A관(1공장),접착,P4201V-03.25BRW3,2026-07-20
A관(1공장),접착,P4201V-03.50GRA3,2026-07-20
A관(1공장),접착,P4201V-03.50HON3,2026-07-20
A관(1공장),접착,P4201V-03.75HON3,2026-07-20
A관(1공장),접착,P4201V-04.00BRW3,2026-07-20
A관(1공장),접착,P4201V-04.00HON3,2026-07-20
A관(1공장),접착,P4201V-04.50BRW3,2026-07-20
A관(1공장),접착,P4201V-05.00BRW3,2026-07-20
A관(1공장),접착,P4201V-05.25BRW3,2026-07-20
A관(1공장),접착,P4201V-06.00BRW3,2026-07-20
A관(1공장),접착,P4201V-06.50BRW3,2026-07-20
A관(1공장),접착,P4201V-07.50GRA3,2026-07-20
A관(1공장),접착,P4201V-08.00BRW3,2026-07-20
A관(1공장),접착,P4201V-10.00BRW3,2026-07-20
A관(1공장),접착,P4202R-01.25TUR3,2026-07-08
A관(1공장),접착,P4202R-01.75GRN3,2026-07-08
A관(1공장),접착,P4202R-02.00BRW3,2026-07-08
A관(1공장),접착,P4202R-03.00TRU3,2026-07-08
A관(1공장),접착,P4202R-03.25GRN3,2026-07-08
A관(1공장),접착,P4202R-03.50GRN3,2026-07-08
A관(1공장),접착,P4202R-03.75BRW3,2026-07-08
A관(1공장),접착,P4202R-03.75GRN3,2026-07-08
A관(1공장),접착,P4202R-08.00TRU3,2026-07-08
A관(1공장),접착,P4202R-09.00TRU3,2026-07-08
A관(1공장),접착,P4215M+00.25GRN3,2026-07-22
A관(1공장),접착,P4215M+00.50BRW3,2026-07-22
A관(1공장),접착,P4215M+00.50GRA3,2026-07-22
A관(1공장),접착,P4215M+00.50HAZ3,2026-07-22
A관(1공장),접착,P4215M+00.50TRU3,2026-07-22
A관(1공장),접착,P4215M+00.75BRW3,2026-07-22
A관(1공장),접착,P4215M+00.75HAZ3,2026-07-22
A관(1공장),접착,P4215M+00.75TUR3,2026-07-22
A관(1공장),접착,P4215M+01.00HON3,2026-07-22
A관(1공장),접착,P4215M+01.00TUR3,2026-07-22
A관(1공장),접착,P4215M+01.25GRA3,2026-07-22
A관(1공장),접착,P4215M+01.25HAZ3,2026-07-22
A관(1공장),접착,P4215M+01.50BRW3,2026-07-22
A관(1공장),접착,P4215M+01.50HAZ3,2026-07-22
A관(1공장),접착,P4215M+01.50TUR3,2026-07-22
A관(1공장),접착,P4215M+01.75GRA3,2026-07-22
A관(1공장),접착,P4215M+01.75GRN3,2026-07-22
A관(1공장),접착,P4215M+01.75TUR3,2026-07-22
A관(1공장),접착,P4215M+02.25GRN3,2026-07-22
A관(1공장),접착,P4215M+02.75HAZ3,2026-07-22
A관(1공장),접착,P4215M+03.00BRW3,2026-07-22
A관(1공장),접착,P4215M+03.00GRN3,2026-07-22
A관(1공장),접착,P4215M+03.00HON3,2026-07-22
A관(1공장),접착,P4215M+03.25BRW3,2026-07-22
A관(1공장),접착,P4215M+03.25GRA3,2026-07-22
A관(1공장),접착,P4215M+03.25GRN3,2026-07-22
A관(1공장),접착,P4215M+03.25HAZ3,2026-07-22
A관(1공장),접착,P4215M+03.50GRN3,2026-07-22
A관(1공장),접착,P4215M+03.75BRW3,2026-07-22
A관(1공장),접착,P4215M+03.75GRN3,2026-07-22
A관(1공장),접착,P4215M+03.75HAZ3,2026-07-22
A관(1공장),접착,P4215M+03.75TUR3,2026-07-22
A관(1공장),접착,P4215M+04.00BRW3,2026-07-22
A관(1공장),접착,P4215M-00.25GRN3,2026-07-22
A관(1공장),접착,P4215M-00.25HON3,2026-07-22
A관(1공장),접착,P4215M-00.50GRN3,2026-07-22
A관(1공장),접착,P4215M-00.50HAZ3,2026-07-22
A관(1공장),접착,P4215M-00.50HON3,2026-07-22
A관(1공장),접착,P4215M-00.75GRA3,2026-07-22
A관(1공장),접착,P4215M-00.75HAZ3,2026-07-22
A관(1공장),접착,P4215M-00.75HON3,2026-07-22
A관(1공장),접착,P4215M-00.75TRU3,2026-07-22
A관(1공장),접착,P4215M-01.00BRW3,2026-07-22
A관(1공장),접착,P4215M-01.00GRA3,2026-07-22
A관(1공장),접착,P4215M-01.00GRN3,2026-07-22
A관(1공장),접착,P4215M-01.00HAZ3,2026-07-22
A관(1공장),접착,P4215M-01.00TRU3,2026-07-22
A관(1공장),접착,P4215M-01.25HAZ3,2026-07-22
A관(1공장),접착,P4215M-01.50GRN3,2026-07-22
A관(1공장),접착,P4215M-01.75GRA3,2026-07-22
A관(1공장),접착,P4215M-01.75GRN3,2026-07-22
A관(1공장),접착,P4215M-01.75HAZ3,2026-07-22
A관(1공장),접착,P4215M-02.00GRN3,2026-07-22
A관(1공장),접착,P4215M-02.00HAZ3,2026-07-22
A관(1공장),접착,P4215M-02.25BRW3,2026-07-22
A관(1공장),접착,P4215M-02.25GRA3,2026-07-22
A관(1공장),접착,P4215M-02.25GRN3,2026-07-22
A관(1공장),접착,P4215M-02.50BRW3,2026-07-22
A관(1공장),접착,P4215M-02.50GRA3,2026-07-22
A관(1공장),접착,P4215M-02.50HAZ3,2026-07-22
A관(1공장),접착,P4215M-02.50HON3,2026-07-22
A관(1공장),접착,P4215M-02.75BRW3,2026-07-22
A관(1공장),접착,P4215M-02.75GRA3,2026-07-22
A관(1공장),접착,P4215M-02.75GRN3,2026-07-22
A관(1공장),접착,P4215M-02.75HAZ3,2026-07-22
A관(1공장),접착,P4215M-02.75HON3,2026-07-22
A관(1공장),접착,P4215M-03.00BRW3,2026-07-22
A관(1공장),접착,P4215M-03.00HAZ3,2026-07-22
A관(1공장),접착,P4215M-03.25BRW3,2026-07-22
A관(1공장),접착,P4215M-03.25GRA3,2026-07-22
A관(1공장),접착,P4215M-03.25GRN3,2026-07-22
A관(1공장),접착,P4215M-03.25HAZ3,2026-07-22
A관(1공장),접착,P4215M-03.50BRW3,2026-07-22
A관(1공장),접착,P4215M-03.50GRA3,2026-07-22
A관(1공장),접착,P4215M-03.50HAZ3,2026-07-22
A관(1공장),접착,P4215M-03.75GRA3,2026-07-22
A관(1공장),접착,P4215M-03.75GRN3,2026-07-22
A관(1공장),접착,P4215M-04.00BRW3,2026-07-22
A관(1공장),접착,P4215M-04.00GRA3,2026-07-22
A관(1공장),접착,P4215M-04.00GRN3,2026-07-22
A관(1공장),접착,P4215M-04.00HAZ3,2026-07-22
A관(1공장),접착,P4215M-04.00HON3,2026-07-22
A관(1공장),접착,P4215M-04.25GRA3,2026-07-22
A관(1공장),접착,P4215M-04.25GRN3,2026-07-22
A관(1공장),접착,P4215M-04.25HAZ3,2026-07-22
A관(1공장),접착,P4215M-04.50BRW3,2026-07-22
A관(1공장),접착,P4215M-04.50GRA3,2026-07-22
A관(1공장),접착,P4215M-04.50HAZ3,2026-07-22
A관(1공장),접착,P4215M-04.50HON3,2026-07-22
A관(1공장),접착,P4215M-04.75GRN3,2026-07-22
A관(1공장),접착,P4215M-04.75HAZ3,2026-07-22
A관(1공장),접착,P4215M-04.75HON3,2026-07-22
A관(1공장),접착,P4215M-05.00GRA3,2026-07-22
A관(1공장),접착,P4215M-05.00HAZ3,2026-07-22
A관(1공장),접착,P4215M-05.00HON3,2026-07-22
A관(1공장),접착,P4215M-05.25HAZ3,2026-07-22
A관(1공장),접착,P4215M-05.50BRW3,2026-07-22
A관(1공장),접착,P4215M-05.50GRA3,2026-07-22
A관(1공장),접착,P4215M-05.50HAZ3,2026-07-22
A관(1공장),접착,P4215M-05.75HAZ3,2026-07-22
A관(1공장),접착,P4215M-06.00BRW3,2026-07-22
A관(1공장),접착,P4215M-06.00GRA3,2026-07-22
A관(1공장),접착,P4215M-07.00BRW3,2026-07-22
A관(1공장),접착,P4215M-07.00GRN3,2026-07-22
A관(1공장),접착,P4215M-08.00BRW3,2026-07-22
A관(1공장),접착,P4215M-08.00GRN3,2026-07-22
A관(1공장),접착,P4215M-08.00HAZ3,2026-07-22
A관(1공장),접착,P4216S-00.00BRW2,2026-07-20
A관(1공장),접착,P4216S-00.00HON2,2026-07-20
A관(1공장),접착,P4216S-01.50BRW2,2026-07-20
A관(1공장),접착,P4216S-01.75BRW2,2026-07-20
A관(1공장),접착,P4216S-02.00BRW2,2026-07-20
A관(1공장),접착,P4216S-02.50BRW2,2026-07-20
A관(1공장),접착,P4216S-02.50GRA1,2026-07-20
A관(1공장),접착,P4216S-02.50HON2,2026-07-20
A관(1공장),접착,P4216S-02.75BRW2,2026-07-20
A관(1공장),접착,P4216S-03.50BRW2,2026-07-20
A관(1공장),접착,P4216S-03.75BRW2,2026-07-20
A관(1공장),접착,P4216S-04.00BRW2,2026-07-20
A관(1공장),접착,P4216S-04.75BRW2,2026-07-20
A관(1공장),접착,P4216S-05.00GRA1,2026-07-20
A관(1공장),접착,P4216S-05.50BRW2,2026-07-20
A관(1공장),접착,P4216S-05.50GRA1,2026-07-20
A관(1공장),접착,P4216S-06.00BRW2,2026-07-20
A관(1공장),접착,P4216S-06.00GRA1,2026-07-20
A관(1공장),접착,P4216S-06.50BRW2,2026-07-20
A관(1공장),접착,P4216S-07.50BRW2,2026-07-20
A관(1공장),접착,P4216S-07.50GRA1,2026-07-20
A관(1공장),접착,P4216S-08.00BRW2,2026-07-20
A관(1공장),접착,P4216S-08.00GRA1,2026-07-20
A관(1공장),접착,P4216S-08.50BRW2,2026-07-20
A관(1공장),접착,P4216S-09.00BRW2,2026-07-20
A관(1공장),접착,P4216S-09.50BRW2,2026-07-20
A관(1공장),접착,P4216S-10.00BRW2,2026-07-20
A관(1공장),접착,P4218R-00.00BRW3,2026-07-08
A관(1공장),접착,P4218R-00.00GRA2,2026-07-08
A관(1공장),접착,P4218R-00.00GRN2,2026-07-08
A관(1공장),접착,P4218R-00.00HAZ2,2026-07-08
A관(1공장),접착,P4218R-00.00HAZ3,2026-07-08
A관(1공장),접착,P4218R-00.00PUR2,2026-07-08
A관(1공장),접착,P4218R-00.00PUR3,2026-07-31
A관(1공장),접착,P4218R-01.00BRW3,2026-08-02
A관(1공장),접착,P4218R-01.25PUR3,2026-07-31
A관(1공장),접착,P4218R-01.50PUR3,2026-07-31
A관(1공장),접착,P4218R-01.75PUR3,2026-07-31
A관(1공장),접착,P4218R-02.00PUR3,2026-07-31
A관(1공장),접착,P4218R-02.25PUR3,2026-07-31
A관(1공장),접착,P4218R-02.50PUR3,2026-07-31
A관(1공장),접착,P4218R-02.75PUR3,2026-07-31
A관(1공장),접착,P4218R-03.00PUR3,2026-07-31
A관(1공장),접착,P4218R-03.25PUR3,2026-07-31
A관(1공장),접착,P4218R-03.50PUR3,2026-07-31
A관(1공장),접착,P4218R-03.75PUR3,2026-07-31
A관(1공장),접착,P4218R-04.00PUR3,2026-07-31
A관(1공장),접착,P4218R-04.25PUR3,2026-07-31
A관(1공장),접착,P4218R-04.50PUR3,2026-07-31
A관(1공장),접착,P4218R-04.75PUR3,2026-07-31
A관(1공장),접착,P4218R-05.25PUR3,2026-07-31
A관(1공장),접착,P4218R-05.50PUR3,2026-07-31
A관(1공장),접착,P4218R-05.75PUR3,2026-07-05
A관(1공장),접착,P4218R-06.00GRN3,2026-07-31
A관(1공장),접착,P4218R-06.00PUR3,2026-07-05
A관(1공장),접착,P4252R-00.00HON3,2026-07-08
A관(1공장),접착,P4331M+02.50GRN3,2026-07-25
A관(1공장),접착,P4331M+02.75SKY3,2026-07-25
A관(1공장),접착,P4331M+03.25SKY3,2026-07-25
A관(1공장),접착,P4331M+05.00SKY3,2026-07-25
A관(1공장),접착,P4331M-00.00BLK1,2026-07-25
A관(1공장),접착,P4331M-00.00GIA1,2026-07-25
A관(1공장),접착,P4331M-00.00GRN3,2026-07-25
A관(1공장),접착,P4331M-01.50GRA3,2026-07-25
A관(1공장),접착,P4331M-01.75GRN3,2026-07-25
A관(1공장),접착,P4331M-02.25GRN3,2026-07-25
A관(1공장),접착,P4331M-02.50GRN3,2026-07-25
A관(1공장),접착,P4331M-02.75GRN3,2026-07-25
A관(1공장),접착,P4331M-03.00GIA1,2026-07-25
A관(1공장),접착,P4331M-03.00GRN3,2026-07-25
A관(1공장),접착,P4331M-03.50BLK1,2026-07-25
A관(1공장),접착,P4331M-03.50GRN3,2026-07-25
A관(1공장),접착,P4331M-04.00GRA3,2026-07-25
A관(1공장),접착,P4331M-05.50GRN3,2026-07-25
A관(1공장),접착,P4331M-06.00GRN3,2026-07-25
A관(1공장),접착,P4333M-00.00LGR3,2026-07-25
A관(1공장),접착,P4333M-01.00HON3,2026-07-25
A관(1공장),접착,P4333M-02.00LGR3,2026-07-25
A관(1공장),접착,P4333M-02.00MGG3,2026-07-25
A관(1공장),접착,P4333M-04.00HON3,2026-07-25
A관(1공장),접착,P4340M-00.00ABL2,2026-07-31
A관(1공장),접착,P4340M-00.00AMG2,2026-07-31
A관(1공장),접착,P4340M-01.00BSD2,2026-07-31
A관(1공장),접착,P4340M-01.50ABL2,2026-07-31
A관(1공장),접착,P4340M-01.50AMG2,2026-07-31
A관(1공장),접착,P4340M-01.75ABL2,2026-07-31
A관(1공장),접착,P4340M-01.75AMG2,2026-07-31
A관(1공장),접착,P4340M-01.75BSD2,2026-07-31
A관(1공장),접착,P4340M-02.25ABL2,2026-07-31
A관(1공장),접착,P4340M-02.50ABL2,2026-07-31
A관(1공장),접착,P4340M-02.50AMG2,2026-07-31
A관(1공장),접착,P4340M-02.75ABL2,2026-07-31
A관(1공장),접착,P4340M-02.75AMG2,2026-07-31
A관(1공장),접착,P4340M-02.75BSD2,2026-07-31
A관(1공장),접착,P4340M-03.00ABL2,2026-07-31
A관(1공장),접착,P4340M-03.00AMG2,2026-07-31
A관(1공장),접착,P4340M-03.00BSD2,2026-07-31
A관(1공장),접착,P4340M-03.25BSD2,2026-07-31
A관(1공장),접착,P4340M-03.50ABL2,2026-07-31
A관(1공장),접착,P4340M-03.50AMG2,2026-07-31
A관(1공장),접착,P4340M-03.50BSD2,2026-07-31
A관(1공장),접착,P4340M-04.00ABL2,2026-07-31
A관(1공장),접착,P4340M-04.00BSD2,2026-07-31
A관(1공장),접착,P4340M-04.50ABL2,2026-07-31
A관(1공장),접착,P4340M-04.50AMG2,2026-07-31
A관(1공장),접착,P4340M-04.50BSD2,2026-07-31
A관(1공장),접착,P4340M-04.75BSD2,2026-07-31
A관(1공장),접착,P4340M-05.25BSD2,2026-07-31
A관(1공장),접착,P4340M-05.50AMG2,2026-07-31
A관(1공장),접착,P4340M-05.75ABL2,2026-07-31
A관(1공장),접착,P4340M-05.75BSD2,2026-07-31
A관(1공장),접착,P4340M-06.00BSD2,2026-07-31
A관(1공장),접착,P4370M-00.00AGR3,2026-07-31
A관(1공장),접착,P4370M-00.00GOV2,2026-08-02
A관(1공장),접착,P4370M-00.00SAB2,2026-07-31
A관(1공장),접착,P4370M-00.00SAG2,2026-07-31
A관(1공장),접착,P4370M-00.00WIH2,2026-07-31
A관(1공장),접착,P4370M-00.50WIH2,2026-07-31
A관(1공장),접착,P4370M-01.50SAB2,2026-07-31
A관(1공장),접착,P4370M-01.50SAG2,2026-07-31
A관(1공장),접착,P4370M-01.75AGR3,2026-07-31
A관(1공장),접착,P4370M-01.75SAB2,2026-07-31
A관(1공장),접착,P4370M-01.75WIH2,2026-07-31
A관(1공장),접착,P4370M-02.25SAB2,2026-07-31
A관(1공장),접착,P4370M-02.25SAG2,2026-07-31
A관(1공장),접착,P4370M-02.25WIH2,2026-07-31
A관(1공장),접착,P4370M-02.50AGR3,2026-07-31
A관(1공장),접착,P4370M-02.50SAB2,2026-07-31
A관(1공장),접착,P4370M-02.50SAG2,2026-07-31
A관(1공장),접착,P4370M-02.75AGR3,2026-07-31
A관(1공장),접착,P4370M-02.75SAB2,2026-07-31
A관(1공장),접착,P4370M-02.75SAG2,2026-07-31
A관(1공장),접착,P4370M-03.00AGR3,2026-07-31
A관(1공장),접착,P4370M-03.00SAB2,2026-07-31
A관(1공장),접착,P4370M-03.00SAG2,2026-07-31
A관(1공장),접착,P4370M-03.00WIH2,2026-07-31
A관(1공장),접착,P4370M-03.25SAB2,2026-07-31
A관(1공장),접착,P4370M-03.25SAG2,2026-07-31
A관(1공장),접착,P4370M-03.50AGR3,2026-07-31
A관(1공장),접착,P4370M-03.50SAB2,2026-07-31
A관(1공장),접착,P4370M-03.50SAG2,2026-07-31
A관(1공장),접착,P4370M-03.50WIH2,2026-07-31
A관(1공장),접착,P4370M-04.00AGR3,2026-07-31
A관(1공장),접착,P4370M-04.00SAB2,2026-07-31
A관(1공장),접착,P4370M-04.00SAG2,2026-07-31
A관(1공장),접착,P4370M-04.00WIH2,2026-07-31
A관(1공장),접착,P4370M-04.50AGR3,2026-07-31
A관(1공장),접착,P4370M-04.50SAB2,2026-07-31
A관(1공장),접착,P4370M-04.50SAG2,2026-07-31
A관(1공장),접착,P4370M-05.25AGR3,2026-07-31
A관(1공장),접착,P4370M-05.75AGR3,2026-07-31
A관(1공장),접착,P4370M-06.00AGR3,2026-07-31
A관(1공장),접착,P4370M-06.00SAB2,2026-07-31
A관(1공장),접착,P4405R-00.00CRM1,2026-07-05
A관(1공장),접착,P4405R-00.00WHZ2,2026-07-05
A관(1공장),접착,P4405R-08.50IVY1,2026-07-05
A관(1공장),접착,P4430M-00.00ABB1,2026-08-07
A관(1공장),접착,P4430M-00.00ABC1,2026-08-07
A관(1공장),접착,P4531R-00.00BRW2,2026-07-31
A관(1공장),접착,P4531R-00.50BRW2,2026-07-31
A관(1공장),접착,P4531R-01.00BRW2,2026-07-31
A관(1공장),접착,P4531R-01.25BRW2,2026-07-31
A관(1공장),접착,P4531R-01.75BRW2,2026-07-31
A관(1공장),접착,P4531R-02.00BRW2,2026-07-31
A관(1공장),접착,P4531R-02.25BRW2,2026-07-31
A관(1공장),접착,P4531R-02.75BRW2,2026-07-31
A관(1공장),접착,P4531R-03.00BRW2,2026-07-31
A관(1공장),접착,P4531R-03.25BRW2,2026-07-31
A관(1공장),접착,P4531R-03.50BRW2,2026-07-31
A관(1공장),접착,P4531R-04.00BRW2,2026-07-31
A관(1공장),접착,P4531R-04.25BRW2,2026-07-31
A관(1공장),접착,P4531R-04.50BRW2,2026-07-31
A관(1공장),접착,P4531R-04.75BRW2,2026-07-31
A관(1공장),접착,P4531R-05.00BRW2,2026-07-31
A관(1공장),접착,P4531R-05.50BRW2,2026-07-31
A관(1공장),접착,P4531R-06.00BRW2,2026-07-31
A관(1공장),접착,P4765R-00.00AMD3,2026-07-31
A관(1공장),접착,P4765R-00.00CED3,2026-07-31
A관(1공장),접착,P4765R-00.00MON2,2026-07-31
A관(1공장),접착,P4765R-00.50AMD3,2026-07-31
A관(1공장),접착,P4765R-00.50MON2,2026-07-31
A관(1공장),접착,P4765R-01.50MON2,2026-07-31
A관(1공장),접착,P4765R-01.75CED3,2026-07-31
A관(1공장),접착,P4765R-02.25AMD3,2026-07-31
A관(1공장),접착,P4765R-02.25MON2,2026-07-31
A관(1공장),접착,P4765R-02.50AMD3,2026-07-31
A관(1공장),접착,P4765R-02.50CED3,2026-07-31
A관(1공장),접착,P4765R-02.50MON2,2026-07-31
A관(1공장),접착,P4765R-02.75AMD3,2026-07-31
A관(1공장),접착,P4765R-02.75CED3,2026-07-31
A관(1공장),접착,P4765R-02.75MON2,2026-07-31
A관(1공장),접착,P4765R-03.00AMD3,2026-07-31
A관(1공장),접착,P4765R-03.00CED3,2026-07-31
A관(1공장),접착,P4765R-03.00MON2,2026-07-31
A관(1공장),접착,P4765R-03.25AMD3,2026-07-31
A관(1공장),접착,P4765R-03.25CED3,2026-07-31
A관(1공장),접착,P4765R-03.25MON2,2026-07-31
A관(1공장),접착,P4765R-03.50AMD3,2026-07-31
A관(1공장),접착,P4765R-03.50CED3,2026-07-31
A관(1공장),접착,P4765R-03.50MON2,2026-07-31
A관(1공장),접착,P4765R-04.00AMD3,2026-07-31
A관(1공장),접착,P4765R-04.00CED3,2026-07-31
A관(1공장),접착,P4765R-04.00MON2,2026-07-31
A관(1공장),접착,P4765R-04.25AMD3,2026-07-31
A관(1공장),접착,P4765R-04.25CED3,2026-07-31
A관(1공장),접착,P4765R-04.25MON2,2026-07-31
A관(1공장),접착,P4765R-04.50AMD3,2026-07-31
A관(1공장),접착,P4765R-04.50CED3,2026-07-31
A관(1공장),접착,P4765R-04.50MON2,2026-07-31
A관(1공장),접착,P4765R-04.75AMD3,2026-07-31
A관(1공장),접착,P4765R-05.25CED3,2026-07-31
A관(1공장),접착,P4765R-05.50AMD3,2026-07-31
A관(1공장),접착,P4765R-05.50CED3,2026-07-31
A관(1공장),접착,P4765R-05.50MON2,2026-07-31
A관(1공장),접착,P4765R-05.75CED3,2026-07-31
A관(1공장),접착,P4765R-06.00AMD3,2026-07-31
A관(1공장),접착,P4765R-06.00CED3,2026-07-31
A관(1공장),접착,P4765R-06.00MON2,2026-07-31
A관(1공장),접착,P5337M-00.00CHC,2026-07-26
A관(1공장),접착,P5337M-00.50CHC,2026-07-10
A관(1공장),접착,P5337M-01.00CHC,2026-07-26
A관(1공장),접착,P5337M-01.25CHC,2026-07-10
A관(1공장),접착,P5337M-01.50CHC,2026-07-10
A관(1공장),접착,P5337M-01.75CHC,2026-07-10
A관(1공장),접착,P5337M-02.25CHC,2026-07-26
A관(1공장),접착,P5337M-02.50CHC,2026-07-10
A관(1공장),접착,P5337M-03.00CHC,2026-07-10
A관(1공장),접착,P5337M-03.25CHC,2026-07-10
A관(1공장),접착,P5337M-03.50CHC,2026-07-10
A관(1공장),접착,P5337M-04.50CHC,2026-07-10
A관(1공장),접착,P5337M-04.75CHC,2026-07-10
A관(1공장),접착,P5337M-05.00CHC,2026-07-10
A관(1공장),접착,P5337M-05.50CHC,2026-07-10
A관(1공장),접착,P5337M-06.50CHC,2026-07-10
A관(1공장),접착,P5337M-07.50CHC,2026-07-10
A관(1공장),접착,P5358M-00.00BBO,2026-07-31
A관(1공장),접착,P5358M-00.50BBO,2026-07-31
A관(1공장),접착,P5358M-01.00BBO,2026-07-31
A관(1공장),접착,P5358M-01.25BBO,2026-07-31
A관(1공장),접착,P5358M-01.75BBO,2026-07-31
A관(1공장),접착,P5358M-02.00BBO,2026-07-31
A관(1공장),접착,P5358M-02.25BBO,2026-07-31
A관(1공장),접착,P5358M-02.50BBO,2026-07-31
A관(1공장),접착,P5358M-03.00BBO,2026-07-31
A관(1공장),접착,P5358M-03.50BBO,2026-07-31
A관(1공장),접착,P5358M-04.25BBO,2026-07-31
A관(1공장),접착,P5358M-04.75BBO,2026-07-31
A관(1공장),접착,P5358M-05.00BBO,2026-07-31
A관(1공장),접착,P5358M-05.50BBO,2026-07-31
A관(1공장),접착,P5358M-06.00BBO,2026-07-31
A관(1공장),접착,P5360M-00.00FIL,2026-07-26
A관(1공장),접착,P5360M-01.50FIL,2026-07-26
A관(1공장),접착,P5360M-02.00FIL,2026-07-31
A관(1공장),접착,P5360M-02.50FIL,2026-07-31
A관(1공장),접착,P5360M-08.00FIL,2026-07-10
A관(1공장),접착,P5399M-00.00GRA,2026-07-26
A관(1공장),접착,P5399M-00.50GRA,2026-07-10
A관(1공장),접착,P5399M-01.25GRA,2026-07-10
A관(1공장),접착,P5399M-01.75GRA,2026-07-31
A관(1공장),접착,P5399M-02.00GRA,2026-07-31
A관(1공장),접착,P5399M-02.25GRA,2026-07-31
A관(1공장),접착,P5399M-02.50GRA,2026-07-31
A관(1공장),접착,P5399M-02.75GRA,2026-07-31
A관(1공장),접착,P5399M-03.00GRA,2026-07-10
A관(1공장),접착,P5399M-03.25GRA,2026-07-10
A관(1공장),접착,P5399M-03.50GRA,2026-07-31
A관(1공장),접착,P5399M-04.00GRA,2026-07-10
A관(1공장),접착,P5399M-04.25GRA,2026-07-31
A관(1공장),접착,P5399M-04.50GRA,2026-07-31
A관(1공장),접착,P5399M-05.00GRA,2026-07-10
A관(1공장),접착,P5399M-05.50GRA,2026-07-31
A관(1공장),접착,P5399M-06.00GRA,2026-07-26
A관(1공장),접착,P5418S+01.75+2.00,2026-07-08
A관(1공장),접착,P5418S+01.75+2.50,2026-07-17
A관(1공장),접착,P5418S+02.25+1.50,2026-07-17
A관(1공장),접착,P5418S+02.50+2.00,2026-07-17
A관(1공장),접착,P5418S-04.75+1.50,2026-07-09
A관(1공장),접착,P5418S-05.00+2.00,2026-07-17
A관(1공장),하이드레이션,P0575S-00.25-0.75090,2026-07-27
A관(1공장),하이드레이션,P0575S-00.50-0.75180,2026-08-15
A관(1공장),하이드레이션,P0575S-01.50-1.25170,2026-07-23
A관(1공장),하이드레이션,P0575S-01.75-0.75020,2026-07-23
A관(1공장),하이드레이션,P0575S-02.00-0.75080,2026-07-23
A관(1공장),하이드레이션,P0575S-02.00-1.25170,2026-07-23
A관(1공장),하이드레이션,P0575S-02.25-0.75100,2026-07-27
A관(1공장),하이드레이션,P0575S-02.25-1.75170,2026-07-27
A관(1공장),하이드레이션,P0575S-02.50-2.25180,2026-08-03
A관(1공장),하이드레이션,P0575S-02.75-0.75080,2026-07-23
A관(1공장),하이드레이션,P0575S-02.75-0.75090,2026-07-23
A관(1공장),하이드레이션,P0575S-03.00-0.75180,2026-08-15
A관(1공장),하이드레이션,P0575S-03.75-1.75180,2026-08-03
A관(1공장),하이드레이션,P0575S-04.75-1.25180,2026-08-03
A관(1공장),하이드레이션,P0575S-06.00-1.25010,2026-07-27
A관(1공장),하이드레이션,P0575S-06.00-2.25020,2026-07-27
A관(1공장),하이드레이션,P0575S-09.50-2.75180,2026-07-23
A관(1공장),하이드레이션,P0575S-11.00-1.25170,2026-07-27
A관(1공장),하이드레이션,P0584M-00.00MOO3,2026-07-29
A관(1공장),하이드레이션,P0584M-01.00MOO3,2026-07-29
A관(1공장),하이드레이션,P0584M-01.25MOO3,2026-07-29
A관(1공장),하이드레이션,P0584M-01.50MOO3,2026-07-29
A관(1공장),하이드레이션,P0584M-02.00MOO3,2026-07-29
A관(1공장),하이드레이션,P0584M-02.25MOO3,2026-07-29
A관(1공장),하이드레이션,P0584M-02.50MOO3,2026-07-29
A관(1공장),하이드레이션,P0584M-02.75MOO3,2026-07-29
A관(1공장),하이드레이션,P0584M-03.50MOO3,2026-07-29
A관(1공장),하이드레이션,P0584M-03.75MOO3,2026-07-29
A관(1공장),하이드레이션,P0584M-04.00MOO3,2026-07-29
A관(1공장),하이드레이션,P0584M-04.50MOO3,2026-07-29
A관(1공장),하이드레이션,P0584M-05.25MOO3,2026-07-29
A관(1공장),하이드레이션,P0584M-05.50MOO3,2026-07-29
A관(1공장),하이드레이션,P0584M-05.75MOO3,2026-07-29
A관(1공장),하이드레이션,P0585M-00.00STU3,2026-07-29
A관(1공장),하이드레이션,P0585M-01.25STU3,2026-07-29
A관(1공장),하이드레이션,P0585M-01.50STU3,2026-07-29
A관(1공장),하이드레이션,P0585M-01.75STU3,2026-07-29
A관(1공장),하이드레이션,P0585M-02.25STU3,2026-07-29
A관(1공장),하이드레이션,P0585M-02.75STU3,2026-07-29
A관(1공장),하이드레이션,P0585M-03.25STU3,2026-07-29
A관(1공장),하이드레이션,P0585M-04.50STU3,2026-07-29
A관(1공장),하이드레이션,P0585M-05.00STU3,2026-07-29
A관(1공장),하이드레이션,P0585M-05.25STU3,2026-07-29
A관(1공장),하이드레이션,P0585M-05.75STU3,2026-07-29
A관(1공장),하이드레이션,P0585M-06.00STU3,2026-07-29
A관(1공장),하이드레이션,P0614M-00.00PFB2,2026-07-29
A관(1공장),하이드레이션,P0614M-00.50PFB2,2026-07-29
A관(1공장),하이드레이션,P0614M-01.00PFB2,2026-07-29
A관(1공장),하이드레이션,P0614M-01.75PFB2,2026-07-29
A관(1공장),하이드레이션,P0614M-02.00PFB2,2026-07-29
A관(1공장),하이드레이션,P0614M-02.25PFB2,2026-07-29
A관(1공장),하이드레이션,P0614M-02.50PFB2,2026-07-29
A관(1공장),하이드레이션,P0614M-03.00PFB2,2026-07-29
A관(1공장),하이드레이션,P0614M-03.50PFB2,2026-07-29
A관(1공장),하이드레이션,P0614M-04.00PFB2,2026-07-29
A관(1공장),하이드레이션,P0614M-04.50PFB2,2026-07-29
A관(1공장),하이드레이션,P0614M-04.75PFB2,2026-07-29
A관(1공장),하이드레이션,P0614M-05.00PFB2,2026-07-29
A관(1공장),하이드레이션,P0614M-06.00PFB2,2026-07-29
A관(1공장),하이드레이션,P0615M-00.00HAZ2,2026-07-29
A관(1공장),하이드레이션,P0615M-01.00HAZ2,2026-07-29
A관(1공장),하이드레이션,P0615M-01.75HAZ2,2026-07-29
A관(1공장),하이드레이션,P0615M-02.00HAZ2,2026-07-29
A관(1공장),하이드레이션,P0615M-02.25HAZ2,2026-07-29
A관(1공장),하이드레이션,P0615M-02.50HAZ2,2026-07-29
A관(1공장),하이드레이션,P0615M-02.75HAZ2,2026-07-29
A관(1공장),하이드레이션,P0615M-03.00HAZ2,2026-07-29
A관(1공장),하이드레이션,P0615M-03.25HAZ2,2026-07-29
A관(1공장),하이드레이션,P0615M-03.50HAZ2,2026-07-29
A관(1공장),하이드레이션,P0615M-04.00HAZ2,2026-07-29
A관(1공장),하이드레이션,P0615M-04.25HAZ2,2026-07-29
A관(1공장),하이드레이션,P0615M-04.75HAZ2,2026-07-29
A관(1공장),하이드레이션,P0615M-05.00HAZ2,2026-07-29
A관(1공장),하이드레이션,P0615M-05.50HAZ2,2026-07-29
A관(1공장),하이드레이션,P1104V8.50-04.00,2026-07-24
A관(1공장),하이드레이션,P1104V8.50-06.00,2026-07-24
A관(1공장),하이드레이션,P1136V8.60-03.00,2026-07-24
A관(1공장),하이드레이션,P1150S8.70+00.75,2026-07-20
A관(1공장),하이드레이션,P1150S8.70-01.50,2026-07-20
A관(1공장),하이드레이션,P1150S8.70-01.75,2026-07-20
A관(1공장),하이드레이션,P1150S8.70-03.25,2026-07-20
A관(1공장),하이드레이션,P1150S8.70-03.50,2026-07-20
A관(1공장),하이드레이션,P1200V8.60-03.00,2026-07-27
A관(1공장),하이드레이션,P1200V8.60-03.50,2026-07-27
A관(1공장),하이드레이션,P1200V8.60-06.00,2026-07-27
A관(1공장),하이드레이션,P1200V8.60-07.00,2026-07-27
A관(1공장),하이드레이션,P1200V8.60-09.00,2026-07-27
A관(1공장),하이드레이션,P1200V8.60-10.00,2026-07-27
A관(1공장),하이드레이션,P1201S8.60-00.75,2026-08-28
A관(1공장),하이드레이션,P1201S8.60-01.00,2026-08-28
A관(1공장),하이드레이션,P1201S8.60-01.50,2026-07-31
A관(1공장),하이드레이션,P1201S8.60-01.75,2026-08-28
A관(1공장),하이드레이션,P1201S8.60-02.00,2026-08-28
A관(1공장),하이드레이션,P1201S8.60-02.25,2026-08-28
A관(1공장),하이드레이션,P1201S8.60-02.50,2026-08-28
A관(1공장),하이드레이션,P1201S8.60-02.75,2026-08-28
A관(1공장),하이드레이션,P1201S8.60-03.00,2026-08-28
A관(1공장),하이드레이션,P1201S8.60-03.25,2026-08-28
A관(1공장),하이드레이션,P1201S8.60-03.50,2026-08-28
A관(1공장),하이드레이션,P1201S8.60-03.75,2026-08-28
A관(1공장),하이드레이션,P1201S8.60-04.00,2026-08-28
A관(1공장),하이드레이션,P1201S8.60-04.25,2026-08-28
A관(1공장),하이드레이션,P1201S8.60-04.50,2026-08-28
A관(1공장),하이드레이션,P1201S8.60-04.75,2026-08-28
A관(1공장),하이드레이션,P1201S8.60-05.00,2026-08-28
A관(1공장),하이드레이션,P1201S8.60-05.75,2026-08-28
A관(1공장),하이드레이션,P1201S8.60-06.00,2026-08-28
A관(1공장),하이드레이션,P1201S8.60-06.50,2026-08-28
A관(1공장),하이드레이션,P1201S8.60-09.00,2026-08-28
A관(1공장),하이드레이션,P1203R8.60-08.00,2026-08-28
A관(1공장),하이드레이션,P1203R8.60-10.50,2026-08-28
A관(1공장),하이드레이션,P1205V8.60-06.00,2026-07-31
A관(1공장),하이드레이션,P1205V8.60-06.50,2026-07-31
A관(1공장),하이드레이션,P1205V8.60-07.50,2026-07-31
A관(1공장),하이드레이션,P1205V8.60-08.00,2026-07-31
A관(1공장),하이드레이션,P1205V8.60-08.50,2026-07-31
A관(1공장),하이드레이션,P1205V8.60-10.00,2026-07-18
A관(1공장),하이드레이션,P1205V8.60-10.50,2026-07-18
A관(1공장),하이드레이션,P1205V8.60-12.00,2026-07-31
A관(1공장),하이드레이션,P1205V8.60-14.00,2026-07-31
A관(1공장),하이드레이션,P1205V8.60-15.00,2026-07-18
A관(1공장),하이드레이션,P1205V8.60-16.00,2026-07-31
A관(1공장),하이드레이션,P1205V8.60-17.00,2026-07-18
A관(1공장),하이드레이션,P1206S8.60+03.00,2026-08-28
A관(1공장),하이드레이션,P1206S8.60-01.25,2026-08-28
A관(1공장),하이드레이션,P1206S8.60-06.00,2026-08-28
A관(1공장),하이드레이션,P1206S8.60-08.00,2026-08-28
A관(1공장),하이드레이션,P1206S8.60-08.50,2026-08-28
A관(1공장),하이드레이션,P1206S8.60-09.00,2026-08-28
A관(1공장),하이드레이션,P1206S8.60-09.50,2026-08-28
A관(1공장),하이드레이션,P1206S8.60-10.00,2026-08-28
A관(1공장),하이드레이션,P1206S8.60-14.00,2026-08-23
A관(1공장),하이드레이션,P1206S8.60-15.00,2026-08-23
A관(1공장),하이드레이션,P1206S8.60-17.00,2026-08-28
A관(1공장),하이드레이션,P1206S8.60-18.00,2026-08-28
A관(1공장),하이드레이션,P1206S8.80+00.25,2026-08-28
A관(1공장),하이드레이션,P1206S8.80+00.50,2026-08-28
A관(1공장),하이드레이션,P1206S8.80+00.75,2026-08-28
A관(1공장),하이드레이션,P1206S8.80+01.00,2026-08-28
A관(1공장),하이드레이션,P1206S8.80+01.25,2026-08-28
A관(1공장),하이드레이션,P1206S8.80-00.75,2026-08-28
A관(1공장),하이드레이션,P1206S8.80-01.00,2026-07-15
A관(1공장),하이드레이션,P1206S8.80-01.75,2026-08-28
A관(1공장),하이드레이션,P1206S8.80-03.00,2026-08-28
A관(1공장),하이드레이션,P1206S8.80-05.00,2026-08-28
A관(1공장),하이드레이션,P1206S8.80-08.00,2026-08-28
A관(1공장),하이드레이션,P1206S8.80-08.50,2026-08-28
A관(1공장),하이드레이션,P1206S8.80-09.00,2026-08-28
A관(1공장),하이드레이션,P1208R8.60-01.50,2026-08-28
A관(1공장),하이드레이션,P1216S+00.25,2026-08-28
A관(1공장),하이드레이션,P1216S+00.50,2026-08-28
A관(1공장),하이드레이션,P1216S+00.75,2026-08-28
A관(1공장),하이드레이션,P1216S+01.00,2026-08-28
A관(1공장),하이드레이션,P1216S+02.50,2026-08-28
A관(1공장),하이드레이션,P1216S-00.25,2026-08-28
A관(1공장),하이드레이션,P1216S-05.50,2026-08-28
A관(1공장),하이드레이션,P1230S+00.25-0.75180,2026-08-28
A관(1공장),하이드레이션,P1230S+00.25-1.25180,2026-08-28
A관(1공장),하이드레이션,P1230S+00.25-1.75160,2026-08-28
A관(1공장),하이드레이션,P1230S+00.50-0.75010,2026-07-15
A관(1공장),하이드레이션,P1230S+00.75-0.75010,2026-08-28
A관(1공장),하이드레이션,P1230S+00.75-0.75170,2026-08-28
A관(1공장),하이드레이션,P1230S+00.75-1.75180,2026-08-28
A관(1공장),하이드레이션,P1230S+00.75-2.25090,2026-08-28
A관(1공장),하이드레이션,P1230S+00.75-2.25180,2026-08-28
A관(1공장),하이드레이션,P1230S+01.00-0.75080,2026-08-28
A관(1공장),하이드레이션,P1230S+01.00-2.25070,2026-08-06
A관(1공장),하이드레이션,P1230S+01.25-0.75090,2026-08-28
A관(1공장),하이드레이션,P1230S+01.25-1.25180,2026-08-28
A관(1공장),하이드레이션,P1230S+01.50-0.75020,2026-08-06
A관(1공장),하이드레이션,P1230S+01.50-2.25160,2026-08-06
A관(1공장),하이드레이션,P1230S+01.75-1.75040,2026-07-15
A관(1공장),하이드레이션,P1230S+01.75-1.75180,2026-08-28
A관(1공장),하이드레이션,P1230S+02.00-1.25090,2026-08-28
A관(1공장),하이드레이션,P1230S+02.50-1.25090,2026-08-06
A관(1공장),하이드레이션,P1230S+03.00-1.25110,2026-08-06
A관(1공장),하이드레이션,P1230S+03.25-1.25160,2026-08-28
A관(1공장),하이드레이션,P1230S+03.25-1.25180,2026-08-28
A관(1공장),하이드레이션,P1230S+03.75-1.25170,2026-08-28
A관(1공장),하이드레이션,P1230S+03.75-2.25090,2026-08-28
A관(1공장),하이드레이션,P1230S+05.00-1.75180,2026-08-28
A관(1공장),하이드레이션,P1230S-00.00-0.75070,2026-07-15
A관(1공장),하이드레이션,P1230S-00.00-0.75080,2026-07-15
A관(1공장),하이드레이션,P1230S-00.00-0.75090,2026-07-15
A관(1공장),하이드레이션,P1230S-00.00-0.75120,2026-08-28
A관(1공장),하이드레이션,P1230S-00.00-0.75160,2026-08-28
A관(1공장),하이드레이션,P1230S-00.00-0.75170,2026-08-28
A관(1공장),하이드레이션,P1230S-00.00-0.75180,2026-07-15
A관(1공장),하이드레이션,P1230S-00.00-1.25010,2026-08-28
A관(1공장),하이드레이션,P1230S-00.00-1.25170,2026-08-28
A관(1공장),하이드레이션,P1230S-00.00-1.25180,2026-08-28
A관(1공장),하이드레이션,P1230S-00.00-1.75020,2026-08-28
A관(1공장),하이드레이션,P1230S-00.00-1.75080,2026-08-28
A관(1공장),하이드레이션,P1230S-00.00-1.75090,2026-08-28
A관(1공장),하이드레이션,P1230S-00.00-1.75170,2026-08-28
A관(1공장),하이드레이션,P1230S-00.00-1.75180,2026-08-28
A관(1공장),하이드레이션,P1230S-00.00-2.25090,2026-08-28
A관(1공장),하이드레이션,P1230S-00.00-2.25170,2026-08-28
A관(1공장),하이드레이션,P1230S-00.25-0.75110,2026-08-28
A관(1공장),하이드레이션,P1230S-00.25-0.75140,2026-08-28
A관(1공장),하이드레이션,P1230S-00.25-1.25160,2026-08-28
A관(1공장),하이드레이션,P1230S-00.50-0.75090,2026-08-28
A관(1공장),하이드레이션,P1230S-00.50-0.75170,2026-08-28
A관(1공장),하이드레이션,P1230S-00.50-1.25020,2026-08-28
A관(1공장),하이드레이션,P1230S-00.50-1.75180,2026-08-28
A관(1공장),하이드레이션,P1230S-00.50-2.25030,2026-08-28
A관(1공장),하이드레이션,P1230S-00.50-2.25080,2026-08-28
A관(1공장),하이드레이션,P1230S-00.75-0.75170,2026-07-15
A관(1공장),하이드레이션,P1230S-00.75-0.75180,2026-08-28
A관(1공장),하이드레이션,P1230S-00.75-1.25050,2026-07-15
A관(1공장),하이드레이션,P1230S-00.75-1.25160,2026-08-28
A관(1공장),하이드레이션,P1230S-00.75-1.25180,2026-08-28
A관(1공장),하이드레이션,P1230S-00.75-1.75010,2026-07-06
A관(1공장),하이드레이션,P1230S-00.75-2.25010,2026-08-28
A관(1공장),하이드레이션,P1230S-00.75-2.25180,2026-07-15
A관(1공장),하이드레이션,P1230S-01.00-0.75020,2026-08-28
A관(1공장),하이드레이션,P1230S-01.00-0.75150,2026-07-15
A관(1공장),하이드레이션,P1230S-01.00-0.75180,2026-08-28
A관(1공장),하이드레이션,P1230S-01.00-1.75180,2026-08-28
A관(1공장),하이드레이션,P1230S-01.25-0.75020,2026-08-28
A관(1공장),하이드레이션,P1230S-01.25-0.75030,2026-07-15
A관(1공장),하이드레이션,P1230S-01.25-0.75090,2026-08-28
A관(1공장),하이드레이션,P1230S-01.25-0.75170,2026-08-28
A관(1공장),하이드레이션,P1230S-01.25-1.25100,2026-07-15
A관(1공장),하이드레이션,P1230S-01.25-1.75020,2026-08-28
A관(1공장),하이드레이션,P1230S-01.25-1.75180,2026-08-28
A관(1공장),하이드레이션,P1230S-01.25-2.25020,2026-08-28
A관(1공장),하이드레이션,P1230S-01.25-2.25170,2026-08-28
A관(1공장),하이드레이션,P1230S-01.50-0.75010,2026-08-28
A관(1공장),하이드레이션,P1230S-01.50-0.75020,2026-08-28
A관(1공장),하이드레이션,P1230S-01.50-0.75060,2026-08-28
A관(1공장),하이드레이션,P1230S-01.50-0.75090,2026-08-28
A관(1공장),하이드레이션,P1230S-01.50-0.75150,2026-08-28
A관(1공장),하이드레이션,P1230S-01.50-0.75170,2026-08-28
A관(1공장),하이드레이션,P1230S-01.50-1.25090,2026-08-28
A관(1공장),하이드레이션,P1230S-01.75-0.75090,2026-07-15
A관(1공장),하이드레이션,P1230S-01.75-0.75180,2026-08-28
A관(1공장),하이드레이션,P1230S-01.75-2.25020,2026-08-28
A관(1공장),하이드레이션,P1230S-02.00-0.75010,2026-08-28
A관(1공장),하이드레이션,P1230S-02.00-0.75150,2026-08-28
A관(1공장),하이드레이션,P1230S-02.00-0.75180,2026-08-28
A관(1공장),하이드레이션,P1230S-02.00-1.25170,2026-08-28
A관(1공장),하이드레이션,P1230S-02.00-1.75010,2026-08-28
A관(1공장),하이드레이션,P1230S-02.00-1.75180,2026-08-28
A관(1공장),하이드레이션,P1230S-02.00-2.25010,2026-08-28
A관(1공장),하이드레이션,P1230S-02.00-2.25160,2026-08-28
A관(1공장),하이드레이션,P1230S-02.00-2.25180,2026-08-28
A관(1공장),하이드레이션,P1230S-02.25-0.75180,2026-08-28
A관(1공장),하이드레이션,P1230S-02.25-1.25170,2026-08-28
A관(1공장),하이드레이션,P1230S-02.25-1.25180,2026-08-28
A관(1공장),하이드레이션,P1230S-02.25-2.25180,2026-08-28
A관(1공장),하이드레이션,P1230S-02.50-0.75010,2026-08-28
A관(1공장),하이드레이션,P1230S-02.50-0.75080,2026-08-28
A관(1공장),하이드레이션,P1230S-02.50-0.75170,2026-08-28
A관(1공장),하이드레이션,P1230S-02.50-1.25020,2026-08-28
A관(1공장),하이드레이션,P1230S-02.50-1.25160,2026-08-28
A관(1공장),하이드레이션,P1230S-02.50-1.25170,2026-08-28
A관(1공장),하이드레이션,P1230S-02.50-2.25170,2026-08-28
A관(1공장),하이드레이션,P1230S-02.75-0.75010,2026-08-28
A관(1공장),하이드레이션,P1230S-02.75-0.75080,2026-08-28
A관(1공장),하이드레이션,P1230S-02.75-0.75090,2026-07-15
A관(1공장),하이드레이션,P1230S-02.75-0.75180,2026-08-28
A관(1공장),하이드레이션,P1230S-02.75-1.25010,2026-08-28
A관(1공장),하이드레이션,P1230S-02.75-1.25180,2026-08-28
A관(1공장),하이드레이션,P1230S-02.75-1.75170,2026-08-28
A관(1공장),하이드레이션,P1230S-02.75-1.75180,2026-08-28
A관(1공장),하이드레이션,P1230S-03.00-0.75180,2026-08-28
A관(1공장),하이드레이션,P1230S-03.00-1.25020,2026-08-28
A관(1공장),하이드레이션,P1230S-03.00-1.75180,2026-08-28
A관(1공장),하이드레이션,P1230S-03.25-0.75160,2026-08-28
A관(1공장),하이드레이션,P1230S-03.25-1.25010,2026-08-28
A관(1공장),하이드레이션,P1230S-03.25-1.25150,2026-08-28
A관(1공장),하이드레이션,P1230S-03.25-1.25170,2026-08-28
A관(1공장),하이드레이션,P1230S-03.25-1.25180,2026-08-28
A관(1공장),하이드레이션,P1230S-03.25-2.25020,2026-08-28
A관(1공장),하이드레이션,P1230S-03.25-2.25180,2026-08-28
A관(1공장),하이드레이션,P1230S-03.50-0.75160,2026-08-28
A관(1공장),하이드레이션,P1230S-03.50-0.75170,2026-08-28
A관(1공장),하이드레이션,P1230S-03.50-1.25170,2026-07-15
A관(1공장),하이드레이션,P1230S-03.50-1.25180,2026-08-28
A관(1공장),하이드레이션,P1230S-03.50-1.75180,2026-08-28
A관(1공장),하이드레이션,P1230S-03.50-2.25170,2026-08-28
A관(1공장),하이드레이션,P1230S-03.50-2.25180,2026-08-28
A관(1공장),하이드레이션,P1230S-03.75-0.75010,2026-08-28
A관(1공장),하이드레이션,P1230S-03.75-0.75170,2026-08-28
A관(1공장),하이드레이션,P1230S-03.75-1.25180,2026-07-16
A관(1공장),하이드레이션,P1230S-03.75-1.75020,2026-08-28
A관(1공장),하이드레이션,P1230S-03.75-1.75180,2026-08-28
A관(1공장),하이드레이션,P1230S-04.00-0.75090,2026-08-28
A관(1공장),하이드레이션,P1230S-04.00-0.75170,2026-08-28
A관(1공장),하이드레이션,P1230S-04.00-1.25010,2026-08-28
A관(1공장),하이드레이션,P1230S-04.00-1.25160,2026-07-15
A관(1공장),하이드레이션,P1230S-04.00-1.25170,2026-08-28
A관(1공장),하이드레이션,P1230S-04.00-1.25180,2026-08-28
A관(1공장),하이드레이션,P1230S-04.00-1.75160,2026-07-15
A관(1공장),하이드레이션,P1230S-04.00-1.75180,2026-08-28
A관(1공장),하이드레이션,P1230S-04.00-2.25170,2026-08-28
A관(1공장),하이드레이션,P1230S-04.25-0.75150,2026-08-28
A관(1공장),하이드레이션,P1230S-04.25-0.75180,2026-08-28
A관(1공장),하이드레이션,P1230S-04.25-1.25010,2026-08-28
A관(1공장),하이드레이션,P1230S-04.25-1.25020,2026-08-28
A관(1공장),하이드레이션,P1230S-04.25-1.25180,2026-08-28
A관(1공장),하이드레이션,P1230S-04.25-1.75180,2026-08-28
A관(1공장),하이드레이션,P1230S-04.50-0.75180,2026-08-28
A관(1공장),하이드레이션,P1230S-04.50-1.25170,2026-07-15
A관(1공장),하이드레이션,P1230S-04.50-1.75010,2026-08-28
A관(1공장),하이드레이션,P1230S-04.50-2.25020,2026-08-28
A관(1공장),하이드레이션,P1230S-04.50-2.25170,2026-08-28
A관(1공장),하이드레이션,P1230S-04.75-1.25010,2026-08-28
A관(1공장),하이드레이션,P1230S-04.75-1.25180,2026-07-15
A관(1공장),하이드레이션,P1230S-04.75-1.75010,2026-08-28
A관(1공장),하이드레이션,P1230S-04.75-1.75180,2026-08-28
A관(1공장),하이드레이션,P1230S-04.75-2.25170,2026-08-28
A관(1공장),하이드레이션,P1230S-05.00-0.75010,2026-08-28
A관(1공장),하이드레이션,P1230S-05.00-0.75110,2026-08-28
A관(1공장),하이드레이션,P1230S-05.00-1.75010,2026-08-28
A관(1공장),하이드레이션,P1230S-05.00-2.25010,2026-08-28
A관(1공장),하이드레이션,P1230S-05.25-1.75170,2026-08-28
A관(1공장),하이드레이션,P1230S-05.50-0.75010,2026-08-28
A관(1공장),하이드레이션,P1230S-05.50-0.75020,2026-08-28
A관(1공장),하이드레이션,P1230S-05.50-0.75170,2026-08-28
A관(1공장),하이드레이션,P1230S-05.50-1.25010,2026-08-28
A관(1공장),하이드레이션,P1230S-05.50-1.25020,2026-08-28
A관(1공장),하이드레이션,P1230S-05.50-1.25150,2026-08-28
A관(1공장),하이드레이션,P1230S-05.50-1.25180,2026-08-28
A관(1공장),하이드레이션,P1230S-05.50-1.75170,2026-08-28
A관(1공장),하이드레이션,P1230S-05.50-2.25010,2026-08-28
A관(1공장),하이드레이션,P1230S-05.50-2.25180,2026-08-28
A관(1공장),하이드레이션,P1230S-05.75-0.75180,2026-08-28
A관(1공장),하이드레이션,P1230S-05.75-1.75100,2026-08-28
A관(1공장),하이드레이션,P1230S-05.75-2.25180,2026-08-28
A관(1공장),하이드레이션,P1230S-06.00-0.75160,2026-08-28
A관(1공장),하이드레이션,P1230S-06.00-1.25180,2026-08-28
A관(1공장),하이드레이션,P1230S-06.00-1.75170,2026-08-28
A관(1공장),하이드레이션,P1230S-06.00-2.25180,2026-08-28
A관(1공장),하이드레이션,P1230S-06.25-0.75140,2026-08-28
A관(1공장),하이드레이션,P1230S-06.25-0.75180,2026-08-28
A관(1공장),하이드레이션,P1230S-06.50-0.75170,2026-07-15
A관(1공장),하이드레이션,P1230S-06.50-1.75170,2026-08-28
A관(1공장),하이드레이션,P1230S-06.50-2.25170,2026-08-28
A관(1공장),하이드레이션,P1230S-07.50-1.25010,2026-08-28
A관(1공장),하이드레이션,P1230S-07.50-1.75160,2026-08-28
A관(1공장),하이드레이션,P1230S-07.50-2.25010,2026-08-28
A관(1공장),하이드레이션,P1230S-08.00-0.75010,2026-08-28
A관(1공장),하이드레이션,P1230S-08.00-0.75050,2026-07-15
A관(1공장),하이드레이션,P1230S-08.00-0.75090,2026-08-28
A관(1공장),하이드레이션,P1230S-08.50-1.75180,2026-08-28
A관(1공장),하이드레이션,P1230S-09.00-1.75020,2026-08-28
A관(1공장),하이드레이션,P1230S-09.50-1.75150,2026-08-28
A관(1공장),하이드레이션,P1230S-10.00-2.25010,2026-08-28
A관(1공장),하이드레이션,P1245S8.60+02.50,2026-08-28
A관(1공장),하이드레이션,P1245S8.60-02.00,2026-08-28
A관(1공장),하이드레이션,P1245S8.60-02.50,2026-08-28
A관(1공장),하이드레이션,P1245S8.60-04.25,2026-08-28
A관(1공장),하이드레이션,P1245S8.60-04.50,2026-08-28
A관(1공장),하이드레이션,P1245S8.60-05.00,2026-08-28
A관(1공장),하이드레이션,P1245S8.60-06.00,2026-08-28
A관(1공장),하이드레이션,P1245S8.60-06.50,2026-08-28
A관(1공장),하이드레이션,P1245S8.60-14.00,2026-08-28
A관(1공장),하이드레이션,P1246M8.60-03.50,2026-08-28
A관(1공장),하이드레이션,P1301R-01.00,2026-08-28
A관(1공장),하이드레이션,P1301R-01.50,2026-08-28
A관(1공장),하이드레이션,P1301R-02.00,2026-08-28
A관(1공장),하이드레이션,P1301R-02.50,2026-08-28
A관(1공장),하이드레이션,P1301R-03.00,2026-08-28
A관(1공장),하이드레이션,P1301R-03.25,2026-08-28
A관(1공장),하이드레이션,P1301R-03.50,2026-08-28
A관(1공장),하이드레이션,P1301R-04.00,2026-08-28
A관(1공장),하이드레이션,P1301R-04.50,2026-08-28
A관(1공장),하이드레이션,P1301R-04.75,2026-08-28
A관(1공장),하이드레이션,P1301R-05.50,2026-08-28
A관(1공장),하이드레이션,P1301R-06.00,2026-08-28
A관(1공장),하이드레이션,P1301R-06.50,2026-08-28
A관(1공장),하이드레이션,P1301R-07.00,2026-08-28
A관(1공장),하이드레이션,P1301R-07.50,2026-08-28
A관(1공장),하이드레이션,P1301R-11.00,2026-08-28
A관(1공장),하이드레이션,P1301R-12.00,2026-08-28
A관(1공장),하이드레이션,P1400V-01.50-2.25100,2026-07-24
A관(1공장),하이드레이션,P1400V-02.50-2.75100,2026-07-24
A관(1공장),하이드레이션,P1400V-06.00-1.75170,2026-07-24
A관(1공장),하이드레이션,P1400V-08.50-2.75180,2026-07-24
A관(1공장),하이드레이션,P3402M-03.25BRW,2026-07-24
A관(1공장),하이드레이션,P3402M-05.00BRW,2026-07-24
A관(1공장),하이드레이션,P3402M-05.50BRW,2026-07-24
A관(1공장),하이드레이션,P3402M-06.50BRW,2026-07-24
A관(1공장),하이드레이션,P3502S+00.50-1.75180,2026-08-28
A관(1공장),하이드레이션,P3502S+00.75-0.75180,2026-08-28
A관(1공장),하이드레이션,P3502S+02.50-2.25180,2026-08-28
A관(1공장),하이드레이션,P3502S+02.75-0.75180,2026-08-28
A관(1공장),하이드레이션,P3502S-00.00-0.75010,2026-08-28
A관(1공장),하이드레이션,P3502S-00.00-0.75090,2026-08-28
A관(1공장),하이드레이션,P3502S-00.00-1.75070,2026-08-28
A관(1공장),하이드레이션,P3502S-00.00-2.75010,2026-08-28
A관(1공장),하이드레이션,P3502S-00.00-2.75120,2026-08-28
A관(1공장),하이드레이션,P3502S-00.00-2.75150,2026-08-28
A관(1공장),하이드레이션,P3502S-00.25-2.75090,2026-08-28
A관(1공장),하이드레이션,P3502S-00.50-0.75010,2026-08-28
A관(1공장),하이드레이션,P3502S-00.50-0.75060,2026-08-28
A관(1공장),하이드레이션,P3502S-00.75-1.25020,2026-08-28
A관(1공장),하이드레이션,P3502S-00.75-2.25160,2026-08-28
A관(1공장),하이드레이션,P3502S-00.75-2.75170,2026-08-28
A관(1공장),하이드레이션,P3502S-01.00-0.75030,2026-08-28
A관(1공장),하이드레이션,P3502S-01.00-0.75070,2026-08-28
A관(1공장),하이드레이션,P3502S-01.00-0.75100,2026-08-28
A관(1공장),하이드레이션,P3502S-01.00-1.25010,2026-08-28
A관(1공장),하이드레이션,P3502S-01.00-1.75090,2026-08-28
A관(1공장),하이드레이션,P3502S-01.25-1.25150,2026-08-28
A관(1공장),하이드레이션,P3502S-01.25-2.25010,2026-08-28
A관(1공장),하이드레이션,P3502S-01.50-0.75050,2026-08-28
A관(1공장),하이드레이션,P3502S-01.50-0.75070,2026-08-28
A관(1공장),하이드레이션,P3502S-01.50-0.75100,2026-08-28
A관(1공장),하이드레이션,P3502S-01.50-0.75110,2026-08-28
A관(1공장),하이드레이션,P3502S-01.50-0.75160,2026-08-28
A관(1공장),하이드레이션,P3502S-01.50-1.25100,2026-08-28
A관(1공장),하이드레이션,P3502S-01.50-2.75170,2026-08-28
A관(1공장),하이드레이션,P3502S-01.75-0.75060,2026-08-28
A관(1공장),하이드레이션,P3502S-01.75-1.25170,2026-08-28
A관(1공장),하이드레이션,P3502S-01.75-1.75010,2026-08-28
A관(1공장),하이드레이션,P3502S-02.00-0.75060,2026-08-28
A관(1공장),하이드레이션,P3502S-02.00-1.25100,2026-08-28
A관(1공장),하이드레이션,P3502S-02.00-2.25010,2026-08-28
A관(1공장),하이드레이션,P3502S-02.25-1.25030,2026-08-28
A관(1공장),하이드레이션,P3502S-02.25-1.25080,2026-08-28
A관(1공장),하이드레이션,P3502S-02.25-2.75170,2026-08-28
A관(1공장),하이드레이션,P3502S-02.50-0.75040,2026-08-28
A관(1공장),하이드레이션,P3502S-02.50-0.75090,2026-08-28
A관(1공장),하이드레이션,P3502S-02.50-0.75100,2026-08-28
A관(1공장),하이드레이션,P3502S-02.50-1.25160,2026-08-28
A관(1공장),하이드레이션,P3502S-02.50-1.75010,2026-08-28
A관(1공장),하이드레이션,P3502S-02.50-1.75020,2026-08-28
A관(1공장),하이드레이션,P3502S-02.50-1.75160,2026-08-28
A관(1공장),하이드레이션,P3502S-02.50-2.75180,2026-08-28
A관(1공장),하이드레이션,P3502S-02.75-0.75030,2026-08-28
A관(1공장),하이드레이션,P3502S-02.75-0.75070,2026-08-28
A관(1공장),하이드레이션,P3502S-02.75-0.75080,2026-08-28
A관(1공장),하이드레이션,P3502S-02.75-0.75090,2026-08-28
A관(1공장),하이드레이션,P3502S-02.75-0.75150,2026-08-28
A관(1공장),하이드레이션,P3502S-02.75-1.75100,2026-08-28
A관(1공장),하이드레이션,P3502S-02.75-2.25180,2026-08-28
A관(1공장),하이드레이션,P3502S-03.00-0.75060,2026-08-28
A관(1공장),하이드레이션,P3502S-03.50-1.25170,2026-08-28
A관(1공장),하이드레이션,P3502S-03.50-2.25010,2026-08-28
A관(1공장),하이드레이션,P3502S-03.75-0.75040,2026-08-28
A관(1공장),하이드레이션,P3502S-03.75-0.75140,2026-08-28
A관(1공장),하이드레이션,P3502S-03.75-0.75160,2026-08-28
A관(1공장),하이드레이션,P3502S-03.75-1.25010,2026-08-28
A관(1공장),하이드레이션,P3502S-03.75-1.25180,2026-08-28
A관(1공장),하이드레이션,P3502S-03.75-2.75170,2026-08-28
A관(1공장),하이드레이션,P3502S-04.00-0.75040,2026-08-28
A관(1공장),하이드레이션,P3502S-04.00-1.25090,2026-08-28
A관(1공장),하이드레이션,P3502S-04.00-1.25160,2026-08-28
A관(1공장),하이드레이션,P3502S-04.00-1.75010,2026-08-28
A관(1공장),하이드레이션,P3502S-04.00-1.75180,2026-08-28
A관(1공장),하이드레이션,P3502S-04.00-2.75010,2026-08-28
A관(1공장),하이드레이션,P3502S-04.25-1.25010,2026-08-28
A관(1공장),하이드레이션,P3502S-04.25-2.75170,2026-08-28
A관(1공장),하이드레이션,P3502S-04.50-1.75010,2026-08-28
A관(1공장),하이드레이션,P3502S-05.00-1.25060,2026-08-28
A관(1공장),하이드레이션,P3502S-05.00-2.75180,2026-08-28
A관(1공장),하이드레이션,P3502S-05.25-0.75170,2026-08-28
A관(1공장),하이드레이션,P3502S-05.25-1.25010,2026-08-28
A관(1공장),하이드레이션,P3502S-05.50-1.25020,2026-08-28
A관(1공장),하이드레이션,P3502S-05.75-0.75160,2026-08-28
A관(1공장),하이드레이션,P3502S-06.00-0.75020,2026-08-28
A관(1공장),하이드레이션,P3502S-06.00-1.25010,2026-08-28
A관(1공장),하이드레이션,P3502S-06.00-1.25030,2026-08-28
A관(1공장),하이드레이션,P3502S-06.00-1.75050,2026-08-28
A관(1공장),하이드레이션,P3502S-06.00-2.25010,2026-08-28
A관(1공장),하이드레이션,P3502S-06.00-2.75170,2026-08-28
A관(1공장),하이드레이션,P3502S-06.50-1.25170,2026-08-28
A관(1공장),하이드레이션,P3502S-06.50-1.25180,2026-08-28
A관(1공장),하이드레이션,P3502S-06.50-1.75020,2026-08-28
A관(1공장),하이드레이션,P3502S-06.50-2.25160,2026-08-28
A관(1공장),하이드레이션,P3502S-06.50-2.25170,2026-08-28
A관(1공장),하이드레이션,P3502S-07.00-0.75020,2026-08-28
A관(1공장),하이드레이션,P3502S-07.00-0.75180,2026-08-28
A관(1공장),하이드레이션,P3502S-07.00-1.25180,2026-08-28
A관(1공장),하이드레이션,P3502S-07.00-1.75170,2026-08-28
A관(1공장),하이드레이션,P3502S-07.00-2.25160,2026-08-28
A관(1공장),하이드레이션,P3502S-07.00-2.25170,2026-08-28
A관(1공장),하이드레이션,P3502S-07.00-2.75020,2026-08-28
A관(1공장),하이드레이션,P3502S-07.50-0.75010,2026-08-28
A관(1공장),하이드레이션,P3502S-07.50-1.25170,2026-08-28
A관(1공장),하이드레이션,P3502S-07.50-2.25160,2026-08-28
A관(1공장),하이드레이션,P3502S-08.00-0.75100,2026-08-28
A관(1공장),하이드레이션,P3502S-08.00-1.25010,2026-08-28
A관(1공장),하이드레이션,P3502S-08.00-1.75180,2026-08-28
A관(1공장),하이드레이션,P3502S-08.00-2.25160,2026-08-28
A관(1공장),하이드레이션,P3502S-08.00-2.75160,2026-08-28
A관(1공장),하이드레이션,P3502S-08.50-1.25050,2026-08-28
A관(1공장),하이드레이션,P3502S-08.50-1.75180,2026-08-28
A관(1공장),하이드레이션,P3502S-09.00-0.75010,2026-08-28
A관(1공장),하이드레이션,P3502S-09.00-2.75070,2026-08-28
A관(1공장),하이드레이션,P3502S-09.50-0.75170,2026-08-28
A관(1공장),하이드레이션,P3502S-10.00-0.75180,2026-08-28
A관(1공장),하이드레이션,P3502S-10.00-1.75020,2026-08-28
A관(1공장),하이드레이션,P3502S-10.00-1.75150,2026-08-28
A관(1공장),하이드레이션,P3502S-10.00-1.75160,2026-08-28
A관(1공장),하이드레이션,P3502S-10.00-1.75180,2026-08-28
A관(1공장),하이드레이션,P3502S-10.00-2.25170,2026-08-28
A관(1공장),하이드레이션,P3502S-10.00-2.75010,2026-08-28
A관(1공장),하이드레이션,P3502S-10.50-1.75160,2026-08-28
A관(1공장),하이드레이션,P3502S-10.50-2.25180,2026-08-28
A관(1공장),하이드레이션,P3502S-11.00-0.75060,2026-08-28
A관(1공장),하이드레이션,P3502S-11.00-1.25170,2026-08-28
A관(1공장),하이드레이션,P3502S-11.00-2.75010,2026-08-28
A관(1공장),하이드레이션,P3502S-12.00-1.25180,2026-08-28
A관(1공장),하이드레이션,P3502S-12.00-2.75020,2026-08-28
A관(1공장),하이드레이션,P4001S-02.25HAZ2,2026-07-08
A관(1공장),하이드레이션,P4060M-00.00VIG3,2026-07-18
A관(1공장),하이드레이션,P4065M-00.00CIG3,2026-07-18
A관(1공장),하이드레이션,P4070M-00.00GRA2,2026-07-18
A관(1공장),하이드레이션,P4070M-02.50BRW2,2026-07-18
A관(1공장),하이드레이션,P4070M-03.00BRW2,2026-07-18
A관(1공장),하이드레이션,P4070M-03.50GRA2,2026-07-18
A관(1공장),하이드레이션,P4070M-04.25BRW2,2026-07-18
A관(1공장),하이드레이션,P4070M-04.50BRW2,2026-07-18
A관(1공장),하이드레이션,P4070M-04.50GRA2,2026-07-18
A관(1공장),하이드레이션,P4070M-05.00BRW2,2026-07-18
A관(1공장),하이드레이션,P4070M-05.25BRW2,2026-07-18
A관(1공장),하이드레이션,P4070M-05.50BRW2,2026-07-18
A관(1공장),하이드레이션,P4070M-05.75BRW2,2026-07-18
A관(1공장),하이드레이션,P4070M-06.00BRW2,2026-07-18
A관(1공장),하이드레이션,P4070M-06.00GRA2,2026-07-18
A관(1공장),하이드레이션,P4070M-06.50BRW2,2026-07-18
A관(1공장),하이드레이션,P4070M-07.50BRW2,2026-07-18
A관(1공장),하이드레이션,P4070M-08.00GRA2,2026-07-18
A관(1공장),하이드레이션,P4070M-08.50BRW2,2026-07-18
A관(1공장),하이드레이션,P4070M-10.00BRW2,2026-07-18
A관(1공장),하이드레이션,P4074R-00.00BLK1,2026-07-29
A관(1공장),하이드레이션,P4074R-01.50BLK1,2026-07-29
A관(1공장),하이드레이션,P4074R-03.00BLK1,2026-07-29
A관(1공장),하이드레이션,P4074R-03.50BLK1,2026-07-29
A관(1공장),하이드레이션,P4074R-04.50BLK1,2026-07-29
A관(1공장),하이드레이션,P4074R-05.50BLK1,2026-07-29
A관(1공장),하이드레이션,P4074R-06.00BLK1,2026-07-29
A관(1공장),하이드레이션,P4149R-00.00GRN3,2026-07-06
A관(1공장),하이드레이션,P4149R-01.50BLK1,2026-07-31
A관(1공장),하이드레이션,P4149R-02.50BLK1,2026-07-31
A관(1공장),하이드레이션,P4149R-04.00BLK1,2026-07-31
A관(1공장),하이드레이션,P4185R-05.00GRA2,2026-07-27
A관(1공장),하이드레이션,P4201V-00.50BRW3,2026-07-18
A관(1공장),하이드레이션,P4201V-01.50BRW3,2026-07-18
A관(1공장),하이드레이션,P4201V-01.75BRW3,2026-07-18
A관(1공장),하이드레이션,P4201V-02.75BRW3,2026-07-18
A관(1공장),하이드레이션,P4201V-03.25BRW3,2026-07-18
A관(1공장),하이드레이션,P4201V-03.50GRA3,2026-07-18
A관(1공장),하이드레이션,P4201V-03.50HON3,2026-07-18
A관(1공장),하이드레이션,P4201V-03.75HON3,2026-07-18
A관(1공장),하이드레이션,P4201V-04.00BRW3,2026-07-18
A관(1공장),하이드레이션,P4201V-04.00HON3,2026-07-18
A관(1공장),하이드레이션,P4201V-04.50BRW3,2026-07-18
A관(1공장),하이드레이션,P4201V-05.00BRW3,2026-07-18
A관(1공장),하이드레이션,P4201V-05.25BRW3,2026-07-18
A관(1공장),하이드레이션,P4201V-06.00BRW3,2026-07-18
A관(1공장),하이드레이션,P4201V-06.50BRW3,2026-07-18
A관(1공장),하이드레이션,P4201V-07.50GRA3,2026-07-18
A관(1공장),하이드레이션,P4201V-08.00BRW3,2026-07-18
A관(1공장),하이드레이션,P4201V-10.00BRW3,2026-07-18
A관(1공장),하이드레이션,P4202R-01.25TUR3,2026-07-06
A관(1공장),하이드레이션,P4202R-01.75GRN3,2026-07-06
A관(1공장),하이드레이션,P4202R-02.00BRW3,2026-07-06
A관(1공장),하이드레이션,P4202R-03.00TRU3,2026-07-06
A관(1공장),하이드레이션,P4202R-03.25GRN3,2026-07-06
A관(1공장),하이드레이션,P4202R-03.50GRN3,2026-07-06
A관(1공장),하이드레이션,P4202R-03.75BRW3,2026-07-06
A관(1공장),하이드레이션,P4202R-03.75GRN3,2026-07-06
A관(1공장),하이드레이션,P4202R-08.00TRU3,2026-07-06
A관(1공장),하이드레이션,P4202R-09.00TRU3,2026-07-06
A관(1공장),하이드레이션,P4215M+00.75BRW3,2026-07-20
A관(1공장),하이드레이션,P4215M+01.25GRA3,2026-07-20
A관(1공장),하이드레이션,P4215M+01.75GRA3,2026-07-20
A관(1공장),하이드레이션,P4215M+03.00BRW3,2026-07-20
A관(1공장),하이드레이션,P4215M+03.75HAZ3,2026-07-20
A관(1공장),하이드레이션,P4215M+03.75TUR3,2026-07-20
A관(1공장),하이드레이션,P4215M-00.25GRN3,2026-07-20
A관(1공장),하이드레이션,P4215M-01.00GRA3,2026-07-20
A관(1공장),하이드레이션,P4215M-01.75GRN3,2026-07-20
A관(1공장),하이드레이션,P4215M-02.00GRN3,2026-07-20
A관(1공장),하이드레이션,P4215M-02.50GRA3,2026-07-20
A관(1공장),하이드레이션,P4215M-02.50HAZ3,2026-07-20
A관(1공장),하이드레이션,P4215M-02.75GRA3,2026-07-20
A관(1공장),하이드레이션,P4215M-02.75GRN3,2026-07-20
A관(1공장),하이드레이션,P4215M-03.50GRA3,2026-07-20
A관(1공장),하이드레이션,P4215M-04.00GRA3,2026-07-20
A관(1공장),하이드레이션,P4215M-04.00HAZ3,2026-07-20
A관(1공장),하이드레이션,P4215M-04.25GRA3,2026-07-20
A관(1공장),하이드레이션,P4215M-04.50GRA3,2026-07-20
A관(1공장),하이드레이션,P4215M-08.00BRW3,2026-07-20
A관(1공장),하이드레이션,P4216S-00.00BRW2,2026-07-18
A관(1공장),하이드레이션,P4216S-00.00HON2,2026-07-18
A관(1공장),하이드레이션,P4216S-01.50BRW2,2026-07-18
A관(1공장),하이드레이션,P4216S-01.75BRW2,2026-07-18
A관(1공장),하이드레이션,P4216S-02.00BRW2,2026-07-18
A관(1공장),하이드레이션,P4216S-02.50BRW2,2026-07-18
A관(1공장),하이드레이션,P4216S-02.50GRA1,2026-07-18
A관(1공장),하이드레이션,P4216S-02.75BRW2,2026-07-18
A관(1공장),하이드레이션,P4216S-03.50BRW2,2026-07-18
A관(1공장),하이드레이션,P4216S-03.75BRW2,2026-07-18
A관(1공장),하이드레이션,P4216S-04.00BRW2,2026-07-18
A관(1공장),하이드레이션,P4216S-04.75BRW2,2026-07-18
A관(1공장),하이드레이션,P4216S-05.00GRA1,2026-07-18
A관(1공장),하이드레이션,P4216S-05.50BRW2,2026-07-18
A관(1공장),하이드레이션,P4216S-05.50GRA1,2026-07-18
A관(1공장),하이드레이션,P4216S-06.00BRW2,2026-07-18
A관(1공장),하이드레이션,P4216S-06.00GRA1,2026-07-18
A관(1공장),하이드레이션,P4216S-06.50BRW2,2026-07-18
A관(1공장),하이드레이션,P4216S-07.50BRW2,2026-07-18
A관(1공장),하이드레이션,P4216S-07.50GRA1,2026-07-18
A관(1공장),하이드레이션,P4216S-08.00BRW2,2026-07-18
A관(1공장),하이드레이션,P4216S-08.00GRA1,2026-07-18
A관(1공장),하이드레이션,P4216S-08.50BRW2,2026-07-18
A관(1공장),하이드레이션,P4216S-09.00BRW2,2026-07-18
A관(1공장),하이드레이션,P4216S-09.50BRW2,2026-07-18
A관(1공장),하이드레이션,P4216S-10.00BRW2,2026-07-18
A관(1공장),하이드레이션,P4218R-00.00BRW3,2026-07-06
A관(1공장),하이드레이션,P4218R-00.00GRA2,2026-07-06
A관(1공장),하이드레이션,P4218R-00.00GRN2,2026-07-06
A관(1공장),하이드레이션,P4218R-00.00HAZ2,2026-07-06
A관(1공장),하이드레이션,P4218R-00.00HAZ3,2026-07-06
A관(1공장),하이드레이션,P4218R-00.00PUR2,2026-07-06
A관(1공장),하이드레이션,P4218R-00.00PUR3,2026-07-29
A관(1공장),하이드레이션,P4218R-01.00BRW3,2026-07-31
A관(1공장),하이드레이션,P4218R-01.25PUR3,2026-07-29
A관(1공장),하이드레이션,P4218R-02.00PUR3,2026-07-29
A관(1공장),하이드레이션,P4218R-02.25PUR3,2026-07-29
A관(1공장),하이드레이션,P4218R-02.50PUR3,2026-07-29
A관(1공장),하이드레이션,P4218R-02.75PUR3,2026-07-29
A관(1공장),하이드레이션,P4218R-03.00PUR3,2026-07-29
A관(1공장),하이드레이션,P4218R-03.25PUR3,2026-07-29
A관(1공장),하이드레이션,P4218R-03.50PUR3,2026-07-29
A관(1공장),하이드레이션,P4218R-03.75PUR3,2026-07-29
A관(1공장),하이드레이션,P4218R-04.00PUR3,2026-07-29
A관(1공장),하이드레이션,P4218R-04.25PUR3,2026-07-29
A관(1공장),하이드레이션,P4218R-04.50PUR3,2026-07-29
A관(1공장),하이드레이션,P4218R-04.75PUR3,2026-07-29
A관(1공장),하이드레이션,P4218R-05.25PUR3,2026-07-29
A관(1공장),하이드레이션,P4218R-05.50PUR3,2026-07-29
A관(1공장),하이드레이션,P4218R-05.75PUR3,2026-07-03
A관(1공장),하이드레이션,P4218R-06.00GRN3,2026-07-29
A관(1공장),하이드레이션,P4218R-06.00PUR3,2026-07-03
A관(1공장),하이드레이션,P4252R-00.00HON3,2026-07-06
A관(1공장),하이드레이션,P4331M+02.50GRN3,2026-07-23
A관(1공장),하이드레이션,P4331M+02.75SKY3,2026-07-23
A관(1공장),하이드레이션,P4331M+03.25SKY3,2026-07-23
A관(1공장),하이드레이션,P4331M+05.00SKY3,2026-07-23
A관(1공장),하이드레이션,P4331M-00.00BLK1,2026-07-23
A관(1공장),하이드레이션,P4331M-00.00GIA1,2026-07-23
A관(1공장),하이드레이션,P4331M-00.00GRN3,2026-07-23
A관(1공장),하이드레이션,P4331M-01.50GRA3,2026-07-23
A관(1공장),하이드레이션,P4331M-01.75GRN3,2026-07-23
A관(1공장),하이드레이션,P4331M-02.25GRN3,2026-07-23
A관(1공장),하이드레이션,P4331M-02.50GRN3,2026-07-23
A관(1공장),하이드레이션,P4331M-02.75GRN3,2026-07-23
A관(1공장),하이드레이션,P4331M-03.00GIA1,2026-07-23
A관(1공장),하이드레이션,P4331M-03.00GRN3,2026-07-23
A관(1공장),하이드레이션,P4331M-03.50BLK1,2026-07-23
A관(1공장),하이드레이션,P4331M-03.50GRN3,2026-07-23
A관(1공장),하이드레이션,P4331M-04.00GRA3,2026-07-23
A관(1공장),하이드레이션,P4331M-06.00GRN3,2026-07-23
A관(1공장),하이드레이션,P4333M-00.00LGR3,2026-07-23
A관(1공장),하이드레이션,P4333M-01.00HON3,2026-07-23
A관(1공장),하이드레이션,P4333M-02.00LGR3,2026-07-23
A관(1공장),하이드레이션,P4333M-02.00MGG3,2026-07-23
A관(1공장),하이드레이션,P4340M-00.00ABL2,2026-07-29
A관(1공장),하이드레이션,P4340M-00.00AMG2,2026-07-29
A관(1공장),하이드레이션,P4340M-01.00BSD2,2026-07-29
A관(1공장),하이드레이션,P4340M-01.50ABL2,2026-07-29
A관(1공장),하이드레이션,P4340M-01.50AMG2,2026-07-29
A관(1공장),하이드레이션,P4340M-01.75ABL2,2026-07-29
A관(1공장),하이드레이션,P4340M-01.75AMG2,2026-07-29
A관(1공장),하이드레이션,P4340M-01.75BSD2,2026-07-29
A관(1공장),하이드레이션,P4340M-02.25ABL2,2026-07-29
A관(1공장),하이드레이션,P4340M-02.50ABL2,2026-07-29
A관(1공장),하이드레이션,P4340M-02.50AMG2,2026-07-29
A관(1공장),하이드레이션,P4340M-02.75ABL2,2026-07-29
A관(1공장),하이드레이션,P4340M-02.75AMG2,2026-07-29
A관(1공장),하이드레이션,P4340M-02.75BSD2,2026-07-29
A관(1공장),하이드레이션,P4340M-03.00ABL2,2026-07-29
A관(1공장),하이드레이션,P4340M-03.00AMG2,2026-07-29
A관(1공장),하이드레이션,P4340M-03.00BSD2,2026-07-29
A관(1공장),하이드레이션,P4340M-03.25BSD2,2026-07-29
A관(1공장),하이드레이션,P4340M-03.50ABL2,2026-07-29
A관(1공장),하이드레이션,P4340M-03.50AMG2,2026-07-29
A관(1공장),하이드레이션,P4340M-03.50BSD2,2026-07-29
A관(1공장),하이드레이션,P4340M-04.00ABL2,2026-07-29
A관(1공장),하이드레이션,P4340M-04.00BSD2,2026-07-29
A관(1공장),하이드레이션,P4340M-04.50ABL2,2026-07-29
A관(1공장),하이드레이션,P4340M-04.50AMG2,2026-07-29
A관(1공장),하이드레이션,P4340M-04.50BSD2,2026-07-29
A관(1공장),하이드레이션,P4340M-04.75BSD2,2026-07-29
A관(1공장),하이드레이션,P4340M-05.25BSD2,2026-07-29
A관(1공장),하이드레이션,P4340M-05.50AMG2,2026-07-29
A관(1공장),하이드레이션,P4340M-05.75ABL2,2026-07-29
A관(1공장),하이드레이션,P4340M-05.75BSD2,2026-07-29
A관(1공장),하이드레이션,P4340M-06.00BSD2,2026-07-29
A관(1공장),하이드레이션,P4370M-00.00AGR3,2026-07-29
A관(1공장),하이드레이션,P4370M-00.00GOV2,2026-07-31
A관(1공장),하이드레이션,P4370M-00.00SAB2,2026-07-29
A관(1공장),하이드레이션,P4370M-00.00SAG2,2026-07-29
A관(1공장),하이드레이션,P4370M-00.00WIH2,2026-07-29
A관(1공장),하이드레이션,P4370M-00.50WIH2,2026-07-29
A관(1공장),하이드레이션,P4370M-01.50SAB2,2026-07-29
A관(1공장),하이드레이션,P4370M-01.50SAG2,2026-07-29
A관(1공장),하이드레이션,P4370M-01.75AGR3,2026-07-29
A관(1공장),하이드레이션,P4370M-01.75SAB2,2026-07-29
A관(1공장),하이드레이션,P4370M-01.75WIH2,2026-07-29
A관(1공장),하이드레이션,P4370M-02.25SAB2,2026-07-29
A관(1공장),하이드레이션,P4370M-02.25SAG2,2026-07-29
A관(1공장),하이드레이션,P4370M-02.25WIH2,2026-07-29
A관(1공장),하이드레이션,P4370M-02.50AGR3,2026-07-29
A관(1공장),하이드레이션,P4370M-02.50SAB2,2026-07-29
A관(1공장),하이드레이션,P4370M-02.50SAG2,2026-07-29
A관(1공장),하이드레이션,P4370M-02.75AGR3,2026-07-29
A관(1공장),하이드레이션,P4370M-02.75SAB2,2026-07-29
A관(1공장),하이드레이션,P4370M-02.75SAG2,2026-07-29
A관(1공장),하이드레이션,P4370M-03.00AGR3,2026-07-29
A관(1공장),하이드레이션,P4370M-03.00SAB2,2026-07-29
A관(1공장),하이드레이션,P4370M-03.00SAG2,2026-07-29
A관(1공장),하이드레이션,P4370M-03.00WIH2,2026-07-29
A관(1공장),하이드레이션,P4370M-03.25SAB2,2026-07-29
A관(1공장),하이드레이션,P4370M-03.25SAG2,2026-07-29
A관(1공장),하이드레이션,P4370M-03.50AGR3,2026-07-29
A관(1공장),하이드레이션,P4370M-03.50SAB2,2026-07-29
A관(1공장),하이드레이션,P4370M-03.50SAG2,2026-07-29
A관(1공장),하이드레이션,P4370M-03.50WIH2,2026-07-29
A관(1공장),하이드레이션,P4370M-04.00AGR3,2026-07-29
A관(1공장),하이드레이션,P4370M-04.00SAB2,2026-07-29
A관(1공장),하이드레이션,P4370M-04.00SAG2,2026-07-29
A관(1공장),하이드레이션,P4370M-04.00WIH2,2026-07-29
A관(1공장),하이드레이션,P4370M-04.50AGR3,2026-07-29
A관(1공장),하이드레이션,P4370M-04.50SAB2,2026-07-29
A관(1공장),하이드레이션,P4370M-04.50SAG2,2026-07-29
A관(1공장),하이드레이션,P4370M-05.25AGR3,2026-07-29
A관(1공장),하이드레이션,P4370M-05.75AGR3,2026-07-29
A관(1공장),하이드레이션,P4370M-06.00AGR3,2026-07-29
A관(1공장),하이드레이션,P4370M-06.00SAB2,2026-07-29
A관(1공장),하이드레이션,P4405R-00.00CRM1,2026-07-03
A관(1공장),하이드레이션,P4405R-00.00WHZ2,2026-07-03
A관(1공장),하이드레이션,P4405R-08.50IVY1,2026-07-03
A관(1공장),하이드레이션,P4430M-00.00ABB1,2026-08-05
A관(1공장),하이드레이션,P4430M-00.00ABC1,2026-08-05
A관(1공장),하이드레이션,P4531R-00.00BRW2,2026-07-29
A관(1공장),하이드레이션,P4531R-00.50BRW2,2026-07-29
A관(1공장),하이드레이션,P4531R-01.00BRW2,2026-07-29
A관(1공장),하이드레이션,P4531R-01.25BRW2,2026-07-29
A관(1공장),하이드레이션,P4531R-01.75BRW2,2026-07-29
A관(1공장),하이드레이션,P4531R-02.00BRW2,2026-07-29
A관(1공장),하이드레이션,P4531R-02.25BRW2,2026-07-29
A관(1공장),하이드레이션,P4531R-02.75BRW2,2026-07-29
A관(1공장),하이드레이션,P4531R-03.00BRW2,2026-07-29
A관(1공장),하이드레이션,P4531R-03.25BRW2,2026-07-29
A관(1공장),하이드레이션,P4531R-03.50BRW2,2026-07-29
A관(1공장),하이드레이션,P4531R-04.00BRW2,2026-07-29
A관(1공장),하이드레이션,P4531R-04.25BRW2,2026-07-29
A관(1공장),하이드레이션,P4531R-04.50BRW2,2026-07-29
A관(1공장),하이드레이션,P4531R-04.75BRW2,2026-07-29
A관(1공장),하이드레이션,P4531R-05.00BRW2,2026-07-29
A관(1공장),하이드레이션,P4531R-05.50BRW2,2026-07-29
A관(1공장),하이드레이션,P4531R-06.00BRW2,2026-07-29
A관(1공장),하이드레이션,P4765R-00.00AMD3,2026-07-29
A관(1공장),하이드레이션,P4765R-00.00CED3,2026-07-29
A관(1공장),하이드레이션,P4765R-00.00MON2,2026-07-29
A관(1공장),하이드레이션,P4765R-00.50AMD3,2026-07-29
A관(1공장),하이드레이션,P4765R-00.50MON2,2026-07-29
A관(1공장),하이드레이션,P4765R-01.50MON2,2026-07-29
A관(1공장),하이드레이션,P4765R-01.75CED3,2026-07-29
A관(1공장),하이드레이션,P4765R-02.25AMD3,2026-07-29
A관(1공장),하이드레이션,P4765R-02.25MON2,2026-07-29
A관(1공장),하이드레이션,P4765R-02.50AMD3,2026-07-29
A관(1공장),하이드레이션,P4765R-02.50CED3,2026-07-29
A관(1공장),하이드레이션,P4765R-02.50MON2,2026-07-29
A관(1공장),하이드레이션,P4765R-02.75AMD3,2026-07-29
A관(1공장),하이드레이션,P4765R-02.75CED3,2026-07-29
A관(1공장),하이드레이션,P4765R-02.75MON2,2026-07-29
A관(1공장),하이드레이션,P4765R-03.00AMD3,2026-07-29
A관(1공장),하이드레이션,P4765R-03.00CED3,2026-07-29
A관(1공장),하이드레이션,P4765R-03.00MON2,2026-07-29
A관(1공장),하이드레이션,P4765R-03.25AMD3,2026-07-29
A관(1공장),하이드레이션,P4765R-03.25CED3,2026-07-29
A관(1공장),하이드레이션,P4765R-03.25MON2,2026-07-29
A관(1공장),하이드레이션,P4765R-03.50AMD3,2026-07-29
A관(1공장),하이드레이션,P4765R-03.50CED3,2026-07-29
A관(1공장),하이드레이션,P4765R-03.50MON2,2026-07-29
A관(1공장),하이드레이션,P4765R-04.00AMD3,2026-07-29
A관(1공장),하이드레이션,P4765R-04.00CED3,2026-07-29
A관(1공장),하이드레이션,P4765R-04.00MON2,2026-07-29
A관(1공장),하이드레이션,P4765R-04.25AMD3,2026-07-29
A관(1공장),하이드레이션,P4765R-04.25CED3,2026-07-29
A관(1공장),하이드레이션,P4765R-04.25MON2,2026-07-29
A관(1공장),하이드레이션,P4765R-04.50AMD3,2026-07-29
A관(1공장),하이드레이션,P4765R-04.50CED3,2026-07-29
A관(1공장),하이드레이션,P4765R-04.50MON2,2026-07-29
A관(1공장),하이드레이션,P4765R-04.75AMD3,2026-07-29
A관(1공장),하이드레이션,P4765R-05.25CED3,2026-07-29
A관(1공장),하이드레이션,P4765R-05.50AMD3,2026-07-29
A관(1공장),하이드레이션,P4765R-05.50CED3,2026-07-29
A관(1공장),하이드레이션,P4765R-05.50MON2,2026-07-29
A관(1공장),하이드레이션,P4765R-05.75CED3,2026-07-29
A관(1공장),하이드레이션,P4765R-06.00AMD3,2026-07-29
A관(1공장),하이드레이션,P4765R-06.00CED3,2026-07-29
A관(1공장),하이드레이션,P4765R-06.00MON2,2026-07-29
A관(1공장),하이드레이션,P5337M-00.00CHC,2026-07-24
A관(1공장),하이드레이션,P5337M-00.50CHC,2026-07-24
A관(1공장),하이드레이션,P5337M-01.00CHC,2026-07-24
A관(1공장),하이드레이션,P5337M-01.25CHC,2026-07-24
A관(1공장),하이드레이션,P5337M-01.50CHC,2026-07-08
A관(1공장),하이드레이션,P5337M-01.75CHC,2026-07-08
A관(1공장),하이드레이션,P5337M-02.25CHC,2026-07-24
A관(1공장),하이드레이션,P5337M-02.50CHC,2026-07-08
A관(1공장),하이드레이션,P5337M-03.00CHC,2026-07-08
A관(1공장),하이드레이션,P5337M-03.50CHC,2026-07-08
A관(1공장),하이드레이션,P5337M-04.50CHC,2026-07-08
A관(1공장),하이드레이션,P5337M-04.75CHC,2026-07-08
A관(1공장),하이드레이션,P5337M-05.00CHC,2026-07-08
A관(1공장),하이드레이션,P5337M-05.50CHC,2026-07-08
A관(1공장),하이드레이션,P5337M-06.50CHC,2026-07-08
A관(1공장),하이드레이션,P5337M-07.50CHC,2026-07-08
A관(1공장),하이드레이션,P5358M-00.00BBO,2026-07-29
A관(1공장),하이드레이션,P5358M-00.50BBO,2026-07-29
A관(1공장),하이드레이션,P5358M-01.00BBO,2026-07-29
A관(1공장),하이드레이션,P5358M-01.25BBO,2026-07-29
A관(1공장),하이드레이션,P5358M-01.75BBO,2026-07-29
A관(1공장),하이드레이션,P5358M-02.00BBO,2026-07-29
A관(1공장),하이드레이션,P5358M-02.25BBO,2026-07-29
A관(1공장),하이드레이션,P5358M-02.50BBO,2026-07-29
A관(1공장),하이드레이션,P5358M-03.00BBO,2026-07-29
A관(1공장),하이드레이션,P5358M-03.50BBO,2026-07-29
A관(1공장),하이드레이션,P5358M-04.25BBO,2026-07-29
A관(1공장),하이드레이션,P5358M-04.75BBO,2026-07-29
A관(1공장),하이드레이션,P5358M-05.00BBO,2026-07-29
A관(1공장),하이드레이션,P5358M-05.50BBO,2026-07-29
A관(1공장),하이드레이션,P5358M-06.00BBO,2026-07-29
A관(1공장),하이드레이션,P5360M-00.00FIL,2026-07-24
A관(1공장),하이드레이션,P5360M-01.50FIL,2026-07-24
A관(1공장),하이드레이션,P5360M-02.00FIL,2026-07-29
A관(1공장),하이드레이션,P5360M-02.50FIL,2026-07-29
A관(1공장),하이드레이션,P5360M-08.00FIL,2026-07-08
A관(1공장),하이드레이션,P5399M-00.00GRA,2026-07-24
A관(1공장),하이드레이션,P5399M-00.50GRA,2026-07-08
A관(1공장),하이드레이션,P5399M-01.25GRA,2026-07-08
A관(1공장),하이드레이션,P5399M-01.75GRA,2026-07-29
A관(1공장),하이드레이션,P5399M-02.00GRA,2026-07-29
A관(1공장),하이드레이션,P5399M-02.25GRA,2026-07-29
A관(1공장),하이드레이션,P5399M-02.50GRA,2026-07-29
A관(1공장),하이드레이션,P5399M-02.75GRA,2026-07-29
A관(1공장),하이드레이션,P5399M-03.00GRA,2026-07-08
A관(1공장),하이드레이션,P5399M-03.25GRA,2026-07-08
A관(1공장),하이드레이션,P5399M-03.50GRA,2026-07-29
A관(1공장),하이드레이션,P5399M-04.00GRA,2026-07-08
A관(1공장),하이드레이션,P5399M-04.25GRA,2026-07-29
A관(1공장),하이드레이션,P5399M-04.50GRA,2026-07-29
A관(1공장),하이드레이션,P5399M-05.00GRA,2026-07-08
A관(1공장),하이드레이션,P5399M-05.50GRA,2026-07-29
A관(1공장),하이드레이션,P5399M-06.00GRA,2026-07-24
A관(1공장),하이드레이션,P5418S+01.75+2.00,2026-07-06
A관(1공장),하이드레이션,P5418S+01.75+2.50,2026-07-15
A관(1공장),하이드레이션,P5418S+02.25+1.50,2026-07-15
A관(1공장),하이드레이션,P5418S+02.50+2.00,2026-07-15
A관(1공장),하이드레이션,P5418S-04.75+1.50,2026-07-07
A관(1공장),하이드레이션,P5418S-05.00+2.00,2026-07-15
C관(2공장),누수규격,P0006A8.60+02.75,2026-07-23
C관(2공장),누수규격,P0006A8.60-01.00,2026-07-23
C관(2공장),누수규격,P0006A8.60-01.25,2026-07-23
C관(2공장),누수규격,P0006A8.60-01.50,2026-07-23
C관(2공장),누수규격,P0006A8.60-02.50,2026-07-23
C관(2공장),누수규격,P0006A8.60-03.00,2026-07-23
C관(2공장),누수규격,P0006A8.60-03.50,2026-07-23
C관(2공장),누수규격,P0006A8.60-04.00,2026-07-23
C관(2공장),누수규격,P0006A8.60-04.75,2026-07-23
C관(2공장),누수규격,P0007A-00.00RHA2,2026-07-11
C관(2공장),누수규격,P0007A-00.50RHA2,2026-07-26
C관(2공장),누수규격,P0007A-00.75RHA2,2026-07-26
C관(2공장),누수규격,P0007A-01.00RHA2,2026-07-26
C관(2공장),누수규격,P0007A-01.25RHA2,2026-07-26
C관(2공장),누수규격,P0007A-01.75RHA2,2026-07-26
C관(2공장),누수규격,P0007A-02.00RHA2,2026-07-26
C관(2공장),누수규격,P0007A-02.25RHA2,2026-07-11
C관(2공장),누수규격,P0007A-02.50RHA2,2026-07-11
C관(2공장),누수규격,P0007A-02.75RHA2,2026-07-26
C관(2공장),누수규격,P0007A-03.00RHA2,2026-07-26
C관(2공장),누수규격,P0007A-03.25RHA2,2026-07-26
C관(2공장),누수규격,P0007A-03.50RHA2,2026-07-11
C관(2공장),누수규격,P0007A-03.75RHA2,2026-07-26
C관(2공장),누수규격,P0007A-04.00RHA2,2026-07-26
C관(2공장),누수규격,P0007A-04.50RHA2,2026-07-26
C관(2공장),누수규격,P0007A-04.75RHA2,2026-07-11
C관(2공장),누수규격,P0007A-05.50RHA2,2026-07-26
C관(2공장),누수규격,P0007A-06.00RHA2,2026-07-26
C관(2공장),누수규격,P0007A-08.50RHA2,2026-07-26
C관(2공장),누수규격,P0007A-10.00RHA2,2026-07-26
C관(2공장),누수규격,P0008A-00.00LAT2,2026-07-27
C관(2공장),누수규격,P0008A-00.50LAT2,2026-07-27
C관(2공장),누수규격,P0008A-01.00LAT2,2026-07-27
C관(2공장),누수규격,P0008A-01.25LAT2,2026-07-27
C관(2공장),누수규격,P0008A-01.50LAT2,2026-07-27
C관(2공장),누수규격,P0008A-02.25LAT2,2026-07-27
C관(2공장),누수규격,P0008A-02.50LAT2,2026-07-27
C관(2공장),누수규격,P0008A-03.75LAT2,2026-07-27
C관(2공장),누수규격,P0008A-04.75LAT2,2026-07-27
C관(2공장),누수규격,P0008A-05.00LAT2,2026-07-27
C관(2공장),누수규격,P0008A-06.00LAT2,2026-07-27
C관(2공장),누수규격,P0008A-09.00LAT2,2026-07-27
C관(2공장),누수규격,P0009A-01.00,2026-07-24
C관(2공장),누수규격,P0009A-01.25,2026-07-24
C관(2공장),누수규격,P0009A-01.50,2026-07-24
C관(2공장),누수규격,P0009A-01.75,2026-07-24
C관(2공장),누수규격,P0009A-03.00,2026-07-24
C관(2공장),누수규격,P0009A-03.50,2026-07-24
C관(2공장),누수규격,P0009A-04.25,2026-07-24
C관(2공장),누수규격,P0009A-04.75,2026-07-24
C관(2공장),누수규격,P0009A-05.25,2026-07-24
C관(2공장),누수규격,P0009A-06.00,2026-07-24
C관(2공장),누수규격,P0010A-00.00SOB,2026-07-26
C관(2공장),누수규격,P0010A-00.50SOB,2026-07-11
C관(2공장),누수규격,P0010A-01.00SOB,2026-07-11
C관(2공장),누수규격,P0010A-01.25SOB,2026-07-11
C관(2공장),누수규격,P0010A-01.50SOB,2026-07-11
C관(2공장),누수규격,P0010A-01.75SOB,2026-07-11
C관(2공장),누수규격,P0010A-02.00SOB,2026-07-11
C관(2공장),누수규격,P0010A-02.25SOB,2026-07-11
C관(2공장),누수규격,P0010A-02.50SOB,2026-07-11
C관(2공장),누수규격,P0010A-02.75SOB,2026-07-11
C관(2공장),누수규격,P0010A-03.00SOB,2026-07-11
C관(2공장),누수규격,P0010A-03.50SOB,2026-07-11
C관(2공장),누수규격,P0010A-04.25SOB,2026-07-11
C관(2공장),누수규격,P0010A-04.50SOB,2026-07-11
C관(2공장),누수규격,P0010A-04.75SOB,2026-07-11
C관(2공장),누수규격,P0010A-05.00SOB,2026-07-11
C관(2공장),누수규격,P0010A-05.25SOB,2026-07-11
C관(2공장),누수규격,P0010A-05.50SOB,2026-07-11
C관(2공장),누수규격,P0010A-05.75SOB,2026-07-11
C관(2공장),누수규격,P0010A-06.00SOB,2026-07-11
C관(2공장),누수규격,P0010A-06.50SOB,2026-07-11
C관(2공장),누수규격,P0010A-09.00SOB,2026-07-26
C관(2공장),누수규격,P0011A-00.00JAB,2026-07-27
C관(2공장),누수규격,P0011A-00.50JAB,2026-07-27
C관(2공장),누수규격,P0011A-01.25JAB,2026-07-27
C관(2공장),누수규격,P0011A-02.00JAB,2026-07-27
C관(2공장),누수규격,P0011A-02.25JAB,2026-07-27
C관(2공장),누수규격,P0011A-02.50JAB,2026-07-27
C관(2공장),누수규격,P0011A-02.75JAB,2026-07-27
C관(2공장),누수규격,P0011A-03.00JAB,2026-07-27
C관(2공장),누수규격,P0011A-03.25JAB,2026-07-27
C관(2공장),누수규격,P0011A-03.75JAB,2026-07-27
C관(2공장),누수규격,P0011A-04.00JAB,2026-07-27
C관(2공장),누수규격,P0011A-05.00JAB,2026-07-27
C관(2공장),누수규격,P0011A-05.50JAB,2026-07-27
C관(2공장),누수규격,P0011A-08.50JAB,2026-07-27
C관(2공장),누수규격,P0011A-09.00JAB,2026-07-27
C관(2공장),누수규격,P0019A-00.00SGR,2026-07-11
C관(2공장),누수규격,P0019A-00.50SGR,2026-07-11
C관(2공장),누수규격,P0019A-01.00SGR,2026-07-11
C관(2공장),누수규격,P0019A-01.75SGR,2026-07-26
C관(2공장),누수규격,P0019A-02.00SGR,2026-07-11
C관(2공장),누수규격,P0019A-02.25SGR,2026-07-11
C관(2공장),누수규격,P0019A-02.50SGR,2026-07-11
C관(2공장),누수규격,P0019A-02.75SGR,2026-07-11
C관(2공장),누수규격,P0019A-03.00SGR,2026-07-11
C관(2공장),누수규격,P0019A-03.25SGR,2026-07-11
C관(2공장),누수규격,P0019A-03.50SGR,2026-07-11
C관(2공장),누수규격,P0019A-03.75SGR,2026-07-11
C관(2공장),누수규격,P0019A-04.25SGR,2026-07-11
C관(2공장),누수규격,P0019A-04.50SGR,2026-07-11
C관(2공장),누수규격,P0019A-05.00SGR,2026-07-11
C관(2공장),누수규격,P0019A-05.50SGR,2026-07-11
C관(2공장),누수규격,P0019A-06.00SGR,2026-07-11
C관(2공장),누수규격,P0019A-06.50SGR,2026-07-11
C관(2공장),누수규격,P0019A-09.00SGR,2026-07-11
C관(2공장),누수규격,P0034A-03.25JAZ,2026-07-23
C관(2공장),누수규격,P0035A-01.25SOB,2026-07-23
C관(2공장),누수규격,P0112A-07.50MHB,2026-07-27
C관(2공장),누수규격,P0113A-00.00GLB2,2026-07-24
C관(2공장),누수규격,P0113A-02.50GLB2,2026-07-24
C관(2공장),누수규격,P0113A-03.00GLB2,2026-07-24
C관(2공장),누수규격,P0113A-05.50GLB2,2026-07-24
C관(2공장),누수규격,P0113A-07.00GLB2,2026-07-24
C관(2공장),누수규격,P0113A-07.50GLB2,2026-07-24
C관(2공장),누수규격,P0113A-08.00GLB2,2026-07-24
C관(2공장),누수규격,P0114A-00.00GLL2,2026-07-10
C관(2공장),누수규격,P0114A-00.50GLL2,2026-07-10
C관(2공장),누수규격,P0114A-01.00GLL2,2026-07-10
C관(2공장),누수규격,P0114A-01.25GLL2,2026-07-10
C관(2공장),누수규격,P0114A-01.50GLL2,2026-07-10
C관(2공장),누수규격,P0114A-01.75GLL2,2026-07-10
C관(2공장),누수규격,P0114A-02.00GLL2,2026-07-10
C관(2공장),누수규격,P0114A-02.25GLL2,2026-07-10
C관(2공장),누수규격,P0114A-02.50GLL2,2026-07-10
C관(2공장),누수규격,P0114A-02.75GLL2,2026-07-10
C관(2공장),누수규격,P0114A-03.00GLL2,2026-07-10
C관(2공장),누수규격,P0114A-03.25GLL2,2026-07-10
C관(2공장),누수규격,P0114A-03.50GLL2,2026-07-10
C관(2공장),누수규격,P0114A-03.75GLL2,2026-07-10
C관(2공장),누수규격,P0114A-04.00GLL2,2026-07-10
C관(2공장),누수규격,P0114A-04.25GLL2,2026-07-10
C관(2공장),누수규격,P0114A-04.50GLL2,2026-07-10
C관(2공장),누수규격,P0114A-04.75GLL2,2026-07-10
C관(2공장),누수규격,P0114A-05.00GLL2,2026-07-10
C관(2공장),누수규격,P0114A-05.50GLL2,2026-07-10
C관(2공장),누수규격,P0114A-06.00GLL2,2026-07-10
C관(2공장),누수규격,P0114A-06.50GLL2,2026-07-10
C관(2공장),누수규격,P0114A-07.00GLL2,2026-07-10
C관(2공장),누수규격,P0114A-07.50GLL2,2026-07-10
C관(2공장),누수규격,P0114A-08.00GLL2,2026-07-10
C관(2공장),누수규격,P0212A-01.50-1.75180ALR,2026-07-11
C관(2공장),누수규격,P0213A-05.25ALR,2026-07-26
C관(2공장),누수규격,P0213A-05.50ALR,2026-07-26
C관(2공장),누수규격,P0213A-07.00ALR,2026-07-26
C관(2공장),누수규격,P0213A-09.00ALR,2026-07-26
C관(2공장),누수규격,P0554A-04.75SPQ,2026-07-16
C관(2공장),누수규격,P0579A-07.00RHA,2026-08-09
C관(2공장),누수규격,P0581A-00.00MRS,2026-08-01
C관(2공장),누수규격,P0581A-00.75MRS,2026-08-01
C관(2공장),누수규격,P0581A-01.25MRS,2026-08-01
C관(2공장),누수규격,P0581A-02.50MRS,2026-08-01
C관(2공장),누수규격,P0582A-00.00EAR,2026-08-01
C관(2공장),누수규격,P0583A-00.00VEN,2026-08-01
C관(2공장),누수규격,P0583A-02.25VEN,2026-08-01
C관(2공장),누수규격,P0583A-03.00VEN,2026-08-01
C관(2공장),누수규격,P0583A-04.00VEN,2026-08-01
C관(2공장),누수규격,P1021A-00.00HKA3,2026-07-16
C관(2공장),누수규격,P1022A-02.75HKB3,2026-07-16
C관(2공장),누수규격,P1022A-04.75HKB3,2026-07-16
C관(2공장),누수규격,P1060A-00.00GBY2,2026-07-16
C관(2공장),누수규격,P1060A-03.00GBY2,2026-07-16
C관(2공장),누수규격,P1061A-00.00CRW3,2026-07-16
C관(2공장),누수규격,P1061A-01.75CRW3,2026-07-16
C관(2공장),누수규격,P1061A-02.25CRW3,2026-07-16
C관(2공장),누수규격,P1061A-02.50CRW3,2026-07-16
C관(2공장),누수규격,P1061A-02.75CRW3,2026-07-16
C관(2공장),누수규격,P1061A-03.00CRW3,2026-07-16
C관(2공장),누수규격,P1061A-04.00CRW3,2026-07-16
C관(2공장),누수규격,P1061A-05.00CRW3,2026-07-16
C관(2공장),누수규격,P1061A-05.25CRW3,2026-07-16
C관(2공장),누수규격,P1064A-05.75-0.75180BBN2,2026-07-16
C관(2공장),누수규격,P1087A-03.75BTT3,2026-07-19
C관(2공장),누수규격,P1087A-07.50BTT3,2026-07-19
C관(2공장),누수규격,P1095A-00.00PBN3,2026-08-10
C관(2공장),누수규격,P1095A-01.00PBN3,2026-08-10
C관(2공장),누수규격,P1095A-01.25PBN3,2026-08-10
C관(2공장),누수규격,P1095A-01.50PBN3,2026-08-10
C관(2공장),누수규격,P1095A-01.75PBN3,2026-08-10
C관(2공장),누수규격,P1095A-02.00PBN3,2026-08-10
C관(2공장),누수규격,P1095A-02.25PBN3,2026-08-10
C관(2공장),누수규격,P1095A-02.50PBN3,2026-08-10
C관(2공장),누수규격,P1095A-02.75PBN3,2026-08-10
C관(2공장),누수규격,P1095A-03.00PBN3,2026-08-10
C관(2공장),누수규격,P1095A-03.25PBN3,2026-08-10
C관(2공장),누수규격,P1095A-03.50PBN3,2026-08-10
C관(2공장),누수규격,P1095A-03.75PBN3,2026-08-10
C관(2공장),누수규격,P1095A-04.00PBN3,2026-08-10
C관(2공장),누수규격,P1095A-04.25PBN3,2026-08-10
C관(2공장),누수규격,P1095A-04.50PBN3,2026-08-10
C관(2공장),누수규격,P1095A-04.75PBN3,2026-08-10
C관(2공장),누수규격,P1095A-05.00PBN3,2026-08-10
C관(2공장),누수규격,P1095A-05.25PBN3,2026-08-10
C관(2공장),누수규격,P1095A-05.50PBN3,2026-08-10
C관(2공장),누수규격,P1095A-05.75PBN3,2026-08-10
C관(2공장),누수규격,P1095A-06.00PBN3,2026-08-10
C관(2공장),누수규격,P1095A-06.50PBN3,2026-08-10
C관(2공장),누수규격,P1095A-07.00PBN3,2026-08-10
C관(2공장),누수규격,P1095A-07.50PBN3,2026-08-10
C관(2공장),누수규격,P1095A-08.00PBN3,2026-08-10
C관(2공장),누수규격,P1096A-00.00GEN3,2026-08-10
C관(2공장),누수규격,P1096A-01.00GEN3,2026-08-10
C관(2공장),누수규격,P1096A-01.25GEN3,2026-08-10
C관(2공장),누수규격,P1096A-01.50GEN3,2026-08-10
C관(2공장),누수규격,P1096A-01.75GEN3,2026-08-10
C관(2공장),누수규격,P1096A-02.00GEN3,2026-08-10
C관(2공장),누수규격,P1096A-02.25GEN3,2026-08-10
C관(2공장),누수규격,P1096A-02.50GEN3,2026-08-10
C관(2공장),누수규격,P1096A-02.75GEN3,2026-08-10
C관(2공장),누수규격,P1096A-03.00GEN3,2026-08-10
C관(2공장),누수규격,P1096A-03.25GEN3,2026-08-10
C관(2공장),누수규격,P1096A-03.50GEN3,2026-08-10
C관(2공장),누수규격,P1096A-03.75GEN3,2026-08-10
C관(2공장),누수규격,P1096A-04.00GEN3,2026-08-10
C관(2공장),누수규격,P1096A-04.25GEN3,2026-08-10
C관(2공장),누수규격,P1096A-04.50GEN3,2026-08-10
C관(2공장),누수규격,P1096A-04.75GEN3,2026-08-10
C관(2공장),누수규격,P1096A-05.00GEN3,2026-08-10
C관(2공장),누수규격,P1096A-05.25GEN3,2026-08-10
C관(2공장),누수규격,P1096A-05.50GEN3,2026-08-10
C관(2공장),누수규격,P1096A-05.75GEN3,2026-08-10
C관(2공장),누수규격,P1096A-06.00GEN3,2026-08-10
C관(2공장),누수규격,P1096A-06.50GEN3,2026-08-10
C관(2공장),누수규격,P1096A-07.00GEN3,2026-08-10
C관(2공장),누수규격,P1096A-07.50GEN3,2026-08-10
C관(2공장),누수규격,P1096A-08.00GEN3,2026-08-10
C관(2공장),누수규격,P1097A-00.00BRN3,2026-08-10
C관(2공장),누수규격,P1097A-01.00BRN3,2026-08-10
C관(2공장),누수규격,P1097A-01.25BRN3,2026-08-10
C관(2공장),누수규격,P1097A-01.50BRN3,2026-08-10
C관(2공장),누수규격,P1097A-01.75BRN3,2026-08-10
C관(2공장),누수규격,P1097A-02.00BRN3,2026-08-10
C관(2공장),누수규격,P1097A-02.25BRN3,2026-08-10
C관(2공장),누수규격,P1097A-02.50BRN3,2026-08-10
C관(2공장),누수규격,P1097A-02.75BRN3,2026-08-10
C관(2공장),누수규격,P1097A-03.00BRN3,2026-08-10
C관(2공장),누수규격,P1097A-03.25BRN3,2026-08-10
C관(2공장),누수규격,P1097A-03.50BRN3,2026-08-10
C관(2공장),누수규격,P1097A-03.75BRN3,2026-08-10
C관(2공장),누수규격,P1097A-04.00BRN3,2026-08-10
C관(2공장),누수규격,P1097A-04.25BRN3,2026-08-10
C관(2공장),누수규격,P1097A-04.50BRN3,2026-08-10
C관(2공장),누수규격,P1097A-04.75BRN3,2026-08-10
C관(2공장),누수규격,P1097A-05.00BRN3,2026-08-10
C관(2공장),누수규격,P1097A-05.25BRN3,2026-08-10
C관(2공장),누수규격,P1097A-05.50BRN3,2026-08-10
C관(2공장),누수규격,P1097A-05.75BRN3,2026-08-10
C관(2공장),누수규격,P1097A-06.00BRN3,2026-08-10
C관(2공장),누수규격,P1097A-06.50BRN3,2026-08-10
C관(2공장),누수규격,P1097A-07.00BRN3,2026-08-10
C관(2공장),누수규격,P1097A-07.50BRN3,2026-08-10
C관(2공장),누수규격,P1097A-08.00BRN3,2026-08-10
C관(2공장),누수규격,P1098A-00.00PPE3,2026-08-10
C관(2공장),누수규격,P1098A-01.00PPE3,2026-08-10
C관(2공장),누수규격,P1098A-01.25PPE3,2026-08-10
C관(2공장),누수규격,P1098A-01.50PPE3,2026-08-10
C관(2공장),누수규격,P1098A-01.75PPE3,2026-08-10
C관(2공장),누수규격,P1098A-02.00PPE3,2026-08-10
C관(2공장),누수규격,P1098A-02.25PPE3,2026-08-10
C관(2공장),누수규격,P1098A-02.50PPE3,2026-08-10
C관(2공장),누수규격,P1098A-02.75PPE3,2026-08-10
C관(2공장),누수규격,P1098A-03.00PPE3,2026-08-10
C관(2공장),누수규격,P1098A-03.25PPE3,2026-08-10
C관(2공장),누수규격,P1098A-03.50PPE3,2026-08-10
C관(2공장),누수규격,P1098A-03.75PPE3,2026-08-10
C관(2공장),누수규격,P1098A-04.00PPE3,2026-08-10
C관(2공장),누수규격,P1098A-04.25PPE3,2026-08-10
C관(2공장),누수규격,P1098A-04.50PPE3,2026-08-10
C관(2공장),누수규격,P1098A-04.75PPE3,2026-08-10
C관(2공장),누수규격,P1098A-05.00PPE3,2026-08-10
C관(2공장),누수규격,P1098A-05.25PPE3,2026-08-10
C관(2공장),누수규격,P1098A-05.50PPE3,2026-08-10
C관(2공장),누수규격,P1098A-05.75PPE3,2026-08-10
C관(2공장),누수규격,P1098A-06.00PPE3,2026-08-10
C관(2공장),누수규격,P1098A-06.50PPE3,2026-08-10
C관(2공장),누수규격,P1098A-07.00PPE3,2026-08-10
C관(2공장),누수규격,P1098A-07.50PPE3,2026-08-10
C관(2공장),누수규격,P1098A-08.00PPE3,2026-08-10
C관(2공장),누수규격,P1099A-00.00ABN3,2026-08-10
C관(2공장),누수규격,P1099A-01.00ABN3,2026-08-10
C관(2공장),누수규격,P1099A-01.25ABN3,2026-08-10
C관(2공장),누수규격,P1099A-01.50ABN3,2026-08-10
C관(2공장),누수규격,P1099A-01.75ABN3,2026-08-10
C관(2공장),누수규격,P1099A-02.00ABN3,2026-08-10
C관(2공장),누수규격,P1099A-02.25ABN3,2026-08-10
C관(2공장),누수규격,P1099A-02.50ABN3,2026-08-10
C관(2공장),누수규격,P1099A-02.75ABN3,2026-08-10
C관(2공장),누수규격,P1099A-03.00ABN3,2026-08-10
C관(2공장),누수규격,P1099A-03.25ABN3,2026-08-10
C관(2공장),누수규격,P1099A-03.50ABN3,2026-08-10
C관(2공장),누수규격,P1099A-03.75ABN3,2026-08-10
C관(2공장),누수규격,P1099A-04.00ABN3,2026-08-10
C관(2공장),누수규격,P1099A-04.25ABN3,2026-08-10
C관(2공장),누수규격,P1099A-04.50ABN3,2026-08-10
C관(2공장),누수규격,P1099A-04.75ABN3,2026-08-10
C관(2공장),누수규격,P1099A-05.00ABN3,2026-08-10
C관(2공장),누수규격,P1099A-05.25ABN3,2026-08-10
C관(2공장),누수규격,P1099A-05.50ABN3,2026-08-10
C관(2공장),누수규격,P1099A-05.75ABN3,2026-08-10
C관(2공장),누수규격,P1099A-06.00ABN3,2026-08-10
C관(2공장),누수규격,P1099A-06.50ABN3,2026-08-10
C관(2공장),누수규격,P1099A-07.00ABN3,2026-08-10
C관(2공장),누수규격,P1099A-07.50ABN3,2026-08-10
C관(2공장),누수규격,P1099A-08.00ABN3,2026-08-10
C관(2공장),누수규격,P1144A-00.00BMP3,2026-07-23
C관(2공장),누수규격,P1144A-00.75BMP3,2026-07-23
C관(2공장),누수규격,P1144A-01.00BMP3,2026-07-23
C관(2공장),누수규격,P1144A-01.25BMP3,2026-07-23
C관(2공장),누수규격,P1144A-01.50BMP3,2026-07-23
C관(2공장),누수규격,P1144A-01.75BMP3,2026-07-23
C관(2공장),누수규격,P1144A-02.00BMP3,2026-07-23
C관(2공장),누수규격,P1144A-02.25BMP3,2026-07-23
C관(2공장),누수규격,P1144A-02.50BMP3,2026-07-23
C관(2공장),누수규격,P1144A-02.75BMP3,2026-07-23
C관(2공장),누수규격,P1144A-03.00BMP3,2026-07-23
C관(2공장),누수규격,P1144A-03.25BMP3,2026-07-23
C관(2공장),누수규격,P1144A-03.50BMP3,2026-07-23
C관(2공장),누수규격,P1144A-03.75BMP3,2026-07-23
C관(2공장),누수규격,P1144A-04.00BMP3,2026-07-23
C관(2공장),누수규격,P1144A-04.25BMP3,2026-07-23
C관(2공장),누수규격,P1144A-04.50BMP3,2026-07-23
C관(2공장),누수규격,P1144A-04.75BMP3,2026-07-23
C관(2공장),누수규격,P1144A-05.00BMP3,2026-07-23
C관(2공장),누수규격,P1144A-05.50BMP3,2026-07-23
C관(2공장),누수규격,P1144A-06.00BMP3,2026-07-23
C관(2공장),누수규격,P1144A-06.50BMP3,2026-07-23
C관(2공장),누수규격,P1144A-07.00BMP3,2026-07-23
C관(2공장),누수규격,P1144A-07.50BMP3,2026-07-23
C관(2공장),누수규격,P1144A-08.00BMP3,2026-07-23
C관(2공장),누수규격,P1146A-00.00BMB3,2026-07-23
C관(2공장),누수규격,P1146A-00.75BMB3,2026-07-23
C관(2공장),누수규격,P1146A-01.00BMB3,2026-07-23
C관(2공장),누수규격,P1146A-01.25BMB3,2026-07-23
C관(2공장),누수규격,P1146A-01.50BMB3,2026-07-23
C관(2공장),누수규격,P1146A-01.75BMB3,2026-07-23
C관(2공장),누수규격,P1146A-02.00BMB3,2026-07-23
C관(2공장),누수규격,P1146A-02.25BMB3,2026-07-23
C관(2공장),누수규격,P1146A-02.50BMB3,2026-07-23
C관(2공장),누수규격,P1146A-02.75BMB3,2026-07-23
C관(2공장),누수규격,P1146A-03.00BMB3,2026-07-23
C관(2공장),누수규격,P1146A-03.25BMB3,2026-07-23
C관(2공장),누수규격,P1146A-03.50BMB3,2026-07-23
C관(2공장),누수규격,P1146A-03.75BMB3,2026-07-23
C관(2공장),누수규격,P1146A-04.00BMB3,2026-07-23
C관(2공장),누수규격,P1146A-04.25BMB3,2026-07-23
C관(2공장),누수규격,P1146A-04.50BMB3,2026-07-23
C관(2공장),누수규격,P1146A-04.75BMB3,2026-07-23
C관(2공장),누수규격,P1146A-05.00BMB3,2026-07-23
C관(2공장),누수규격,P1146A-05.50BMB3,2026-07-23
C관(2공장),누수규격,P1146A-06.00BMB3,2026-07-23
C관(2공장),누수규격,P1146A-06.50BMB3,2026-07-23
C관(2공장),누수규격,P1146A-07.00BMB3,2026-07-23
C관(2공장),누수규격,P1146A-07.50BMB3,2026-07-23
C관(2공장),누수규격,P1146A-08.00BMB3,2026-07-23
C관(2공장),누수규격,P1147A-00.00BMG3,2026-07-23
C관(2공장),누수규격,P1147A-00.75BMG3,2026-07-23
C관(2공장),누수규격,P1147A-01.00BMG3,2026-07-23
C관(2공장),누수규격,P1147A-01.25BMG3,2026-07-23
C관(2공장),누수규격,P1147A-01.50BMG3,2026-07-23
C관(2공장),누수규격,P1147A-01.75BMG3,2026-07-23
C관(2공장),누수규격,P1147A-02.00BMG3,2026-07-23
C관(2공장),누수규격,P1147A-02.25BMG3,2026-07-23
C관(2공장),누수규격,P1147A-02.50BMG3,2026-07-23
C관(2공장),누수규격,P1147A-02.75BMG3,2026-07-23
C관(2공장),누수규격,P1147A-03.00BMG3,2026-07-23
C관(2공장),누수규격,P1147A-03.25BMG3,2026-07-23
C관(2공장),누수규격,P1147A-03.50BMG3,2026-07-23
C관(2공장),누수규격,P1147A-03.75BMG3,2026-07-23
C관(2공장),누수규격,P1147A-04.00BMG3,2026-07-23
C관(2공장),누수규격,P1147A-04.25BMG3,2026-07-23
C관(2공장),누수규격,P1147A-04.50BMG3,2026-07-23
C관(2공장),누수규격,P1147A-04.75BMG3,2026-07-23
C관(2공장),누수규격,P1147A-05.00BMG3,2026-07-23
C관(2공장),누수규격,P1147A-05.50BMG3,2026-07-23
C관(2공장),누수규격,P1147A-06.00BMG3,2026-07-23
C관(2공장),누수규격,P1147A-06.50BMG3,2026-07-23
C관(2공장),누수규격,P1147A-07.00BMG3,2026-07-23
C관(2공장),누수규격,P1147A-07.50BMG3,2026-07-23
C관(2공장),누수규격,P1147A-08.00BMG3,2026-07-23
C관(2공장),누수규격,P1148A-00.00BMH3,2026-07-23
C관(2공장),누수규격,P1148A-00.75BMH3,2026-07-23
C관(2공장),누수규격,P1148A-01.00BMH3,2026-07-23
C관(2공장),누수규격,P1148A-01.25BMH3,2026-07-23
C관(2공장),누수규격,P1148A-01.50BMH3,2026-07-23
C관(2공장),누수규격,P1148A-01.75BMH3,2026-07-23
C관(2공장),누수규격,P1148A-02.00BMH3,2026-07-23
C관(2공장),누수규격,P1148A-02.25BMH3,2026-07-23
C관(2공장),누수규격,P1148A-02.50BMH3,2026-07-23
C관(2공장),누수규격,P1148A-02.75BMH3,2026-07-23
C관(2공장),누수규격,P1148A-03.00BMH3,2026-07-23
C관(2공장),누수규격,P1148A-03.25BMH3,2026-07-23
C관(2공장),누수규격,P1148A-03.50BMH3,2026-07-23
C관(2공장),누수규격,P1148A-03.75BMH3,2026-07-23
C관(2공장),누수규격,P1148A-04.00BMH3,2026-07-23
C관(2공장),누수규격,P1148A-04.25BMH3,2026-07-23
C관(2공장),누수규격,P1148A-04.50BMH3,2026-07-23
C관(2공장),누수규격,P1148A-04.75BMH3,2026-07-23
C관(2공장),누수규격,P1148A-05.00BMH3,2026-07-23
C관(2공장),누수규격,P1148A-05.50BMH3,2026-07-23
C관(2공장),누수규격,P1148A-06.00BMH3,2026-07-23
C관(2공장),누수규격,P1148A-06.50BMH3,2026-07-23
C관(2공장),누수규격,P1148A-07.00BMH3,2026-07-23
C관(2공장),누수규격,P1148A-07.50BMH3,2026-07-23
C관(2공장),누수규격,P1148A-08.00BMH3,2026-07-23
C관(2공장),누수규격,P1149A-00.00BMC3,2026-07-23
C관(2공장),누수규격,P1149A-00.75BMC3,2026-07-23
C관(2공장),누수규격,P1149A-01.00BMC3,2026-07-23
C관(2공장),누수규격,P1149A-01.25BMC3,2026-07-23
C관(2공장),누수규격,P1149A-01.50BMC3,2026-07-23
C관(2공장),누수규격,P1149A-01.75BMC3,2026-07-23
C관(2공장),누수규격,P1149A-02.00BMC3,2026-07-23
C관(2공장),누수규격,P1149A-02.25BMC3,2026-07-23
C관(2공장),누수규격,P1149A-02.50BMC3,2026-07-23
C관(2공장),누수규격,P1149A-02.75BMC3,2026-07-23
C관(2공장),누수규격,P1149A-03.00BMC3,2026-07-23
C관(2공장),누수규격,P1149A-03.25BMC3,2026-07-23
C관(2공장),누수규격,P1149A-03.50BMC3,2026-07-23
C관(2공장),누수규격,P1149A-03.75BMC3,2026-07-23
C관(2공장),누수규격,P1149A-04.00BMC3,2026-07-23
C관(2공장),누수규격,P1149A-04.25BMC3,2026-07-23
C관(2공장),누수규격,P1149A-04.50BMC3,2026-07-23
C관(2공장),누수규격,P1149A-04.75BMC3,2026-07-23
C관(2공장),누수규격,P1149A-05.00BMC3,2026-07-23
C관(2공장),누수규격,P1149A-05.50BMC3,2026-07-23
C관(2공장),누수규격,P1149A-06.00BMC3,2026-07-23
C관(2공장),누수규격,P1149A-06.50BMC3,2026-07-23
C관(2공장),누수규격,P1149A-07.00BMC3,2026-07-23
C관(2공장),누수규격,P1149A-07.50BMC3,2026-07-23
C관(2공장),누수규격,P1149A-08.00BMC3,2026-07-23
C관(2공장),누수규격,P1170A-00.00NWK3,2026-07-21
C관(2공장),누수규격,P1170A-00.75NWK3,2026-07-21
C관(2공장),누수규격,P1170A-01.00NWK3,2026-07-21
C관(2공장),누수규격,P1170A-01.25NWK3,2026-07-21
C관(2공장),누수규격,P1170A-01.50NWK3,2026-07-21
C관(2공장),누수규격,P1170A-01.75NWK3,2026-07-21
C관(2공장),누수규격,P1170A-02.00NWK3,2026-07-21
C관(2공장),누수규격,P1170A-02.25NWK3,2026-07-21
C관(2공장),누수규격,P1170A-02.50NWK3,2026-07-21
C관(2공장),누수규격,P1170A-02.75NWK3,2026-07-21
C관(2공장),누수규격,P1170A-03.00NWK3,2026-07-21
C관(2공장),누수규격,P1170A-03.25NWK3,2026-07-21
C관(2공장),누수규격,P1170A-03.50NWK3,2026-07-21
C관(2공장),누수규격,P1170A-03.75NWK3,2026-07-21
C관(2공장),누수규격,P1170A-04.00NWK3,2026-07-21
C관(2공장),누수규격,P1170A-04.25NWK3,2026-07-21
C관(2공장),누수규격,P1170A-04.50NWK3,2026-07-21
C관(2공장),누수규격,P1170A-04.75NWK3,2026-07-21
C관(2공장),누수규격,P1170A-05.00NWK3,2026-07-21
C관(2공장),누수규격,P1170A-05.50NWK3,2026-07-21
C관(2공장),누수규격,P1170A-06.00NWK3,2026-07-21
C관(2공장),누수규격,P1170A-06.50NWK3,2026-07-21
C관(2공장),누수규격,P1170A-07.00NWK3,2026-07-21
C관(2공장),누수규격,P1170A-07.50NWK3,2026-07-21
C관(2공장),누수규격,P1170A-08.00NWK3,2026-07-21
C관(2공장),누수규격,P1171A-00.00GTP3,2026-07-21
C관(2공장),누수규격,P1171A-00.75GTP3,2026-07-21
C관(2공장),누수규격,P1171A-01.00GTP3,2026-07-21
C관(2공장),누수규격,P1171A-01.25GTP3,2026-07-21
C관(2공장),누수규격,P1171A-01.50GTP3,2026-07-21
C관(2공장),누수규격,P1171A-01.75GTP3,2026-07-21
C관(2공장),누수규격,P1171A-02.00GTP3,2026-07-21
C관(2공장),누수규격,P1171A-02.25GTP3,2026-07-21
C관(2공장),누수규격,P1171A-02.50GTP3,2026-07-21
C관(2공장),누수규격,P1171A-02.75GTP3,2026-07-21
C관(2공장),누수규격,P1171A-03.00GTP3,2026-07-21
C관(2공장),누수규격,P1171A-03.25GTP3,2026-07-21
C관(2공장),누수규격,P1171A-03.50GTP3,2026-07-21
C관(2공장),누수규격,P1171A-03.75GTP3,2026-07-21
C관(2공장),누수규격,P1171A-04.00GTP3,2026-07-21
C관(2공장),누수규격,P1171A-04.25GTP3,2026-07-21
C관(2공장),누수규격,P1171A-04.50GTP3,2026-07-21
C관(2공장),누수규격,P1171A-04.75GTP3,2026-07-21
C관(2공장),누수규격,P1171A-05.00GTP3,2026-07-21
C관(2공장),누수규격,P1171A-05.50GTP3,2026-07-21
C관(2공장),누수규격,P1171A-06.00GTP3,2026-07-21
C관(2공장),누수규격,P1171A-06.50GTP3,2026-07-21
C관(2공장),누수규격,P1171A-07.00GTP3,2026-07-21
C관(2공장),누수규격,P1171A-07.50GTP3,2026-07-21
C관(2공장),누수규격,P1171A-08.00GTP3,2026-07-21
C관(2공장),누수규격,P1173A-00.00MCM3,2026-07-17
C관(2공장),누수규격,P1173A-01.00MCM3,2026-07-17
C관(2공장),누수규격,P1173A-01.25MCM3,2026-07-17
C관(2공장),누수규격,P1173A-01.50MCM3,2026-07-17
C관(2공장),누수규격,P1173A-01.75MCM3,2026-07-17
C관(2공장),누수규격,P1173A-02.00MCM3,2026-07-17
C관(2공장),누수규격,P1173A-02.25MCM3,2026-07-17
C관(2공장),누수규격,P1173A-02.50MCM3,2026-07-17
C관(2공장),누수규격,P1173A-02.75MCM3,2026-07-17
C관(2공장),누수규격,P1173A-03.00MCM3,2026-07-17
C관(2공장),누수규격,P1173A-03.25MCM3,2026-07-17
C관(2공장),누수규격,P1173A-03.50MCM3,2026-07-17
C관(2공장),누수규격,P1173A-03.75MCM3,2026-07-17
C관(2공장),누수규격,P1173A-04.00MCM3,2026-07-17
C관(2공장),누수규격,P1173A-04.25MCM3,2026-07-17
C관(2공장),누수규격,P1173A-04.50MCM3,2026-07-17
C관(2공장),누수규격,P1173A-04.75MCM3,2026-07-17
C관(2공장),누수규격,P1173A-05.00MCM3,2026-07-17
C관(2공장),누수규격,P1173A-05.50MCM3,2026-07-17
C관(2공장),누수규격,P1173A-06.00MCM3,2026-07-17
C관(2공장),누수규격,P1174A-00.00BNS3,2026-07-17
C관(2공장),누수규격,P1174A-01.00BNS3,2026-07-17
C관(2공장),누수규격,P1174A-01.25BNS3,2026-07-17
C관(2공장),누수규격,P1174A-01.50BNS3,2026-07-17
C관(2공장),누수규격,P1174A-01.75BNS3,2026-07-17
C관(2공장),누수규격,P1174A-02.00BNS3,2026-07-17
C관(2공장),누수규격,P1174A-02.25BNS3,2026-07-17
C관(2공장),누수규격,P1174A-02.50BNS3,2026-07-17
C관(2공장),누수규격,P1174A-02.75BNS3,2026-07-17
C관(2공장),누수규격,P1174A-03.00BNS3,2026-07-17
C관(2공장),누수규격,P1174A-03.25BNS3,2026-07-17
C관(2공장),누수규격,P1174A-03.50BNS3,2026-07-17
C관(2공장),누수규격,P1174A-03.75BNS3,2026-07-17
C관(2공장),누수규격,P1174A-04.00BNS3,2026-07-17
C관(2공장),누수규격,P1174A-04.25BNS3,2026-07-17
C관(2공장),누수규격,P1174A-04.50BNS3,2026-07-17
C관(2공장),누수규격,P1174A-04.75BNS3,2026-07-17
C관(2공장),누수규격,P1174A-05.00BNS3,2026-07-17
C관(2공장),누수규격,P1174A-05.50BNS3,2026-07-17
C관(2공장),누수규격,P1174A-06.00BNS3,2026-07-17
C관(2공장),누수규격,P1175A-00.00VVM3,2026-07-17
C관(2공장),누수규격,P1175A-01.00VVM3,2026-07-17
C관(2공장),누수규격,P1175A-01.25VVM3,2026-07-17
C관(2공장),누수규격,P1175A-01.50VVM3,2026-07-17
C관(2공장),누수규격,P1175A-01.75VVM3,2026-07-17
C관(2공장),누수규격,P1175A-02.00VVM3,2026-07-17
C관(2공장),누수규격,P1175A-02.25VVM3,2026-07-17
C관(2공장),누수규격,P1175A-02.50VVM3,2026-07-17
C관(2공장),누수규격,P1175A-02.75VVM3,2026-07-17
C관(2공장),누수규격,P1175A-03.00VVM3,2026-07-17
C관(2공장),누수규격,P1175A-03.25VVM3,2026-07-17
C관(2공장),누수규격,P1175A-03.50VVM3,2026-07-17
C관(2공장),누수규격,P1175A-03.75VVM3,2026-07-17
C관(2공장),누수규격,P1175A-04.00VVM3,2026-07-17
C관(2공장),누수규격,P1175A-04.25VVM3,2026-07-17
C관(2공장),누수규격,P1175A-04.50VVM3,2026-07-17
C관(2공장),누수규격,P1175A-04.75VVM3,2026-07-17
C관(2공장),누수규격,P1175A-05.00VVM3,2026-07-17
C관(2공장),누수규격,P1175A-05.50VVM3,2026-07-17
C관(2공장),누수규격,P1175A-06.00VVM3,2026-07-17
C관(2공장),누수규격,P1176A-00.00ACM3,2026-07-17
C관(2공장),누수규격,P1176A-00.75ACM3,2026-07-17
C관(2공장),누수규격,P1176A-01.00ACM3,2026-07-17
C관(2공장),누수규격,P1176A-01.25ACM3,2026-07-17
C관(2공장),누수규격,P1176A-01.50ACM3,2026-07-17
C관(2공장),누수규격,P1176A-01.75ACM3,2026-07-17
C관(2공장),누수규격,P1176A-02.00ACM3,2026-07-17
C관(2공장),누수규격,P1176A-02.25ACM3,2026-07-17
C관(2공장),누수규격,P1176A-02.50ACM3,2026-07-17
C관(2공장),누수규격,P1176A-02.75ACM3,2026-07-17
C관(2공장),누수규격,P1176A-03.00ACM3,2026-07-17
C관(2공장),누수규격,P1176A-03.25ACM3,2026-07-17
C관(2공장),누수규격,P1176A-03.50ACM3,2026-07-17
C관(2공장),누수규격,P1176A-03.75ACM3,2026-07-17
C관(2공장),누수규격,P1176A-04.00ACM3,2026-07-17
C관(2공장),누수규격,P1176A-04.25ACM3,2026-07-17
C관(2공장),누수규격,P1176A-04.50ACM3,2026-07-17
C관(2공장),누수규격,P1176A-04.75ACM3,2026-07-17
C관(2공장),누수규격,P1176A-05.00ACM3,2026-07-17
C관(2공장),누수규격,P1176A-05.50ACM3,2026-07-17
C관(2공장),누수규격,P1176A-06.00ACM3,2026-07-17
C관(2공장),누수규격,P1177A-00.00RNG3,2026-07-17
C관(2공장),누수규격,P1177A-00.75RNG3,2026-07-17
C관(2공장),누수규격,P1177A-01.00RNG3,2026-07-17
C관(2공장),누수규격,P1177A-01.25RNG3,2026-07-17
C관(2공장),누수규격,P1177A-01.50RNG3,2026-07-17
C관(2공장),누수규격,P1177A-01.75RNG3,2026-07-17
C관(2공장),누수규격,P1177A-02.00RNG3,2026-07-17
C관(2공장),누수규격,P1177A-02.25RNG3,2026-07-17
C관(2공장),누수규격,P1177A-02.50RNG3,2026-07-17
C관(2공장),누수규격,P1177A-02.75RNG3,2026-07-17
C관(2공장),누수규격,P1177A-03.00RNG3,2026-07-17
C관(2공장),누수규격,P1177A-03.25RNG3,2026-07-17
C관(2공장),누수규격,P1177A-03.50RNG3,2026-07-17
C관(2공장),누수규격,P1177A-03.75RNG3,2026-07-17
C관(2공장),누수규격,P1177A-04.00RNG3,2026-07-17
C관(2공장),누수규격,P1177A-04.25RNG3,2026-07-17
C관(2공장),누수규격,P1177A-04.50RNG3,2026-07-17
C관(2공장),누수규격,P1177A-04.75RNG3,2026-07-17
C관(2공장),누수규격,P1177A-05.00RNG3,2026-07-17
C관(2공장),누수규격,P1177A-05.50RNG3,2026-07-17
C관(2공장),누수규격,P1177A-06.00RNG3,2026-07-17
C관(2공장),누수규격,P1178A-00.00AFR3,2026-07-17
C관(2공장),누수규격,P1178A-00.75AFR3,2026-07-17
C관(2공장),누수규격,P1178A-01.00AFR3,2026-07-17
C관(2공장),누수규격,P1178A-01.25AFR3,2026-07-17
C관(2공장),누수규격,P1178A-01.50AFR3,2026-07-17
C관(2공장),누수규격,P1178A-01.75AFR3,2026-07-17
C관(2공장),누수규격,P1178A-02.00AFR3,2026-07-17
C관(2공장),누수규격,P1178A-02.25AFR3,2026-07-17
C관(2공장),누수규격,P1178A-02.50AFR3,2026-07-17
C관(2공장),누수규격,P1178A-02.75AFR3,2026-07-17
C관(2공장),누수규격,P1178A-03.00AFR3,2026-07-17
C관(2공장),누수규격,P1178A-03.25AFR3,2026-07-17
C관(2공장),누수규격,P1178A-03.50AFR3,2026-07-17
C관(2공장),누수규격,P1178A-03.75AFR3,2026-07-17
C관(2공장),누수규격,P1178A-04.00AFR3,2026-07-17
C관(2공장),누수규격,P1178A-04.25AFR3,2026-07-17
C관(2공장),누수규격,P1178A-04.50AFR3,2026-07-17
C관(2공장),누수규격,P1178A-04.75AFR3,2026-07-17
C관(2공장),누수규격,P1178A-05.00AFR3,2026-07-17
C관(2공장),누수규격,P1178A-05.50AFR3,2026-07-17
C관(2공장),누수규격,P1178A-06.00AFR3,2026-07-17
C관(2공장),누수규격,P1179A-00.00MST3,2026-07-17
C관(2공장),누수규격,P1179A-00.75MST3,2026-07-17
C관(2공장),누수규격,P1179A-01.00MST3,2026-07-17
C관(2공장),누수규격,P1179A-01.25MST3,2026-07-17
C관(2공장),누수규격,P1179A-01.50MST3,2026-07-17
C관(2공장),누수규격,P1179A-01.75MST3,2026-07-17
C관(2공장),누수규격,P1179A-02.00MST3,2026-07-17
C관(2공장),누수규격,P1179A-02.25MST3,2026-07-17
C관(2공장),누수규격,P1179A-02.50MST3,2026-07-17
C관(2공장),누수규격,P1179A-02.75MST3,2026-07-17
C관(2공장),누수규격,P1179A-03.00MST3,2026-07-17
C관(2공장),누수규격,P1179A-03.25MST3,2026-07-17
C관(2공장),누수규격,P1179A-03.50MST3,2026-07-17
C관(2공장),누수규격,P1179A-03.75MST3,2026-07-17
C관(2공장),누수규격,P1179A-04.00MST3,2026-07-17
C관(2공장),누수규격,P1179A-04.25MST3,2026-07-17
C관(2공장),누수규격,P1179A-04.50MST3,2026-07-17
C관(2공장),누수규격,P1179A-04.75MST3,2026-07-17
C관(2공장),누수규격,P1179A-05.00MST3,2026-07-17
C관(2공장),누수규격,P1179A-05.50MST3,2026-07-17
C관(2공장),누수규격,P1179A-06.00MST3,2026-07-17
C관(2공장),누수규격,P1180A-00.00RWD3,2026-07-17
C관(2공장),누수규격,P1180A-00.75RWD3,2026-07-17
C관(2공장),누수규격,P1180A-01.00RWD3,2026-07-17
C관(2공장),누수규격,P1180A-01.25RWD3,2026-07-17
C관(2공장),누수규격,P1180A-01.50RWD3,2026-07-28
C관(2공장),누수규격,P1180A-01.75RWD3,2026-07-28
C관(2공장),누수규격,P1180A-02.00RWD3,2026-07-17
C관(2공장),누수규격,P1180A-02.25RWD3,2026-07-17
C관(2공장),누수규격,P1180A-02.50RWD3,2026-07-17
C관(2공장),누수규격,P1180A-02.75RWD3,2026-07-17
C관(2공장),누수규격,P1180A-03.00RWD3,2026-07-17
C관(2공장),누수규격,P1180A-03.25RWD3,2026-07-17
C관(2공장),누수규격,P1180A-03.50RWD3,2026-07-17
C관(2공장),누수규격,P1180A-03.75RWD3,2026-07-17
C관(2공장),누수규격,P1180A-04.00RWD3,2026-07-17
C관(2공장),누수규격,P1180A-04.25RWD3,2026-07-17
C관(2공장),누수규격,P1180A-04.50RWD3,2026-07-17
C관(2공장),누수규격,P1180A-04.75RWD3,2026-07-17
C관(2공장),누수규격,P1180A-05.00RWD3,2026-07-17
C관(2공장),누수규격,P1180A-05.50RWD3,2026-07-17
C관(2공장),누수규격,P1180A-06.00RWD3,2026-07-17
C관(2공장),누수규격,P1181A-00.00SVL3,2026-07-17
C관(2공장),누수규격,P1181A-00.75SVL3,2026-07-17
C관(2공장),누수규격,P1181A-01.00SVL3,2026-07-17
C관(2공장),누수규격,P1181A-01.25SVL3,2026-07-17
C관(2공장),누수규격,P1181A-01.50SVL3,2026-07-17
C관(2공장),누수규격,P1181A-01.75SVL3,2026-07-17
C관(2공장),누수규격,P1181A-02.00SVL3,2026-07-17
C관(2공장),누수규격,P1181A-02.25SVL3,2026-07-17
C관(2공장),누수규격,P1181A-02.50SVL3,2026-07-17
C관(2공장),누수규격,P1181A-02.75SVL3,2026-07-17
C관(2공장),누수규격,P1181A-03.00SVL3,2026-07-17
C관(2공장),누수규격,P1181A-03.25SVL3,2026-07-17
C관(2공장),누수규격,P1181A-03.50SVL3,2026-07-17
C관(2공장),누수규격,P1181A-03.75SVL3,2026-07-17
C관(2공장),누수규격,P1181A-04.00SVL3,2026-07-17
C관(2공장),누수규격,P1181A-04.25SVL3,2026-07-17
C관(2공장),누수규격,P1181A-04.50SVL3,2026-07-17
C관(2공장),누수규격,P1181A-04.75SVL3,2026-07-17
C관(2공장),누수규격,P1181A-05.00SVL3,2026-07-17
C관(2공장),누수규격,P1181A-05.50SVL3,2026-07-17
C관(2공장),누수규격,P1181A-06.00SVL3,2026-07-17
C관(2공장),누수규격,P1182A-00.00KRB3,2026-07-31
C관(2공장),누수규격,P1182A-00.75KRB3,2026-07-31
C관(2공장),누수규격,P1182A-01.00KRB3,2026-07-31
C관(2공장),누수규격,P1182A-01.25KRB3,2026-07-31
C관(2공장),누수규격,P1182A-01.50KRB3,2026-07-31
C관(2공장),누수규격,P1182A-01.75KRB3,2026-07-31
C관(2공장),누수규격,P1182A-02.00KRB3,2026-07-31
C관(2공장),누수규격,P1182A-02.25KRB3,2026-07-31
C관(2공장),누수규격,P1182A-02.50KRB3,2026-07-31
C관(2공장),누수규격,P1182A-02.75KRB3,2026-07-31
C관(2공장),누수규격,P1182A-03.00KRB3,2026-07-31
C관(2공장),누수규격,P1182A-03.25KRB3,2026-07-31
C관(2공장),누수규격,P1182A-03.50KRB3,2026-07-31
C관(2공장),누수규격,P1182A-03.75KRB3,2026-07-31
C관(2공장),누수규격,P1182A-04.00KRB3,2026-07-31
C관(2공장),누수규격,P1182A-04.25KRB3,2026-07-31
C관(2공장),누수규격,P1182A-04.50KRB3,2026-07-31
C관(2공장),누수규격,P1182A-04.75KRB3,2026-07-31
C관(2공장),누수규격,P1182A-05.00KRB3,2026-07-31
C관(2공장),누수규격,P1182A-05.50KRB3,2026-07-31
C관(2공장),누수규격,P1182A-06.00KRB3,2026-07-31
C관(2공장),누수규격,P1182A-06.50KRB3,2026-07-31
C관(2공장),누수규격,P1182A-07.00KRB3,2026-07-31
C관(2공장),누수규격,P1182A-07.50KRB3,2026-07-31
C관(2공장),누수규격,P1182A-08.00KRB3,2026-07-31
C관(2공장),누수규격,P1183A-00.00CHN3,2026-07-31
C관(2공장),누수규격,P1183A-00.75CHN3,2026-07-31
C관(2공장),누수규격,P1183A-01.00CHN3,2026-07-31
C관(2공장),누수규격,P1183A-01.25CHN3,2026-07-31
C관(2공장),누수규격,P1183A-01.50CHN3,2026-07-31
C관(2공장),누수규격,P1183A-01.75CHN3,2026-07-31
C관(2공장),누수규격,P1183A-02.00CHN3,2026-07-31
C관(2공장),누수규격,P1183A-02.25CHN3,2026-07-31
C관(2공장),누수규격,P1183A-02.50CHN3,2026-07-31
C관(2공장),누수규격,P1183A-02.75CHN3,2026-07-31
C관(2공장),누수규격,P1183A-03.00CHN3,2026-07-31
C관(2공장),누수규격,P1183A-03.25CHN3,2026-07-31
C관(2공장),누수규격,P1183A-03.50CHN3,2026-07-31
C관(2공장),누수규격,P1183A-03.75CHN3,2026-07-31
C관(2공장),누수규격,P1183A-04.00CHN3,2026-07-31
C관(2공장),누수규격,P1183A-04.25CHN3,2026-07-31
C관(2공장),누수규격,P1183A-04.50CHN3,2026-07-31
C관(2공장),누수규격,P1183A-04.75CHN3,2026-07-31
C관(2공장),누수규격,P1183A-05.00CHN3,2026-07-31
C관(2공장),누수규격,P1183A-05.50CHN3,2026-07-31
C관(2공장),누수규격,P1183A-06.00CHN3,2026-07-31
C관(2공장),누수규격,P1183A-06.50CHN3,2026-07-31
C관(2공장),누수규격,P1183A-07.00CHN3,2026-07-31
C관(2공장),누수규격,P1183A-07.50CHN3,2026-07-31
C관(2공장),누수규격,P1183A-08.00CHN3,2026-07-31
C관(2공장),누수규격,P1256K8.70-01.75,2026-08-31
C관(2공장),누수규격,P1256K8.70-02.25,2026-08-31
C관(2공장),누수규격,P1256K8.70-02.50,2026-08-31
C관(2공장),누수규격,P1256K8.70-02.75,2026-08-31
C관(2공장),누수규격,P1256K8.70-03.00,2026-08-31
C관(2공장),누수규격,P1256K8.70-04.00,2026-08-31
C관(2공장),누수규격,P1256K8.70-04.25,2026-08-31
C관(2공장),누수규격,P1256K8.70-04.75,2026-08-31
C관(2공장),누수규격,P1256K8.70-05.75,2026-08-31
C관(2공장),누수규격,P1256K8.70-06.00,2026-08-31
C관(2공장),누수규격,P1256K8.70-06.50,2026-08-31
C관(2공장),누수규격,P1256K8.70-07.00,2026-08-31
C관(2공장),누수규격,P2010A-00.00OCE,2026-08-01
C관(2공장),누수규격,P2010A-01.00OCE,2026-08-01
C관(2공장),누수규격,P2010A-01.25OCE,2026-08-01
C관(2공장),누수규격,P2010A-02.50OCE,2026-08-01
C관(2공장),누수규격,P2010A-02.75OCE,2026-08-01
C관(2공장),누수규격,P2010A-03.50OCE,2026-08-01
C관(2공장),누수규격,P2011A-00.00RHZ,2026-08-01
C관(2공장),누수규격,P2012A-00.00HBG,2026-08-01
C관(2공장),누수규격,P2012A-03.00HBG,2026-08-01
C관(2공장),누수규격,P2014A-00.00SMG,2026-08-01
C관(2공장),누수규격,P2026A-00.00HZH,2026-08-01
C관(2공장),누수규격,P2026A-00.75HZH,2026-08-01
C관(2공장),누수규격,P2026A-01.00HZH,2026-08-01
C관(2공장),누수규격,P2026A-01.75HZH,2026-08-01
C관(2공장),누수규격,P2026A-02.00HZH,2026-08-01
C관(2공장),누수규격,P2026A-02.25HZH,2026-08-01
C관(2공장),누수규격,P2026A-05.00HZH,2026-08-01
C관(2공장),누수규격,P2026A-05.50HZH,2026-08-01
C관(2공장),누수규격,P2026A-06.00HZH,2026-08-01
C관(2공장),누수규격,P2027A-00.00AMB,2026-08-01
C관(2공장),누수규격,P2027A-02.00AMB,2026-08-01
C관(2공장),누수규격,P2027A-02.75AMB,2026-08-01
C관(2공장),누수규격,P2027A-03.25AMB,2026-08-01
C관(2공장),누수규격,P2027A-03.75AMB,2026-08-01
C관(2공장),누수규격,P2028A-00.00PTA,2026-08-01
C관(2공장),누수규격,P2028A-02.00PTA,2026-08-01
C관(2공장),누수규격,P2028A-03.00PTA,2026-08-01
C관(2공장),누수규격,P2028A-03.50PTA,2026-08-01
C관(2공장),누수규격,P2028A-03.75PTA,2026-08-01
C관(2공장),누수규격,P2028A-04.00PTA,2026-08-01
C관(2공장),누수규격,P2035A-00.00ROW,2026-08-01
C관(2공장),누수규격,P2035A-00.75ROW,2026-08-01
C관(2공장),누수규격,P2035A-01.00ROW,2026-08-01
C관(2공장),누수규격,P2035A-01.25ROW,2026-08-01
C관(2공장),누수규격,P2035A-01.50ROW,2026-08-01
C관(2공장),누수규격,P2035A-02.00ROW,2026-08-01
C관(2공장),누수규격,P2035A-02.25ROW,2026-08-01
C관(2공장),누수규격,P2035A-05.00ROW,2026-08-01
C관(2공장),누수규격,P2036A-00.00ASB,2026-08-01
C관(2공장),누수규격,P2036A-01.00ASB,2026-08-01
C관(2공장),누수규격,P2036A-01.25ASB,2026-08-01
C관(2공장),누수규격,P2036A-01.50ASB,2026-08-01
C관(2공장),누수규격,P2036A-02.00ASB,2026-08-01
C관(2공장),누수규격,P2036A-03.75ASB,2026-08-01
C관(2공장),누수규격,P2036A-04.00ASB,2026-08-01
C관(2공장),누수규격,P2115A-01.00JAB1,2026-07-25
C관(2공장),누수규격,P2115A-04.25JAB1,2026-07-25
C관(2공장),누수규격,P2115A-05.75JAB1,2026-07-25
C관(2공장),누수규격,P2116A-00.00ALR2,2026-07-25
C관(2공장),누수규격,P2116A-00.50ALR2,2026-07-25
C관(2공장),누수규격,P2116A-00.75ALR2,2026-07-25
C관(2공장),누수규격,P2116A-01.00ALR2,2026-07-25
C관(2공장),누수규격,P2116A-01.25ALR2,2026-07-25
C관(2공장),누수규격,P2116A-01.50ALR2,2026-07-25
C관(2공장),누수규격,P2116A-01.75ALR2,2026-07-25
C관(2공장),누수규격,P2116A-02.25ALR2,2026-07-25
C관(2공장),누수규격,P2116A-02.75ALR2,2026-07-25
C관(2공장),누수규격,P2116A-03.50ALR2,2026-07-25
C관(2공장),누수규격,P2116A-05.00ALR2,2026-07-25
C관(2공장),누수규격,P2116A-06.00ALR2,2026-07-25
C관(2공장),누수규격,P2116A-08.00ALR2,2026-07-25
C관(2공장),누수규격,P2134A-00.00CRB,2026-07-10
C관(2공장),누수규격,P2134A-00.50CRB,2026-07-10
C관(2공장),누수규격,P2134A-01.25CRB,2026-07-10
C관(2공장),누수규격,P2134A-01.75CRB,2026-07-10
C관(2공장),누수규격,P2134A-02.00CRB,2026-07-10
C관(2공장),누수규격,P2134A-02.50CRB,2026-07-10
C관(2공장),누수규격,P2134A-02.75CRB,2026-07-10
C관(2공장),누수규격,P2134A-03.00CRB,2026-07-10
C관(2공장),누수규격,P2134A-03.50CRB,2026-07-10
C관(2공장),누수규격,P2134A-04.25CRB,2026-07-10
C관(2공장),누수규격,P2134A-05.00CRB,2026-07-10
C관(2공장),누수규격,P2134A-05.50CRB,2026-07-10
C관(2공장),누수규격,P2135A-01.50DSB,2026-07-10
C관(2공장),누수규격,P2135A-02.00DSB,2026-07-10
C관(2공장),누수규격,P2135A-02.75DSB,2026-07-10
C관(2공장),누수규격,P2135A-04.00DSB,2026-07-10
C관(2공장),누수규격,P2136A-00.00ABR,2026-07-10
C관(2공장),누수규격,P2136A-04.00ABR,2026-07-10
C관(2공장),누수규격,P2136A-04.25ABR,2026-07-10
C관(2공장),누수규격,P2136A-05.00ABR,2026-07-10
C관(2공장),누수규격,P2137A-02.50CBR,2026-07-10
C관(2공장),누수규격,P2137A-03.00CBR,2026-07-10
C관(2공장),누수규격,P2137A-04.00CBR,2026-07-10
C관(2공장),누수규격,P2137A-04.25CBR,2026-07-10
C관(2공장),누수규격,P2137A-05.00CBR,2026-07-10
C관(2공장),누수규격,P2137A-05.50CBR,2026-07-10
C관(2공장),누수규격,P3031A-00.00NBA,2026-07-13
C관(2공장),누수규격,P3056A-04.75HCL,2026-07-16
C관(2공장),누수규격,P3071A-04.00LAD2,2026-07-16
C관(2공장),누수규격,P3075A-00.00BRW,2026-07-27
C관(2공장),누수규격,P3075A-01.00BRW,2026-07-27
C관(2공장),누수규격,P3075A-02.00BRW,2026-07-27
C관(2공장),누수규격,P3075A-02.25BRW,2026-07-27
C관(2공장),누수규격,P3075A-02.50BRW,2026-07-27
C관(2공장),누수규격,P3075A-02.75BRW,2026-07-27
C관(2공장),누수규격,P3075A-03.50BRW,2026-07-27
C관(2공장),누수규격,P3075A-05.00BRW,2026-07-27
C관(2공장),누수규격,P3075A-05.75BRW,2026-07-27
C관(2공장),누수규격,P3075A-06.00BRW,2026-07-27
C관(2공장),누수규격,P3075A-07.50BRW,2026-07-27
C관(2공장),누수규격,P3075A-08.00BRW,2026-07-27
C관(2공장),누수규격,P3076A-08.50BLM,2026-07-27
C관(2공장),누수규격,P3078A-02.25CHO,2026-07-17
C관(2공장),누수규격,P3080A-01.50,2026-07-16
C관(2공장),누수규격,P3080A-02.00,2026-07-16
C관(2공장),누수규격,P3080A-02.25,2026-07-16
C관(2공장),누수규격,P3201A-01.75GRA2,2026-07-13
C관(2공장),누수규격,P3201A-02.00GRA2,2026-07-13
C관(2공장),누수규격,P3201A-02.50GRA2,2026-07-13
C관(2공장),누수규격,P3202A-00.00BEG2,2026-07-13
C관(2공장),누수규격,P3216A-00.00JWG,2026-08-01
C관(2공장),누수규격,P3217A-08.50JWB,2026-08-01
C관(2공장),누수규격,P3217A-10.00JWB,2026-08-01
C관(2공장),누수규격,P3219A-00.00ALG,2026-08-01
C관(2공장),누수규격,P3219A-02.50ALG,2026-08-01
C관(2공장),누수규격,P3219A-02.75ALG,2026-07-30
C관(2공장),누수규격,P3219A-05.50ALG,2026-07-30
C관(2공장),누수규격,P3220A-03.00ALH,2026-07-30
C관(2공장),누수규격,P3220A-04.75ALH,2026-08-01
C관(2공장),누수규격,P3221A-00.00CCM,2026-07-30
C관(2공장),누수규격,P3221A-02.50CCM,2026-07-30
C관(2공장),누수규격,P3221A-03.00CCM,2026-08-01
C관(2공장),누수규격,P3221A-03.50CCM,2026-08-01
C관(2공장),누수규격,P3221A-03.75CCM,2026-08-01
C관(2공장),누수규격,P3221A-04.50CCM,2026-08-01
C관(2공장),누수규격,P3221A-05.00CCM,2026-07-30
C관(2공장),누수규격,P3221A-06.00CCM,2026-07-30
C관(2공장),누수규격,P3221A-07.00CCM,2026-07-30
C관(2공장),누수규격,P3224A-00.00JWG,2026-07-27
C관(2공장),누수규격,P3224A-01.50JWG,2026-07-27
C관(2공장),누수규격,P3224A-03.25JWG,2026-08-01
C관(2공장),누수규격,P3224A-04.00JWG,2026-07-27
C관(2공장),누수규격,P3224A-04.25JWG,2026-07-27
C관(2공장),누수규격,P3224A-05.00JWG,2026-08-01
C관(2공장),누수규격,P3224A-05.50JWG,2026-07-27
C관(2공장),누수규격,P3224A-06.00JWG,2026-07-27
C관(2공장),누수규격,P3224A-06.50JWG,2026-08-01
C관(2공장),누수규격,P3225A-00.00JWB,2026-07-27
C관(2공장),누수규격,P3225A-00.50JWB,2026-08-01
C관(2공장),누수규격,P3225A-01.50JWB,2026-07-27
C관(2공장),누수규격,P3225A-01.75JWB,2026-07-27
C관(2공장),누수규격,P3225A-03.00JWB,2026-08-01
C관(2공장),누수규격,P3225A-03.50JWB,2026-07-27
C관(2공장),누수규격,P3225A-04.00JWB,2026-08-01
C관(2공장),누수규격,P3225A-05.00JWB,2026-08-01
C관(2공장),누수규격,P3225A-05.50JWB,2026-08-01
C관(2공장),누수규격,P3225A-06.50JWB,2026-08-01
C관(2공장),누수규격,P3226A-00.00ALB,2026-07-27
C관(2공장),누수규격,P3226A-01.50ALB,2026-08-01
C관(2공장),누수규격,P3226A-02.25ALB,2026-07-18
C관(2공장),누수규격,P3226A-03.50ALB,2026-07-18
C관(2공장),누수규격,P3226A-06.00ALB,2026-07-18
C관(2공장),누수규격,P3227A-00.00ALG,2026-07-27
C관(2공장),누수규격,P3227A-01.00ALG,2026-07-27
C관(2공장),누수규격,P3227A-01.25ALG,2026-08-01
C관(2공장),누수규격,P3227A-01.50ALG,2026-07-27
C관(2공장),누수규격,P3227A-01.75ALG,2026-07-27
C관(2공장),누수규격,P3227A-02.00ALG,2026-08-01
C관(2공장),누수규격,P3227A-02.50ALG,2026-07-27
C관(2공장),누수규격,P3227A-03.00ALG,2026-08-01
C관(2공장),누수규격,P3227A-03.25ALG,2026-08-01
C관(2공장),누수규격,P3227A-04.25ALG,2026-08-01
C관(2공장),누수규격,P3227A-04.50ALG,2026-07-27
C관(2공장),누수규격,P3227A-04.75ALG,2026-08-01
C관(2공장),누수규격,P3227A-05.00ALG,2026-08-01
C관(2공장),누수규격,P3227A-06.00ALG,2026-08-01
C관(2공장),누수규격,P3227A-06.50ALG,2026-07-27
C관(2공장),누수규격,P3227A-08.00ALG,2026-07-18
C관(2공장),누수규격,P3228A-01.00ALH,2026-07-27
C관(2공장),누수규격,P3228A-01.75ALH,2026-08-01
C관(2공장),누수규격,P3228A-02.25ALH,2026-08-01
C관(2공장),누수규격,P3228A-03.25ALH,2026-08-01
C관(2공장),누수규격,P3228A-04.00ALH,2026-08-01
C관(2공장),누수규격,P3228A-04.25ALH,2026-08-01
C관(2공장),누수규격,P3228A-06.00ALH,2026-07-27
C관(2공장),누수규격,P3229A-00.00CCM,2026-07-18
C관(2공장),누수규격,P3229A-01.50CCM,2026-07-18
C관(2공장),누수규격,P3229A-02.50CCM,2026-07-27
C관(2공장),누수규격,P3229A-04.00CCM,2026-07-27
C관(2공장),누수규격,P3229A-05.00CCM,2026-07-27
C관(2공장),누수규격,P3229A-06.50CCM,2026-07-18
C관(2공장),누수규격,P4821A-02.50BUL,2026-07-27
C관(2공장),누수규격,P4821A-02.75BUL,2026-07-27
C관(2공장),누수규격,P4821A-03.00BUL,2026-07-27
C관(2공장),누수규격,P4821A-03.50BUL,2026-07-27
C관(2공장),누수규격,P4821A-04.25BUL,2026-07-27
C관(2공장),누수규격,P4821A-05.00BUL,2026-07-27
C관(2공장),누수규격,P4821A-05.50BUL,2026-07-27
C관(2공장),누수규격,P4834A-00.00CBM,2026-08-28
C관(2공장),누수규격,P4834A-01.75CBM,2026-08-28
C관(2공장),누수규격,P4834A-03.25CBM,2026-08-28
C관(2공장),누수규격,P4834A-03.50CBM,2026-08-28
C관(2공장),누수규격,P4843A-02.00-0.75180BRW,2026-07-16
C관(2공장),누수규격,P4843A-02.50-0.75180BRW,2026-07-16
C관(2공장),누수규격,P4843A-03.00-0.75180BRW,2026-07-16
C관(2공장),누수규격,P4843A-07.00-0.75180BRW,2026-07-16
C관(2공장),누수규격,P4843A-07.50-0.75180BRW,2026-07-16
C관(2공장),누수규격,P4844A-01.75-1.25180BRW,2026-07-16
C관(2공장),누수규격,P4844A-03.50-1.25180BRW,2026-07-16
C관(2공장),누수규격,P4844A-06.50-1.25180BRW,2026-07-16
C관(2공장),누수규격,P4844A-08.50-1.25180BRW,2026-07-16
C관(2공장),누수규격,P4845A-00.00-1.75180BRW,2026-07-16
C관(2공장),누수규격,P4845A-00.50-1.75180BRW,2026-07-16
C관(2공장),누수규격,P4845A-01.00-1.75180BRW,2026-07-16
C관(2공장),누수규격,P4845A-01.25-1.75180BRW,2026-07-16
C관(2공장),누수규격,P4845A-01.50-1.75180BRW,2026-07-16
C관(2공장),누수규격,P4845A-02.25-1.75180BRW,2026-07-16
C관(2공장),누수규격,P4845A-02.75-1.75180BRW,2026-07-16
C관(2공장),누수규격,P4845A-03.50-1.75180BRW,2026-07-16
C관(2공장),누수규격,P4845A-03.75-1.75180BRW,2026-07-16
C관(2공장),누수규격,P4845A-04.25-1.75180BRW,2026-07-16
C관(2공장),누수규격,P4845A-04.75-1.75180BRW,2026-07-16
C관(2공장),누수규격,P4845A-05.50-1.75180BRW,2026-07-16
C관(2공장),누수규격,P4845A-05.75-1.75180BRW,2026-07-16
C관(2공장),누수규격,P4845A-06.00-1.75180BRW,2026-07-16
C관(2공장),누수규격,P4845A-07.00-1.75180BRW,2026-07-16
C관(2공장),누수규격,P4845A-07.50-1.75180BRW,2026-07-16
C관(2공장),누수규격,P4845A-08.00-1.75180BRW,2026-07-16
C관(2공장),누수규격,P4845A-08.50-1.75180BRW,2026-07-16
C관(2공장),누수규격,P4846A-01.25-0.75180GRA,2026-07-16
C관(2공장),누수규격,P4846A-03.75-0.75180GRA,2026-07-16
C관(2공장),누수규격,P4846A-04.25-0.75180GRA,2026-07-16
C관(2공장),누수규격,P4846A-04.50-0.75180GRA,2026-07-16
C관(2공장),누수규격,P4846A-05.00-0.75180GRA,2026-07-16
C관(2공장),누수규격,P4846A-06.50-0.75180GRA,2026-07-16
C관(2공장),누수규격,P4847A-00.00-1.25180GRA,2026-07-16
C관(2공장),누수규격,P4847A-01.75-1.25180GRA,2026-07-16
C관(2공장),누수규격,P4847A-02.25-1.25180GRA,2026-07-16
C관(2공장),누수규격,P4847A-02.50-1.25180GRA,2026-07-16
C관(2공장),누수규격,P4847A-03.25-1.25180GRA,2026-07-16
C관(2공장),누수규격,P4847A-04.75-1.25180GRA,2026-07-16
C관(2공장),누수규격,P4847A-05.50-1.25180GRA,2026-07-16
C관(2공장),누수규격,P4847A-06.00-1.25180GRA,2026-07-16
C관(2공장),누수규격,P4847A-07.00-1.25180GRA,2026-07-16
C관(2공장),누수규격,P4848A-00.00-1.75180GRA,2026-07-16
C관(2공장),누수규격,P4848A-02.00-1.75180GRA,2026-07-16
C관(2공장),누수규격,P4848A-02.25-1.75180GRA,2026-07-16
C관(2공장),누수규격,P4848A-02.50-1.75180GRA,2026-07-16
C관(2공장),누수규격,P4848A-02.75-1.75180GRA,2026-07-16
C관(2공장),누수규격,P4848A-03.25-1.75180GRA,2026-07-16
C관(2공장),누수규격,P4848A-03.50-1.75180GRA,2026-07-16
C관(2공장),누수규격,P4848A-04.00-1.75180GRA,2026-07-16
C관(2공장),누수규격,P4848A-04.75-1.75180GRA,2026-07-16
C관(2공장),누수규격,P4848A-05.00-1.75180GRA,2026-07-16
C관(2공장),누수규격,P4848A-05.25-1.75180GRA,2026-07-16
C관(2공장),누수규격,P4848A-05.50-1.75180GRA,2026-07-16
C관(2공장),누수규격,P4848A-06.00-1.75180GRA,2026-07-16
C관(2공장),누수규격,P4848A-06.50-1.75180GRA,2026-07-16
C관(2공장),누수규격,P4848A-07.00-1.75180GRA,2026-07-16
C관(2공장),누수규격,P4848A-07.50-1.75180GRA,2026-07-16
C관(2공장),누수규격,P4848A-08.00-1.75180GRA,2026-07-16
C관(2공장),누수규격,P5062A-03.00FPN,2026-07-16
C관(2공장),누수규격,P5248A-05.50TPR,2026-07-16
C관(2공장),누수규격,P5252A-05.50,2026-07-13
C관(2공장),누수규격,P5261A-00.00LAC,2026-07-24
C관(2공장),누수규격,P5261A-01.25LAC,2026-07-24
C관(2공장),누수규격,P5335A-02.00-1.25180CHC,2026-07-10
C관(2공장),누수규격,P5335A-03.00-1.25180CHC,2026-07-10
C관(2공장),누수규격,P5335A-03.75-1.25180CHC,2026-07-10
C관(2공장),누수규격,P5335A-05.00-1.25180CHC,2026-07-10
C관(2공장),누수규격,P5335A-05.50-1.25180CHC,2026-07-10
C관(2공장),누수규격,P5336A-00.50-1.75180CHC,2026-07-10
C관(2공장),누수규격,P5336A-02.00-1.75180CHC,2026-07-10
C관(2공장),누수규격,P5336A-02.25-1.75180CHC,2026-07-10
C관(2공장),누수규격,P5336A-06.00-1.75180CHC,2026-07-10
C관(2공장),누수규격,P5336A-07.00-1.75180CHC,2026-07-10
C관(2공장),누수규격,P7015A-10.00GQZ,2026-07-16
C관(2공장),누수규격,P7021A-02.75PUE,2026-07-16
C관(2공장),누수규격,P7022A-02.00RUD,2026-07-16
C관(2공장),누수규격,P7024A-00.00IDR,2026-07-16
C관(2공장),누수규격,P7024A-04.25IDR,2026-07-16
C관(2공장),누수규격,P7035M-00.00MCR,2026-07-16
C관(2공장),누수규격,P7035M-01.75MCR,2026-07-16
C관(2공장),누수규격,P7035M-02.75MCR,2026-07-16
C관(2공장),누수규격,P7036M-00.00CRR,2026-07-16
C관(2공장),누수규격,P7041A-02.25MLB,2026-07-16
C관(2공장),누수규격,P7041A-02.75MLB,2026-07-16
C관(2공장),누수규격,P7041A-03.75MLB,2026-07-16
C관(2공장),누수규격,P7041A-08.00MLB,2026-07-16
C관(2공장),누수규격,P7500A-02.75WTW,2026-07-16
C관(2공장),누수규격,P7501A-08.50CRB,2026-07-16
C관(2공장),누수규격,P7529M-03.50OCE3,2026-07-16
C관(2공장),누수규격,P7533M-04.00DAP3,2026-07-16
C관(2공장),누수규격,P7536M-00.00STQ2,2026-07-16
C관(2공장),분리,Q0007-00.00RHA2,2026-07-07
C관(2공장),분리,Q0007-00.50RHA2,2026-07-22
C관(2공장),분리,Q0007-00.75RHA2,2026-07-22
C관(2공장),분리,Q0007-01.00RHA2,2026-07-22
C관(2공장),분리,Q0007-01.25RHA2,2026-07-22
C관(2공장),분리,Q0007-01.75RHA2,2026-07-22
C관(2공장),분리,Q0007-02.00RHA2,2026-07-22
C관(2공장),분리,Q0007-02.25RHA2,2026-07-07
C관(2공장),분리,Q0007-02.50RHA2,2026-07-07
C관(2공장),분리,Q0007-02.75RHA2,2026-07-22
C관(2공장),분리,Q0007-03.00RHA2,2026-07-22
C관(2공장),분리,Q0007-03.50RHA2,2026-07-07
C관(2공장),분리,Q0007-03.75RHA2,2026-07-22
C관(2공장),분리,Q0007-04.00RHA2,2026-07-22
C관(2공장),분리,Q0007-04.50RHA2,2026-07-22
C관(2공장),분리,Q0007-04.75RHA2,2026-07-07
C관(2공장),분리,Q0007-05.50RHA2,2026-07-22
C관(2공장),분리,Q0007-06.00RHA2,2026-07-22
C관(2공장),분리,Q0007-07.00RHA2,2026-08-05
C관(2공장),분리,Q0007-08.50RHA2,2026-07-22
C관(2공장),분리,Q0007-10.00RHA2,2026-07-22
C관(2공장),분리,Q0008-00.00LAT2,2026-07-23
C관(2공장),분리,Q0008-00.50LAT2,2026-07-23
C관(2공장),분리,Q0008-01.00LAT2,2026-07-23
C관(2공장),분리,Q0008-01.25LAT2,2026-07-23
C관(2공장),분리,Q0008-01.50LAT2,2026-07-23
C관(2공장),분리,Q0008-02.25LAT2,2026-07-23
C관(2공장),분리,Q0008-02.50LAT2,2026-07-23
C관(2공장),분리,Q0008-03.75LAT2,2026-07-23
C관(2공장),분리,Q0008-04.75LAT2,2026-07-23
C관(2공장),분리,Q0008-05.00LAT2,2026-07-23
C관(2공장),분리,Q0008-06.00LAT2,2026-07-23
C관(2공장),분리,Q0008-09.00LAT2,2026-07-23
C관(2공장),분리,Q0010-00.00SOB,2026-07-22
C관(2공장),분리,Q0010-00.50SOB,2026-07-22
C관(2공장),분리,Q0010-01.00SOB,2026-07-07
C관(2공장),분리,Q0010-01.25SOB,2026-07-07
C관(2공장),분리,Q0010-01.50SOB,2026-07-07
C관(2공장),분리,Q0010-01.75SOB,2026-07-07
C관(2공장),분리,Q0010-02.00SOB,2026-07-07
C관(2공장),분리,Q0010-02.25SOB,2026-07-07
C관(2공장),분리,Q0010-02.50SOB,2026-07-07
C관(2공장),분리,Q0010-02.75SOB,2026-07-07
C관(2공장),분리,Q0010-03.00SOB,2026-07-07
C관(2공장),분리,Q0010-03.50SOB,2026-07-07
C관(2공장),분리,Q0010-04.25SOB,2026-07-07
C관(2공장),분리,Q0010-04.50SOB,2026-07-07
C관(2공장),분리,Q0010-04.75SOB,2026-07-07
C관(2공장),분리,Q0010-05.00SOB,2026-07-07
C관(2공장),분리,Q0010-05.25SOB,2026-07-07
C관(2공장),분리,Q0010-05.50SOB,2026-07-07
C관(2공장),분리,Q0010-05.75SOB,2026-07-07
C관(2공장),분리,Q0010-06.00SOB,2026-07-07
C관(2공장),분리,Q0010-06.50SOB,2026-07-07
C관(2공장),분리,Q0010-09.00SOB,2026-07-22
C관(2공장),분리,Q0011-00.00JAZ,2026-07-23
C관(2공장),분리,Q0011-00.50JAZ,2026-07-23
C관(2공장),분리,Q0011-01.25JAZ,2026-07-23
C관(2공장),분리,Q0011-02.00JAZ,2026-07-23
C관(2공장),분리,Q0011-02.25JAZ,2026-07-23
C관(2공장),분리,Q0011-02.50JAZ,2026-07-23
C관(2공장),분리,Q0011-02.75JAZ,2026-07-23
C관(2공장),분리,Q0011-03.00JAZ,2026-07-23
C관(2공장),분리,Q0011-03.25JAZ,2026-07-19
C관(2공장),분리,Q0011-03.75JAZ,2026-07-23
C관(2공장),분리,Q0011-04.00JAZ,2026-07-23
C관(2공장),분리,Q0011-04.25JAZ,2026-07-21
C관(2공장),분리,Q0011-05.00JAZ,2026-07-23
C관(2공장),분리,Q0011-05.50JAZ,2026-07-23
C관(2공장),분리,Q0011-08.50JAZ,2026-07-23
C관(2공장),분리,Q0019-00.00SGR,2026-07-07
C관(2공장),분리,Q0019-00.50SGR,2026-07-07
C관(2공장),분리,Q0019-01.00SGR,2026-07-07
C관(2공장),분리,Q0019-02.00SGR,2026-07-07
C관(2공장),분리,Q0019-02.25SGR,2026-07-07
C관(2공장),분리,Q0019-02.50SGR,2026-07-07
C관(2공장),분리,Q0019-02.75SGR,2026-07-07
C관(2공장),분리,Q0019-03.00SGR,2026-07-07
C관(2공장),분리,Q0019-03.25SGR,2026-07-22
C관(2공장),분리,Q0019-03.50SGR,2026-07-07
C관(2공장),분리,Q0019-03.75SGR,2026-07-07
C관(2공장),분리,Q0019-04.25SGR,2026-07-07
C관(2공장),분리,Q0019-04.50SGR,2026-07-22
C관(2공장),분리,Q0019-05.00SGR,2026-07-07
C관(2공장),분리,Q0019-05.50SGR,2026-07-07
C관(2공장),분리,Q0019-06.00SGR,2026-07-07
C관(2공장),분리,Q0019-06.50SGR,2026-07-07
C관(2공장),분리,Q0019-09.00SGR,2026-07-07
C관(2공장),분리,Q0112-07.50MHB,2026-07-23
C관(2공장),분리,Q0113-00.00GLB2,2026-07-20
C관(2공장),분리,Q0113-03.00GLB2,2026-07-20
C관(2공장),분리,Q0113-05.50GLB2,2026-07-20
C관(2공장),분리,Q0113-08.00GLB2,2026-07-20
C관(2공장),분리,Q0114-00.00GLL2,2026-07-06
C관(2공장),분리,Q0114-00.50GLL2,2026-07-06
C관(2공장),분리,Q0114-01.00GLL2,2026-07-06
C관(2공장),분리,Q0114-01.25GLL2,2026-07-06
C관(2공장),분리,Q0114-01.50GLL2,2026-07-06
C관(2공장),분리,Q0114-01.75GLL2,2026-07-06
C관(2공장),분리,Q0114-02.00GLL2,2026-07-06
C관(2공장),분리,Q0114-02.25GLL2,2026-07-06
C관(2공장),분리,Q0114-02.50GLL2,2026-07-06
C관(2공장),분리,Q0114-02.75GLL2,2026-07-06
C관(2공장),분리,Q0114-03.00GLL2,2026-07-06
C관(2공장),분리,Q0114-03.25GLL2,2026-07-06
C관(2공장),분리,Q0114-03.50GLL2,2026-07-06
C관(2공장),분리,Q0114-03.75GLL2,2026-07-06
C관(2공장),분리,Q0114-04.00GLL2,2026-07-06
C관(2공장),분리,Q0114-04.25GLL2,2026-07-06
C관(2공장),분리,Q0114-04.50GLL2,2026-07-06
C관(2공장),분리,Q0114-04.75GLL2,2026-07-06
C관(2공장),분리,Q0114-05.00GLL2,2026-07-06
C관(2공장),분리,Q0114-05.50GLL2,2026-07-06
C관(2공장),분리,Q0114-06.00GLL2,2026-07-06
C관(2공장),분리,Q0114-06.50GLL2,2026-07-06
C관(2공장),분리,Q0114-07.00GLL2,2026-07-06
C관(2공장),분리,Q0114-07.50GLL2,2026-07-06
C관(2공장),분리,Q0114-08.00GLL2,2026-07-06
C관(2공장),분리,Q0212-01.50-1.75180,2026-07-07
C관(2공장),분리,Q0213-00.00ALR,2026-07-21
C관(2공장),분리,Q0213-00.50ALR,2026-07-21
C관(2공장),분리,Q0213-00.75ALR,2026-07-21
C관(2공장),분리,Q0213-01.00ALR,2026-07-21
C관(2공장),분리,Q0213-01.25ALR,2026-07-21
C관(2공장),분리,Q0213-01.50ALR,2026-07-21
C관(2공장),분리,Q0213-01.75ALR,2026-07-21
C관(2공장),분리,Q0213-02.25ALR,2026-07-21
C관(2공장),분리,Q0213-02.75ALR,2026-07-21
C관(2공장),분리,Q0213-03.50ALR,2026-07-21
C관(2공장),분리,Q0213-05.00ALR,2026-07-21
C관(2공장),분리,Q0213-05.25ALR,2026-07-22
C관(2공장),분리,Q0213-05.50ALR,2026-07-22
C관(2공장),분리,Q0213-06.00ALR,2026-07-21
C관(2공장),분리,Q0213-07.00ALR,2026-07-22
C관(2공장),분리,Q0213-08.00ALR,2026-07-21
C관(2공장),분리,Q0213-09.00ALR,2026-07-22
C관(2공장),분리,Q0554-04.75SPQ,2026-07-12
C관(2공장),분리,Q0581-00.00MRS,2026-07-28
C관(2공장),분리,Q0581-00.75MRS,2026-07-28
C관(2공장),분리,Q0581-01.25MRS,2026-07-28
C관(2공장),분리,Q0581-02.50MRS,2026-07-28
C관(2공장),분리,Q0582-00.00EAR,2026-07-28
C관(2공장),분리,Q0583-00.00VEN,2026-07-28
C관(2공장),분리,Q0583-02.25VEN,2026-07-28
C관(2공장),분리,Q0583-03.00VEN,2026-07-28
C관(2공장),분리,Q0583-04.00VEN,2026-07-28
C관(2공장),분리,Q1021-00.00HKA3,2026-07-12
C관(2공장),분리,Q1060-00.00GBY2,2026-07-12
C관(2공장),분리,Q1061-00.00CRW3,2026-07-12
C관(2공장),분리,Q1061-01.75CRW3,2026-07-12
C관(2공장),분리,Q1061-02.25CRW3,2026-07-12
C관(2공장),분리,Q1061-02.50CRW3,2026-07-12
C관(2공장),분리,Q1061-02.75CRW3,2026-07-12
C관(2공장),분리,Q1061-03.00CRW3,2026-07-12
C관(2공장),분리,Q1061-04.00CRW3,2026-07-12
C관(2공장),분리,Q1061-05.00CRW3,2026-07-12
C관(2공장),분리,Q1061-05.25CRW3,2026-07-12
C관(2공장),분리,Q1064-05.75-0.75180BBN2,2026-07-12
C관(2공장),분리,Q1087-03.75BTT3,2026-07-15
C관(2공장),분리,Q1087-07.50BTT3,2026-07-15
C관(2공장),분리,Q1095-00.00PBN3,2026-08-06
C관(2공장),분리,Q1095-01.00PBN3,2026-08-06
C관(2공장),분리,Q1095-01.25PBN3,2026-08-06
C관(2공장),분리,Q1095-01.50PBN3,2026-08-06
C관(2공장),분리,Q1095-01.75PBN3,2026-08-06
C관(2공장),분리,Q1095-02.00PBN3,2026-08-06
C관(2공장),분리,Q1095-02.25PBN3,2026-08-06
C관(2공장),분리,Q1095-02.50PBN3,2026-08-06
C관(2공장),분리,Q1095-02.75PBN3,2026-08-06
C관(2공장),분리,Q1095-03.00PBN3,2026-08-06
C관(2공장),분리,Q1095-03.25PBN3,2026-08-06
C관(2공장),분리,Q1095-03.50PBN3,2026-08-06
C관(2공장),분리,Q1095-03.75PBN3,2026-08-06
C관(2공장),분리,Q1095-04.00PBN3,2026-08-06
C관(2공장),분리,Q1095-04.25PBN3,2026-08-06
C관(2공장),분리,Q1095-04.50PBN3,2026-08-06
C관(2공장),분리,Q1095-04.75PBN3,2026-08-06
C관(2공장),분리,Q1095-05.00PBN3,2026-08-06
C관(2공장),분리,Q1095-05.25PBN3,2026-08-06
C관(2공장),분리,Q1095-05.50PBN3,2026-08-06
C관(2공장),분리,Q1095-05.75PBN3,2026-08-06
C관(2공장),분리,Q1095-06.00PBN3,2026-08-06
C관(2공장),분리,Q1095-06.50PBN3,2026-08-06
C관(2공장),분리,Q1095-07.00PBN3,2026-08-06
C관(2공장),분리,Q1095-07.50PBN3,2026-08-06
C관(2공장),분리,Q1095-08.00PBN3,2026-08-06
C관(2공장),분리,Q1096-00.00GEN3,2026-08-06
C관(2공장),분리,Q1096-01.00GEN3,2026-08-06
C관(2공장),분리,Q1096-01.25GEN3,2026-08-06
C관(2공장),분리,Q1096-01.50GEN3,2026-08-06
C관(2공장),분리,Q1096-01.75GEN3,2026-08-06
C관(2공장),분리,Q1096-02.00GEN3,2026-08-06
C관(2공장),분리,Q1096-02.25GEN3,2026-08-06
C관(2공장),분리,Q1096-02.50GEN3,2026-08-06
C관(2공장),분리,Q1096-02.75GEN3,2026-08-06
C관(2공장),분리,Q1096-03.00GEN3,2026-08-06
C관(2공장),분리,Q1096-03.25GEN3,2026-08-06
C관(2공장),분리,Q1096-03.50GEN3,2026-08-06
C관(2공장),분리,Q1096-03.75GEN3,2026-08-06
C관(2공장),분리,Q1096-04.00GEN3,2026-08-06
C관(2공장),분리,Q1096-04.25GEN3,2026-08-06
C관(2공장),분리,Q1096-04.50GEN3,2026-08-06
C관(2공장),분리,Q1096-04.75GEN3,2026-08-06
C관(2공장),분리,Q1096-05.00GEN3,2026-08-06
C관(2공장),분리,Q1096-05.25GEN3,2026-08-06
C관(2공장),분리,Q1096-05.50GEN3,2026-08-06
C관(2공장),분리,Q1096-05.75GEN3,2026-08-06
C관(2공장),분리,Q1096-06.00GEN3,2026-08-06
C관(2공장),분리,Q1096-06.50GEN3,2026-08-06
C관(2공장),분리,Q1096-07.00GEN3,2026-08-06
C관(2공장),분리,Q1096-07.50GEN3,2026-08-06
C관(2공장),분리,Q1096-08.00GEN3,2026-08-06
C관(2공장),분리,Q1097-00.00BRN3,2026-08-06
C관(2공장),분리,Q1097-01.00BRN3,2026-08-06
C관(2공장),분리,Q1097-01.25BRN3,2026-08-06
C관(2공장),분리,Q1097-01.50BRN3,2026-08-06
C관(2공장),분리,Q1097-01.75BRN3,2026-08-06
C관(2공장),분리,Q1097-02.00BRN3,2026-08-06
C관(2공장),분리,Q1097-02.25BRN3,2026-08-06
C관(2공장),분리,Q1097-02.50BRN3,2026-08-06
C관(2공장),분리,Q1097-02.75BRN3,2026-08-06
C관(2공장),분리,Q1097-03.00BRN3,2026-08-06
C관(2공장),분리,Q1097-03.25BRN3,2026-08-06
C관(2공장),분리,Q1097-03.50BRN3,2026-08-06
C관(2공장),분리,Q1097-03.75BRN3,2026-08-06
C관(2공장),분리,Q1097-04.00BRN3,2026-08-06
C관(2공장),분리,Q1097-04.25BRN3,2026-08-06
C관(2공장),분리,Q1097-04.50BRN3,2026-08-06
C관(2공장),분리,Q1097-04.75BRN3,2026-08-06
C관(2공장),분리,Q1097-05.00BRN3,2026-08-06
C관(2공장),분리,Q1097-05.25BRN3,2026-08-06
C관(2공장),분리,Q1097-05.50BRN3,2026-08-06
C관(2공장),분리,Q1097-05.75BRN3,2026-08-06
C관(2공장),분리,Q1097-06.00BRN3,2026-08-06
C관(2공장),분리,Q1097-06.50BRN3,2026-08-06
C관(2공장),분리,Q1097-07.00BRN3,2026-08-06
C관(2공장),분리,Q1097-07.50BRN3,2026-08-06
C관(2공장),분리,Q1097-08.00BRN3,2026-08-06
C관(2공장),분리,Q1098-00.00PPE3,2026-08-06
C관(2공장),분리,Q1098-01.00PPE3,2026-08-06
C관(2공장),분리,Q1098-01.25PPE3,2026-08-06
C관(2공장),분리,Q1098-01.50PPE3,2026-08-06
C관(2공장),분리,Q1098-01.75PPE3,2026-08-06
C관(2공장),분리,Q1098-02.00PPE3,2026-08-06
C관(2공장),분리,Q1098-02.25PPE3,2026-08-06
C관(2공장),분리,Q1098-02.50PPE3,2026-08-06
C관(2공장),분리,Q1098-02.75PPE3,2026-08-06
C관(2공장),분리,Q1098-03.00PPE3,2026-08-06
C관(2공장),분리,Q1098-03.25PPE3,2026-08-06
C관(2공장),분리,Q1098-03.50PPE3,2026-08-06
C관(2공장),분리,Q1098-03.75PPE3,2026-08-06
C관(2공장),분리,Q1098-04.00PPE3,2026-08-06
C관(2공장),분리,Q1098-04.25PPE3,2026-08-06
C관(2공장),분리,Q1098-04.50PPE3,2026-08-06
C관(2공장),분리,Q1098-04.75PPE3,2026-08-06
C관(2공장),분리,Q1098-05.00PPE3,2026-08-06
C관(2공장),분리,Q1098-05.25PPE3,2026-08-06
C관(2공장),분리,Q1098-05.50PPE3,2026-08-06
C관(2공장),분리,Q1098-05.75PPE3,2026-08-06
C관(2공장),분리,Q1098-06.00PPE3,2026-08-06
C관(2공장),분리,Q1098-06.50PPE3,2026-08-06
C관(2공장),분리,Q1098-07.00PPE3,2026-08-06
C관(2공장),분리,Q1098-07.50PPE3,2026-08-06
C관(2공장),분리,Q1098-08.00PPE3,2026-08-06
C관(2공장),분리,Q1099-00.00ABN3,2026-08-06
C관(2공장),분리,Q1099-01.00ABN3,2026-08-06
C관(2공장),분리,Q1099-01.25ABN3,2026-08-06
C관(2공장),분리,Q1099-01.50ABN3,2026-08-06
C관(2공장),분리,Q1099-01.75ABN3,2026-08-06
C관(2공장),분리,Q1099-02.00ABN3,2026-08-06
C관(2공장),분리,Q1099-02.25ABN3,2026-08-06
C관(2공장),분리,Q1099-02.50ABN3,2026-08-06
C관(2공장),분리,Q1099-02.75ABN3,2026-08-06
C관(2공장),분리,Q1099-03.00ABN3,2026-08-06
C관(2공장),분리,Q1099-03.25ABN3,2026-08-06
C관(2공장),분리,Q1099-03.50ABN3,2026-08-06
C관(2공장),분리,Q1099-03.75ABN3,2026-08-06
C관(2공장),분리,Q1099-04.00ABN3,2026-08-06
C관(2공장),분리,Q1099-04.25ABN3,2026-08-06
C관(2공장),분리,Q1099-04.50ABN3,2026-08-06
C관(2공장),분리,Q1099-04.75ABN3,2026-08-06
C관(2공장),분리,Q1099-05.00ABN3,2026-08-06
C관(2공장),분리,Q1099-05.25ABN3,2026-08-06
C관(2공장),분리,Q1099-05.50ABN3,2026-08-06
C관(2공장),분리,Q1099-05.75ABN3,2026-08-06
C관(2공장),분리,Q1099-06.00ABN3,2026-08-06
C관(2공장),분리,Q1099-06.50ABN3,2026-08-06
C관(2공장),분리,Q1099-07.00ABN3,2026-08-06
C관(2공장),분리,Q1099-07.50ABN3,2026-08-06
C관(2공장),분리,Q1099-08.00ABN3,2026-08-06
C관(2공장),분리,Q1144-00.00BMP3,2026-07-19
C관(2공장),분리,Q1144-00.75BMP3,2026-07-19
C관(2공장),분리,Q1144-01.00BMP3,2026-07-19
C관(2공장),분리,Q1144-01.25BMP3,2026-07-19
C관(2공장),분리,Q1144-01.50BMP3,2026-07-19
C관(2공장),분리,Q1144-01.75BMP3,2026-07-19
C관(2공장),분리,Q1144-02.00BMP3,2026-07-19
C관(2공장),분리,Q1144-02.25BMP3,2026-07-19
C관(2공장),분리,Q1144-02.50BMP3,2026-07-19
C관(2공장),분리,Q1144-02.75BMP3,2026-07-19
C관(2공장),분리,Q1144-03.00BMP3,2026-07-19
C관(2공장),분리,Q1144-03.25BMP3,2026-07-19
C관(2공장),분리,Q1144-03.50BMP3,2026-07-19
C관(2공장),분리,Q1144-03.75BMP3,2026-07-19
C관(2공장),분리,Q1144-04.00BMP3,2026-07-19
C관(2공장),분리,Q1144-04.25BMP3,2026-07-19
C관(2공장),분리,Q1144-04.50BMP3,2026-07-19
C관(2공장),분리,Q1144-04.75BMP3,2026-07-19
C관(2공장),분리,Q1144-05.00BMP3,2026-07-19
C관(2공장),분리,Q1144-05.50BMP3,2026-07-19
C관(2공장),분리,Q1144-06.00BMP3,2026-07-19
C관(2공장),분리,Q1144-06.50BMP3,2026-07-19
C관(2공장),분리,Q1144-07.00BMP3,2026-07-19
C관(2공장),분리,Q1144-07.50BMP3,2026-07-19
C관(2공장),분리,Q1144-08.00BMP3,2026-07-19
C관(2공장),분리,Q1146-00.00BMB3,2026-07-19
C관(2공장),분리,Q1146-00.75BMB3,2026-07-19
C관(2공장),분리,Q1146-01.00BMB3,2026-07-19
C관(2공장),분리,Q1146-01.25BMB3,2026-07-19
C관(2공장),분리,Q1146-01.50BMB3,2026-07-19
C관(2공장),분리,Q1146-01.75BMB3,2026-07-19
C관(2공장),분리,Q1146-02.00BMB3,2026-07-19
C관(2공장),분리,Q1146-02.25BMB3,2026-07-19
C관(2공장),분리,Q1146-02.50BMB3,2026-07-19
C관(2공장),분리,Q1146-02.75BMB3,2026-07-19
C관(2공장),분리,Q1146-03.00BMB3,2026-07-19
C관(2공장),분리,Q1146-03.25BMB3,2026-07-19
C관(2공장),분리,Q1146-03.50BMB3,2026-07-19
C관(2공장),분리,Q1146-03.75BMB3,2026-07-19
C관(2공장),분리,Q1146-04.00BMB3,2026-07-19
C관(2공장),분리,Q1146-04.25BMB3,2026-07-19
C관(2공장),분리,Q1146-04.50BMB3,2026-07-19
C관(2공장),분리,Q1146-04.75BMB3,2026-07-19
C관(2공장),분리,Q1146-05.00BMB3,2026-07-19
C관(2공장),분리,Q1146-05.50BMB3,2026-07-19
C관(2공장),분리,Q1146-06.00BMB3,2026-07-19
C관(2공장),분리,Q1146-06.50BMB3,2026-07-19
C관(2공장),분리,Q1146-07.00BMB3,2026-07-19
C관(2공장),분리,Q1146-07.50BMB3,2026-07-19
C관(2공장),분리,Q1146-08.00BMB3,2026-07-19
C관(2공장),분리,Q1147-00.00BMG3,2026-07-19
C관(2공장),분리,Q1147-00.75BMG3,2026-07-19
C관(2공장),분리,Q1147-01.00BMG3,2026-07-19
C관(2공장),분리,Q1147-01.25BMG3,2026-07-19
C관(2공장),분리,Q1147-01.50BMG3,2026-07-19
C관(2공장),분리,Q1147-01.75BMG3,2026-07-19
C관(2공장),분리,Q1147-02.00BMG3,2026-07-19
C관(2공장),분리,Q1147-02.25BMG3,2026-07-19
C관(2공장),분리,Q1147-02.50BMG3,2026-07-19
C관(2공장),분리,Q1147-02.75BMG3,2026-07-19
C관(2공장),분리,Q1147-03.00BMG3,2026-07-19
C관(2공장),분리,Q1147-03.25BMG3,2026-07-19
C관(2공장),분리,Q1147-03.50BMG3,2026-07-19
C관(2공장),분리,Q1147-03.75BMG3,2026-07-19
C관(2공장),분리,Q1147-04.00BMG3,2026-07-19
C관(2공장),분리,Q1147-04.25BMG3,2026-07-19
C관(2공장),분리,Q1147-04.50BMG3,2026-07-19
C관(2공장),분리,Q1147-04.75BMG3,2026-07-19
C관(2공장),분리,Q1147-05.00BMG3,2026-07-19
C관(2공장),분리,Q1147-05.50BMG3,2026-07-19
C관(2공장),분리,Q1147-06.00BMG3,2026-07-19
C관(2공장),분리,Q1147-06.50BMG3,2026-07-19
C관(2공장),분리,Q1147-07.00BMG3,2026-07-19
C관(2공장),분리,Q1147-07.50BMG3,2026-07-19
C관(2공장),분리,Q1147-08.00BMG3,2026-07-19
C관(2공장),분리,Q1148-00.00BMH3,2026-07-19
C관(2공장),분리,Q1148-00.75BMH3,2026-07-19
C관(2공장),분리,Q1148-01.00BMH3,2026-07-19
C관(2공장),분리,Q1148-01.25BMH3,2026-07-19
C관(2공장),분리,Q1148-01.50BMH3,2026-07-19
C관(2공장),분리,Q1148-01.75BMH3,2026-07-19
C관(2공장),분리,Q1148-02.00BMH3,2026-07-19
C관(2공장),분리,Q1148-02.25BMH3,2026-07-19
C관(2공장),분리,Q1148-02.50BMH3,2026-07-19
C관(2공장),분리,Q1148-02.75BMH3,2026-07-19
C관(2공장),분리,Q1148-03.00BMH3,2026-07-19
C관(2공장),분리,Q1148-03.25BMH3,2026-07-19
C관(2공장),분리,Q1148-03.50BMH3,2026-07-19
C관(2공장),분리,Q1148-03.75BMH3,2026-07-19
C관(2공장),분리,Q1148-04.00BMH3,2026-07-19
C관(2공장),분리,Q1148-04.25BMH3,2026-07-19
C관(2공장),분리,Q1148-04.50BMH3,2026-07-19
C관(2공장),분리,Q1148-04.75BMH3,2026-07-19
C관(2공장),분리,Q1148-05.00BMH3,2026-07-19
C관(2공장),분리,Q1148-05.50BMH3,2026-07-19
C관(2공장),분리,Q1148-06.00BMH3,2026-07-19
C관(2공장),분리,Q1148-06.50BMH3,2026-07-19
C관(2공장),분리,Q1148-07.00BMH3,2026-07-19
C관(2공장),분리,Q1148-07.50BMH3,2026-07-19
C관(2공장),분리,Q1148-08.00BMH3,2026-07-19
C관(2공장),분리,Q1149-00.00BMC3,2026-07-19
C관(2공장),분리,Q1149-00.75BMC3,2026-07-19
C관(2공장),분리,Q1149-01.00BMC3,2026-07-19
C관(2공장),분리,Q1149-01.25BMC3,2026-07-19
C관(2공장),분리,Q1149-01.50BMC3,2026-07-19
C관(2공장),분리,Q1149-01.75BMC3,2026-07-19
C관(2공장),분리,Q1149-02.00BMC3,2026-07-19
C관(2공장),분리,Q1149-02.25BMC3,2026-07-19
C관(2공장),분리,Q1149-02.50BMC3,2026-07-19
C관(2공장),분리,Q1149-02.75BMC3,2026-07-19
C관(2공장),분리,Q1149-03.00BMC3,2026-07-19
C관(2공장),분리,Q1149-03.25BMC3,2026-07-19
C관(2공장),분리,Q1149-03.50BMC3,2026-07-19
C관(2공장),분리,Q1149-03.75BMC3,2026-07-19
C관(2공장),분리,Q1149-04.00BMC3,2026-07-19
C관(2공장),분리,Q1149-04.25BMC3,2026-07-19
C관(2공장),분리,Q1149-04.50BMC3,2026-07-19
C관(2공장),분리,Q1149-04.75BMC3,2026-07-19
C관(2공장),분리,Q1149-05.00BMC3,2026-07-19
C관(2공장),분리,Q1149-05.50BMC3,2026-07-19
C관(2공장),분리,Q1149-06.00BMC3,2026-07-19
C관(2공장),분리,Q1149-06.50BMC3,2026-07-19
C관(2공장),분리,Q1149-07.00BMC3,2026-07-19
C관(2공장),분리,Q1149-07.50BMC3,2026-07-19
C관(2공장),분리,Q1149-08.00BMC3,2026-07-19
C관(2공장),분리,Q1170-00.00NWK3,2026-07-17
C관(2공장),분리,Q1170-00.75NWK3,2026-07-17
C관(2공장),분리,Q1170-01.00NWK3,2026-07-17
C관(2공장),분리,Q1170-01.25NWK3,2026-07-17
C관(2공장),분리,Q1170-01.50NWK3,2026-07-17
C관(2공장),분리,Q1170-01.75NWK3,2026-07-17
C관(2공장),분리,Q1170-02.00NWK3,2026-07-17
C관(2공장),분리,Q1170-02.25NWK3,2026-07-17
C관(2공장),분리,Q1170-02.50NWK3,2026-07-17
C관(2공장),분리,Q1170-02.75NWK3,2026-07-17
C관(2공장),분리,Q1170-03.00NWK3,2026-07-17
C관(2공장),분리,Q1170-03.25NWK3,2026-07-17
C관(2공장),분리,Q1170-03.50NWK3,2026-07-17
C관(2공장),분리,Q1170-03.75NWK3,2026-07-17
C관(2공장),분리,Q1170-04.00NWK3,2026-07-17
C관(2공장),분리,Q1170-04.25NWK3,2026-07-17
C관(2공장),분리,Q1170-04.50NWK3,2026-07-17
C관(2공장),분리,Q1170-04.75NWK3,2026-07-17
C관(2공장),분리,Q1170-05.00NWK3,2026-07-17
C관(2공장),분리,Q1170-05.50NWK3,2026-07-17
C관(2공장),분리,Q1170-06.00NWK3,2026-07-17
C관(2공장),분리,Q1170-06.50NWK3,2026-07-17
C관(2공장),분리,Q1170-07.00NWK3,2026-07-17
C관(2공장),분리,Q1170-07.50NWK3,2026-07-17
C관(2공장),분리,Q1170-08.00NWK3,2026-07-17
C관(2공장),분리,Q1171-00.00GTP3,2026-07-17
C관(2공장),분리,Q1171-00.75GTP3,2026-07-17
C관(2공장),분리,Q1171-01.00GTP3,2026-07-17
C관(2공장),분리,Q1171-01.25GTP3,2026-07-17
C관(2공장),분리,Q1171-01.50GTP3,2026-07-17
C관(2공장),분리,Q1171-01.75GTP3,2026-07-17
C관(2공장),분리,Q1171-02.00GTP3,2026-07-17
C관(2공장),분리,Q1171-02.25GTP3,2026-07-17
C관(2공장),분리,Q1171-02.50GTP3,2026-07-17
C관(2공장),분리,Q1171-02.75GTP3,2026-07-17
C관(2공장),분리,Q1171-03.00GTP3,2026-07-17
C관(2공장),분리,Q1171-03.25GTP3,2026-07-17
C관(2공장),분리,Q1171-03.50GTP3,2026-07-17
C관(2공장),분리,Q1171-03.75GTP3,2026-07-17
C관(2공장),분리,Q1171-04.00GTP3,2026-07-17
C관(2공장),분리,Q1171-04.25GTP3,2026-07-17
C관(2공장),분리,Q1171-04.50GTP3,2026-07-17
C관(2공장),분리,Q1171-04.75GTP3,2026-07-17
C관(2공장),분리,Q1171-05.00GTP3,2026-07-17
C관(2공장),분리,Q1171-05.50GTP3,2026-07-17
C관(2공장),분리,Q1171-06.00GTP3,2026-07-17
C관(2공장),분리,Q1171-06.50GTP3,2026-07-17
C관(2공장),분리,Q1171-07.00GTP3,2026-07-17
C관(2공장),분리,Q1171-07.50GTP3,2026-07-17
C관(2공장),분리,Q1171-08.00GTP3,2026-07-17
C관(2공장),분리,Q1173-00.00MCM3,2026-07-13
C관(2공장),분리,Q1173-01.00MCM3,2026-07-13
C관(2공장),분리,Q1173-01.25MCM3,2026-07-13
C관(2공장),분리,Q1173-01.50MCM3,2026-07-13
C관(2공장),분리,Q1173-01.75MCM3,2026-07-13
C관(2공장),분리,Q1173-02.00MCM3,2026-07-13
C관(2공장),분리,Q1173-02.25MCM3,2026-07-13
C관(2공장),분리,Q1173-02.50MCM3,2026-07-13
C관(2공장),분리,Q1173-02.75MCM3,2026-07-13
C관(2공장),분리,Q1173-03.00MCM3,2026-07-13
C관(2공장),분리,Q1173-03.25MCM3,2026-07-13
C관(2공장),분리,Q1173-03.50MCM3,2026-07-13
C관(2공장),분리,Q1173-03.75MCM3,2026-07-13
C관(2공장),분리,Q1173-04.00MCM3,2026-07-13
C관(2공장),분리,Q1173-04.25MCM3,2026-07-13
C관(2공장),분리,Q1173-04.50MCM3,2026-07-13
C관(2공장),분리,Q1173-04.75MCM3,2026-07-13
C관(2공장),분리,Q1173-05.00MCM3,2026-07-13
C관(2공장),분리,Q1173-05.50MCM3,2026-07-13
C관(2공장),분리,Q1173-06.00MCM3,2026-07-13
C관(2공장),분리,Q1174-00.00BNS3,2026-07-13
C관(2공장),분리,Q1174-01.00BNS3,2026-07-13
C관(2공장),분리,Q1174-01.25BNS3,2026-07-13
C관(2공장),분리,Q1174-01.50BNS3,2026-07-13
C관(2공장),분리,Q1174-01.75BNS3,2026-07-13
C관(2공장),분리,Q1174-02.00BNS3,2026-07-13
C관(2공장),분리,Q1174-02.25BNS3,2026-07-13
C관(2공장),분리,Q1174-02.50BNS3,2026-07-13
C관(2공장),분리,Q1174-02.75BNS3,2026-07-13
C관(2공장),분리,Q1174-03.00BNS3,2026-07-13
C관(2공장),분리,Q1174-03.25BNS3,2026-07-13
C관(2공장),분리,Q1174-03.50BNS3,2026-07-13
C관(2공장),분리,Q1174-03.75BNS3,2026-07-13
C관(2공장),분리,Q1174-04.00BNS3,2026-07-13
C관(2공장),분리,Q1174-04.25BNS3,2026-07-13
C관(2공장),분리,Q1174-04.50BNS3,2026-07-13
C관(2공장),분리,Q1174-04.75BNS3,2026-07-13
C관(2공장),분리,Q1174-05.00BNS3,2026-07-13
C관(2공장),분리,Q1174-05.50BNS3,2026-07-13
C관(2공장),분리,Q1174-06.00BNS3,2026-07-13
C관(2공장),분리,Q1175-00.00VVM3,2026-07-13
C관(2공장),분리,Q1175-01.00VVM3,2026-07-13
C관(2공장),분리,Q1175-01.25VVM3,2026-07-13
C관(2공장),분리,Q1175-01.50VVM3,2026-07-13
C관(2공장),분리,Q1175-01.75VVM3,2026-07-13
C관(2공장),분리,Q1175-02.00VVM3,2026-07-13
C관(2공장),분리,Q1175-02.25VVM3,2026-07-13
C관(2공장),분리,Q1175-02.50VVM3,2026-07-13
C관(2공장),분리,Q1175-02.75VVM3,2026-07-13
C관(2공장),분리,Q1175-03.00VVM3,2026-07-13
C관(2공장),분리,Q1175-03.25VVM3,2026-07-13
C관(2공장),분리,Q1175-03.50VVM3,2026-07-13
C관(2공장),분리,Q1175-03.75VVM3,2026-07-13
C관(2공장),분리,Q1175-04.00VVM3,2026-07-13
C관(2공장),분리,Q1175-04.25VVM3,2026-07-13
C관(2공장),분리,Q1175-04.50VVM3,2026-07-13
C관(2공장),분리,Q1175-04.75VVM3,2026-07-13
C관(2공장),분리,Q1175-05.00VVM3,2026-07-13
C관(2공장),분리,Q1175-05.50VVM3,2026-07-13
C관(2공장),분리,Q1175-06.00VVM3,2026-07-13
C관(2공장),분리,Q1176-00.00ACM3,2026-07-24
C관(2공장),분리,Q1176-00.75ACM3,2026-07-13
C관(2공장),분리,Q1176-01.00ACM3,2026-07-13
C관(2공장),분리,Q1176-01.25ACM3,2026-07-13
C관(2공장),분리,Q1176-01.50ACM3,2026-07-13
C관(2공장),분리,Q1176-01.75ACM3,2026-07-13
C관(2공장),분리,Q1176-02.00ACM3,2026-07-13
C관(2공장),분리,Q1176-02.25ACM3,2026-07-13
C관(2공장),분리,Q1176-02.50ACM3,2026-07-13
C관(2공장),분리,Q1176-02.75ACM3,2026-07-13
C관(2공장),분리,Q1176-03.00ACM3,2026-07-13
C관(2공장),분리,Q1176-03.25ACM3,2026-07-13
C관(2공장),분리,Q1176-03.50ACM3,2026-07-13
C관(2공장),분리,Q1176-03.75ACM3,2026-07-13
C관(2공장),분리,Q1176-04.00ACM3,2026-07-13
C관(2공장),분리,Q1176-04.25ACM3,2026-07-13
C관(2공장),분리,Q1176-04.50ACM3,2026-07-13
C관(2공장),분리,Q1176-04.75ACM3,2026-07-13
C관(2공장),분리,Q1176-05.00ACM3,2026-07-13
C관(2공장),분리,Q1176-05.50ACM3,2026-07-13
C관(2공장),분리,Q1176-06.00ACM3,2026-07-13
C관(2공장),분리,Q1177-00.00RNG3,2026-07-13
C관(2공장),분리,Q1177-00.75RNG3,2026-07-13
C관(2공장),분리,Q1177-01.00RNG3,2026-07-13
C관(2공장),분리,Q1177-01.25RNG3,2026-07-13
C관(2공장),분리,Q1177-01.50RNG3,2026-07-13
C관(2공장),분리,Q1177-01.75RNG3,2026-07-13
C관(2공장),분리,Q1177-02.00RNG3,2026-07-13
C관(2공장),분리,Q1177-02.25RNG3,2026-07-13
C관(2공장),분리,Q1177-02.50RNG3,2026-07-13
C관(2공장),분리,Q1177-02.75RNG3,2026-07-13
C관(2공장),분리,Q1177-03.00RNG3,2026-07-13
C관(2공장),분리,Q1177-03.25RNG3,2026-07-24
C관(2공장),분리,Q1177-03.50RNG3,2026-07-13
C관(2공장),분리,Q1177-03.75RNG3,2026-07-13
C관(2공장),분리,Q1177-04.00RNG3,2026-07-13
C관(2공장),분리,Q1177-04.25RNG3,2026-07-13
C관(2공장),분리,Q1177-04.50RNG3,2026-07-13
C관(2공장),분리,Q1177-04.75RNG3,2026-07-13
C관(2공장),분리,Q1177-05.00RNG3,2026-07-13
C관(2공장),분리,Q1177-05.50RNG3,2026-07-13
C관(2공장),분리,Q1177-06.00RNG3,2026-07-13
C관(2공장),분리,Q1178-00.00AFR3,2026-07-13
C관(2공장),분리,Q1178-00.75AFR3,2026-07-13
C관(2공장),분리,Q1178-01.00AFR3,2026-07-13
C관(2공장),분리,Q1178-01.25AFR3,2026-07-13
C관(2공장),분리,Q1178-01.50AFR3,2026-07-13
C관(2공장),분리,Q1178-01.75AFR3,2026-07-13
C관(2공장),분리,Q1178-02.00AFR3,2026-07-13
C관(2공장),분리,Q1178-02.25AFR3,2026-07-13
C관(2공장),분리,Q1178-02.50AFR3,2026-07-13
C관(2공장),분리,Q1178-02.75AFR3,2026-07-13
C관(2공장),분리,Q1178-03.00AFR3,2026-07-13
C관(2공장),분리,Q1178-03.25AFR3,2026-07-24
C관(2공장),분리,Q1178-03.50AFR3,2026-07-13
C관(2공장),분리,Q1178-03.75AFR3,2026-07-13
C관(2공장),분리,Q1178-04.00AFR3,2026-07-13
C관(2공장),분리,Q1178-04.25AFR3,2026-07-24
C관(2공장),분리,Q1178-04.50AFR3,2026-07-13
C관(2공장),분리,Q1178-04.75AFR3,2026-07-13
C관(2공장),분리,Q1178-05.00AFR3,2026-07-13
C관(2공장),분리,Q1178-05.50AFR3,2026-07-13
C관(2공장),분리,Q1178-06.00AFR3,2026-07-13
C관(2공장),분리,Q1179-00.00MST3,2026-07-13
C관(2공장),분리,Q1179-00.75MST3,2026-07-13
C관(2공장),분리,Q1179-01.00MST3,2026-07-13
C관(2공장),분리,Q1179-01.25MST3,2026-07-13
C관(2공장),분리,Q1179-01.50MST3,2026-07-13
C관(2공장),분리,Q1179-01.75MST3,2026-07-13
C관(2공장),분리,Q1179-02.00MST3,2026-07-13
C관(2공장),분리,Q1179-02.25MST3,2026-07-13
C관(2공장),분리,Q1179-02.50MST3,2026-07-13
C관(2공장),분리,Q1179-02.75MST3,2026-07-13
C관(2공장),분리,Q1179-03.00MST3,2026-07-13
C관(2공장),분리,Q1179-03.25MST3,2026-07-13
C관(2공장),분리,Q1179-03.50MST3,2026-07-13
C관(2공장),분리,Q1179-03.75MST3,2026-07-13
C관(2공장),분리,Q1179-04.00MST3,2026-07-13
C관(2공장),분리,Q1179-04.25MST3,2026-07-13
C관(2공장),분리,Q1179-04.50MST3,2026-07-13
C관(2공장),분리,Q1179-04.75MST3,2026-07-13
C관(2공장),분리,Q1179-05.00MST3,2026-07-13
C관(2공장),분리,Q1179-05.50MST3,2026-07-13
C관(2공장),분리,Q1179-06.00MST3,2026-07-13
C관(2공장),분리,Q1180-00.00RWD3,2026-07-13
C관(2공장),분리,Q1180-00.75RWD3,2026-07-13
C관(2공장),분리,Q1180-01.00RWD3,2026-07-24
C관(2공장),분리,Q1180-01.25RWD3,2026-07-24
C관(2공장),분리,Q1180-01.50RWD3,2026-07-24
C관(2공장),분리,Q1180-01.75RWD3,2026-07-24
C관(2공장),분리,Q1180-02.00RWD3,2026-07-13
C관(2공장),분리,Q1180-02.25RWD3,2026-07-13
C관(2공장),분리,Q1180-02.50RWD3,2026-07-13
C관(2공장),분리,Q1180-02.75RWD3,2026-07-13
C관(2공장),분리,Q1180-03.00RWD3,2026-07-13
C관(2공장),분리,Q1180-03.25RWD3,2026-07-13
C관(2공장),분리,Q1180-03.50RWD3,2026-07-13
C관(2공장),분리,Q1180-03.75RWD3,2026-07-13
C관(2공장),분리,Q1180-04.00RWD3,2026-07-13
C관(2공장),분리,Q1180-04.25RWD3,2026-07-13
C관(2공장),분리,Q1180-04.50RWD3,2026-07-13
C관(2공장),분리,Q1180-04.75RWD3,2026-07-13
C관(2공장),분리,Q1180-05.00RWD3,2026-07-13
C관(2공장),분리,Q1180-05.50RWD3,2026-07-13
C관(2공장),분리,Q1180-06.00RWD3,2026-07-13
C관(2공장),분리,Q1181-00.00SVL3,2026-07-13
C관(2공장),분리,Q1181-00.75SVL3,2026-07-13
C관(2공장),분리,Q1181-01.00SVL3,2026-07-13
C관(2공장),분리,Q1181-01.25SVL3,2026-07-13
C관(2공장),분리,Q1181-01.50SVL3,2026-07-13
C관(2공장),분리,Q1181-01.75SVL3,2026-07-13
C관(2공장),분리,Q1181-02.00SVL3,2026-07-13
C관(2공장),분리,Q1181-02.25SVL3,2026-07-13
C관(2공장),분리,Q1181-02.50SVL3,2026-07-13
C관(2공장),분리,Q1181-02.75SVL3,2026-07-13
C관(2공장),분리,Q1181-03.00SVL3,2026-07-13
C관(2공장),분리,Q1181-03.25SVL3,2026-07-13
C관(2공장),분리,Q1181-03.50SVL3,2026-07-13
C관(2공장),분리,Q1181-03.75SVL3,2026-07-13
C관(2공장),분리,Q1181-04.00SVL3,2026-07-13
C관(2공장),분리,Q1181-04.25SVL3,2026-07-13
C관(2공장),분리,Q1181-04.50SVL3,2026-07-13
C관(2공장),분리,Q1181-04.75SVL3,2026-07-13
C관(2공장),분리,Q1181-05.00SVL3,2026-07-13
C관(2공장),분리,Q1181-05.50SVL3,2026-07-13
C관(2공장),분리,Q1181-06.00SVL3,2026-07-13
C관(2공장),분리,Q1182-00.00KRB3,2026-07-27
C관(2공장),분리,Q1182-00.75KRB3,2026-07-27
C관(2공장),분리,Q1182-01.00KRB3,2026-07-27
C관(2공장),분리,Q1182-01.25KRB3,2026-07-27
C관(2공장),분리,Q1182-01.50KRB3,2026-07-27
C관(2공장),분리,Q1182-01.75KRB3,2026-07-27
C관(2공장),분리,Q1182-02.00KRB3,2026-07-27
C관(2공장),분리,Q1182-02.25KRB3,2026-07-27
C관(2공장),분리,Q1182-02.50KRB3,2026-07-27
C관(2공장),분리,Q1182-02.75KRB3,2026-07-27
C관(2공장),분리,Q1182-03.00KRB3,2026-07-27
C관(2공장),분리,Q1182-03.25KRB3,2026-07-27
C관(2공장),분리,Q1182-03.50KRB3,2026-07-27
C관(2공장),분리,Q1182-03.75KRB3,2026-07-27
C관(2공장),분리,Q1182-04.00KRB3,2026-07-27
C관(2공장),분리,Q1182-04.25KRB3,2026-07-27
C관(2공장),분리,Q1182-04.50KRB3,2026-07-27
C관(2공장),분리,Q1182-04.75KRB3,2026-07-27
C관(2공장),분리,Q1182-05.00KRB3,2026-07-27
C관(2공장),분리,Q1182-05.50KRB3,2026-07-27
C관(2공장),분리,Q1182-06.00KRB3,2026-07-27
C관(2공장),분리,Q1182-06.50KRB3,2026-07-27
C관(2공장),분리,Q1182-07.00KRB3,2026-07-27
C관(2공장),분리,Q1182-07.50KRB3,2026-07-27
C관(2공장),분리,Q1182-08.00KRB3,2026-07-27
C관(2공장),분리,Q1183-00.00CHN3,2026-07-27
C관(2공장),분리,Q1183-00.75CHN3,2026-07-27
C관(2공장),분리,Q1183-01.00CHN3,2026-07-27
C관(2공장),분리,Q1183-01.25CHN3,2026-07-27
C관(2공장),분리,Q1183-01.50CHN3,2026-07-27
C관(2공장),분리,Q1183-01.75CHN3,2026-07-27
C관(2공장),분리,Q1183-02.00CHN3,2026-07-27
C관(2공장),분리,Q1183-02.25CHN3,2026-07-27
C관(2공장),분리,Q1183-02.50CHN3,2026-07-27
C관(2공장),분리,Q1183-02.75CHN3,2026-07-27
C관(2공장),분리,Q1183-03.00CHN3,2026-07-27
C관(2공장),분리,Q1183-03.25CHN3,2026-07-27
C관(2공장),분리,Q1183-03.50CHN3,2026-07-27
C관(2공장),분리,Q1183-03.75CHN3,2026-07-27
C관(2공장),분리,Q1183-04.00CHN3,2026-07-27
C관(2공장),분리,Q1183-04.25CHN3,2026-07-27
C관(2공장),분리,Q1183-04.50CHN3,2026-07-27
C관(2공장),분리,Q1183-04.75CHN3,2026-07-27
C관(2공장),분리,Q1183-05.00CHN3,2026-07-27
C관(2공장),분리,Q1183-05.50CHN3,2026-07-27
C관(2공장),분리,Q1183-06.00CHN3,2026-07-27
C관(2공장),분리,Q1183-06.50CHN3,2026-07-27
C관(2공장),분리,Q1183-07.00CHN3,2026-07-27
C관(2공장),분리,Q1183-07.50CHN3,2026-07-27
C관(2공장),분리,Q1183-08.00CHN3,2026-07-27
C관(2공장),분리,Q12558.70-01.75,2026-08-27
C관(2공장),분리,Q12558.70-02.25,2026-08-27
C관(2공장),분리,Q12558.70-02.50,2026-08-27
C관(2공장),분리,Q12558.70-02.75,2026-08-27
C관(2공장),분리,Q12558.70-03.00,2026-08-27
C관(2공장),분리,Q12558.70-04.00,2026-08-27
C관(2공장),분리,Q12558.70-04.25,2026-08-27
C관(2공장),분리,Q12558.70-04.75,2026-08-27
C관(2공장),분리,Q12558.70-05.75,2026-08-27
C관(2공장),분리,Q12558.70-06.00,2026-08-27
C관(2공장),분리,Q12558.70-06.50,2026-08-27
C관(2공장),분리,Q12558.70-07.00,2026-08-27
C관(2공장),분리,Q2010-00.00OCE,2026-07-28
C관(2공장),분리,Q2010-01.00OCE,2026-07-28
C관(2공장),분리,Q2010-01.25OCE,2026-07-28
C관(2공장),분리,Q2010-02.50OCE,2026-07-28
C관(2공장),분리,Q2010-02.75OCE,2026-07-28
C관(2공장),분리,Q2010-03.50OCE,2026-07-28
C관(2공장),분리,Q2011-00.00RHZ,2026-07-28
C관(2공장),분리,Q2012-00.00HBG,2026-07-28
C관(2공장),분리,Q2012-03.00HBG,2026-07-28
C관(2공장),분리,Q2014-00.00SMG,2026-07-28
C관(2공장),분리,Q2026-00.00HZH,2026-07-28
C관(2공장),분리,Q2026-00.75HZH,2026-07-28
C관(2공장),분리,Q2026-01.00HZH,2026-07-28
C관(2공장),분리,Q2026-01.75HZH,2026-07-28
C관(2공장),분리,Q2026-02.00HZH,2026-07-28
C관(2공장),분리,Q2026-02.25HZH,2026-07-28
C관(2공장),분리,Q2026-05.00HZH,2026-07-28
C관(2공장),분리,Q2026-05.50HZH,2026-07-28
C관(2공장),분리,Q2026-06.00HZH,2026-07-28
C관(2공장),분리,Q2027-00.00AMB,2026-07-28
C관(2공장),분리,Q2027-02.00AMB,2026-07-28
C관(2공장),분리,Q2027-02.75AMB,2026-07-28
C관(2공장),분리,Q2027-03.25AMB,2026-07-28
C관(2공장),분리,Q2027-03.75AMB,2026-07-28
C관(2공장),분리,Q2028-00.00PTA,2026-07-28
C관(2공장),분리,Q2028-02.00PTA,2026-07-28
C관(2공장),분리,Q2028-03.00PTA,2026-07-28
C관(2공장),분리,Q2028-03.50PTA,2026-07-28
C관(2공장),분리,Q2028-03.75PTA,2026-07-28
C관(2공장),분리,Q2028-04.00PTA,2026-07-28
C관(2공장),분리,Q2035-00.00ROW,2026-07-28
C관(2공장),분리,Q2035-00.75ROW,2026-07-28
C관(2공장),분리,Q2035-01.00ROW,2026-07-28
C관(2공장),분리,Q2035-01.25ROW,2026-07-28
C관(2공장),분리,Q2035-01.50ROW,2026-07-28
C관(2공장),분리,Q2035-02.00ROW,2026-07-28
C관(2공장),분리,Q2035-02.25ROW,2026-07-28
C관(2공장),분리,Q2035-05.00ROW,2026-07-28
C관(2공장),분리,Q2036-00.00ASB,2026-07-28
C관(2공장),분리,Q2036-01.00ASB,2026-07-28
C관(2공장),분리,Q2036-01.25ASB,2026-07-28
C관(2공장),분리,Q2036-01.50ASB,2026-07-28
C관(2공장),분리,Q2036-02.00ASB,2026-07-28
C관(2공장),분리,Q2036-03.75ASB,2026-07-28
C관(2공장),분리,Q2036-04.00ASB,2026-07-28
C관(2공장),분리,Q2134-00.00CRB,2026-07-06
C관(2공장),분리,Q2134-02.00CRB,2026-07-06
C관(2공장),분리,Q2134-02.50CRB,2026-07-06
C관(2공장),분리,Q2134-03.00CRB,2026-07-06
C관(2공장),분리,Q2134-05.00CRB,2026-07-06
C관(2공장),분리,Q2134-05.50CRB,2026-07-06
C관(2공장),분리,Q2135-02.00DSB,2026-07-06
C관(2공장),분리,Q2135-04.00DSB,2026-07-06
C관(2공장),분리,Q2136-00.00ABR,2026-07-06
C관(2공장),분리,Q2136-04.00ABR,2026-07-06
C관(2공장),분리,Q2136-04.25ABR,2026-07-06
C관(2공장),분리,Q2136-05.00ABR,2026-07-06
C관(2공장),분리,Q2137-02.50CBR,2026-07-06
C관(2공장),분리,Q2137-03.00CBR,2026-07-06
C관(2공장),분리,Q2137-04.00CBR,2026-07-06
C관(2공장),분리,Q2137-04.25CBR,2026-07-06
C관(2공장),분리,Q2137-05.00CBR,2026-07-06
C관(2공장),분리,Q2137-05.50CBR,2026-07-06
C관(2공장),분리,Q3056-04.75HCL,2026-07-12
C관(2공장),분리,Q3071-04.00LAD3,2026-07-12
C관(2공장),분리,Q3075-00.00BRW,2026-07-23
C관(2공장),분리,Q3075-01.00BRW,2026-07-23
C관(2공장),분리,Q3075-02.00BRW,2026-07-23
C관(2공장),분리,Q3075-02.50BRW,2026-07-23
C관(2공장),분리,Q3075-02.75BRW,2026-07-23
C관(2공장),분리,Q3075-03.50BRW,2026-07-23
C관(2공장),분리,Q3075-05.00BRW,2026-07-23
C관(2공장),분리,Q3075-05.75BRW,2026-07-23
C관(2공장),분리,Q3075-06.00BRW,2026-07-23
C관(2공장),분리,Q3075-07.50BRW,2026-07-23
C관(2공장),분리,Q3075-08.00BRW,2026-07-23
C관(2공장),분리,Q3076-08.50BLM,2026-07-23
C관(2공장),분리,Q3078-02.25CHO,2026-07-13
C관(2공장),분리,Q3080-01.50,2026-07-12
C관(2공장),분리,Q3080-02.00,2026-07-12
C관(2공장),분리,Q3080-02.25,2026-07-12
C관(2공장),분리,Q3201-01.75GRA2,2026-07-09
C관(2공장),분리,Q3201-02.00GRA2,2026-07-09
C관(2공장),분리,Q3201-02.50GRA2,2026-07-09
C관(2공장),분리,Q3211-01.50GOL314.2,2026-07-23
C관(2공장),분리,Q3211-03.25GOL314.2,2026-07-28
C관(2공장),분리,Q3211-04.00GOL314.2,2026-07-23
C관(2공장),분리,Q3211-04.25GOL314.2,2026-07-23
C관(2공장),분리,Q3211-05.00GOL314.2,2026-07-28
C관(2공장),분리,Q3211-05.50GOL314.2,2026-07-23
C관(2공장),분리,Q3211-06.00GOL314.2,2026-07-23
C관(2공장),분리,Q3211-06.50GOL314.2,2026-07-28
C관(2공장),분리,Q3212-00.50BLK314.2,2026-07-28
C관(2공장),분리,Q3212-01.50BLK314.2,2026-07-23
C관(2공장),분리,Q3212-01.75BLK314.2,2026-07-23
C관(2공장),분리,Q3212-03.00BLK314.2,2026-07-28
C관(2공장),분리,Q3212-03.50BLK314.2,2026-07-23
C관(2공장),분리,Q3212-04.00BLK314.2,2026-07-28
C관(2공장),분리,Q3212-05.00BLK314.2,2026-07-28
C관(2공장),분리,Q3212-05.50BLK314.2,2026-07-28
C관(2공장),분리,Q3212-06.50BLK314.2,2026-07-28
C관(2공장),분리,Q3212-08.50BLK314.2,2026-07-28
C관(2공장),분리,Q3212-10.00BLK314.2,2026-07-28
C관(2공장),분리,Q3213-00.00BLU314.2,2026-07-23
C관(2공장),분리,Q3213-01.50BLU314.2,2026-07-28
C관(2공장),분리,Q3214-00.00GRA314.2,2026-07-23
C관(2공장),분리,Q3214-01.00GRA314.2,2026-07-23
C관(2공장),분리,Q3214-01.25GRA314.2,2026-07-28
C관(2공장),분리,Q3214-01.50GRA314.2,2026-07-23
C관(2공장),분리,Q3214-01.75GRA314.2,2026-07-23
C관(2공장),분리,Q3214-02.00GRA314.2,2026-07-28
C관(2공장),분리,Q3214-02.50GRA314.2,2026-07-23
C관(2공장),분리,Q3214-02.75GRA314.2,2026-07-26
C관(2공장),분리,Q3214-03.00GRA314.2,2026-07-28
C관(2공장),분리,Q3214-03.25GRA314.2,2026-07-28
C관(2공장),분리,Q3214-04.25GRA314.2,2026-07-28
C관(2공장),분리,Q3214-04.50GRA314.2,2026-07-23
C관(2공장),분리,Q3214-04.75GRA314.2,2026-07-28
C관(2공장),분리,Q3214-05.00GRA314.2,2026-07-28
C관(2공장),분리,Q3214-05.50GRA314.2,2026-07-26
C관(2공장),분리,Q3214-06.00GRA314.2,2026-07-28
C관(2공장),분리,Q3214-06.50GRA314.2,2026-07-23
C관(2공장),분리,Q3215-01.00HAZ314.2,2026-07-23
C관(2공장),분리,Q3215-01.75HAZ314.2,2026-07-28
C관(2공장),분리,Q3215-02.25HAZ314.2,2026-07-28
C관(2공장),분리,Q3215-03.00HAZ314.2,2026-07-26
C관(2공장),분리,Q3215-03.25HAZ314.2,2026-07-28
C관(2공장),분리,Q3215-04.00HAZ314.2,2026-07-28
C관(2공장),분리,Q3215-04.25HAZ314.2,2026-07-28
C관(2공장),분리,Q3215-04.75HAZ314.2,2026-07-28
C관(2공장),분리,Q3215-06.00HAZ314.2,2026-07-23
C관(2공장),분리,Q3221-00.00CCM,2026-07-14
C관(2공장),분리,Q3221-03.50CCM,2026-07-28
C관(2공장),분리,Q3221-03.75CCM,2026-07-28
C관(2공장),분리,Q3221-05.00CCM,2026-07-23
C관(2공장),분리,Q3221-06.00CCM,2026-07-28
C관(2공장),분리,Q4821-02.50BUL,2026-07-23
C관(2공장),분리,Q4821-02.75BUL,2026-07-23
C관(2공장),분리,Q4821-03.00BUL,2026-07-23
C관(2공장),분리,Q4821-03.50BUL,2026-07-23
C관(2공장),분리,Q4821-04.25BUL,2026-07-23
C관(2공장),분리,Q4821-05.00BUL,2026-07-23
C관(2공장),분리,Q4821-05.50BUL,2026-07-23
C관(2공장),분리,Q4834-00.00CBM,2026-08-24
C관(2공장),분리,Q4834-01.75CBM,2026-08-24
C관(2공장),분리,Q4834-03.25CBM,2026-08-24
C관(2공장),분리,Q4834-03.50CBM,2026-08-24
C관(2공장),분리,Q4843-02.50-0.75180BRW,2026-07-12
C관(2공장),분리,Q4843-03.00-0.75180BRW,2026-07-12
C관(2공장),분리,Q4843-07.00-0.75180BRW,2026-07-12
C관(2공장),분리,Q4843-07.50-0.75180BRW,2026-07-12
C관(2공장),분리,Q4844-01.75-1.25180BRW,2026-07-12
C관(2공장),분리,Q4844-03.50-1.25180BRW,2026-07-12
C관(2공장),분리,Q4844-06.50-1.25180BRW,2026-07-12
C관(2공장),분리,Q4844-08.50-1.25180BRW,2026-07-12
C관(2공장),분리,Q4845-00.00-1.75180BRW,2026-07-12
C관(2공장),분리,Q4845-00.50-1.75180BRW,2026-07-12
C관(2공장),분리,Q4845-01.00-1.75180BRW,2026-07-12
C관(2공장),분리,Q4845-01.25-1.75180BRW,2026-07-12
C관(2공장),분리,Q4845-01.50-1.75180BRW,2026-07-12
C관(2공장),분리,Q4845-02.25-1.75180BRW,2026-07-12
C관(2공장),분리,Q4845-02.75-1.75180BRW,2026-07-12
C관(2공장),분리,Q4845-03.50-1.75180BRW,2026-07-12
C관(2공장),분리,Q4845-03.75-1.75180BRW,2026-07-12
C관(2공장),분리,Q4845-04.25-1.75180BRW,2026-07-12
C관(2공장),분리,Q4845-04.75-1.75180BRW,2026-07-12
C관(2공장),분리,Q4845-05.50-1.75180BRW,2026-07-12
C관(2공장),분리,Q4845-06.00-1.75180BRW,2026-07-12
C관(2공장),분리,Q4845-07.00-1.75180BRW,2026-07-12
C관(2공장),분리,Q4845-07.50-1.75180BRW,2026-07-12
C관(2공장),분리,Q4845-08.00-1.75180BRW,2026-07-12
C관(2공장),분리,Q4845-08.50-1.75180BRW,2026-07-12
C관(2공장),분리,Q4846-01.25-0.75180GRA,2026-07-12
C관(2공장),분리,Q4846-03.75-0.75180GRA,2026-07-12
C관(2공장),분리,Q4846-04.25-0.75180GRA,2026-07-12
C관(2공장),분리,Q4846-04.50-0.75180GRA,2026-07-12
C관(2공장),분리,Q4846-05.00-0.75180GRA,2026-07-12
C관(2공장),분리,Q4846-06.50-0.75180GRA,2026-07-12
C관(2공장),분리,Q4847-00.00-1.25180GRA,2026-07-12
C관(2공장),분리,Q4847-01.75-1.25180GRA,2026-07-12
C관(2공장),분리,Q4847-02.25-1.25180GRA,2026-07-12
C관(2공장),분리,Q4847-02.50-1.25180GRA,2026-07-12
C관(2공장),분리,Q4847-03.25-1.25180GRA,2026-07-12
C관(2공장),분리,Q4847-04.75-1.25180GRA,2026-07-12
C관(2공장),분리,Q4847-05.50-1.25180GRA,2026-07-12
C관(2공장),분리,Q4847-06.00-1.25180GRA,2026-07-12
C관(2공장),분리,Q4847-07.00-1.25180GRA,2026-07-12
C관(2공장),분리,Q4848-00.00-1.75180GRA,2026-07-12
C관(2공장),분리,Q4848-02.00-1.75180GRA,2026-07-12
C관(2공장),분리,Q4848-02.25-1.75180GRA,2026-07-12
C관(2공장),분리,Q4848-02.50-1.75180GRA,2026-07-12
C관(2공장),분리,Q4848-02.75-1.75180GRA,2026-07-12
C관(2공장),분리,Q4848-03.25-1.75180GRA,2026-07-12
C관(2공장),분리,Q4848-03.50-1.75180GRA,2026-07-12
C관(2공장),분리,Q4848-04.00-1.75180GRA,2026-07-12
C관(2공장),분리,Q4848-04.75-1.75180GRA,2026-07-12
C관(2공장),분리,Q4848-05.00-1.75180GRA,2026-07-12
C관(2공장),분리,Q4848-05.25-1.75180GRA,2026-07-12
C관(2공장),분리,Q4848-05.50-1.75180GRA,2026-07-12
C관(2공장),분리,Q4848-06.00-1.75180GRA,2026-07-12
C관(2공장),분리,Q4848-06.50-1.75180GRA,2026-07-12
C관(2공장),분리,Q4848-07.00-1.75180GRA,2026-07-12
C관(2공장),분리,Q4848-07.50-1.75180GRA,2026-07-12
C관(2공장),분리,Q4848-08.00-1.75180GRA,2026-07-12
C관(2공장),분리,Q5062-03.00FPN,2026-07-12
C관(2공장),분리,Q5248-05.50TPR,2026-07-12
C관(2공장),분리,Q5261-00.00LAC,2026-07-20
C관(2공장),분리,Q5261-01.25LAC,2026-07-20
C관(2공장),분리,Q5335-02.00-1.25180CHC,2026-07-06
C관(2공장),분리,Q5335-03.00-1.25180CHC,2026-07-06
C관(2공장),분리,Q5335-05.00-1.25180CHC,2026-07-06
C관(2공장),분리,Q7015-10.00GQZ,2026-07-12
C관(2공장),분리,Q7022-02.00RUD,2026-07-12
C관(2공장),분리,Q7024-00.00IDR,2026-07-12
C관(2공장),분리,Q7024-04.25IDR,2026-07-12
C관(2공장),분리,Q7035-00.00MCR,2026-07-12
C관(2공장),분리,Q7035-01.75MCR,2026-07-12
C관(2공장),분리,Q7035-02.75MCR,2026-07-12
C관(2공장),분리,Q7036-00.00CRR,2026-07-12
C관(2공장),분리,Q7041-02.25MLB,2026-07-12
C관(2공장),분리,Q7041-02.75MLB,2026-07-12
C관(2공장),분리,Q7041-03.75MLB,2026-07-12
C관(2공장),분리,Q7041-08.00MLB,2026-07-12
C관(2공장),분리,Q7500-02.75WTW,2026-07-12
C관(2공장),분리,Q7501-08.50CRB,2026-07-12
C관(2공장),분리,Q7529-03.50OCE3,2026-07-12
C관(2공장),분리,Q7533-04.00DAP3,2026-07-12
C관(2공장),분리,Q7536-00.00STQ2,2026-07-12
C관(2공장),사출,R0007-00.00RHA2,2026-07-06
C관(2공장),사출,R0007-00.50RHA2,2026-07-21
C관(2공장),사출,R0007-00.75RHA2,2026-07-21
C관(2공장),사출,R0007-01.00RHA2,2026-07-21
C관(2공장),사출,R0007-01.25RHA2,2026-07-21
C관(2공장),사출,R0007-01.75RHA2,2026-07-21
C관(2공장),사출,R0007-02.00RHA2,2026-07-21
C관(2공장),사출,R0007-02.25RHA2,2026-07-06
C관(2공장),사출,R0007-02.50RHA2,2026-07-06
C관(2공장),사출,R0007-02.75RHA2,2026-07-21
C관(2공장),사출,R0007-03.00RHA2,2026-07-21
C관(2공장),사출,R0007-03.50RHA2,2026-07-21
C관(2공장),사출,R0007-03.75RHA2,2026-07-21
C관(2공장),사출,R0007-04.00RHA2,2026-07-21
C관(2공장),사출,R0007-04.50RHA2,2026-07-21
C관(2공장),사출,R0007-04.75RHA2,2026-07-06
C관(2공장),사출,R0007-05.50RHA2,2026-07-21
C관(2공장),사출,R0007-06.00RHA2,2026-07-21
C관(2공장),사출,R0007-07.00RHA2,2026-08-04
C관(2공장),사출,R0007-08.50RHA2,2026-07-21
C관(2공장),사출,R0007-10.00RHA2,2026-07-21
C관(2공장),사출,R0008-00.00LAT2,2026-07-22
C관(2공장),사출,R0008-00.50LAT2,2026-07-22
C관(2공장),사출,R0008-01.00LAT2,2026-07-22
C관(2공장),사출,R0008-01.25LAT2,2026-07-22
C관(2공장),사출,R0008-01.50LAT2,2026-07-22
C관(2공장),사출,R0008-02.25LAT2,2026-07-22
C관(2공장),사출,R0008-02.50LAT2,2026-07-22
C관(2공장),사출,R0008-03.75LAT2,2026-07-22
C관(2공장),사출,R0008-04.75LAT2,2026-07-22
C관(2공장),사출,R0008-05.00LAT2,2026-07-22
C관(2공장),사출,R0008-06.00LAT2,2026-07-22
C관(2공장),사출,R0008-09.00LAT2,2026-07-22
C관(2공장),사출,R0010-00.00SOB,2026-07-21
C관(2공장),사출,R0010-00.50SOB,2026-07-21
C관(2공장),사출,R0010-01.00SOB,2026-07-06
C관(2공장),사출,R0010-01.25SOB,2026-07-06
C관(2공장),사출,R0010-01.50SOB,2026-07-06
C관(2공장),사출,R0010-01.75SOB,2026-07-06
C관(2공장),사출,R0010-02.00SOB,2026-07-06
C관(2공장),사출,R0010-02.25SOB,2026-07-06
C관(2공장),사출,R0010-02.50SOB,2026-07-06
C관(2공장),사출,R0010-02.75SOB,2026-07-06
C관(2공장),사출,R0010-03.00SOB,2026-07-06
C관(2공장),사출,R0010-03.50SOB,2026-07-06
C관(2공장),사출,R0010-04.25SOB,2026-07-06
C관(2공장),사출,R0010-04.50SOB,2026-07-06
C관(2공장),사출,R0010-04.75SOB,2026-07-06
C관(2공장),사출,R0010-05.00SOB,2026-07-06
C관(2공장),사출,R0010-05.25SOB,2026-07-06
C관(2공장),사출,R0010-05.50SOB,2026-07-06
C관(2공장),사출,R0010-05.75SOB,2026-07-06
C관(2공장),사출,R0010-06.00SOB,2026-07-06
C관(2공장),사출,R0010-06.50SOB,2026-07-06
C관(2공장),사출,R0010-09.00SOB,2026-07-21
C관(2공장),사출,R0011-00.00JAZ,2026-07-22
C관(2공장),사출,R0011-00.50JAZ,2026-07-22
C관(2공장),사출,R0011-01.25JAZ,2026-07-22
C관(2공장),사출,R0011-02.00JAZ,2026-07-22
C관(2공장),사출,R0011-02.25JAZ,2026-07-22
C관(2공장),사출,R0011-02.50JAZ,2026-07-22
C관(2공장),사출,R0011-02.75JAZ,2026-07-22
C관(2공장),사출,R0011-03.00JAZ,2026-07-22
C관(2공장),사출,R0011-03.25JAZ,2026-07-18
C관(2공장),사출,R0011-03.75JAZ,2026-07-22
C관(2공장),사출,R0011-04.00JAZ,2026-07-22
C관(2공장),사출,R0011-05.00JAZ,2026-07-22
C관(2공장),사출,R0011-05.50JAZ,2026-07-22
C관(2공장),사출,R0019-00.00SGR,2026-07-06
C관(2공장),사출,R0019-00.50SGR,2026-07-06
C관(2공장),사출,R0019-01.00SGR,2026-07-06
C관(2공장),사출,R0019-02.00SGR,2026-07-06
C관(2공장),사출,R0019-02.25SGR,2026-07-06
C관(2공장),사출,R0019-02.50SGR,2026-07-06
C관(2공장),사출,R0019-02.75SGR,2026-07-06
C관(2공장),사출,R0019-03.00SGR,2026-07-06
C관(2공장),사출,R0019-03.25SGR,2026-07-21
C관(2공장),사출,R0019-03.50SGR,2026-07-06
C관(2공장),사출,R0019-03.75SGR,2026-07-06
C관(2공장),사출,R0019-04.25SGR,2026-07-06
C관(2공장),사출,R0019-04.50SGR,2026-07-21
C관(2공장),사출,R0019-05.50SGR,2026-07-06
C관(2공장),사출,R0019-06.00SGR,2026-07-06
C관(2공장),사출,R0019-06.50SGR,2026-07-06
C관(2공장),사출,R0019-09.00SGR,2026-07-06
C관(2공장),사출,R0112-07.50MHB,2026-07-22
C관(2공장),사출,R0113-00.00GLB2,2026-07-19
C관(2공장),사출,R0114-00.00GLL2,2026-07-05
C관(2공장),사출,R0114-00.50GLL2,2026-07-05
C관(2공장),사출,R0114-01.00GLL2,2026-07-05
C관(2공장),사출,R0114-01.25GLL2,2026-07-05
C관(2공장),사출,R0114-01.50GLL2,2026-07-05
C관(2공장),사출,R0114-01.75GLL2,2026-07-05
C관(2공장),사출,R0114-02.00GLL2,2026-07-05
C관(2공장),사출,R0114-02.25GLL2,2026-07-05
C관(2공장),사출,R0114-02.50GLL2,2026-07-05
C관(2공장),사출,R0114-02.75GLL2,2026-07-05
C관(2공장),사출,R0114-03.00GLL2,2026-07-05
C관(2공장),사출,R0114-03.25GLL2,2026-07-05
C관(2공장),사출,R0114-03.50GLL2,2026-07-05
C관(2공장),사출,R0114-03.75GLL2,2026-07-05
C관(2공장),사출,R0114-04.00GLL2,2026-07-05
C관(2공장),사출,R0114-04.25GLL2,2026-07-05
C관(2공장),사출,R0114-04.50GLL2,2026-07-05
C관(2공장),사출,R0114-04.75GLL2,2026-07-05
C관(2공장),사출,R0114-05.00GLL2,2026-07-05
C관(2공장),사출,R0114-05.50GLL2,2026-07-05
C관(2공장),사출,R0114-06.00GLL2,2026-07-05
C관(2공장),사출,R0114-06.50GLL2,2026-07-05
C관(2공장),사출,R0114-07.00GLL2,2026-07-05
C관(2공장),사출,R0114-07.50GLL2,2026-07-05
C관(2공장),사출,R0114-08.00GLL2,2026-07-05
C관(2공장),사출,R0212-01.50-1.75180,2026-07-06
C관(2공장),사출,R0213-00.00ALR,2026-07-20
C관(2공장),사출,R0213-00.50ALR,2026-07-20
C관(2공장),사출,R0213-00.75ALR,2026-07-20
C관(2공장),사출,R0213-01.00ALR,2026-07-20
C관(2공장),사출,R0213-01.25ALR,2026-07-20
C관(2공장),사출,R0213-01.50ALR,2026-07-20
C관(2공장),사출,R0213-01.75ALR,2026-07-20
C관(2공장),사출,R0213-02.25ALR,2026-07-20
C관(2공장),사출,R0213-02.75ALR,2026-07-20
C관(2공장),사출,R0213-03.50ALR,2026-07-20
C관(2공장),사출,R0213-05.00ALR,2026-07-20
C관(2공장),사출,R0213-05.25ALR,2026-07-21
C관(2공장),사출,R0213-05.50ALR,2026-07-21
C관(2공장),사출,R0213-06.00ALR,2026-07-20
C관(2공장),사출,R0213-07.00ALR,2026-07-21
C관(2공장),사출,R0213-08.00ALR,2026-07-20
C관(2공장),사출,R0213-09.00ALR,2026-07-21
C관(2공장),사출,R0554-04.75SPQ,2026-07-11
C관(2공장),사출,R0581-00.00MRS,2026-07-27
C관(2공장),사출,R0581-00.75MRS,2026-07-27
C관(2공장),사출,R0581-01.25MRS,2026-07-27
C관(2공장),사출,R0581-02.50MRS,2026-07-27
C관(2공장),사출,R0582-00.00EAR,2026-07-27
C관(2공장),사출,R0583-00.00VEN,2026-07-27
C관(2공장),사출,R0583-02.25VEN,2026-07-27
C관(2공장),사출,R0583-03.00VEN,2026-07-27
C관(2공장),사출,R0583-04.00VEN,2026-07-27
C관(2공장),사출,R1021-00.00HKA3,2026-07-11
C관(2공장),사출,R1060-00.00GBY2,2026-07-11
C관(2공장),사출,R1061-00.00CRW3,2026-07-11
C관(2공장),사출,R1061-01.75CRW3,2026-07-11
C관(2공장),사출,R1061-02.25CRW3,2026-07-11
C관(2공장),사출,R1061-02.50CRW3,2026-07-11
C관(2공장),사출,R1061-02.75CRW3,2026-07-11
C관(2공장),사출,R1061-03.00CRW3,2026-07-11
C관(2공장),사출,R1061-04.00CRW3,2026-07-11
C관(2공장),사출,R1061-05.00CRW3,2026-07-11
C관(2공장),사출,R1061-05.25CRW3,2026-07-11
C관(2공장),사출,R1064-05.75-0.75180BBN2,2026-07-11
C관(2공장),사출,R1087-03.75BTT3,2026-07-14
C관(2공장),사출,R1087-07.50BTT3,2026-07-14
C관(2공장),사출,R1095-00.00PBN3,2026-08-05
C관(2공장),사출,R1095-01.00PBN3,2026-08-05
C관(2공장),사출,R1095-01.25PBN3,2026-08-05
C관(2공장),사출,R1095-01.50PBN3,2026-08-05
C관(2공장),사출,R1095-01.75PBN3,2026-08-05
C관(2공장),사출,R1095-02.00PBN3,2026-08-05
C관(2공장),사출,R1095-02.25PBN3,2026-08-05
C관(2공장),사출,R1095-02.50PBN3,2026-08-05
C관(2공장),사출,R1095-02.75PBN3,2026-08-05
C관(2공장),사출,R1095-03.00PBN3,2026-08-05
C관(2공장),사출,R1095-03.25PBN3,2026-08-05
C관(2공장),사출,R1095-03.50PBN3,2026-08-05
C관(2공장),사출,R1095-03.75PBN3,2026-08-05
C관(2공장),사출,R1095-04.00PBN3,2026-08-05
C관(2공장),사출,R1095-04.25PBN3,2026-08-05
C관(2공장),사출,R1095-04.50PBN3,2026-08-05
C관(2공장),사출,R1095-04.75PBN3,2026-08-05
C관(2공장),사출,R1095-05.00PBN3,2026-08-05
C관(2공장),사출,R1095-05.25PBN3,2026-08-05
C관(2공장),사출,R1095-05.50PBN3,2026-08-05
C관(2공장),사출,R1095-05.75PBN3,2026-08-05
C관(2공장),사출,R1095-06.00PBN3,2026-08-05
C관(2공장),사출,R1095-06.50PBN3,2026-08-05
C관(2공장),사출,R1095-07.00PBN3,2026-08-05
C관(2공장),사출,R1095-07.50PBN3,2026-08-05
C관(2공장),사출,R1095-08.00PBN3,2026-08-05
C관(2공장),사출,R1096-00.00GEN3,2026-08-05
C관(2공장),사출,R1096-01.00GEN3,2026-08-05
C관(2공장),사출,R1096-01.25GEN3,2026-08-05
C관(2공장),사출,R1096-01.50GEN3,2026-08-05
C관(2공장),사출,R1096-01.75GEN3,2026-08-05
C관(2공장),사출,R1096-02.00GEN3,2026-08-05
C관(2공장),사출,R1096-02.25GEN3,2026-08-05
C관(2공장),사출,R1096-02.50GEN3,2026-08-05
C관(2공장),사출,R1096-02.75GEN3,2026-08-05
C관(2공장),사출,R1096-03.00GEN3,2026-08-05
C관(2공장),사출,R1096-03.25GEN3,2026-08-05
C관(2공장),사출,R1096-03.50GEN3,2026-08-05
C관(2공장),사출,R1096-03.75GEN3,2026-08-05
C관(2공장),사출,R1096-04.00GEN3,2026-08-05
C관(2공장),사출,R1096-04.25GEN3,2026-08-05
C관(2공장),사출,R1096-04.50GEN3,2026-08-05
C관(2공장),사출,R1096-04.75GEN3,2026-08-05
C관(2공장),사출,R1096-05.00GEN3,2026-08-05
C관(2공장),사출,R1096-05.25GEN3,2026-08-05
C관(2공장),사출,R1096-05.50GEN3,2026-08-05
C관(2공장),사출,R1096-05.75GEN3,2026-08-05
C관(2공장),사출,R1096-06.00GEN3,2026-08-05
C관(2공장),사출,R1096-06.50GEN3,2026-08-05
C관(2공장),사출,R1096-07.00GEN3,2026-08-05
C관(2공장),사출,R1096-07.50GEN3,2026-08-05
C관(2공장),사출,R1096-08.00GEN3,2026-08-05
C관(2공장),사출,R1097-00.00BRN3,2026-08-05
C관(2공장),사출,R1097-01.00BRN3,2026-08-05
C관(2공장),사출,R1097-01.25BRN3,2026-08-05
C관(2공장),사출,R1097-01.50BRN3,2026-08-05
C관(2공장),사출,R1097-01.75BRN3,2026-08-05
C관(2공장),사출,R1097-02.00BRN3,2026-08-05
C관(2공장),사출,R1097-02.25BRN3,2026-08-05
C관(2공장),사출,R1097-02.50BRN3,2026-08-05
C관(2공장),사출,R1097-02.75BRN3,2026-08-05
C관(2공장),사출,R1097-03.00BRN3,2026-08-05
C관(2공장),사출,R1097-03.25BRN3,2026-08-05
C관(2공장),사출,R1097-03.50BRN3,2026-08-05
C관(2공장),사출,R1097-03.75BRN3,2026-08-05
C관(2공장),사출,R1097-04.00BRN3,2026-08-05
C관(2공장),사출,R1097-04.25BRN3,2026-08-05
C관(2공장),사출,R1097-04.50BRN3,2026-08-05
C관(2공장),사출,R1097-04.75BRN3,2026-08-05
C관(2공장),사출,R1097-05.00BRN3,2026-08-05
C관(2공장),사출,R1097-05.25BRN3,2026-08-05
C관(2공장),사출,R1097-05.50BRN3,2026-08-05
C관(2공장),사출,R1097-05.75BRN3,2026-08-05
C관(2공장),사출,R1097-06.00BRN3,2026-08-05
C관(2공장),사출,R1097-06.50BRN3,2026-08-05
C관(2공장),사출,R1097-07.00BRN3,2026-08-05
C관(2공장),사출,R1097-07.50BRN3,2026-08-05
C관(2공장),사출,R1097-08.00BRN3,2026-08-05
C관(2공장),사출,R1098-00.00PPE3,2026-08-05
C관(2공장),사출,R1098-01.00PPE3,2026-08-05
C관(2공장),사출,R1098-01.25PPE3,2026-08-05
C관(2공장),사출,R1098-01.50PPE3,2026-08-05
C관(2공장),사출,R1098-01.75PPE3,2026-08-05
C관(2공장),사출,R1098-02.00PPE3,2026-08-05
C관(2공장),사출,R1098-02.25PPE3,2026-08-05
C관(2공장),사출,R1098-02.50PPE3,2026-08-05
C관(2공장),사출,R1098-02.75PPE3,2026-08-05
C관(2공장),사출,R1098-03.00PPE3,2026-08-05
C관(2공장),사출,R1098-03.25PPE3,2026-08-05
C관(2공장),사출,R1098-03.50PPE3,2026-08-05
C관(2공장),사출,R1098-03.75PPE3,2026-08-05
C관(2공장),사출,R1098-04.00PPE3,2026-08-05
C관(2공장),사출,R1098-04.25PPE3,2026-08-05
C관(2공장),사출,R1098-04.50PPE3,2026-08-05
C관(2공장),사출,R1098-04.75PPE3,2026-08-05
C관(2공장),사출,R1098-05.00PPE3,2026-08-05
C관(2공장),사출,R1098-05.25PPE3,2026-08-05
C관(2공장),사출,R1098-05.50PPE3,2026-08-05
C관(2공장),사출,R1098-05.75PPE3,2026-08-05
C관(2공장),사출,R1098-06.00PPE3,2026-08-05
C관(2공장),사출,R1098-06.50PPE3,2026-08-05
C관(2공장),사출,R1098-07.00PPE3,2026-08-05
C관(2공장),사출,R1098-07.50PPE3,2026-08-05
C관(2공장),사출,R1098-08.00PPE3,2026-08-05
C관(2공장),사출,R1099-00.00ABN3,2026-08-05
C관(2공장),사출,R1099-01.00ABN3,2026-08-05
C관(2공장),사출,R1099-01.25ABN3,2026-08-05
C관(2공장),사출,R1099-01.50ABN3,2026-08-05
C관(2공장),사출,R1099-01.75ABN3,2026-08-05
C관(2공장),사출,R1099-02.00ABN3,2026-08-05
C관(2공장),사출,R1099-02.25ABN3,2026-08-05
C관(2공장),사출,R1099-02.50ABN3,2026-08-05
C관(2공장),사출,R1099-02.75ABN3,2026-08-05
C관(2공장),사출,R1099-03.00ABN3,2026-08-05
C관(2공장),사출,R1099-03.25ABN3,2026-08-05
C관(2공장),사출,R1099-03.50ABN3,2026-08-05
C관(2공장),사출,R1099-03.75ABN3,2026-08-05
C관(2공장),사출,R1099-04.00ABN3,2026-08-05
C관(2공장),사출,R1099-04.25ABN3,2026-08-05
C관(2공장),사출,R1099-04.50ABN3,2026-08-05
C관(2공장),사출,R1099-04.75ABN3,2026-08-05
C관(2공장),사출,R1099-05.00ABN3,2026-08-05
C관(2공장),사출,R1099-05.25ABN3,2026-08-05
C관(2공장),사출,R1099-05.50ABN3,2026-08-05
C관(2공장),사출,R1099-05.75ABN3,2026-08-05
C관(2공장),사출,R1099-06.00ABN3,2026-08-05
C관(2공장),사출,R1099-06.50ABN3,2026-08-05
C관(2공장),사출,R1099-07.00ABN3,2026-08-05
C관(2공장),사출,R1099-07.50ABN3,2026-08-05
C관(2공장),사출,R1099-08.00ABN3,2026-08-05
C관(2공장),사출,R1144-00.00BMP3,2026-07-18
C관(2공장),사출,R1144-00.75BMP3,2026-07-18
C관(2공장),사출,R1144-01.00BMP3,2026-07-18
C관(2공장),사출,R1144-01.25BMP3,2026-07-18
C관(2공장),사출,R1144-01.50BMP3,2026-07-18
C관(2공장),사출,R1144-01.75BMP3,2026-07-18
C관(2공장),사출,R1144-02.00BMP3,2026-07-18
C관(2공장),사출,R1144-02.25BMP3,2026-07-18
C관(2공장),사출,R1144-02.50BMP3,2026-07-18
C관(2공장),사출,R1144-02.75BMP3,2026-07-18
C관(2공장),사출,R1144-03.00BMP3,2026-07-18
C관(2공장),사출,R1144-03.25BMP3,2026-07-18
C관(2공장),사출,R1144-03.50BMP3,2026-07-18
C관(2공장),사출,R1144-03.75BMP3,2026-07-18
C관(2공장),사출,R1144-04.00BMP3,2026-07-18
C관(2공장),사출,R1144-04.25BMP3,2026-07-18
C관(2공장),사출,R1144-04.50BMP3,2026-07-18
C관(2공장),사출,R1144-04.75BMP3,2026-07-18
C관(2공장),사출,R1144-05.00BMP3,2026-07-18
C관(2공장),사출,R1144-05.50BMP3,2026-07-18
C관(2공장),사출,R1144-06.00BMP3,2026-07-18
C관(2공장),사출,R1144-06.50BMP3,2026-07-18
C관(2공장),사출,R1144-07.00BMP3,2026-07-18
C관(2공장),사출,R1144-07.50BMP3,2026-07-18
C관(2공장),사출,R1144-08.00BMP3,2026-07-18
C관(2공장),사출,R1146-00.00BMB3,2026-07-18
C관(2공장),사출,R1146-00.75BMB3,2026-07-18
C관(2공장),사출,R1146-01.00BMB3,2026-07-18
C관(2공장),사출,R1146-01.25BMB3,2026-07-18
C관(2공장),사출,R1146-01.50BMB3,2026-07-18
C관(2공장),사출,R1146-01.75BMB3,2026-07-18
C관(2공장),사출,R1146-02.00BMB3,2026-07-18
C관(2공장),사출,R1146-02.25BMB3,2026-07-18
C관(2공장),사출,R1146-02.50BMB3,2026-07-18
C관(2공장),사출,R1146-02.75BMB3,2026-07-18
C관(2공장),사출,R1146-03.00BMB3,2026-07-18
C관(2공장),사출,R1146-03.25BMB3,2026-07-18
C관(2공장),사출,R1146-03.50BMB3,2026-07-18
C관(2공장),사출,R1146-03.75BMB3,2026-07-18
C관(2공장),사출,R1146-04.00BMB3,2026-07-18
C관(2공장),사출,R1146-04.25BMB3,2026-07-18
C관(2공장),사출,R1146-04.50BMB3,2026-07-18
C관(2공장),사출,R1146-04.75BMB3,2026-07-18
C관(2공장),사출,R1146-05.00BMB3,2026-07-18
C관(2공장),사출,R1146-05.50BMB3,2026-07-18
C관(2공장),사출,R1146-06.00BMB3,2026-07-18
C관(2공장),사출,R1146-06.50BMB3,2026-07-18
C관(2공장),사출,R1146-07.00BMB3,2026-07-18
C관(2공장),사출,R1146-07.50BMB3,2026-07-18
C관(2공장),사출,R1146-08.00BMB3,2026-07-18
C관(2공장),사출,R1147-00.00BMG3,2026-07-18
C관(2공장),사출,R1147-00.75BMG3,2026-07-18
C관(2공장),사출,R1147-01.00BMG3,2026-07-18
C관(2공장),사출,R1147-01.25BMG3,2026-07-18
C관(2공장),사출,R1147-01.50BMG3,2026-07-18
C관(2공장),사출,R1147-01.75BMG3,2026-07-18
C관(2공장),사출,R1147-02.00BMG3,2026-07-18
C관(2공장),사출,R1147-02.25BMG3,2026-07-18
C관(2공장),사출,R1147-02.50BMG3,2026-07-18
C관(2공장),사출,R1147-02.75BMG3,2026-07-18
C관(2공장),사출,R1147-03.00BMG3,2026-07-18
C관(2공장),사출,R1147-03.25BMG3,2026-07-18
C관(2공장),사출,R1147-03.50BMG3,2026-07-18
C관(2공장),사출,R1147-03.75BMG3,2026-07-18
C관(2공장),사출,R1147-04.00BMG3,2026-07-18
C관(2공장),사출,R1147-04.25BMG3,2026-07-18
C관(2공장),사출,R1147-04.50BMG3,2026-07-18
C관(2공장),사출,R1147-04.75BMG3,2026-07-18
C관(2공장),사출,R1147-05.00BMG3,2026-07-18
C관(2공장),사출,R1147-05.50BMG3,2026-07-18
C관(2공장),사출,R1147-06.00BMG3,2026-07-18
C관(2공장),사출,R1147-06.50BMG3,2026-07-18
C관(2공장),사출,R1147-07.00BMG3,2026-07-18
C관(2공장),사출,R1147-07.50BMG3,2026-07-18
C관(2공장),사출,R1147-08.00BMG3,2026-07-18
C관(2공장),사출,R1148-00.00BMH3,2026-07-18
C관(2공장),사출,R1148-00.75BMH3,2026-07-18
C관(2공장),사출,R1148-01.00BMH3,2026-07-18
C관(2공장),사출,R1148-01.25BMH3,2026-07-18
C관(2공장),사출,R1148-01.50BMH3,2026-07-18
C관(2공장),사출,R1148-01.75BMH3,2026-07-18
C관(2공장),사출,R1148-02.00BMH3,2026-07-18
C관(2공장),사출,R1148-02.25BMH3,2026-07-18
C관(2공장),사출,R1148-02.50BMH3,2026-07-18
C관(2공장),사출,R1148-02.75BMH3,2026-07-18
C관(2공장),사출,R1148-03.00BMH3,2026-07-18
C관(2공장),사출,R1148-03.25BMH3,2026-07-18
C관(2공장),사출,R1148-03.50BMH3,2026-07-18
C관(2공장),사출,R1148-03.75BMH3,2026-07-18
C관(2공장),사출,R1148-04.00BMH3,2026-07-18
C관(2공장),사출,R1148-04.25BMH3,2026-07-18
C관(2공장),사출,R1148-04.50BMH3,2026-07-18
C관(2공장),사출,R1148-04.75BMH3,2026-07-18
C관(2공장),사출,R1148-05.00BMH3,2026-07-18
C관(2공장),사출,R1148-05.50BMH3,2026-07-18
C관(2공장),사출,R1148-06.00BMH3,2026-07-18
C관(2공장),사출,R1148-06.50BMH3,2026-07-18
C관(2공장),사출,R1148-07.00BMH3,2026-07-18
C관(2공장),사출,R1148-07.50BMH3,2026-07-18
C관(2공장),사출,R1148-08.00BMH3,2026-07-18
C관(2공장),사출,R1149-00.00BMC3,2026-07-18
C관(2공장),사출,R1149-00.75BMC3,2026-07-18
C관(2공장),사출,R1149-01.00BMC3,2026-07-18
C관(2공장),사출,R1149-01.25BMC3,2026-07-18
C관(2공장),사출,R1149-01.50BMC3,2026-07-18
C관(2공장),사출,R1149-01.75BMC3,2026-07-18
C관(2공장),사출,R1149-02.00BMC3,2026-07-18
C관(2공장),사출,R1149-02.25BMC3,2026-07-18
C관(2공장),사출,R1149-02.50BMC3,2026-07-18
C관(2공장),사출,R1149-02.75BMC3,2026-07-18
C관(2공장),사출,R1149-03.00BMC3,2026-07-18
C관(2공장),사출,R1149-03.25BMC3,2026-07-18
C관(2공장),사출,R1149-03.50BMC3,2026-07-18
C관(2공장),사출,R1149-03.75BMC3,2026-07-18
C관(2공장),사출,R1149-04.00BMC3,2026-07-18
C관(2공장),사출,R1149-04.25BMC3,2026-07-18
C관(2공장),사출,R1149-04.50BMC3,2026-07-18
C관(2공장),사출,R1149-04.75BMC3,2026-07-18
C관(2공장),사출,R1149-05.00BMC3,2026-07-18
C관(2공장),사출,R1149-05.50BMC3,2026-07-18
C관(2공장),사출,R1149-06.00BMC3,2026-07-18
C관(2공장),사출,R1149-06.50BMC3,2026-07-18
C관(2공장),사출,R1149-07.00BMC3,2026-07-18
C관(2공장),사출,R1149-07.50BMC3,2026-07-18
C관(2공장),사출,R1149-08.00BMC3,2026-07-18
C관(2공장),사출,R1170-00.00NWK3,2026-07-16
C관(2공장),사출,R1170-00.75NWK3,2026-07-16
C관(2공장),사출,R1170-01.00NWK3,2026-07-16
C관(2공장),사출,R1170-01.25NWK3,2026-07-16
C관(2공장),사출,R1170-01.50NWK3,2026-07-16
C관(2공장),사출,R1170-01.75NWK3,2026-07-16
C관(2공장),사출,R1170-02.00NWK3,2026-07-16
C관(2공장),사출,R1170-02.25NWK3,2026-07-16
C관(2공장),사출,R1170-02.50NWK3,2026-07-16
C관(2공장),사출,R1170-02.75NWK3,2026-07-16
C관(2공장),사출,R1170-03.00NWK3,2026-07-16
C관(2공장),사출,R1170-03.25NWK3,2026-07-16
C관(2공장),사출,R1170-03.50NWK3,2026-07-16
C관(2공장),사출,R1170-03.75NWK3,2026-07-16
C관(2공장),사출,R1170-04.00NWK3,2026-07-16
C관(2공장),사출,R1170-04.25NWK3,2026-07-16
C관(2공장),사출,R1170-04.50NWK3,2026-07-16
C관(2공장),사출,R1170-04.75NWK3,2026-07-16
C관(2공장),사출,R1170-05.00NWK3,2026-07-16
C관(2공장),사출,R1170-05.50NWK3,2026-07-16
C관(2공장),사출,R1170-06.00NWK3,2026-07-16
C관(2공장),사출,R1170-06.50NWK3,2026-07-16
C관(2공장),사출,R1170-07.00NWK3,2026-07-16
C관(2공장),사출,R1170-07.50NWK3,2026-07-16
C관(2공장),사출,R1170-08.00NWK3,2026-07-16
C관(2공장),사출,R1171-00.00GTP3,2026-07-16
C관(2공장),사출,R1171-00.75GTP3,2026-07-16
C관(2공장),사출,R1171-01.00GTP3,2026-07-16
C관(2공장),사출,R1171-01.25GTP3,2026-07-16
C관(2공장),사출,R1171-01.50GTP3,2026-07-16
C관(2공장),사출,R1171-01.75GTP3,2026-07-16
C관(2공장),사출,R1171-02.00GTP3,2026-07-16
C관(2공장),사출,R1171-02.25GTP3,2026-07-16
C관(2공장),사출,R1171-02.50GTP3,2026-07-16
C관(2공장),사출,R1171-02.75GTP3,2026-07-16
C관(2공장),사출,R1171-03.00GTP3,2026-07-16
C관(2공장),사출,R1171-03.25GTP3,2026-07-16
C관(2공장),사출,R1171-03.50GTP3,2026-07-16
C관(2공장),사출,R1171-03.75GTP3,2026-07-16
C관(2공장),사출,R1171-04.00GTP3,2026-07-16
C관(2공장),사출,R1171-04.25GTP3,2026-07-16
C관(2공장),사출,R1171-04.50GTP3,2026-07-16
C관(2공장),사출,R1171-04.75GTP3,2026-07-16
C관(2공장),사출,R1171-05.00GTP3,2026-07-16
C관(2공장),사출,R1171-05.50GTP3,2026-07-16
C관(2공장),사출,R1171-06.00GTP3,2026-07-16
C관(2공장),사출,R1171-06.50GTP3,2026-07-16
C관(2공장),사출,R1171-07.00GTP3,2026-07-16
C관(2공장),사출,R1171-07.50GTP3,2026-07-16
C관(2공장),사출,R1171-08.00GTP3,2026-07-16
C관(2공장),사출,R1173-00.00MCM3,2026-07-12
C관(2공장),사출,R1173-01.00MCM3,2026-07-12
C관(2공장),사출,R1173-01.25MCM3,2026-07-12
C관(2공장),사출,R1173-01.50MCM3,2026-07-12
C관(2공장),사출,R1173-01.75MCM3,2026-07-12
C관(2공장),사출,R1173-02.00MCM3,2026-07-12
C관(2공장),사출,R1173-02.25MCM3,2026-07-12
C관(2공장),사출,R1173-02.50MCM3,2026-07-12
C관(2공장),사출,R1173-02.75MCM3,2026-07-12
C관(2공장),사출,R1173-03.00MCM3,2026-07-12
C관(2공장),사출,R1173-03.25MCM3,2026-07-12
C관(2공장),사출,R1173-03.50MCM3,2026-07-12
C관(2공장),사출,R1173-03.75MCM3,2026-07-12
C관(2공장),사출,R1173-04.00MCM3,2026-07-12
C관(2공장),사출,R1173-04.25MCM3,2026-07-12
C관(2공장),사출,R1173-04.50MCM3,2026-07-12
C관(2공장),사출,R1173-04.75MCM3,2026-07-12
C관(2공장),사출,R1173-05.00MCM3,2026-07-12
C관(2공장),사출,R1173-05.50MCM3,2026-07-12
C관(2공장),사출,R1173-06.00MCM3,2026-07-12
C관(2공장),사출,R1174-00.00BNS3,2026-07-12
C관(2공장),사출,R1174-01.00BNS3,2026-07-12
C관(2공장),사출,R1174-01.25BNS3,2026-07-12
C관(2공장),사출,R1174-01.50BNS3,2026-07-12
C관(2공장),사출,R1174-01.75BNS3,2026-07-12
C관(2공장),사출,R1174-02.00BNS3,2026-07-12
C관(2공장),사출,R1174-02.25BNS3,2026-07-12
C관(2공장),사출,R1174-02.50BNS3,2026-07-12
C관(2공장),사출,R1174-02.75BNS3,2026-07-12
C관(2공장),사출,R1174-03.00BNS3,2026-07-12
C관(2공장),사출,R1174-03.25BNS3,2026-07-12
C관(2공장),사출,R1174-03.50BNS3,2026-07-12
C관(2공장),사출,R1174-03.75BNS3,2026-07-12
C관(2공장),사출,R1174-04.00BNS3,2026-07-12
C관(2공장),사출,R1174-04.25BNS3,2026-07-12
C관(2공장),사출,R1174-04.50BNS3,2026-07-12
C관(2공장),사출,R1174-04.75BNS3,2026-07-12
C관(2공장),사출,R1174-05.00BNS3,2026-07-12
C관(2공장),사출,R1174-05.50BNS3,2026-07-12
C관(2공장),사출,R1174-06.00BNS3,2026-07-12
C관(2공장),사출,R1175-00.00VVM3,2026-07-12
C관(2공장),사출,R1175-01.00VVM3,2026-07-12
C관(2공장),사출,R1175-01.25VVM3,2026-07-12
C관(2공장),사출,R1175-01.50VVM3,2026-07-12
C관(2공장),사출,R1175-01.75VVM3,2026-07-12
C관(2공장),사출,R1175-02.00VVM3,2026-07-12
C관(2공장),사출,R1175-02.25VVM3,2026-07-12
C관(2공장),사출,R1175-02.50VVM3,2026-07-12
C관(2공장),사출,R1175-02.75VVM3,2026-07-12
C관(2공장),사출,R1175-03.00VVM3,2026-07-12
C관(2공장),사출,R1175-03.25VVM3,2026-07-12
C관(2공장),사출,R1175-03.50VVM3,2026-07-12
C관(2공장),사출,R1175-03.75VVM3,2026-07-12
C관(2공장),사출,R1175-04.00VVM3,2026-07-12
C관(2공장),사출,R1175-04.25VVM3,2026-07-12
C관(2공장),사출,R1175-04.50VVM3,2026-07-12
C관(2공장),사출,R1175-04.75VVM3,2026-07-12
C관(2공장),사출,R1175-05.00VVM3,2026-07-12
C관(2공장),사출,R1175-05.50VVM3,2026-07-12
C관(2공장),사출,R1175-06.00VVM3,2026-07-12
C관(2공장),사출,R1176-00.00ACM3,2026-07-23
C관(2공장),사출,R1176-00.75ACM3,2026-07-12
C관(2공장),사출,R1176-01.00ACM3,2026-07-12
C관(2공장),사출,R1176-01.25ACM3,2026-07-12
C관(2공장),사출,R1176-01.50ACM3,2026-07-12
C관(2공장),사출,R1176-01.75ACM3,2026-07-12
C관(2공장),사출,R1176-02.00ACM3,2026-07-12
C관(2공장),사출,R1176-02.25ACM3,2026-07-12
C관(2공장),사출,R1176-02.50ACM3,2026-07-12
C관(2공장),사출,R1176-02.75ACM3,2026-07-12
C관(2공장),사출,R1176-03.00ACM3,2026-07-12
C관(2공장),사출,R1176-03.25ACM3,2026-07-12
C관(2공장),사출,R1176-03.50ACM3,2026-07-12
C관(2공장),사출,R1176-03.75ACM3,2026-07-12
C관(2공장),사출,R1176-04.00ACM3,2026-07-12
C관(2공장),사출,R1176-04.25ACM3,2026-07-12
C관(2공장),사출,R1176-04.50ACM3,2026-07-12
C관(2공장),사출,R1176-04.75ACM3,2026-07-12
C관(2공장),사출,R1176-05.00ACM3,2026-07-12
C관(2공장),사출,R1176-05.50ACM3,2026-07-12
C관(2공장),사출,R1176-06.00ACM3,2026-07-12
C관(2공장),사출,R1177-00.00RNG3,2026-07-12
C관(2공장),사출,R1177-00.75RNG3,2026-07-12
C관(2공장),사출,R1177-01.00RNG3,2026-07-12
C관(2공장),사출,R1177-01.25RNG3,2026-07-12
C관(2공장),사출,R1177-01.50RNG3,2026-07-12
C관(2공장),사출,R1177-01.75RNG3,2026-07-12
C관(2공장),사출,R1177-02.00RNG3,2026-07-12
C관(2공장),사출,R1177-02.25RNG3,2026-07-12
C관(2공장),사출,R1177-02.50RNG3,2026-07-12
C관(2공장),사출,R1177-02.75RNG3,2026-07-12
C관(2공장),사출,R1177-03.00RNG3,2026-07-12
C관(2공장),사출,R1177-03.25RNG3,2026-07-23
C관(2공장),사출,R1177-03.50RNG3,2026-07-12
C관(2공장),사출,R1177-03.75RNG3,2026-07-12
C관(2공장),사출,R1177-04.00RNG3,2026-07-12
C관(2공장),사출,R1177-04.25RNG3,2026-07-12
C관(2공장),사출,R1177-04.50RNG3,2026-07-12
C관(2공장),사출,R1177-04.75RNG3,2026-07-12
C관(2공장),사출,R1177-05.00RNG3,2026-07-12
C관(2공장),사출,R1177-05.50RNG3,2026-07-12
C관(2공장),사출,R1177-06.00RNG3,2026-07-12
C관(2공장),사출,R1178-00.00AFR3,2026-07-12
C관(2공장),사출,R1178-00.75AFR3,2026-07-12
C관(2공장),사출,R1178-01.00AFR3,2026-07-12
C관(2공장),사출,R1178-01.25AFR3,2026-07-23
C관(2공장),사출,R1178-01.50AFR3,2026-07-12
C관(2공장),사출,R1178-01.75AFR3,2026-07-12
C관(2공장),사출,R1178-02.00AFR3,2026-07-12
C관(2공장),사출,R1178-02.25AFR3,2026-07-12
C관(2공장),사출,R1178-02.50AFR3,2026-07-12
C관(2공장),사출,R1178-02.75AFR3,2026-07-23
C관(2공장),사출,R1178-03.00AFR3,2026-07-12
C관(2공장),사출,R1178-03.25AFR3,2026-07-23
C관(2공장),사출,R1178-03.50AFR3,2026-07-12
C관(2공장),사출,R1178-03.75AFR3,2026-07-12
C관(2공장),사출,R1178-04.00AFR3,2026-07-12
C관(2공장),사출,R1178-04.25AFR3,2026-07-23
C관(2공장),사출,R1178-04.50AFR3,2026-07-12
C관(2공장),사출,R1178-04.75AFR3,2026-07-12
C관(2공장),사출,R1178-05.00AFR3,2026-07-12
C관(2공장),사출,R1178-05.50AFR3,2026-07-12
C관(2공장),사출,R1178-06.00AFR3,2026-07-12
C관(2공장),사출,R1179-00.00MST3,2026-07-12
C관(2공장),사출,R1179-00.75MST3,2026-07-12
C관(2공장),사출,R1179-01.00MST3,2026-07-12
C관(2공장),사출,R1179-01.25MST3,2026-07-12
C관(2공장),사출,R1179-01.50MST3,2026-07-12
C관(2공장),사출,R1179-01.75MST3,2026-07-12
C관(2공장),사출,R1179-02.00MST3,2026-07-12
C관(2공장),사출,R1179-02.25MST3,2026-07-12
C관(2공장),사출,R1179-02.50MST3,2026-07-12
C관(2공장),사출,R1179-02.75MST3,2026-07-12
C관(2공장),사출,R1179-03.00MST3,2026-07-12
C관(2공장),사출,R1179-03.25MST3,2026-07-12
C관(2공장),사출,R1179-03.50MST3,2026-07-12
C관(2공장),사출,R1179-03.75MST3,2026-07-12
C관(2공장),사출,R1179-04.00MST3,2026-07-12
C관(2공장),사출,R1179-04.25MST3,2026-07-12
C관(2공장),사출,R1179-04.50MST3,2026-07-12
C관(2공장),사출,R1179-04.75MST3,2026-07-12
C관(2공장),사출,R1179-05.00MST3,2026-07-12
C관(2공장),사출,R1179-05.50MST3,2026-07-12
C관(2공장),사출,R1179-06.00MST3,2026-07-12
C관(2공장),사출,R1180-00.00RWD3,2026-07-12
C관(2공장),사출,R1180-00.75RWD3,2026-07-23
C관(2공장),사출,R1180-01.00RWD3,2026-07-23
C관(2공장),사출,R1180-01.25RWD3,2026-07-23
C관(2공장),사출,R1180-01.50RWD3,2026-07-23
C관(2공장),사출,R1180-01.75RWD3,2026-07-23
C관(2공장),사출,R1180-02.00RWD3,2026-07-12
C관(2공장),사출,R1180-02.25RWD3,2026-07-12
C관(2공장),사출,R1180-02.50RWD3,2026-07-12
C관(2공장),사출,R1180-02.75RWD3,2026-07-12
C관(2공장),사출,R1180-03.00RWD3,2026-07-12
C관(2공장),사출,R1180-03.25RWD3,2026-07-12
C관(2공장),사출,R1180-03.50RWD3,2026-07-12
C관(2공장),사출,R1180-03.75RWD3,2026-07-12
C관(2공장),사출,R1180-04.00RWD3,2026-07-12
C관(2공장),사출,R1180-04.25RWD3,2026-07-12
C관(2공장),사출,R1180-04.50RWD3,2026-07-12
C관(2공장),사출,R1180-04.75RWD3,2026-07-12
C관(2공장),사출,R1180-05.00RWD3,2026-07-12
C관(2공장),사출,R1180-05.50RWD3,2026-07-12
C관(2공장),사출,R1180-06.00RWD3,2026-07-12
C관(2공장),사출,R1181-00.00SVL3,2026-07-12
C관(2공장),사출,R1181-00.75SVL3,2026-07-12
C관(2공장),사출,R1181-01.00SVL3,2026-07-12
C관(2공장),사출,R1181-01.25SVL3,2026-07-12
C관(2공장),사출,R1181-01.50SVL3,2026-07-12
C관(2공장),사출,R1181-01.75SVL3,2026-07-12
C관(2공장),사출,R1181-02.00SVL3,2026-07-12
C관(2공장),사출,R1181-02.25SVL3,2026-07-12
C관(2공장),사출,R1181-02.50SVL3,2026-07-12
C관(2공장),사출,R1181-02.75SVL3,2026-07-12
C관(2공장),사출,R1181-03.00SVL3,2026-07-12
C관(2공장),사출,R1181-03.25SVL3,2026-07-12
C관(2공장),사출,R1181-03.50SVL3,2026-07-12
C관(2공장),사출,R1181-03.75SVL3,2026-07-12
C관(2공장),사출,R1181-04.00SVL3,2026-07-12
C관(2공장),사출,R1181-04.25SVL3,2026-07-12
C관(2공장),사출,R1181-04.50SVL3,2026-07-12
C관(2공장),사출,R1181-04.75SVL3,2026-07-12
C관(2공장),사출,R1181-05.00SVL3,2026-07-12
C관(2공장),사출,R1181-05.50SVL3,2026-07-12
C관(2공장),사출,R1181-06.00SVL3,2026-07-12
C관(2공장),사출,R1182-00.00KRB3,2026-07-26
C관(2공장),사출,R1182-00.75KRB3,2026-07-26
C관(2공장),사출,R1182-01.00KRB3,2026-07-26
C관(2공장),사출,R1182-01.25KRB3,2026-07-26
C관(2공장),사출,R1182-01.50KRB3,2026-07-26
C관(2공장),사출,R1182-01.75KRB3,2026-07-26
C관(2공장),사출,R1182-02.00KRB3,2026-07-26
C관(2공장),사출,R1182-02.25KRB3,2026-07-26
C관(2공장),사출,R1182-02.50KRB3,2026-07-26
C관(2공장),사출,R1182-02.75KRB3,2026-07-26
C관(2공장),사출,R1182-03.00KRB3,2026-07-26
C관(2공장),사출,R1182-03.25KRB3,2026-07-26
C관(2공장),사출,R1182-03.50KRB3,2026-07-26
C관(2공장),사출,R1182-03.75KRB3,2026-07-26
C관(2공장),사출,R1182-04.00KRB3,2026-07-26
C관(2공장),사출,R1182-04.25KRB3,2026-07-26
C관(2공장),사출,R1182-04.50KRB3,2026-07-26
C관(2공장),사출,R1182-04.75KRB3,2026-07-26
C관(2공장),사출,R1182-05.00KRB3,2026-07-26
C관(2공장),사출,R1182-05.50KRB3,2026-07-26
C관(2공장),사출,R1182-06.00KRB3,2026-07-26
C관(2공장),사출,R1182-06.50KRB3,2026-07-26
C관(2공장),사출,R1182-07.00KRB3,2026-07-26
C관(2공장),사출,R1182-07.50KRB3,2026-07-26
C관(2공장),사출,R1182-08.00KRB3,2026-07-26
C관(2공장),사출,R1183-00.00CHN3,2026-07-26
C관(2공장),사출,R1183-00.75CHN3,2026-07-26
C관(2공장),사출,R1183-01.00CHN3,2026-07-26
C관(2공장),사출,R1183-01.25CHN3,2026-07-26
C관(2공장),사출,R1183-01.50CHN3,2026-07-26
C관(2공장),사출,R1183-01.75CHN3,2026-07-26
C관(2공장),사출,R1183-02.00CHN3,2026-07-26
C관(2공장),사출,R1183-02.25CHN3,2026-07-26
C관(2공장),사출,R1183-02.50CHN3,2026-07-26
C관(2공장),사출,R1183-02.75CHN3,2026-07-26
C관(2공장),사출,R1183-03.00CHN3,2026-07-26
C관(2공장),사출,R1183-03.25CHN3,2026-07-26
C관(2공장),사출,R1183-03.50CHN3,2026-07-26
C관(2공장),사출,R1183-03.75CHN3,2026-07-26
C관(2공장),사출,R1183-04.00CHN3,2026-07-26
C관(2공장),사출,R1183-04.25CHN3,2026-07-26
C관(2공장),사출,R1183-04.50CHN3,2026-07-26
C관(2공장),사출,R1183-04.75CHN3,2026-07-26
C관(2공장),사출,R1183-05.00CHN3,2026-07-26
C관(2공장),사출,R1183-05.50CHN3,2026-07-26
C관(2공장),사출,R1183-06.00CHN3,2026-07-26
C관(2공장),사출,R1183-06.50CHN3,2026-07-26
C관(2공장),사출,R1183-07.00CHN3,2026-07-26
C관(2공장),사출,R1183-07.50CHN3,2026-07-26
C관(2공장),사출,R1183-08.00CHN3,2026-07-26
C관(2공장),사출,R2010-00.00OCE,2026-07-27
C관(2공장),사출,R2010-01.00OCE,2026-07-27
C관(2공장),사출,R2010-01.25OCE,2026-07-27
C관(2공장),사출,R2010-02.50OCE,2026-07-27
C관(2공장),사출,R2010-02.75OCE,2026-07-27
C관(2공장),사출,R2010-03.50OCE,2026-07-27
C관(2공장),사출,R2011-00.00RHZ,2026-07-27
C관(2공장),사출,R2012-00.00HBG,2026-07-27
C관(2공장),사출,R2012-03.00HBG,2026-07-27
C관(2공장),사출,R2014-00.00SMG,2026-07-27
C관(2공장),사출,R2026-00.00HZH,2026-07-27
C관(2공장),사출,R2026-00.75HZH,2026-07-27
C관(2공장),사출,R2026-01.00HZH,2026-07-27
C관(2공장),사출,R2026-01.75HZH,2026-07-27
C관(2공장),사출,R2026-02.00HZH,2026-07-27
C관(2공장),사출,R2026-02.25HZH,2026-07-27
C관(2공장),사출,R2026-05.00HZH,2026-07-27
C관(2공장),사출,R2026-05.50HZH,2026-07-27
C관(2공장),사출,R2026-06.00HZH,2026-07-27
C관(2공장),사출,R2027-00.00AMB,2026-07-27
C관(2공장),사출,R2027-02.00AMB,2026-07-27
C관(2공장),사출,R2027-02.75AMB,2026-07-27
C관(2공장),사출,R2027-03.25AMB,2026-07-27
C관(2공장),사출,R2027-03.75AMB,2026-07-27
C관(2공장),사출,R2028-00.00PTA,2026-07-27
C관(2공장),사출,R2028-02.00PTA,2026-07-27
C관(2공장),사출,R2028-03.00PTA,2026-07-27
C관(2공장),사출,R2028-03.50PTA,2026-07-27
C관(2공장),사출,R2028-03.75PTA,2026-07-27
C관(2공장),사출,R2028-04.00PTA,2026-07-27
C관(2공장),사출,R2035-00.00ROW,2026-07-27
C관(2공장),사출,R2035-00.75ROW,2026-07-27
C관(2공장),사출,R2035-01.00ROW,2026-07-27
C관(2공장),사출,R2035-01.25ROW,2026-07-27
C관(2공장),사출,R2035-01.50ROW,2026-07-27
C관(2공장),사출,R2035-02.00ROW,2026-07-27
C관(2공장),사출,R2035-02.25ROW,2026-07-27
C관(2공장),사출,R2035-05.00ROW,2026-07-27
C관(2공장),사출,R2036-00.00ASB,2026-07-27
C관(2공장),사출,R2036-01.00ASB,2026-07-27
C관(2공장),사출,R2036-01.25ASB,2026-07-27
C관(2공장),사출,R2036-01.50ASB,2026-07-27
C관(2공장),사출,R2036-02.00ASB,2026-07-27
C관(2공장),사출,R2036-03.75ASB,2026-07-27
C관(2공장),사출,R2036-04.00ASB,2026-07-27
C관(2공장),사출,R2134-00.00CRB,2026-07-05
C관(2공장),사출,R2134-02.00CRB,2026-07-05
C관(2공장),사출,R2134-02.50CRB,2026-07-05
C관(2공장),사출,R2134-05.00CRB,2026-07-05
C관(2공장),사출,R2134-05.50CRB,2026-07-05
C관(2공장),사출,R2135-02.00DSB,2026-07-05
C관(2공장),사출,R2135-04.00DSB,2026-07-05
C관(2공장),사출,R2136-00.00ABR,2026-07-05
C관(2공장),사출,R2136-04.25ABR,2026-07-05
C관(2공장),사출,R2136-05.00ABR,2026-07-05
C관(2공장),사출,R2137-02.50CBR,2026-07-05
C관(2공장),사출,R2137-03.00CBR,2026-07-05
C관(2공장),사출,R2137-04.00CBR,2026-07-05
C관(2공장),사출,R2137-05.00CBR,2026-07-05
C관(2공장),사출,R2137-05.50CBR,2026-07-05
C관(2공장),사출,R3056-04.75HCL,2026-07-11
C관(2공장),사출,R3071-04.00LAD3,2026-07-11
C관(2공장),사출,R3075-00.00BRW,2026-07-22
C관(2공장),사출,R3075-01.00BRW,2026-07-22
C관(2공장),사출,R3075-02.00BRW,2026-07-22
C관(2공장),사출,R3075-02.50BRW,2026-07-22
C관(2공장),사출,R3075-02.75BRW,2026-07-22
C관(2공장),사출,R3075-03.50BRW,2026-07-22
C관(2공장),사출,R3075-05.00BRW,2026-07-22
C관(2공장),사출,R3075-05.75BRW,2026-07-22
C관(2공장),사출,R3075-06.00BRW,2026-07-22
C관(2공장),사출,R3075-07.50BRW,2026-07-22
C관(2공장),사출,R3075-08.00BRW,2026-07-22
C관(2공장),사출,R3076-08.50BLM,2026-07-22
C관(2공장),사출,R3078-02.25CHO,2026-07-12
C관(2공장),사출,R3201-01.75GRA2,2026-07-08
C관(2공장),사출,R3201-02.00GRA2,2026-07-08
C관(2공장),사출,R3201-02.50GRA2,2026-07-08
C관(2공장),사출,R3211-01.50GOL314.2,2026-07-22
C관(2공장),사출,R3211-03.25GOL314.2,2026-07-27
C관(2공장),사출,R3211-04.00GOL314.2,2026-07-22
C관(2공장),사출,R3211-04.25GOL314.2,2026-07-22
C관(2공장),사출,R3211-05.00GOL314.2,2026-07-27
C관(2공장),사출,R3211-05.50GOL314.2,2026-07-22
C관(2공장),사출,R3211-06.00GOL314.2,2026-07-22
C관(2공장),사출,R3211-06.50GOL314.2,2026-07-27
C관(2공장),사출,R3212-00.50BLK314.2,2026-07-27
C관(2공장),사출,R3212-01.50BLK314.2,2026-07-22
C관(2공장),사출,R3212-01.75BLK314.2,2026-07-22
C관(2공장),사출,R3212-03.00BLK314.2,2026-07-27
C관(2공장),사출,R3212-03.50BLK314.2,2026-07-22
C관(2공장),사출,R3212-04.00BLK314.2,2026-07-27
C관(2공장),사출,R3212-05.00BLK314.2,2026-07-27
C관(2공장),사출,R3212-05.50BLK314.2,2026-07-27
C관(2공장),사출,R3212-06.50BLK314.2,2026-07-27
C관(2공장),사출,R3212-08.50BLK314.2,2026-07-27
C관(2공장),사출,R3212-10.00BLK314.2,2026-07-27
C관(2공장),사출,R3213-00.00BLU314.2,2026-07-22
C관(2공장),사출,R3213-01.50BLU314.2,2026-07-27
C관(2공장),사출,R3214-00.00GRA314.2,2026-07-22
C관(2공장),사출,R3214-01.00GRA314.2,2026-07-22
C관(2공장),사출,R3214-01.25GRA314.2,2026-07-27
C관(2공장),사출,R3214-01.50GRA314.2,2026-07-22
C관(2공장),사출,R3214-01.75GRA314.2,2026-07-22
C관(2공장),사출,R3214-02.00GRA314.2,2026-07-27
C관(2공장),사출,R3214-02.50GRA314.2,2026-07-22
C관(2공장),사출,R3214-03.00GRA314.2,2026-07-27
C관(2공장),사출,R3214-03.25GRA314.2,2026-07-27
C관(2공장),사출,R3214-04.25GRA314.2,2026-07-27
C관(2공장),사출,R3214-04.50GRA314.2,2026-07-22
C관(2공장),사출,R3214-04.75GRA314.2,2026-07-27
C관(2공장),사출,R3214-05.00GRA314.2,2026-07-27
C관(2공장),사출,R3214-06.00GRA314.2,2026-07-27
C관(2공장),사출,R3214-06.50GRA314.2,2026-07-22
C관(2공장),사출,R3215-01.00HAZ314.2,2026-07-22
C관(2공장),사출,R3215-01.75HAZ314.2,2026-07-27
C관(2공장),사출,R3215-02.25HAZ314.2,2026-07-27
C관(2공장),사출,R3215-03.00HAZ314.2,2026-07-25
C관(2공장),사출,R3215-03.25HAZ314.2,2026-07-27
C관(2공장),사출,R3215-04.00HAZ314.2,2026-07-27
C관(2공장),사출,R3215-04.25HAZ314.2,2026-07-27
C관(2공장),사출,R3215-04.75HAZ314.2,2026-07-27
C관(2공장),사출,R3215-06.00HAZ314.2,2026-07-22
C관(2공장),사출,R3221-00.00CCM,2026-07-13
C관(2공장),사출,R3221-05.00CCM,2026-07-27
C관(2공장),사출,R4821-02.50BUL,2026-07-22
C관(2공장),사출,R4821-02.75BUL,2026-07-22
C관(2공장),사출,R4821-03.00BUL,2026-07-22
C관(2공장),사출,R4821-03.50BUL,2026-07-22
C관(2공장),사출,R4821-04.25BUL,2026-07-22
C관(2공장),사출,R4821-05.00BUL,2026-07-22
C관(2공장),사출,R4821-05.50BUL,2026-07-22
C관(2공장),사출,R4834-00.00CBM,2026-08-23
C관(2공장),사출,R4834-01.75CBM,2026-08-23
C관(2공장),사출,R4834-03.25CBM,2026-08-23
C관(2공장),사출,R4834-03.50CBM,2026-08-23
C관(2공장),사출,R4843-02.50-0.75180BRW,2026-07-11
C관(2공장),사출,R4843-03.00-0.75180BRW,2026-07-11
C관(2공장),사출,R4843-07.00-0.75180BRW,2026-07-11
C관(2공장),사출,R4843-07.50-0.75180BRW,2026-07-11
C관(2공장),사출,R4844-01.75-1.25180BRW,2026-07-11
C관(2공장),사출,R4844-03.50-1.25180BRW,2026-07-11
C관(2공장),사출,R4844-06.50-1.25180BRW,2026-07-11
C관(2공장),사출,R4844-08.50-1.25180BRW,2026-07-11
C관(2공장),사출,R4845-00.00-1.75180BRW,2026-07-11
C관(2공장),사출,R4845-00.50-1.75180BRW,2026-07-11
C관(2공장),사출,R4845-01.00-1.75180BRW,2026-07-11
C관(2공장),사출,R4845-01.25-1.75180BRW,2026-07-11
C관(2공장),사출,R4845-01.50-1.75180BRW,2026-07-11
C관(2공장),사출,R4845-02.25-1.75180BRW,2026-07-11
C관(2공장),사출,R4845-02.75-1.75180BRW,2026-07-11
C관(2공장),사출,R4845-03.50-1.75180BRW,2026-07-11
C관(2공장),사출,R4845-03.75-1.75180BRW,2026-07-11
C관(2공장),사출,R4845-04.25-1.75180BRW,2026-07-11
C관(2공장),사출,R4845-04.75-1.75180BRW,2026-07-11
C관(2공장),사출,R4845-05.50-1.75180BRW,2026-07-11
C관(2공장),사출,R4845-06.00-1.75180BRW,2026-07-11
C관(2공장),사출,R4845-07.00-1.75180BRW,2026-07-11
C관(2공장),사출,R4845-07.50-1.75180BRW,2026-07-11
C관(2공장),사출,R4845-08.00-1.75180BRW,2026-07-11
C관(2공장),사출,R4845-08.50-1.75180BRW,2026-07-11
C관(2공장),사출,R4846-01.25-0.75180GRA,2026-07-11
C관(2공장),사출,R4846-03.75-0.75180GRA,2026-07-11
C관(2공장),사출,R4846-04.25-0.75180GRA,2026-07-11
C관(2공장),사출,R4846-04.50-0.75180GRA,2026-07-11
C관(2공장),사출,R4846-05.00-0.75180GRA,2026-07-11
C관(2공장),사출,R4846-06.50-0.75180GRA,2026-07-11
C관(2공장),사출,R4847-00.00-1.25180GRA,2026-07-11
C관(2공장),사출,R4847-01.75-1.25180GRA,2026-07-11
C관(2공장),사출,R4847-02.25-1.25180GRA,2026-07-11
C관(2공장),사출,R4847-02.50-1.25180GRA,2026-07-11
C관(2공장),사출,R4847-03.25-1.25180GRA,2026-07-11
C관(2공장),사출,R4847-04.75-1.25180GRA,2026-07-11
C관(2공장),사출,R4847-05.50-1.25180GRA,2026-07-11
C관(2공장),사출,R4847-06.00-1.25180GRA,2026-07-11
C관(2공장),사출,R4847-07.00-1.25180GRA,2026-07-11
C관(2공장),사출,R4848-00.00-1.75180GRA,2026-07-11
C관(2공장),사출,R4848-02.00-1.75180GRA,2026-07-11
C관(2공장),사출,R4848-02.25-1.75180GRA,2026-07-11
C관(2공장),사출,R4848-02.50-1.75180GRA,2026-07-11
C관(2공장),사출,R4848-02.75-1.75180GRA,2026-07-11
C관(2공장),사출,R4848-03.25-1.75180GRA,2026-07-11
C관(2공장),사출,R4848-03.50-1.75180GRA,2026-07-11
C관(2공장),사출,R4848-04.00-1.75180GRA,2026-07-11
C관(2공장),사출,R4848-04.75-1.75180GRA,2026-07-11
C관(2공장),사출,R4848-05.00-1.75180GRA,2026-07-11
C관(2공장),사출,R4848-05.25-1.75180GRA,2026-07-11
C관(2공장),사출,R4848-05.50-1.75180GRA,2026-07-11
C관(2공장),사출,R4848-06.00-1.75180GRA,2026-07-11
C관(2공장),사출,R4848-06.50-1.75180GRA,2026-07-11
C관(2공장),사출,R4848-07.00-1.75180GRA,2026-07-11
C관(2공장),사출,R4848-07.50-1.75180GRA,2026-07-11
C관(2공장),사출,R4848-08.00-1.75180GRA,2026-07-11
C관(2공장),사출,R5062-03.00FPN,2026-07-11
C관(2공장),사출,R5248-05.50TPR,2026-07-11
C관(2공장),사출,R5335-02.00-1.25180CHC,2026-07-05
C관(2공장),사출,R5335-03.00-1.25180CHC,2026-07-05
C관(2공장),사출,R5335-05.00-1.25180CHC,2026-07-05
C관(2공장),사출,R7015-10.00GQZ,2026-07-11
C관(2공장),사출,R7022-02.00RUD,2026-07-11
C관(2공장),사출,R7024-00.00IDR,2026-07-11
C관(2공장),사출,R7024-04.25IDR,2026-07-11
C관(2공장),사출,R7035-00.00MCR,2026-07-11
C관(2공장),사출,R7035-01.75MCR,2026-07-11
C관(2공장),사출,R7035-02.75MCR,2026-07-11
C관(2공장),사출,R7036-00.00CRR,2026-07-11
C관(2공장),사출,R7041-02.25MLB,2026-07-11
C관(2공장),사출,R7041-02.75MLB,2026-07-11
C관(2공장),사출,R7041-03.75MLB,2026-07-11
C관(2공장),사출,R7041-08.00MLB,2026-07-11
C관(2공장),사출,R7500-02.75WTW,2026-07-11
C관(2공장),사출,R7501-08.50CRB,2026-07-11
C관(2공장),사출,R7529-03.50OCE3,2026-07-11
C관(2공장),사출,R7533-04.00DAP3,2026-07-11
C관(2공장),사출,R7536-00.00STQ2,2026-07-11
C관(2공장),접착,P0006A8.60+02.75,2026-07-22
C관(2공장),접착,P0006A8.60-01.00,2026-07-22
C관(2공장),접착,P0006A8.60-01.25,2026-07-22
C관(2공장),접착,P0006A8.60-01.50,2026-07-22
C관(2공장),접착,P0006A8.60-02.50,2026-07-22
C관(2공장),접착,P0006A8.60-03.00,2026-07-22
C관(2공장),접착,P0006A8.60-03.50,2026-07-22
C관(2공장),접착,P0006A8.60-04.00,2026-07-22
C관(2공장),접착,P0006A8.60-04.75,2026-07-22
C관(2공장),접착,P0007A-00.00RHA2,2026-07-10
C관(2공장),접착,P0007A-00.50RHA2,2026-07-25
C관(2공장),접착,P0007A-00.75RHA2,2026-07-25
C관(2공장),접착,P0007A-01.00RHA2,2026-07-25
C관(2공장),접착,P0007A-01.25RHA2,2026-07-25
C관(2공장),접착,P0007A-01.75RHA2,2026-07-25
C관(2공장),접착,P0007A-02.00RHA2,2026-07-25
C관(2공장),접착,P0007A-02.25RHA2,2026-07-10
C관(2공장),접착,P0007A-02.50RHA2,2026-07-10
C관(2공장),접착,P0007A-02.75RHA2,2026-07-25
C관(2공장),접착,P0007A-03.00RHA2,2026-07-25
C관(2공장),접착,P0007A-03.25RHA2,2026-07-25
C관(2공장),접착,P0007A-03.50RHA2,2026-07-10
C관(2공장),접착,P0007A-03.75RHA2,2026-07-25
C관(2공장),접착,P0007A-04.00RHA2,2026-07-25
C관(2공장),접착,P0007A-04.50RHA2,2026-07-25
C관(2공장),접착,P0007A-04.75RHA2,2026-07-10
C관(2공장),접착,P0007A-05.50RHA2,2026-07-25
C관(2공장),접착,P0007A-06.00RHA2,2026-07-25
C관(2공장),접착,P0007A-08.50RHA2,2026-07-25
C관(2공장),접착,P0007A-10.00RHA2,2026-07-25
C관(2공장),접착,P0008A-00.00LAT2,2026-07-26
C관(2공장),접착,P0008A-00.50LAT2,2026-07-26
C관(2공장),접착,P0008A-01.00LAT2,2026-07-26
C관(2공장),접착,P0008A-01.25LAT2,2026-07-26
C관(2공장),접착,P0008A-01.50LAT2,2026-07-26
C관(2공장),접착,P0008A-02.25LAT2,2026-07-26
C관(2공장),접착,P0008A-02.50LAT2,2026-07-26
C관(2공장),접착,P0008A-03.75LAT2,2026-07-26
C관(2공장),접착,P0008A-04.75LAT2,2026-07-26
C관(2공장),접착,P0008A-05.00LAT2,2026-07-26
C관(2공장),접착,P0008A-06.00LAT2,2026-07-26
C관(2공장),접착,P0008A-09.00LAT2,2026-07-26
C관(2공장),접착,P0009A-01.00,2026-07-23
C관(2공장),접착,P0009A-01.25,2026-07-23
C관(2공장),접착,P0009A-01.50,2026-07-23
C관(2공장),접착,P0009A-01.75,2026-07-23
C관(2공장),접착,P0009A-03.00,2026-07-23
C관(2공장),접착,P0009A-03.50,2026-07-23
C관(2공장),접착,P0009A-04.25,2026-07-23
C관(2공장),접착,P0009A-04.75,2026-07-23
C관(2공장),접착,P0009A-05.25,2026-07-23
C관(2공장),접착,P0009A-06.00,2026-07-23
C관(2공장),접착,P0010A-00.00SOB,2026-07-25
C관(2공장),접착,P0010A-00.50SOB,2026-07-10
C관(2공장),접착,P0010A-01.00SOB,2026-07-10
C관(2공장),접착,P0010A-01.25SOB,2026-07-10
C관(2공장),접착,P0010A-01.50SOB,2026-07-10
C관(2공장),접착,P0010A-01.75SOB,2026-07-10
C관(2공장),접착,P0010A-02.00SOB,2026-07-10
C관(2공장),접착,P0010A-02.25SOB,2026-07-10
C관(2공장),접착,P0010A-02.50SOB,2026-07-10
C관(2공장),접착,P0010A-02.75SOB,2026-07-10
C관(2공장),접착,P0010A-03.00SOB,2026-07-10
C관(2공장),접착,P0010A-03.50SOB,2026-07-10
C관(2공장),접착,P0010A-04.25SOB,2026-07-10
C관(2공장),접착,P0010A-04.50SOB,2026-07-10
C관(2공장),접착,P0010A-04.75SOB,2026-07-10
C관(2공장),접착,P0010A-05.00SOB,2026-07-10
C관(2공장),접착,P0010A-05.25SOB,2026-07-10
C관(2공장),접착,P0010A-05.50SOB,2026-07-10
C관(2공장),접착,P0010A-05.75SOB,2026-07-10
C관(2공장),접착,P0010A-06.00SOB,2026-07-10
C관(2공장),접착,P0010A-06.50SOB,2026-07-10
C관(2공장),접착,P0010A-09.00SOB,2026-07-25
C관(2공장),접착,P0011A-00.00JAB,2026-07-26
C관(2공장),접착,P0011A-00.50JAB,2026-07-26
C관(2공장),접착,P0011A-01.25JAB,2026-07-26
C관(2공장),접착,P0011A-02.00JAB,2026-07-26
C관(2공장),접착,P0011A-02.25JAB,2026-07-26
C관(2공장),접착,P0011A-02.50JAB,2026-07-26
C관(2공장),접착,P0011A-02.75JAB,2026-07-26
C관(2공장),접착,P0011A-03.00JAB,2026-07-26
C관(2공장),접착,P0011A-03.25JAB,2026-07-26
C관(2공장),접착,P0011A-03.75JAB,2026-07-26
C관(2공장),접착,P0011A-04.00JAB,2026-07-26
C관(2공장),접착,P0011A-05.00JAB,2026-07-26
C관(2공장),접착,P0011A-05.50JAB,2026-07-26
C관(2공장),접착,P0011A-08.50JAB,2026-07-26
C관(2공장),접착,P0011A-09.00JAB,2026-07-26
C관(2공장),접착,P0019A-00.00SGR,2026-07-10
C관(2공장),접착,P0019A-00.50SGR,2026-07-10
C관(2공장),접착,P0019A-01.00SGR,2026-07-10
C관(2공장),접착,P0019A-02.00SGR,2026-07-10
C관(2공장),접착,P0019A-02.25SGR,2026-07-10
C관(2공장),접착,P0019A-02.50SGR,2026-07-10
C관(2공장),접착,P0019A-02.75SGR,2026-07-10
C관(2공장),접착,P0019A-03.00SGR,2026-07-10
C관(2공장),접착,P0019A-03.25SGR,2026-07-10
C관(2공장),접착,P0019A-03.50SGR,2026-07-10
C관(2공장),접착,P0019A-03.75SGR,2026-07-10
C관(2공장),접착,P0019A-04.25SGR,2026-07-10
C관(2공장),접착,P0019A-04.50SGR,2026-07-10
C관(2공장),접착,P0019A-05.00SGR,2026-07-10
C관(2공장),접착,P0019A-05.50SGR,2026-07-10
C관(2공장),접착,P0019A-06.00SGR,2026-07-10
C관(2공장),접착,P0019A-06.50SGR,2026-07-10
C관(2공장),접착,P0019A-09.00SGR,2026-07-10
C관(2공장),접착,P0034A-03.25JAZ,2026-07-22
C관(2공장),접착,P0035A-01.25SOB,2026-07-22
C관(2공장),접착,P0112A-07.50MHB,2026-07-26
C관(2공장),접착,P0113A-00.00GLB2,2026-07-23
C관(2공장),접착,P0113A-02.50GLB2,2026-07-23
C관(2공장),접착,P0113A-03.00GLB2,2026-07-23
C관(2공장),접착,P0113A-05.50GLB2,2026-07-23
C관(2공장),접착,P0113A-07.00GLB2,2026-07-23
C관(2공장),접착,P0113A-07.50GLB2,2026-07-23
C관(2공장),접착,P0113A-08.00GLB2,2026-07-23
C관(2공장),접착,P0114A-00.00GLL2,2026-07-09
C관(2공장),접착,P0114A-00.50GLL2,2026-07-09
C관(2공장),접착,P0114A-01.00GLL2,2026-07-09
C관(2공장),접착,P0114A-01.25GLL2,2026-07-09
C관(2공장),접착,P0114A-01.50GLL2,2026-07-09
C관(2공장),접착,P0114A-01.75GLL2,2026-07-09
C관(2공장),접착,P0114A-02.00GLL2,2026-07-09
C관(2공장),접착,P0114A-02.25GLL2,2026-07-09
C관(2공장),접착,P0114A-02.50GLL2,2026-07-09
C관(2공장),접착,P0114A-02.75GLL2,2026-07-09
C관(2공장),접착,P0114A-03.00GLL2,2026-07-09
C관(2공장),접착,P0114A-03.25GLL2,2026-07-09
C관(2공장),접착,P0114A-03.50GLL2,2026-07-09
C관(2공장),접착,P0114A-03.75GLL2,2026-07-09
C관(2공장),접착,P0114A-04.00GLL2,2026-07-09
C관(2공장),접착,P0114A-04.25GLL2,2026-07-09
C관(2공장),접착,P0114A-04.50GLL2,2026-07-09
C관(2공장),접착,P0114A-04.75GLL2,2026-07-09
C관(2공장),접착,P0114A-05.00GLL2,2026-07-09
C관(2공장),접착,P0114A-05.50GLL2,2026-07-09
C관(2공장),접착,P0114A-06.00GLL2,2026-07-09
C관(2공장),접착,P0114A-06.50GLL2,2026-07-09
C관(2공장),접착,P0114A-07.00GLL2,2026-07-09
C관(2공장),접착,P0114A-07.50GLL2,2026-07-09
C관(2공장),접착,P0114A-08.00GLL2,2026-07-09
C관(2공장),접착,P0212A-01.50-1.75180ALR,2026-07-10
C관(2공장),접착,P0213A-05.25ALR,2026-07-25
C관(2공장),접착,P0213A-05.50ALR,2026-07-25
C관(2공장),접착,P0213A-07.00ALR,2026-07-25
C관(2공장),접착,P0213A-09.00ALR,2026-07-25
C관(2공장),접착,P0554A-04.75SPQ,2026-07-15
C관(2공장),접착,P0579A-07.00RHA,2026-08-08
C관(2공장),접착,P0581A-00.00MRS,2026-07-31
C관(2공장),접착,P0581A-00.75MRS,2026-07-31
C관(2공장),접착,P0581A-01.25MRS,2026-07-31
C관(2공장),접착,P0581A-02.50MRS,2026-07-31
C관(2공장),접착,P0582A-00.00EAR,2026-07-31
C관(2공장),접착,P0583A-00.00VEN,2026-07-31
C관(2공장),접착,P0583A-02.25VEN,2026-07-31
C관(2공장),접착,P0583A-03.00VEN,2026-07-31
C관(2공장),접착,P0583A-04.00VEN,2026-07-31
C관(2공장),접착,P1021A-00.00HKA3,2026-07-15
C관(2공장),접착,P1022A-02.75HKB3,2026-07-15
C관(2공장),접착,P1022A-04.75HKB3,2026-07-15
C관(2공장),접착,P1060A-00.00GBY2,2026-07-15
C관(2공장),접착,P1060A-03.00GBY2,2026-07-15
C관(2공장),접착,P1061A-00.00CRW3,2026-07-15
C관(2공장),접착,P1061A-01.75CRW3,2026-07-15
C관(2공장),접착,P1061A-02.25CRW3,2026-07-15
C관(2공장),접착,P1061A-02.50CRW3,2026-07-15
C관(2공장),접착,P1061A-02.75CRW3,2026-07-15
C관(2공장),접착,P1061A-03.00CRW3,2026-07-15
C관(2공장),접착,P1061A-04.00CRW3,2026-07-15
C관(2공장),접착,P1061A-05.00CRW3,2026-07-15
C관(2공장),접착,P1061A-05.25CRW3,2026-07-15
C관(2공장),접착,P1064A-05.75-0.75180BBN2,2026-07-15
C관(2공장),접착,P1087A-03.75BTT3,2026-07-18
C관(2공장),접착,P1087A-07.50BTT3,2026-07-18
C관(2공장),접착,P1095A-00.00PBN3,2026-08-09
C관(2공장),접착,P1095A-01.00PBN3,2026-08-09
C관(2공장),접착,P1095A-01.25PBN3,2026-08-09
C관(2공장),접착,P1095A-01.50PBN3,2026-08-09
C관(2공장),접착,P1095A-01.75PBN3,2026-08-09
C관(2공장),접착,P1095A-02.00PBN3,2026-08-09
C관(2공장),접착,P1095A-02.25PBN3,2026-08-09
C관(2공장),접착,P1095A-02.50PBN3,2026-08-09
C관(2공장),접착,P1095A-02.75PBN3,2026-08-09
C관(2공장),접착,P1095A-03.00PBN3,2026-08-09
C관(2공장),접착,P1095A-03.25PBN3,2026-08-09
C관(2공장),접착,P1095A-03.50PBN3,2026-08-09
C관(2공장),접착,P1095A-03.75PBN3,2026-08-09
C관(2공장),접착,P1095A-04.00PBN3,2026-08-09
C관(2공장),접착,P1095A-04.25PBN3,2026-08-09
C관(2공장),접착,P1095A-04.50PBN3,2026-08-09
C관(2공장),접착,P1095A-04.75PBN3,2026-08-09
C관(2공장),접착,P1095A-05.00PBN3,2026-08-09
C관(2공장),접착,P1095A-05.25PBN3,2026-08-09
C관(2공장),접착,P1095A-05.50PBN3,2026-08-09
C관(2공장),접착,P1095A-05.75PBN3,2026-08-09
C관(2공장),접착,P1095A-06.00PBN3,2026-08-09
C관(2공장),접착,P1095A-06.50PBN3,2026-08-09
C관(2공장),접착,P1095A-07.00PBN3,2026-08-09
C관(2공장),접착,P1095A-07.50PBN3,2026-08-09
C관(2공장),접착,P1095A-08.00PBN3,2026-08-09
C관(2공장),접착,P1096A-00.00GEN3,2026-08-09
C관(2공장),접착,P1096A-01.00GEN3,2026-08-09
C관(2공장),접착,P1096A-01.25GEN3,2026-08-09
C관(2공장),접착,P1096A-01.50GEN3,2026-08-09
C관(2공장),접착,P1096A-01.75GEN3,2026-08-09
C관(2공장),접착,P1096A-02.00GEN3,2026-08-09
C관(2공장),접착,P1096A-02.25GEN3,2026-08-09
C관(2공장),접착,P1096A-02.50GEN3,2026-08-09
C관(2공장),접착,P1096A-02.75GEN3,2026-08-09
C관(2공장),접착,P1096A-03.00GEN3,2026-08-09
C관(2공장),접착,P1096A-03.25GEN3,2026-08-09
C관(2공장),접착,P1096A-03.50GEN3,2026-08-09
C관(2공장),접착,P1096A-03.75GEN3,2026-08-09
C관(2공장),접착,P1096A-04.00GEN3,2026-08-09
C관(2공장),접착,P1096A-04.25GEN3,2026-08-09
C관(2공장),접착,P1096A-04.50GEN3,2026-08-09
C관(2공장),접착,P1096A-04.75GEN3,2026-08-09
C관(2공장),접착,P1096A-05.00GEN3,2026-08-09
C관(2공장),접착,P1096A-05.25GEN3,2026-08-09
C관(2공장),접착,P1096A-05.50GEN3,2026-08-09
C관(2공장),접착,P1096A-05.75GEN3,2026-08-09
C관(2공장),접착,P1096A-06.00GEN3,2026-08-09
C관(2공장),접착,P1096A-06.50GEN3,2026-08-09
C관(2공장),접착,P1096A-07.00GEN3,2026-08-09
C관(2공장),접착,P1096A-07.50GEN3,2026-08-09
C관(2공장),접착,P1096A-08.00GEN3,2026-08-09
C관(2공장),접착,P1097A-00.00BRN3,2026-08-09
C관(2공장),접착,P1097A-01.00BRN3,2026-08-09
C관(2공장),접착,P1097A-01.25BRN3,2026-08-09
C관(2공장),접착,P1097A-01.50BRN3,2026-08-09
C관(2공장),접착,P1097A-01.75BRN3,2026-08-09
C관(2공장),접착,P1097A-02.00BRN3,2026-08-09
C관(2공장),접착,P1097A-02.25BRN3,2026-08-09
C관(2공장),접착,P1097A-02.50BRN3,2026-08-09
C관(2공장),접착,P1097A-02.75BRN3,2026-08-09
C관(2공장),접착,P1097A-03.00BRN3,2026-08-09
C관(2공장),접착,P1097A-03.25BRN3,2026-08-09
C관(2공장),접착,P1097A-03.50BRN3,2026-08-09
C관(2공장),접착,P1097A-03.75BRN3,2026-08-09
C관(2공장),접착,P1097A-04.00BRN3,2026-08-09
C관(2공장),접착,P1097A-04.25BRN3,2026-08-09
C관(2공장),접착,P1097A-04.50BRN3,2026-08-09
C관(2공장),접착,P1097A-04.75BRN3,2026-08-09
C관(2공장),접착,P1097A-05.00BRN3,2026-08-09
C관(2공장),접착,P1097A-05.25BRN3,2026-08-09
C관(2공장),접착,P1097A-05.50BRN3,2026-08-09
C관(2공장),접착,P1097A-05.75BRN3,2026-08-09
C관(2공장),접착,P1097A-06.00BRN3,2026-08-09
C관(2공장),접착,P1097A-06.50BRN3,2026-08-09
C관(2공장),접착,P1097A-07.00BRN3,2026-08-09
C관(2공장),접착,P1097A-07.50BRN3,2026-08-09
C관(2공장),접착,P1097A-08.00BRN3,2026-08-09
C관(2공장),접착,P1098A-00.00PPE3,2026-08-09
C관(2공장),접착,P1098A-01.00PPE3,2026-08-09
C관(2공장),접착,P1098A-01.25PPE3,2026-08-09
C관(2공장),접착,P1098A-01.50PPE3,2026-08-09
C관(2공장),접착,P1098A-01.75PPE3,2026-08-09
C관(2공장),접착,P1098A-02.00PPE3,2026-08-09
C관(2공장),접착,P1098A-02.25PPE3,2026-08-09
C관(2공장),접착,P1098A-02.50PPE3,2026-08-09
C관(2공장),접착,P1098A-02.75PPE3,2026-08-09
C관(2공장),접착,P1098A-03.00PPE3,2026-08-09
C관(2공장),접착,P1098A-03.25PPE3,2026-08-09
C관(2공장),접착,P1098A-03.50PPE3,2026-08-09
C관(2공장),접착,P1098A-03.75PPE3,2026-08-09
C관(2공장),접착,P1098A-04.00PPE3,2026-08-09
C관(2공장),접착,P1098A-04.25PPE3,2026-08-09
C관(2공장),접착,P1098A-04.50PPE3,2026-08-09
C관(2공장),접착,P1098A-04.75PPE3,2026-08-09
C관(2공장),접착,P1098A-05.00PPE3,2026-08-09
C관(2공장),접착,P1098A-05.25PPE3,2026-08-09
C관(2공장),접착,P1098A-05.50PPE3,2026-08-09
C관(2공장),접착,P1098A-05.75PPE3,2026-08-09
C관(2공장),접착,P1098A-06.00PPE3,2026-08-09
C관(2공장),접착,P1098A-06.50PPE3,2026-08-09
C관(2공장),접착,P1098A-07.00PPE3,2026-08-09
C관(2공장),접착,P1098A-07.50PPE3,2026-08-09
C관(2공장),접착,P1098A-08.00PPE3,2026-08-09
C관(2공장),접착,P1099A-00.00ABN3,2026-08-09
C관(2공장),접착,P1099A-01.00ABN3,2026-08-09
C관(2공장),접착,P1099A-01.25ABN3,2026-08-09
C관(2공장),접착,P1099A-01.50ABN3,2026-08-09
C관(2공장),접착,P1099A-01.75ABN3,2026-08-09
C관(2공장),접착,P1099A-02.00ABN3,2026-08-09
C관(2공장),접착,P1099A-02.25ABN3,2026-08-09
C관(2공장),접착,P1099A-02.50ABN3,2026-08-09
C관(2공장),접착,P1099A-02.75ABN3,2026-08-09
C관(2공장),접착,P1099A-03.00ABN3,2026-08-09
C관(2공장),접착,P1099A-03.25ABN3,2026-08-09
C관(2공장),접착,P1099A-03.50ABN3,2026-08-09
C관(2공장),접착,P1099A-03.75ABN3,2026-08-09
C관(2공장),접착,P1099A-04.00ABN3,2026-08-09
C관(2공장),접착,P1099A-04.25ABN3,2026-08-09
C관(2공장),접착,P1099A-04.50ABN3,2026-08-09
C관(2공장),접착,P1099A-04.75ABN3,2026-08-09
C관(2공장),접착,P1099A-05.00ABN3,2026-08-09
C관(2공장),접착,P1099A-05.25ABN3,2026-08-09
C관(2공장),접착,P1099A-05.50ABN3,2026-08-09
C관(2공장),접착,P1099A-05.75ABN3,2026-08-09
C관(2공장),접착,P1099A-06.00ABN3,2026-08-09
C관(2공장),접착,P1099A-06.50ABN3,2026-08-09
C관(2공장),접착,P1099A-07.00ABN3,2026-08-09
C관(2공장),접착,P1099A-07.50ABN3,2026-08-09
C관(2공장),접착,P1099A-08.00ABN3,2026-08-09
C관(2공장),접착,P1144A-00.00BMP3,2026-07-22
C관(2공장),접착,P1144A-00.75BMP3,2026-07-22
C관(2공장),접착,P1144A-01.00BMP3,2026-07-22
C관(2공장),접착,P1144A-01.25BMP3,2026-07-22
C관(2공장),접착,P1144A-01.50BMP3,2026-07-22
C관(2공장),접착,P1144A-01.75BMP3,2026-07-22
C관(2공장),접착,P1144A-02.00BMP3,2026-07-22
C관(2공장),접착,P1144A-02.25BMP3,2026-07-22
C관(2공장),접착,P1144A-02.50BMP3,2026-07-22
C관(2공장),접착,P1144A-02.75BMP3,2026-07-22
C관(2공장),접착,P1144A-03.00BMP3,2026-07-22
C관(2공장),접착,P1144A-03.25BMP3,2026-07-22
C관(2공장),접착,P1144A-03.50BMP3,2026-07-22
C관(2공장),접착,P1144A-03.75BMP3,2026-07-22
C관(2공장),접착,P1144A-04.00BMP3,2026-07-22
C관(2공장),접착,P1144A-04.25BMP3,2026-07-22
C관(2공장),접착,P1144A-04.50BMP3,2026-07-22
C관(2공장),접착,P1144A-04.75BMP3,2026-07-22
C관(2공장),접착,P1144A-05.00BMP3,2026-07-22
C관(2공장),접착,P1144A-05.50BMP3,2026-07-22
C관(2공장),접착,P1144A-06.00BMP3,2026-07-22
C관(2공장),접착,P1144A-06.50BMP3,2026-07-22
C관(2공장),접착,P1144A-07.00BMP3,2026-07-22
C관(2공장),접착,P1144A-07.50BMP3,2026-07-22
C관(2공장),접착,P1144A-08.00BMP3,2026-07-22
C관(2공장),접착,P1146A-00.00BMB3,2026-07-22
C관(2공장),접착,P1146A-00.75BMB3,2026-07-22
C관(2공장),접착,P1146A-01.00BMB3,2026-07-22
C관(2공장),접착,P1146A-01.25BMB3,2026-07-22
C관(2공장),접착,P1146A-01.50BMB3,2026-07-22
C관(2공장),접착,P1146A-01.75BMB3,2026-07-22
C관(2공장),접착,P1146A-02.00BMB3,2026-07-22
C관(2공장),접착,P1146A-02.25BMB3,2026-07-22
C관(2공장),접착,P1146A-02.50BMB3,2026-07-22
C관(2공장),접착,P1146A-02.75BMB3,2026-07-22
C관(2공장),접착,P1146A-03.00BMB3,2026-07-22
C관(2공장),접착,P1146A-03.25BMB3,2026-07-22
C관(2공장),접착,P1146A-03.50BMB3,2026-07-22
C관(2공장),접착,P1146A-03.75BMB3,2026-07-22
C관(2공장),접착,P1146A-04.00BMB3,2026-07-22
C관(2공장),접착,P1146A-04.25BMB3,2026-07-22
C관(2공장),접착,P1146A-04.50BMB3,2026-07-22
C관(2공장),접착,P1146A-04.75BMB3,2026-07-22
C관(2공장),접착,P1146A-05.00BMB3,2026-07-22
C관(2공장),접착,P1146A-05.50BMB3,2026-07-22
C관(2공장),접착,P1146A-06.00BMB3,2026-07-22
C관(2공장),접착,P1146A-06.50BMB3,2026-07-22
C관(2공장),접착,P1146A-07.00BMB3,2026-07-22
C관(2공장),접착,P1146A-07.50BMB3,2026-07-22
C관(2공장),접착,P1146A-08.00BMB3,2026-07-22
C관(2공장),접착,P1147A-00.00BMG3,2026-07-22
C관(2공장),접착,P1147A-00.75BMG3,2026-07-22
C관(2공장),접착,P1147A-01.00BMG3,2026-07-22
C관(2공장),접착,P1147A-01.25BMG3,2026-07-22
C관(2공장),접착,P1147A-01.50BMG3,2026-07-22
C관(2공장),접착,P1147A-01.75BMG3,2026-07-22
C관(2공장),접착,P1147A-02.00BMG3,2026-07-22
C관(2공장),접착,P1147A-02.25BMG3,2026-07-22
C관(2공장),접착,P1147A-02.50BMG3,2026-07-22
C관(2공장),접착,P1147A-02.75BMG3,2026-07-22
C관(2공장),접착,P1147A-03.00BMG3,2026-07-22
C관(2공장),접착,P1147A-03.25BMG3,2026-07-22
C관(2공장),접착,P1147A-03.50BMG3,2026-07-22
C관(2공장),접착,P1147A-03.75BMG3,2026-07-22
C관(2공장),접착,P1147A-04.00BMG3,2026-07-22
C관(2공장),접착,P1147A-04.25BMG3,2026-07-22
C관(2공장),접착,P1147A-04.50BMG3,2026-07-22
C관(2공장),접착,P1147A-04.75BMG3,2026-07-22
C관(2공장),접착,P1147A-05.00BMG3,2026-07-22
C관(2공장),접착,P1147A-05.50BMG3,2026-07-22
C관(2공장),접착,P1147A-06.00BMG3,2026-07-22
C관(2공장),접착,P1147A-06.50BMG3,2026-07-22
C관(2공장),접착,P1147A-07.00BMG3,2026-07-22
C관(2공장),접착,P1147A-07.50BMG3,2026-07-22
C관(2공장),접착,P1147A-08.00BMG3,2026-07-22
C관(2공장),접착,P1148A-00.00BMH3,2026-07-22
C관(2공장),접착,P1148A-00.75BMH3,2026-07-22
C관(2공장),접착,P1148A-01.00BMH3,2026-07-22
C관(2공장),접착,P1148A-01.25BMH3,2026-07-22
C관(2공장),접착,P1148A-01.50BMH3,2026-07-22
C관(2공장),접착,P1148A-01.75BMH3,2026-07-22
C관(2공장),접착,P1148A-02.00BMH3,2026-07-22
C관(2공장),접착,P1148A-02.25BMH3,2026-07-22
C관(2공장),접착,P1148A-02.50BMH3,2026-07-22
C관(2공장),접착,P1148A-02.75BMH3,2026-07-22
C관(2공장),접착,P1148A-03.00BMH3,2026-07-22
C관(2공장),접착,P1148A-03.25BMH3,2026-07-22
C관(2공장),접착,P1148A-03.50BMH3,2026-07-22
C관(2공장),접착,P1148A-03.75BMH3,2026-07-22
C관(2공장),접착,P1148A-04.00BMH3,2026-07-22
C관(2공장),접착,P1148A-04.25BMH3,2026-07-22
C관(2공장),접착,P1148A-04.50BMH3,2026-07-22
C관(2공장),접착,P1148A-04.75BMH3,2026-07-22
C관(2공장),접착,P1148A-05.00BMH3,2026-07-22
C관(2공장),접착,P1148A-05.50BMH3,2026-07-22
C관(2공장),접착,P1148A-06.00BMH3,2026-07-22
C관(2공장),접착,P1148A-06.50BMH3,2026-07-22
C관(2공장),접착,P1148A-07.00BMH3,2026-07-22
C관(2공장),접착,P1148A-07.50BMH3,2026-07-22
C관(2공장),접착,P1148A-08.00BMH3,2026-07-22
C관(2공장),접착,P1149A-00.00BMC3,2026-07-22
C관(2공장),접착,P1149A-00.75BMC3,2026-07-22
C관(2공장),접착,P1149A-01.00BMC3,2026-07-22
C관(2공장),접착,P1149A-01.25BMC3,2026-07-22
C관(2공장),접착,P1149A-01.50BMC3,2026-07-22
C관(2공장),접착,P1149A-01.75BMC3,2026-07-22
C관(2공장),접착,P1149A-02.00BMC3,2026-07-22
C관(2공장),접착,P1149A-02.25BMC3,2026-07-22
C관(2공장),접착,P1149A-02.50BMC3,2026-07-22
C관(2공장),접착,P1149A-02.75BMC3,2026-07-22
C관(2공장),접착,P1149A-03.00BMC3,2026-07-22
C관(2공장),접착,P1149A-03.25BMC3,2026-07-22
C관(2공장),접착,P1149A-03.50BMC3,2026-07-22
C관(2공장),접착,P1149A-03.75BMC3,2026-07-22
C관(2공장),접착,P1149A-04.00BMC3,2026-07-22
C관(2공장),접착,P1149A-04.25BMC3,2026-07-22
C관(2공장),접착,P1149A-04.50BMC3,2026-07-22
C관(2공장),접착,P1149A-04.75BMC3,2026-07-22
C관(2공장),접착,P1149A-05.00BMC3,2026-07-22
C관(2공장),접착,P1149A-05.50BMC3,2026-07-22
C관(2공장),접착,P1149A-06.00BMC3,2026-07-22
C관(2공장),접착,P1149A-06.50BMC3,2026-07-22
C관(2공장),접착,P1149A-07.00BMC3,2026-07-22
C관(2공장),접착,P1149A-07.50BMC3,2026-07-22
C관(2공장),접착,P1149A-08.00BMC3,2026-07-22
C관(2공장),접착,P1170A-00.00NWK3,2026-07-20
C관(2공장),접착,P1170A-00.75NWK3,2026-07-20
C관(2공장),접착,P1170A-01.00NWK3,2026-07-20
C관(2공장),접착,P1170A-01.25NWK3,2026-07-20
C관(2공장),접착,P1170A-01.50NWK3,2026-07-20
C관(2공장),접착,P1170A-01.75NWK3,2026-07-20
C관(2공장),접착,P1170A-02.00NWK3,2026-07-20
C관(2공장),접착,P1170A-02.25NWK3,2026-07-20
C관(2공장),접착,P1170A-02.50NWK3,2026-07-20
C관(2공장),접착,P1170A-02.75NWK3,2026-07-20
C관(2공장),접착,P1170A-03.00NWK3,2026-07-20
C관(2공장),접착,P1170A-03.25NWK3,2026-07-20
C관(2공장),접착,P1170A-03.50NWK3,2026-07-20
C관(2공장),접착,P1170A-03.75NWK3,2026-07-20
C관(2공장),접착,P1170A-04.00NWK3,2026-07-20
C관(2공장),접착,P1170A-04.25NWK3,2026-07-20
C관(2공장),접착,P1170A-04.50NWK3,2026-07-20
C관(2공장),접착,P1170A-04.75NWK3,2026-07-20
C관(2공장),접착,P1170A-05.00NWK3,2026-07-20
C관(2공장),접착,P1170A-05.50NWK3,2026-07-20
C관(2공장),접착,P1170A-06.00NWK3,2026-07-20
C관(2공장),접착,P1170A-06.50NWK3,2026-07-20
C관(2공장),접착,P1170A-07.00NWK3,2026-07-20
C관(2공장),접착,P1170A-07.50NWK3,2026-07-20
C관(2공장),접착,P1170A-08.00NWK3,2026-07-20
C관(2공장),접착,P1171A-00.00GTP3,2026-07-20
C관(2공장),접착,P1171A-00.75GTP3,2026-07-20
C관(2공장),접착,P1171A-01.00GTP3,2026-07-20
C관(2공장),접착,P1171A-01.25GTP3,2026-07-20
C관(2공장),접착,P1171A-01.50GTP3,2026-07-20
C관(2공장),접착,P1171A-01.75GTP3,2026-07-20
C관(2공장),접착,P1171A-02.00GTP3,2026-07-20
C관(2공장),접착,P1171A-02.25GTP3,2026-07-20
C관(2공장),접착,P1171A-02.50GTP3,2026-07-20
C관(2공장),접착,P1171A-02.75GTP3,2026-07-20
C관(2공장),접착,P1171A-03.00GTP3,2026-07-20
C관(2공장),접착,P1171A-03.25GTP3,2026-07-20
C관(2공장),접착,P1171A-03.50GTP3,2026-07-20
C관(2공장),접착,P1171A-03.75GTP3,2026-07-20
C관(2공장),접착,P1171A-04.00GTP3,2026-07-20
C관(2공장),접착,P1171A-04.25GTP3,2026-07-20
C관(2공장),접착,P1171A-04.50GTP3,2026-07-20
C관(2공장),접착,P1171A-04.75GTP3,2026-07-20
C관(2공장),접착,P1171A-05.00GTP3,2026-07-20
C관(2공장),접착,P1171A-05.50GTP3,2026-07-20
C관(2공장),접착,P1171A-06.00GTP3,2026-07-20
C관(2공장),접착,P1171A-06.50GTP3,2026-07-20
C관(2공장),접착,P1171A-07.00GTP3,2026-07-20
C관(2공장),접착,P1171A-07.50GTP3,2026-07-20
C관(2공장),접착,P1171A-08.00GTP3,2026-07-20
C관(2공장),접착,P1173A-00.00MCM3,2026-07-16
C관(2공장),접착,P1173A-01.00MCM3,2026-07-16
C관(2공장),접착,P1173A-01.25MCM3,2026-07-16
C관(2공장),접착,P1173A-01.50MCM3,2026-07-16
C관(2공장),접착,P1173A-01.75MCM3,2026-07-16
C관(2공장),접착,P1173A-02.00MCM3,2026-07-16
C관(2공장),접착,P1173A-02.25MCM3,2026-07-16
C관(2공장),접착,P1173A-02.50MCM3,2026-07-16
C관(2공장),접착,P1173A-02.75MCM3,2026-07-16
C관(2공장),접착,P1173A-03.00MCM3,2026-07-16
C관(2공장),접착,P1173A-03.25MCM3,2026-07-16
C관(2공장),접착,P1173A-03.50MCM3,2026-07-16
C관(2공장),접착,P1173A-03.75MCM3,2026-07-16
C관(2공장),접착,P1173A-04.00MCM3,2026-07-16
C관(2공장),접착,P1173A-04.25MCM3,2026-07-16
C관(2공장),접착,P1173A-04.50MCM3,2026-07-16
C관(2공장),접착,P1173A-04.75MCM3,2026-07-16
C관(2공장),접착,P1173A-05.00MCM3,2026-07-16
C관(2공장),접착,P1173A-05.50MCM3,2026-07-16
C관(2공장),접착,P1173A-06.00MCM3,2026-07-16
C관(2공장),접착,P1174A-00.00BNS3,2026-07-16
C관(2공장),접착,P1174A-01.00BNS3,2026-07-16
C관(2공장),접착,P1174A-01.25BNS3,2026-07-16
C관(2공장),접착,P1174A-01.50BNS3,2026-07-16
C관(2공장),접착,P1174A-01.75BNS3,2026-07-16
C관(2공장),접착,P1174A-02.00BNS3,2026-07-16
C관(2공장),접착,P1174A-02.25BNS3,2026-07-16
C관(2공장),접착,P1174A-02.50BNS3,2026-07-16
C관(2공장),접착,P1174A-02.75BNS3,2026-07-16
C관(2공장),접착,P1174A-03.00BNS3,2026-07-16
C관(2공장),접착,P1174A-03.25BNS3,2026-07-16
C관(2공장),접착,P1174A-03.50BNS3,2026-07-16
C관(2공장),접착,P1174A-03.75BNS3,2026-07-16
C관(2공장),접착,P1174A-04.00BNS3,2026-07-16
C관(2공장),접착,P1174A-04.25BNS3,2026-07-16
C관(2공장),접착,P1174A-04.50BNS3,2026-07-16
C관(2공장),접착,P1174A-04.75BNS3,2026-07-16
C관(2공장),접착,P1174A-05.00BNS3,2026-07-16
C관(2공장),접착,P1174A-05.50BNS3,2026-07-16
C관(2공장),접착,P1174A-06.00BNS3,2026-07-16
C관(2공장),접착,P1175A-00.00VVM3,2026-07-16
C관(2공장),접착,P1175A-01.00VVM3,2026-07-16
C관(2공장),접착,P1175A-01.25VVM3,2026-07-16
C관(2공장),접착,P1175A-01.50VVM3,2026-07-16
C관(2공장),접착,P1175A-01.75VVM3,2026-07-16
C관(2공장),접착,P1175A-02.00VVM3,2026-07-16
C관(2공장),접착,P1175A-02.25VVM3,2026-07-16
C관(2공장),접착,P1175A-02.50VVM3,2026-07-16
C관(2공장),접착,P1175A-02.75VVM3,2026-07-16
C관(2공장),접착,P1175A-03.00VVM3,2026-07-16
C관(2공장),접착,P1175A-03.25VVM3,2026-07-16
C관(2공장),접착,P1175A-03.50VVM3,2026-07-16
C관(2공장),접착,P1175A-03.75VVM3,2026-07-16
C관(2공장),접착,P1175A-04.00VVM3,2026-07-16
C관(2공장),접착,P1175A-04.25VVM3,2026-07-16
C관(2공장),접착,P1175A-04.50VVM3,2026-07-16
C관(2공장),접착,P1175A-04.75VVM3,2026-07-16
C관(2공장),접착,P1175A-05.00VVM3,2026-07-16
C관(2공장),접착,P1175A-05.50VVM3,2026-07-16
C관(2공장),접착,P1175A-06.00VVM3,2026-07-16
C관(2공장),접착,P1176A-00.00ACM3,2026-07-16
C관(2공장),접착,P1176A-00.75ACM3,2026-07-16
C관(2공장),접착,P1176A-01.00ACM3,2026-07-16
C관(2공장),접착,P1176A-01.25ACM3,2026-07-16
C관(2공장),접착,P1176A-01.50ACM3,2026-07-16
C관(2공장),접착,P1176A-01.75ACM3,2026-07-16
C관(2공장),접착,P1176A-02.00ACM3,2026-07-16
C관(2공장),접착,P1176A-02.25ACM3,2026-07-16
C관(2공장),접착,P1176A-02.50ACM3,2026-07-16
C관(2공장),접착,P1176A-02.75ACM3,2026-07-16
C관(2공장),접착,P1176A-03.00ACM3,2026-07-16
C관(2공장),접착,P1176A-03.25ACM3,2026-07-16
C관(2공장),접착,P1176A-03.50ACM3,2026-07-16
C관(2공장),접착,P1176A-03.75ACM3,2026-07-16
C관(2공장),접착,P1176A-04.00ACM3,2026-07-16
C관(2공장),접착,P1176A-04.25ACM3,2026-07-16
C관(2공장),접착,P1176A-04.50ACM3,2026-07-16
C관(2공장),접착,P1176A-04.75ACM3,2026-07-16
C관(2공장),접착,P1176A-05.00ACM3,2026-07-16
C관(2공장),접착,P1176A-05.50ACM3,2026-07-16
C관(2공장),접착,P1176A-06.00ACM3,2026-07-16
C관(2공장),접착,P1177A-00.00RNG3,2026-07-16
C관(2공장),접착,P1177A-00.75RNG3,2026-07-16
C관(2공장),접착,P1177A-01.00RNG3,2026-07-16
C관(2공장),접착,P1177A-01.25RNG3,2026-07-16
C관(2공장),접착,P1177A-01.50RNG3,2026-07-16
C관(2공장),접착,P1177A-01.75RNG3,2026-07-16
C관(2공장),접착,P1177A-02.00RNG3,2026-07-16
C관(2공장),접착,P1177A-02.25RNG3,2026-07-16
C관(2공장),접착,P1177A-02.50RNG3,2026-07-16
C관(2공장),접착,P1177A-02.75RNG3,2026-07-16
C관(2공장),접착,P1177A-03.00RNG3,2026-07-16
C관(2공장),접착,P1177A-03.25RNG3,2026-07-16
C관(2공장),접착,P1177A-03.50RNG3,2026-07-16
C관(2공장),접착,P1177A-03.75RNG3,2026-07-16
C관(2공장),접착,P1177A-04.00RNG3,2026-07-16
C관(2공장),접착,P1177A-04.25RNG3,2026-07-16
C관(2공장),접착,P1177A-04.50RNG3,2026-07-16
C관(2공장),접착,P1177A-04.75RNG3,2026-07-16
C관(2공장),접착,P1177A-05.00RNG3,2026-07-16
C관(2공장),접착,P1177A-05.50RNG3,2026-07-16
C관(2공장),접착,P1177A-06.00RNG3,2026-07-16
C관(2공장),접착,P1178A-00.00AFR3,2026-07-16
C관(2공장),접착,P1178A-00.75AFR3,2026-07-16
C관(2공장),접착,P1178A-01.00AFR3,2026-07-16
C관(2공장),접착,P1178A-01.25AFR3,2026-07-16
C관(2공장),접착,P1178A-01.50AFR3,2026-07-16
C관(2공장),접착,P1178A-01.75AFR3,2026-07-16
C관(2공장),접착,P1178A-02.00AFR3,2026-07-16
C관(2공장),접착,P1178A-02.25AFR3,2026-07-16
C관(2공장),접착,P1178A-02.50AFR3,2026-07-16
C관(2공장),접착,P1178A-02.75AFR3,2026-07-16
C관(2공장),접착,P1178A-03.00AFR3,2026-07-16
C관(2공장),접착,P1178A-03.25AFR3,2026-07-16
C관(2공장),접착,P1178A-03.50AFR3,2026-07-16
C관(2공장),접착,P1178A-03.75AFR3,2026-07-16
C관(2공장),접착,P1178A-04.00AFR3,2026-07-16
C관(2공장),접착,P1178A-04.25AFR3,2026-07-16
C관(2공장),접착,P1178A-04.50AFR3,2026-07-16
C관(2공장),접착,P1178A-04.75AFR3,2026-07-16
C관(2공장),접착,P1178A-05.00AFR3,2026-07-16
C관(2공장),접착,P1178A-05.50AFR3,2026-07-16
C관(2공장),접착,P1178A-06.00AFR3,2026-07-16
C관(2공장),접착,P1179A-00.00MST3,2026-07-16
C관(2공장),접착,P1179A-00.75MST3,2026-07-16
C관(2공장),접착,P1179A-01.00MST3,2026-07-16
C관(2공장),접착,P1179A-01.25MST3,2026-07-16
C관(2공장),접착,P1179A-01.50MST3,2026-07-16
C관(2공장),접착,P1179A-01.75MST3,2026-07-16
C관(2공장),접착,P1179A-02.00MST3,2026-07-16
C관(2공장),접착,P1179A-02.25MST3,2026-07-16
C관(2공장),접착,P1179A-02.50MST3,2026-07-16
C관(2공장),접착,P1179A-02.75MST3,2026-07-16
C관(2공장),접착,P1179A-03.00MST3,2026-07-16
C관(2공장),접착,P1179A-03.25MST3,2026-07-16
C관(2공장),접착,P1179A-03.50MST3,2026-07-16
C관(2공장),접착,P1179A-03.75MST3,2026-07-16
C관(2공장),접착,P1179A-04.00MST3,2026-07-16
C관(2공장),접착,P1179A-04.25MST3,2026-07-16
C관(2공장),접착,P1179A-04.50MST3,2026-07-16
C관(2공장),접착,P1179A-04.75MST3,2026-07-16
C관(2공장),접착,P1179A-05.00MST3,2026-07-16
C관(2공장),접착,P1179A-05.50MST3,2026-07-16
C관(2공장),접착,P1179A-06.00MST3,2026-07-16
C관(2공장),접착,P1180A-00.00RWD3,2026-07-16
C관(2공장),접착,P1180A-00.75RWD3,2026-07-16
C관(2공장),접착,P1180A-01.00RWD3,2026-07-16
C관(2공장),접착,P1180A-01.25RWD3,2026-07-16
C관(2공장),접착,P1180A-01.50RWD3,2026-07-27
C관(2공장),접착,P1180A-01.75RWD3,2026-07-27
C관(2공장),접착,P1180A-02.00RWD3,2026-07-16
C관(2공장),접착,P1180A-02.25RWD3,2026-07-16
C관(2공장),접착,P1180A-02.50RWD3,2026-07-16
C관(2공장),접착,P1180A-02.75RWD3,2026-07-16
C관(2공장),접착,P1180A-03.00RWD3,2026-07-16
C관(2공장),접착,P1180A-03.25RWD3,2026-07-16
C관(2공장),접착,P1180A-03.50RWD3,2026-07-16
C관(2공장),접착,P1180A-03.75RWD3,2026-07-16
C관(2공장),접착,P1180A-04.00RWD3,2026-07-16
C관(2공장),접착,P1180A-04.25RWD3,2026-07-16
C관(2공장),접착,P1180A-04.50RWD3,2026-07-16
C관(2공장),접착,P1180A-04.75RWD3,2026-07-16
C관(2공장),접착,P1180A-05.00RWD3,2026-07-16
C관(2공장),접착,P1180A-05.50RWD3,2026-07-16
C관(2공장),접착,P1180A-06.00RWD3,2026-07-16
C관(2공장),접착,P1181A-00.00SVL3,2026-07-16
C관(2공장),접착,P1181A-00.75SVL3,2026-07-16
C관(2공장),접착,P1181A-01.00SVL3,2026-07-16
C관(2공장),접착,P1181A-01.25SVL3,2026-07-16
C관(2공장),접착,P1181A-01.50SVL3,2026-07-16
C관(2공장),접착,P1181A-01.75SVL3,2026-07-16
C관(2공장),접착,P1181A-02.00SVL3,2026-07-16
C관(2공장),접착,P1181A-02.25SVL3,2026-07-16
C관(2공장),접착,P1181A-02.50SVL3,2026-07-16
C관(2공장),접착,P1181A-02.75SVL3,2026-07-16
C관(2공장),접착,P1181A-03.00SVL3,2026-07-16
C관(2공장),접착,P1181A-03.25SVL3,2026-07-16
C관(2공장),접착,P1181A-03.50SVL3,2026-07-16
C관(2공장),접착,P1181A-03.75SVL3,2026-07-16
C관(2공장),접착,P1181A-04.00SVL3,2026-07-16
C관(2공장),접착,P1181A-04.25SVL3,2026-07-16
C관(2공장),접착,P1181A-04.50SVL3,2026-07-16
C관(2공장),접착,P1181A-04.75SVL3,2026-07-16
C관(2공장),접착,P1181A-05.00SVL3,2026-07-16
C관(2공장),접착,P1181A-05.50SVL3,2026-07-16
C관(2공장),접착,P1181A-06.00SVL3,2026-07-16
C관(2공장),접착,P1182A-00.00KRB3,2026-07-30
C관(2공장),접착,P1182A-00.75KRB3,2026-07-30
C관(2공장),접착,P1182A-01.00KRB3,2026-07-30
C관(2공장),접착,P1182A-01.25KRB3,2026-07-30
C관(2공장),접착,P1182A-01.50KRB3,2026-07-30
C관(2공장),접착,P1182A-01.75KRB3,2026-07-30
C관(2공장),접착,P1182A-02.00KRB3,2026-07-30
C관(2공장),접착,P1182A-02.25KRB3,2026-07-30
C관(2공장),접착,P1182A-02.50KRB3,2026-07-30
C관(2공장),접착,P1182A-02.75KRB3,2026-07-30
C관(2공장),접착,P1182A-03.00KRB3,2026-07-30
C관(2공장),접착,P1182A-03.25KRB3,2026-07-30
C관(2공장),접착,P1182A-03.50KRB3,2026-07-30
C관(2공장),접착,P1182A-03.75KRB3,2026-07-30
C관(2공장),접착,P1182A-04.00KRB3,2026-07-30
C관(2공장),접착,P1182A-04.25KRB3,2026-07-30
C관(2공장),접착,P1182A-04.50KRB3,2026-07-30
C관(2공장),접착,P1182A-04.75KRB3,2026-07-30
C관(2공장),접착,P1182A-05.00KRB3,2026-07-30
C관(2공장),접착,P1182A-05.50KRB3,2026-07-30
C관(2공장),접착,P1182A-06.00KRB3,2026-07-30
C관(2공장),접착,P1182A-06.50KRB3,2026-07-30
C관(2공장),접착,P1182A-07.00KRB3,2026-07-30
C관(2공장),접착,P1182A-07.50KRB3,2026-07-30
C관(2공장),접착,P1182A-08.00KRB3,2026-07-30
C관(2공장),접착,P1183A-00.00CHN3,2026-07-30
C관(2공장),접착,P1183A-00.75CHN3,2026-07-30
C관(2공장),접착,P1183A-01.00CHN3,2026-07-30
C관(2공장),접착,P1183A-01.25CHN3,2026-07-30
C관(2공장),접착,P1183A-01.50CHN3,2026-07-30
C관(2공장),접착,P1183A-01.75CHN3,2026-07-30
C관(2공장),접착,P1183A-02.00CHN3,2026-07-30
C관(2공장),접착,P1183A-02.25CHN3,2026-07-30
C관(2공장),접착,P1183A-02.50CHN3,2026-07-30
C관(2공장),접착,P1183A-02.75CHN3,2026-07-30
C관(2공장),접착,P1183A-03.00CHN3,2026-07-30
C관(2공장),접착,P1183A-03.25CHN3,2026-07-30
C관(2공장),접착,P1183A-03.50CHN3,2026-07-30
C관(2공장),접착,P1183A-03.75CHN3,2026-07-30
C관(2공장),접착,P1183A-04.00CHN3,2026-07-30
C관(2공장),접착,P1183A-04.25CHN3,2026-07-30
C관(2공장),접착,P1183A-04.50CHN3,2026-07-30
C관(2공장),접착,P1183A-04.75CHN3,2026-07-30
C관(2공장),접착,P1183A-05.00CHN3,2026-07-30
C관(2공장),접착,P1183A-05.50CHN3,2026-07-30
C관(2공장),접착,P1183A-06.00CHN3,2026-07-30
C관(2공장),접착,P1183A-06.50CHN3,2026-07-30
C관(2공장),접착,P1183A-07.00CHN3,2026-07-30
C관(2공장),접착,P1183A-07.50CHN3,2026-07-30
C관(2공장),접착,P1183A-08.00CHN3,2026-07-30
C관(2공장),접착,P1256K8.70-01.75,2026-08-30
C관(2공장),접착,P1256K8.70-02.25,2026-08-30
C관(2공장),접착,P1256K8.70-02.50,2026-08-30
C관(2공장),접착,P1256K8.70-02.75,2026-08-30
C관(2공장),접착,P1256K8.70-03.00,2026-08-30
C관(2공장),접착,P1256K8.70-04.00,2026-08-30
C관(2공장),접착,P1256K8.70-04.25,2026-08-30
C관(2공장),접착,P1256K8.70-04.75,2026-08-30
C관(2공장),접착,P1256K8.70-05.75,2026-08-30
C관(2공장),접착,P1256K8.70-06.00,2026-08-30
C관(2공장),접착,P1256K8.70-06.50,2026-08-30
C관(2공장),접착,P1256K8.70-07.00,2026-08-30
C관(2공장),접착,P2010A-00.00OCE,2026-07-31
C관(2공장),접착,P2010A-01.00OCE,2026-07-31
C관(2공장),접착,P2010A-01.25OCE,2026-07-31
C관(2공장),접착,P2010A-02.50OCE,2026-07-31
C관(2공장),접착,P2010A-02.75OCE,2026-07-31
C관(2공장),접착,P2010A-03.50OCE,2026-07-31
C관(2공장),접착,P2011A-00.00RHZ,2026-07-31
C관(2공장),접착,P2012A-00.00HBG,2026-07-31
C관(2공장),접착,P2012A-03.00HBG,2026-07-31
C관(2공장),접착,P2014A-00.00SMG,2026-07-31
C관(2공장),접착,P2026A-00.00HZH,2026-07-31
C관(2공장),접착,P2026A-00.75HZH,2026-07-31
C관(2공장),접착,P2026A-01.00HZH,2026-07-31
C관(2공장),접착,P2026A-01.75HZH,2026-07-31
C관(2공장),접착,P2026A-02.00HZH,2026-07-31
C관(2공장),접착,P2026A-02.25HZH,2026-07-31
C관(2공장),접착,P2026A-05.00HZH,2026-07-31
C관(2공장),접착,P2026A-05.50HZH,2026-07-31
C관(2공장),접착,P2026A-06.00HZH,2026-07-31
C관(2공장),접착,P2027A-00.00AMB,2026-07-31
C관(2공장),접착,P2027A-02.00AMB,2026-07-31
C관(2공장),접착,P2027A-02.75AMB,2026-07-31
C관(2공장),접착,P2027A-03.25AMB,2026-07-31
C관(2공장),접착,P2027A-03.75AMB,2026-07-31
C관(2공장),접착,P2028A-00.00PTA,2026-07-31
C관(2공장),접착,P2028A-02.00PTA,2026-07-31
C관(2공장),접착,P2028A-03.00PTA,2026-07-31
C관(2공장),접착,P2028A-03.50PTA,2026-07-31
C관(2공장),접착,P2028A-03.75PTA,2026-07-31
C관(2공장),접착,P2028A-04.00PTA,2026-07-31
C관(2공장),접착,P2035A-00.00ROW,2026-07-31
C관(2공장),접착,P2035A-00.75ROW,2026-07-31
C관(2공장),접착,P2035A-01.00ROW,2026-07-31
C관(2공장),접착,P2035A-01.25ROW,2026-07-31
C관(2공장),접착,P2035A-01.50ROW,2026-07-31
C관(2공장),접착,P2035A-02.00ROW,2026-07-31
C관(2공장),접착,P2035A-02.25ROW,2026-07-31
C관(2공장),접착,P2035A-05.00ROW,2026-07-31
C관(2공장),접착,P2036A-00.00ASB,2026-07-31
C관(2공장),접착,P2036A-01.00ASB,2026-07-31
C관(2공장),접착,P2036A-01.25ASB,2026-07-31
C관(2공장),접착,P2036A-01.50ASB,2026-07-31
C관(2공장),접착,P2036A-02.00ASB,2026-07-31
C관(2공장),접착,P2036A-03.75ASB,2026-07-31
C관(2공장),접착,P2036A-04.00ASB,2026-07-31
C관(2공장),접착,P2115A-01.00JAB1,2026-07-24
C관(2공장),접착,P2115A-04.25JAB1,2026-07-24
C관(2공장),접착,P2115A-05.75JAB1,2026-07-24
C관(2공장),접착,P2116A-00.00ALR2,2026-07-24
C관(2공장),접착,P2116A-00.50ALR2,2026-07-24
C관(2공장),접착,P2116A-00.75ALR2,2026-07-24
C관(2공장),접착,P2116A-01.00ALR2,2026-07-24
C관(2공장),접착,P2116A-01.25ALR2,2026-07-24
C관(2공장),접착,P2116A-01.50ALR2,2026-07-24
C관(2공장),접착,P2116A-01.75ALR2,2026-07-24
C관(2공장),접착,P2116A-02.25ALR2,2026-07-24
C관(2공장),접착,P2116A-02.75ALR2,2026-07-24
C관(2공장),접착,P2116A-03.50ALR2,2026-07-24
C관(2공장),접착,P2116A-05.00ALR2,2026-07-24
C관(2공장),접착,P2116A-06.00ALR2,2026-07-24
C관(2공장),접착,P2116A-08.00ALR2,2026-07-24
C관(2공장),접착,P2134A-00.00CRB,2026-07-09
C관(2공장),접착,P2134A-00.50CRB,2026-07-09
C관(2공장),접착,P2134A-01.25CRB,2026-07-09
C관(2공장),접착,P2134A-01.75CRB,2026-07-09
C관(2공장),접착,P2134A-02.00CRB,2026-07-09
C관(2공장),접착,P2134A-02.50CRB,2026-07-09
C관(2공장),접착,P2134A-02.75CRB,2026-07-09
C관(2공장),접착,P2134A-03.00CRB,2026-07-09
C관(2공장),접착,P2134A-03.50CRB,2026-07-09
C관(2공장),접착,P2134A-04.25CRB,2026-07-09
C관(2공장),접착,P2134A-05.00CRB,2026-07-09
C관(2공장),접착,P2134A-05.50CRB,2026-07-09
C관(2공장),접착,P2135A-01.50DSB,2026-07-09
C관(2공장),접착,P2135A-02.00DSB,2026-07-09
C관(2공장),접착,P2135A-02.75DSB,2026-07-09
C관(2공장),접착,P2135A-04.00DSB,2026-07-09
C관(2공장),접착,P2136A-00.00ABR,2026-07-09
C관(2공장),접착,P2136A-04.00ABR,2026-07-09
C관(2공장),접착,P2136A-04.25ABR,2026-07-09
C관(2공장),접착,P2136A-05.00ABR,2026-07-09
C관(2공장),접착,P2137A-02.50CBR,2026-07-09
C관(2공장),접착,P2137A-03.00CBR,2026-07-09
C관(2공장),접착,P2137A-04.00CBR,2026-07-09
C관(2공장),접착,P2137A-04.25CBR,2026-07-09
C관(2공장),접착,P2137A-05.00CBR,2026-07-09
C관(2공장),접착,P2137A-05.50CBR,2026-07-09
C관(2공장),접착,P3031A-00.00NBA,2026-07-12
C관(2공장),접착,P3056A-04.75HCL,2026-07-15
C관(2공장),접착,P3071A-04.00LAD2,2026-07-15
C관(2공장),접착,P3075A-00.00BRW,2026-07-26
C관(2공장),접착,P3075A-01.00BRW,2026-07-26
C관(2공장),접착,P3075A-02.00BRW,2026-07-26
C관(2공장),접착,P3075A-02.25BRW,2026-07-26
C관(2공장),접착,P3075A-02.50BRW,2026-07-26
C관(2공장),접착,P3075A-02.75BRW,2026-07-26
C관(2공장),접착,P3075A-03.50BRW,2026-07-26
C관(2공장),접착,P3075A-05.00BRW,2026-07-26
C관(2공장),접착,P3075A-05.75BRW,2026-07-26
C관(2공장),접착,P3075A-06.00BRW,2026-07-26
C관(2공장),접착,P3075A-07.50BRW,2026-07-26
C관(2공장),접착,P3075A-08.00BRW,2026-07-26
C관(2공장),접착,P3076A-08.50BLM,2026-07-26
C관(2공장),접착,P3078A-02.25CHO,2026-07-16
C관(2공장),접착,P3080A-01.50,2026-07-15
C관(2공장),접착,P3080A-02.00,2026-07-15
C관(2공장),접착,P3080A-02.25,2026-07-15
C관(2공장),접착,P3201A-01.75GRA2,2026-07-12
C관(2공장),접착,P3201A-02.00GRA2,2026-07-12
C관(2공장),접착,P3201A-02.50GRA2,2026-07-12
C관(2공장),접착,P3202A-00.00BEG2,2026-07-12
C관(2공장),접착,P3217A-08.50JWB,2026-07-31
C관(2공장),접착,P3217A-10.00JWB,2026-07-31
C관(2공장),접착,P3219A-00.00ALG,2026-07-31
C관(2공장),접착,P3219A-02.50ALG,2026-07-31
C관(2공장),접착,P3219A-02.75ALG,2026-07-29
C관(2공장),접착,P3219A-05.50ALG,2026-07-29
C관(2공장),접착,P3220A-03.00ALH,2026-07-29
C관(2공장),접착,P3220A-04.75ALH,2026-07-31
C관(2공장),접착,P3221A-00.00CCM,2026-07-29
C관(2공장),접착,P3221A-03.00CCM,2026-07-31
C관(2공장),접착,P3221A-03.50CCM,2026-07-31
C관(2공장),접착,P3221A-03.75CCM,2026-07-31
C관(2공장),접착,P3221A-04.50CCM,2026-07-31
C관(2공장),접착,P3221A-05.00CCM,2026-07-29
C관(2공장),접착,P3221A-06.00CCM,2026-07-31
C관(2공장),접착,P3224A-01.50JWG,2026-07-26
C관(2공장),접착,P3224A-03.25JWG,2026-07-31
C관(2공장),접착,P3224A-04.00JWG,2026-07-26
C관(2공장),접착,P3224A-04.25JWG,2026-07-26
C관(2공장),접착,P3224A-05.00JWG,2026-07-31
C관(2공장),접착,P3224A-05.50JWG,2026-07-26
C관(2공장),접착,P3224A-06.00JWG,2026-07-26
C관(2공장),접착,P3224A-06.50JWG,2026-07-31
C관(2공장),접착,P3225A-00.50JWB,2026-07-31
C관(2공장),접착,P3225A-01.50JWB,2026-07-26
C관(2공장),접착,P3225A-01.75JWB,2026-07-26
C관(2공장),접착,P3225A-03.00JWB,2026-07-31
C관(2공장),접착,P3225A-03.50JWB,2026-07-26
C관(2공장),접착,P3225A-04.00JWB,2026-07-31
C관(2공장),접착,P3225A-05.00JWB,2026-07-31
C관(2공장),접착,P3225A-05.50JWB,2026-07-31
C관(2공장),접착,P3225A-06.50JWB,2026-07-31
C관(2공장),접착,P3226A-00.00ALB,2026-07-26
C관(2공장),접착,P3226A-01.50ALB,2026-07-31
C관(2공장),접착,P3227A-00.00ALG,2026-07-26
C관(2공장),접착,P3227A-01.00ALG,2026-07-26
C관(2공장),접착,P3227A-01.25ALG,2026-07-31
C관(2공장),접착,P3227A-01.50ALG,2026-07-26
C관(2공장),접착,P3227A-01.75ALG,2026-07-26
C관(2공장),접착,P3227A-02.00ALG,2026-07-31
C관(2공장),접착,P3227A-02.50ALG,2026-07-26
C관(2공장),접착,P3227A-03.00ALG,2026-07-31
C관(2공장),접착,P3227A-03.25ALG,2026-07-31
C관(2공장),접착,P3227A-04.25ALG,2026-07-31
C관(2공장),접착,P3227A-04.50ALG,2026-07-26
C관(2공장),접착,P3227A-04.75ALG,2026-07-31
C관(2공장),접착,P3227A-05.00ALG,2026-07-31
C관(2공장),접착,P3227A-06.00ALG,2026-07-31
C관(2공장),접착,P3227A-06.50ALG,2026-07-26
C관(2공장),접착,P3227A-08.00ALG,2026-07-17
C관(2공장),접착,P3228A-01.00ALH,2026-07-26
C관(2공장),접착,P3228A-01.75ALH,2026-07-31
C관(2공장),접착,P3228A-02.25ALH,2026-07-31
C관(2공장),접착,P3228A-03.25ALH,2026-07-31
C관(2공장),접착,P3228A-04.00ALH,2026-07-31
C관(2공장),접착,P3228A-04.25ALH,2026-07-31
C관(2공장),접착,P3228A-06.00ALH,2026-07-26
C관(2공장),접착,P3229A-00.00CCM,2026-07-17
C관(2공장),접착,P3229A-04.00CCM,2026-07-26
C관(2공장),접착,P3229A-05.00CCM,2026-07-26
C관(2공장),접착,P4821A-02.50BUL,2026-07-26
C관(2공장),접착,P4821A-02.75BUL,2026-07-26
C관(2공장),접착,P4821A-03.00BUL,2026-07-26
C관(2공장),접착,P4821A-03.50BUL,2026-07-26
C관(2공장),접착,P4821A-04.25BUL,2026-07-26
C관(2공장),접착,P4821A-05.00BUL,2026-07-26
C관(2공장),접착,P4821A-05.50BUL,2026-07-26
C관(2공장),접착,P4834A-00.00CBM,2026-08-27
C관(2공장),접착,P4834A-01.75CBM,2026-08-27
C관(2공장),접착,P4834A-03.25CBM,2026-08-27
C관(2공장),접착,P4834A-03.50CBM,2026-08-27
C관(2공장),접착,P4843A-02.50-0.75180BRW,2026-07-15
C관(2공장),접착,P4843A-03.00-0.75180BRW,2026-07-15
C관(2공장),접착,P4843A-07.00-0.75180BRW,2026-07-15
C관(2공장),접착,P4843A-07.50-0.75180BRW,2026-07-15
C관(2공장),접착,P4844A-01.75-1.25180BRW,2026-07-15
C관(2공장),접착,P4844A-03.50-1.25180BRW,2026-07-15
C관(2공장),접착,P4844A-06.50-1.25180BRW,2026-07-15
C관(2공장),접착,P4844A-08.50-1.25180BRW,2026-07-15
C관(2공장),접착,P4845A-00.00-1.75180BRW,2026-07-15
C관(2공장),접착,P4845A-00.50-1.75180BRW,2026-07-15
C관(2공장),접착,P4845A-01.00-1.75180BRW,2026-07-15
C관(2공장),접착,P4845A-01.25-1.75180BRW,2026-07-15
C관(2공장),접착,P4845A-01.50-1.75180BRW,2026-07-15
C관(2공장),접착,P4845A-02.25-1.75180BRW,2026-07-15
C관(2공장),접착,P4845A-02.75-1.75180BRW,2026-07-15
C관(2공장),접착,P4845A-03.50-1.75180BRW,2026-07-15
C관(2공장),접착,P4845A-03.75-1.75180BRW,2026-07-15
C관(2공장),접착,P4845A-04.25-1.75180BRW,2026-07-15
C관(2공장),접착,P4845A-04.75-1.75180BRW,2026-07-15
C관(2공장),접착,P4845A-05.50-1.75180BRW,2026-07-15
C관(2공장),접착,P4845A-06.00-1.75180BRW,2026-07-15
C관(2공장),접착,P4845A-07.00-1.75180BRW,2026-07-15
C관(2공장),접착,P4845A-07.50-1.75180BRW,2026-07-15
C관(2공장),접착,P4845A-08.00-1.75180BRW,2026-07-15
C관(2공장),접착,P4845A-08.50-1.75180BRW,2026-07-15
C관(2공장),접착,P4846A-01.25-0.75180GRA,2026-07-15
C관(2공장),접착,P4846A-03.75-0.75180GRA,2026-07-15
C관(2공장),접착,P4846A-04.25-0.75180GRA,2026-07-15
C관(2공장),접착,P4846A-04.50-0.75180GRA,2026-07-15
C관(2공장),접착,P4846A-05.00-0.75180GRA,2026-07-15
C관(2공장),접착,P4846A-06.50-0.75180GRA,2026-07-15
C관(2공장),접착,P4847A-00.00-1.25180GRA,2026-07-15
C관(2공장),접착,P4847A-01.75-1.25180GRA,2026-07-15
C관(2공장),접착,P4847A-02.25-1.25180GRA,2026-07-15
C관(2공장),접착,P4847A-02.50-1.25180GRA,2026-07-15
C관(2공장),접착,P4847A-03.25-1.25180GRA,2026-07-15
C관(2공장),접착,P4847A-04.75-1.25180GRA,2026-07-15
C관(2공장),접착,P4847A-05.50-1.25180GRA,2026-07-15
C관(2공장),접착,P4847A-06.00-1.25180GRA,2026-07-15
C관(2공장),접착,P4847A-07.00-1.25180GRA,2026-07-15
C관(2공장),접착,P4848A-00.00-1.75180GRA,2026-07-15
C관(2공장),접착,P4848A-02.00-1.75180GRA,2026-07-15
C관(2공장),접착,P4848A-02.25-1.75180GRA,2026-07-15
C관(2공장),접착,P4848A-02.50-1.75180GRA,2026-07-15
C관(2공장),접착,P4848A-02.75-1.75180GRA,2026-07-15
C관(2공장),접착,P4848A-03.25-1.75180GRA,2026-07-15
C관(2공장),접착,P4848A-03.50-1.75180GRA,2026-07-15
C관(2공장),접착,P4848A-04.00-1.75180GRA,2026-07-15
C관(2공장),접착,P4848A-04.75-1.75180GRA,2026-07-15
C관(2공장),접착,P4848A-05.00-1.75180GRA,2026-07-15
C관(2공장),접착,P4848A-05.25-1.75180GRA,2026-07-15
C관(2공장),접착,P4848A-05.50-1.75180GRA,2026-07-15
C관(2공장),접착,P4848A-06.00-1.75180GRA,2026-07-15
C관(2공장),접착,P4848A-06.50-1.75180GRA,2026-07-15
C관(2공장),접착,P4848A-07.00-1.75180GRA,2026-07-15
C관(2공장),접착,P4848A-07.50-1.75180GRA,2026-07-15
C관(2공장),접착,P4848A-08.00-1.75180GRA,2026-07-15
C관(2공장),접착,P5062A-03.00FPN,2026-07-15
C관(2공장),접착,P5248A-05.50TPR,2026-07-15
C관(2공장),접착,P5252A-05.50,2026-07-12
C관(2공장),접착,P5261A-00.00LAC,2026-07-23
C관(2공장),접착,P5261A-01.25LAC,2026-07-23
C관(2공장),접착,P5335A-02.00-1.25180CHC,2026-07-09
C관(2공장),접착,P5335A-03.00-1.25180CHC,2026-07-09
C관(2공장),접착,P5335A-03.75-1.25180CHC,2026-07-09
C관(2공장),접착,P5335A-05.00-1.25180CHC,2026-07-09
C관(2공장),접착,P5335A-05.50-1.25180CHC,2026-07-09
C관(2공장),접착,P5336A-00.50-1.75180CHC,2026-07-09
C관(2공장),접착,P5336A-02.00-1.75180CHC,2026-07-09
C관(2공장),접착,P5336A-02.25-1.75180CHC,2026-07-09
C관(2공장),접착,P5336A-06.00-1.75180CHC,2026-07-09
C관(2공장),접착,P5336A-07.00-1.75180CHC,2026-07-09
C관(2공장),접착,P7015A-10.00GQZ,2026-07-15
C관(2공장),접착,P7021A-02.75PUE,2026-07-15
C관(2공장),접착,P7022A-02.00RUD,2026-07-15
C관(2공장),접착,P7024A-00.00IDR,2026-07-15
C관(2공장),접착,P7024A-04.25IDR,2026-07-15
C관(2공장),접착,P7035M-00.00MCR,2026-07-15
C관(2공장),접착,P7035M-01.75MCR,2026-07-15
C관(2공장),접착,P7035M-02.75MCR,2026-07-15
C관(2공장),접착,P7036M-00.00CRR,2026-07-15
C관(2공장),접착,P7041A-02.25MLB,2026-07-15
C관(2공장),접착,P7041A-02.75MLB,2026-07-15
C관(2공장),접착,P7041A-03.75MLB,2026-07-15
C관(2공장),접착,P7041A-08.00MLB,2026-07-15
C관(2공장),접착,P7500A-02.75WTW,2026-07-15
C관(2공장),접착,P7501A-08.50CRB,2026-07-15
C관(2공장),접착,P7529M-03.50OCE3,2026-07-15
C관(2공장),접착,P7533M-04.00DAP3,2026-07-15
C관(2공장),접착,P7536M-00.00STQ2,2026-07-15
C관(2공장),하이드레이션,P0006A8.60+02.75,2026-07-20
C관(2공장),하이드레이션,P0006A8.60-01.00,2026-07-20
C관(2공장),하이드레이션,P0006A8.60-01.25,2026-07-20
C관(2공장),하이드레이션,P0006A8.60-01.50,2026-07-20
C관(2공장),하이드레이션,P0006A8.60-02.50,2026-07-20
C관(2공장),하이드레이션,P0006A8.60-03.00,2026-07-20
C관(2공장),하이드레이션,P0006A8.60-03.50,2026-07-20
C관(2공장),하이드레이션,P0006A8.60-04.00,2026-07-20
C관(2공장),하이드레이션,P0006A8.60-04.75,2026-07-20
C관(2공장),하이드레이션,P0007A-00.00RHA2,2026-07-08
C관(2공장),하이드레이션,P0007A-00.50RHA2,2026-07-23
C관(2공장),하이드레이션,P0007A-00.75RHA2,2026-07-23
C관(2공장),하이드레이션,P0007A-01.00RHA2,2026-07-23
C관(2공장),하이드레이션,P0007A-01.25RHA2,2026-07-23
C관(2공장),하이드레이션,P0007A-01.75RHA2,2026-07-23
C관(2공장),하이드레이션,P0007A-02.00RHA2,2026-07-23
C관(2공장),하이드레이션,P0007A-02.25RHA2,2026-07-08
C관(2공장),하이드레이션,P0007A-02.50RHA2,2026-07-08
C관(2공장),하이드레이션,P0007A-02.75RHA2,2026-07-23
C관(2공장),하이드레이션,P0007A-03.00RHA2,2026-07-23
C관(2공장),하이드레이션,P0007A-03.25RHA2,2026-07-23
C관(2공장),하이드레이션,P0007A-03.50RHA2,2026-07-08
C관(2공장),하이드레이션,P0007A-03.75RHA2,2026-07-23
C관(2공장),하이드레이션,P0007A-04.00RHA2,2026-07-23
C관(2공장),하이드레이션,P0007A-04.50RHA2,2026-07-23
C관(2공장),하이드레이션,P0007A-04.75RHA2,2026-07-08
C관(2공장),하이드레이션,P0007A-05.50RHA2,2026-07-23
C관(2공장),하이드레이션,P0007A-06.00RHA2,2026-07-23
C관(2공장),하이드레이션,P0007A-08.50RHA2,2026-07-23
C관(2공장),하이드레이션,P0007A-10.00RHA2,2026-07-23
C관(2공장),하이드레이션,P0008A-00.00LAT2,2026-07-24
C관(2공장),하이드레이션,P0008A-00.50LAT2,2026-07-24
C관(2공장),하이드레이션,P0008A-01.00LAT2,2026-07-24
C관(2공장),하이드레이션,P0008A-01.25LAT2,2026-07-24
C관(2공장),하이드레이션,P0008A-01.50LAT2,2026-07-24
C관(2공장),하이드레이션,P0008A-02.25LAT2,2026-07-24
C관(2공장),하이드레이션,P0008A-02.50LAT2,2026-07-24
C관(2공장),하이드레이션,P0008A-03.75LAT2,2026-07-24
C관(2공장),하이드레이션,P0008A-04.75LAT2,2026-07-24
C관(2공장),하이드레이션,P0008A-05.00LAT2,2026-07-24
C관(2공장),하이드레이션,P0008A-06.00LAT2,2026-07-24
C관(2공장),하이드레이션,P0008A-09.00LAT2,2026-07-24
C관(2공장),하이드레이션,P0009A-01.00,2026-07-21
C관(2공장),하이드레이션,P0009A-01.25,2026-07-21
C관(2공장),하이드레이션,P0009A-01.50,2026-07-21
C관(2공장),하이드레이션,P0009A-01.75,2026-07-21
C관(2공장),하이드레이션,P0009A-03.00,2026-07-21
C관(2공장),하이드레이션,P0009A-03.50,2026-07-21
C관(2공장),하이드레이션,P0009A-04.25,2026-07-21
C관(2공장),하이드레이션,P0009A-04.75,2026-07-21
C관(2공장),하이드레이션,P0009A-05.25,2026-07-21
C관(2공장),하이드레이션,P0009A-06.00,2026-07-21
C관(2공장),하이드레이션,P0010A-00.00SOB,2026-07-23
C관(2공장),하이드레이션,P0010A-00.50SOB,2026-07-08
C관(2공장),하이드레이션,P0010A-01.00SOB,2026-07-08
C관(2공장),하이드레이션,P0010A-01.25SOB,2026-07-08
C관(2공장),하이드레이션,P0010A-01.50SOB,2026-07-08
C관(2공장),하이드레이션,P0010A-01.75SOB,2026-07-08
C관(2공장),하이드레이션,P0010A-02.00SOB,2026-07-08
C관(2공장),하이드레이션,P0010A-02.25SOB,2026-07-08
C관(2공장),하이드레이션,P0010A-02.50SOB,2026-07-08
C관(2공장),하이드레이션,P0010A-02.75SOB,2026-07-08
C관(2공장),하이드레이션,P0010A-03.00SOB,2026-07-08
C관(2공장),하이드레이션,P0010A-03.50SOB,2026-07-08
C관(2공장),하이드레이션,P0010A-04.25SOB,2026-07-08
C관(2공장),하이드레이션,P0010A-04.50SOB,2026-07-08
C관(2공장),하이드레이션,P0010A-04.75SOB,2026-07-08
C관(2공장),하이드레이션,P0010A-05.00SOB,2026-07-08
C관(2공장),하이드레이션,P0010A-05.25SOB,2026-07-08
C관(2공장),하이드레이션,P0010A-05.50SOB,2026-07-08
C관(2공장),하이드레이션,P0010A-05.75SOB,2026-07-08
C관(2공장),하이드레이션,P0010A-06.00SOB,2026-07-08
C관(2공장),하이드레이션,P0010A-06.50SOB,2026-07-08
C관(2공장),하이드레이션,P0010A-09.00SOB,2026-07-23
C관(2공장),하이드레이션,P0011A-00.00JAB,2026-07-24
C관(2공장),하이드레이션,P0011A-00.50JAB,2026-07-24
C관(2공장),하이드레이션,P0011A-01.25JAB,2026-07-24
C관(2공장),하이드레이션,P0011A-02.00JAB,2026-07-24
C관(2공장),하이드레이션,P0011A-02.25JAB,2026-07-24
C관(2공장),하이드레이션,P0011A-02.50JAB,2026-07-24
C관(2공장),하이드레이션,P0011A-02.75JAB,2026-07-24
C관(2공장),하이드레이션,P0011A-03.00JAB,2026-07-24
C관(2공장),하이드레이션,P0011A-03.25JAB,2026-07-24
C관(2공장),하이드레이션,P0011A-03.75JAB,2026-07-24
C관(2공장),하이드레이션,P0011A-04.00JAB,2026-07-24
C관(2공장),하이드레이션,P0011A-05.00JAB,2026-07-24
C관(2공장),하이드레이션,P0011A-05.50JAB,2026-07-24
C관(2공장),하이드레이션,P0011A-08.50JAB,2026-07-24
C관(2공장),하이드레이션,P0019A-00.00SGR,2026-07-08
C관(2공장),하이드레이션,P0019A-00.50SGR,2026-07-08
C관(2공장),하이드레이션,P0019A-01.00SGR,2026-07-08
C관(2공장),하이드레이션,P0019A-02.00SGR,2026-07-08
C관(2공장),하이드레이션,P0019A-02.25SGR,2026-07-08
C관(2공장),하이드레이션,P0019A-02.50SGR,2026-07-08
C관(2공장),하이드레이션,P0019A-02.75SGR,2026-07-08
C관(2공장),하이드레이션,P0019A-03.00SGR,2026-07-08
C관(2공장),하이드레이션,P0019A-03.25SGR,2026-07-23
C관(2공장),하이드레이션,P0019A-03.50SGR,2026-07-08
C관(2공장),하이드레이션,P0019A-03.75SGR,2026-07-08
C관(2공장),하이드레이션,P0019A-04.25SGR,2026-07-08
C관(2공장),하이드레이션,P0019A-04.50SGR,2026-07-23
C관(2공장),하이드레이션,P0019A-05.00SGR,2026-07-08
C관(2공장),하이드레이션,P0019A-05.50SGR,2026-07-08
C관(2공장),하이드레이션,P0019A-06.00SGR,2026-07-08
C관(2공장),하이드레이션,P0019A-06.50SGR,2026-07-08
C관(2공장),하이드레이션,P0019A-09.00SGR,2026-07-08
C관(2공장),하이드레이션,P0034A-03.25JAZ,2026-07-20
C관(2공장),하이드레이션,P0035A-01.25SOB,2026-07-20
C관(2공장),하이드레이션,P0112A-07.50MHB,2026-07-24
C관(2공장),하이드레이션,P0113A-00.00GLB2,2026-07-21
C관(2공장),하이드레이션,P0113A-03.00GLB2,2026-07-21
C관(2공장),하이드레이션,P0113A-05.50GLB2,2026-07-21
C관(2공장),하이드레이션,P0113A-07.00GLB2,2026-07-21
C관(2공장),하이드레이션,P0113A-07.50GLB2,2026-07-21
C관(2공장),하이드레이션,P0113A-08.00GLB2,2026-07-21
C관(2공장),하이드레이션,P0114A-00.00GLL2,2026-07-07
C관(2공장),하이드레이션,P0114A-00.50GLL2,2026-07-07
C관(2공장),하이드레이션,P0114A-01.00GLL2,2026-07-07
C관(2공장),하이드레이션,P0114A-01.25GLL2,2026-07-07
C관(2공장),하이드레이션,P0114A-01.50GLL2,2026-07-07
C관(2공장),하이드레이션,P0114A-01.75GLL2,2026-07-07
C관(2공장),하이드레이션,P0114A-02.00GLL2,2026-07-07
C관(2공장),하이드레이션,P0114A-02.25GLL2,2026-07-07
C관(2공장),하이드레이션,P0114A-02.50GLL2,2026-07-07
C관(2공장),하이드레이션,P0114A-02.75GLL2,2026-07-07
C관(2공장),하이드레이션,P0114A-03.00GLL2,2026-07-07
C관(2공장),하이드레이션,P0114A-03.25GLL2,2026-07-07
C관(2공장),하이드레이션,P0114A-03.50GLL2,2026-07-07
C관(2공장),하이드레이션,P0114A-03.75GLL2,2026-07-07
C관(2공장),하이드레이션,P0114A-04.00GLL2,2026-07-07
C관(2공장),하이드레이션,P0114A-04.25GLL2,2026-07-07
C관(2공장),하이드레이션,P0114A-04.50GLL2,2026-07-07
C관(2공장),하이드레이션,P0114A-04.75GLL2,2026-07-07
C관(2공장),하이드레이션,P0114A-05.00GLL2,2026-07-07
C관(2공장),하이드레이션,P0114A-05.50GLL2,2026-07-07
C관(2공장),하이드레이션,P0114A-06.00GLL2,2026-07-07
C관(2공장),하이드레이션,P0114A-06.50GLL2,2026-07-07
C관(2공장),하이드레이션,P0114A-07.00GLL2,2026-07-07
C관(2공장),하이드레이션,P0114A-07.50GLL2,2026-07-07
C관(2공장),하이드레이션,P0114A-08.00GLL2,2026-07-07
C관(2공장),하이드레이션,P0212A-01.50-1.75180ALR,2026-07-08
C관(2공장),하이드레이션,P0213A-05.25ALR,2026-07-23
C관(2공장),하이드레이션,P0213A-05.50ALR,2026-07-23
C관(2공장),하이드레이션,P0213A-07.00ALR,2026-07-23
C관(2공장),하이드레이션,P0213A-09.00ALR,2026-07-23
C관(2공장),하이드레이션,P0554A-04.75SPQ,2026-07-13
C관(2공장),하이드레이션,P0579A-07.00RHA,2026-08-06
C관(2공장),하이드레이션,P0581A-00.00MRS,2026-07-29
C관(2공장),하이드레이션,P0581A-00.75MRS,2026-07-29
C관(2공장),하이드레이션,P0581A-01.25MRS,2026-07-29
C관(2공장),하이드레이션,P0581A-02.50MRS,2026-07-29
C관(2공장),하이드레이션,P0582A-00.00EAR,2026-07-29
C관(2공장),하이드레이션,P0583A-00.00VEN,2026-07-29
C관(2공장),하이드레이션,P0583A-02.25VEN,2026-07-29
C관(2공장),하이드레이션,P0583A-03.00VEN,2026-07-29
C관(2공장),하이드레이션,P0583A-04.00VEN,2026-07-29
C관(2공장),하이드레이션,P1021A-00.00HKA3,2026-07-13
C관(2공장),하이드레이션,P1060A-00.00GBY2,2026-07-13
C관(2공장),하이드레이션,P1060A-03.00GBY2,2026-07-13
C관(2공장),하이드레이션,P1061A-00.00CRW3,2026-07-13
C관(2공장),하이드레이션,P1061A-01.75CRW3,2026-07-13
C관(2공장),하이드레이션,P1061A-02.25CRW3,2026-07-13
C관(2공장),하이드레이션,P1061A-02.50CRW3,2026-07-13
C관(2공장),하이드레이션,P1061A-02.75CRW3,2026-07-13
C관(2공장),하이드레이션,P1061A-03.00CRW3,2026-07-13
C관(2공장),하이드레이션,P1061A-04.00CRW3,2026-07-13
C관(2공장),하이드레이션,P1061A-05.00CRW3,2026-07-13
C관(2공장),하이드레이션,P1061A-05.25CRW3,2026-07-13
C관(2공장),하이드레이션,P1064A-05.75-0.75180BBN2,2026-07-13
C관(2공장),하이드레이션,P1087A-03.75BTT3,2026-07-16
C관(2공장),하이드레이션,P1087A-07.50BTT3,2026-07-16
C관(2공장),하이드레이션,P1095A-00.00PBN3,2026-08-07
C관(2공장),하이드레이션,P1095A-01.00PBN3,2026-08-07
C관(2공장),하이드레이션,P1095A-01.25PBN3,2026-08-07
C관(2공장),하이드레이션,P1095A-01.50PBN3,2026-08-07
C관(2공장),하이드레이션,P1095A-01.75PBN3,2026-08-07
C관(2공장),하이드레이션,P1095A-02.00PBN3,2026-08-07
C관(2공장),하이드레이션,P1095A-02.25PBN3,2026-08-07
C관(2공장),하이드레이션,P1095A-02.50PBN3,2026-08-07
C관(2공장),하이드레이션,P1095A-02.75PBN3,2026-08-07
C관(2공장),하이드레이션,P1095A-03.00PBN3,2026-08-07
C관(2공장),하이드레이션,P1095A-03.25PBN3,2026-08-07
C관(2공장),하이드레이션,P1095A-03.50PBN3,2026-08-07
C관(2공장),하이드레이션,P1095A-03.75PBN3,2026-08-07
C관(2공장),하이드레이션,P1095A-04.00PBN3,2026-08-07
C관(2공장),하이드레이션,P1095A-04.25PBN3,2026-08-07
C관(2공장),하이드레이션,P1095A-04.50PBN3,2026-08-07
C관(2공장),하이드레이션,P1095A-04.75PBN3,2026-08-07
C관(2공장),하이드레이션,P1095A-05.00PBN3,2026-08-07
C관(2공장),하이드레이션,P1095A-05.25PBN3,2026-08-07
C관(2공장),하이드레이션,P1095A-05.50PBN3,2026-08-07
C관(2공장),하이드레이션,P1095A-05.75PBN3,2026-08-07
C관(2공장),하이드레이션,P1095A-06.00PBN3,2026-08-07
C관(2공장),하이드레이션,P1095A-06.50PBN3,2026-08-07
C관(2공장),하이드레이션,P1095A-07.00PBN3,2026-08-07
C관(2공장),하이드레이션,P1095A-07.50PBN3,2026-08-07
C관(2공장),하이드레이션,P1095A-08.00PBN3,2026-08-07
C관(2공장),하이드레이션,P1096A-00.00GEN3,2026-08-07
C관(2공장),하이드레이션,P1096A-01.00GEN3,2026-08-07
C관(2공장),하이드레이션,P1096A-01.25GEN3,2026-08-07
C관(2공장),하이드레이션,P1096A-01.50GEN3,2026-08-07
C관(2공장),하이드레이션,P1096A-01.75GEN3,2026-08-07
C관(2공장),하이드레이션,P1096A-02.00GEN3,2026-08-07
C관(2공장),하이드레이션,P1096A-02.25GEN3,2026-08-07
C관(2공장),하이드레이션,P1096A-02.50GEN3,2026-08-07
C관(2공장),하이드레이션,P1096A-02.75GEN3,2026-08-07
C관(2공장),하이드레이션,P1096A-03.00GEN3,2026-08-07
C관(2공장),하이드레이션,P1096A-03.25GEN3,2026-08-07
C관(2공장),하이드레이션,P1096A-03.50GEN3,2026-08-07
C관(2공장),하이드레이션,P1096A-03.75GEN3,2026-08-07
C관(2공장),하이드레이션,P1096A-04.00GEN3,2026-08-07
C관(2공장),하이드레이션,P1096A-04.25GEN3,2026-08-07
C관(2공장),하이드레이션,P1096A-04.50GEN3,2026-08-07
C관(2공장),하이드레이션,P1096A-04.75GEN3,2026-08-07
C관(2공장),하이드레이션,P1096A-05.00GEN3,2026-08-07
C관(2공장),하이드레이션,P1096A-05.25GEN3,2026-08-07
C관(2공장),하이드레이션,P1096A-05.50GEN3,2026-08-07
C관(2공장),하이드레이션,P1096A-05.75GEN3,2026-08-07
C관(2공장),하이드레이션,P1096A-06.00GEN3,2026-08-07
C관(2공장),하이드레이션,P1096A-06.50GEN3,2026-08-07
C관(2공장),하이드레이션,P1096A-07.00GEN3,2026-08-07
C관(2공장),하이드레이션,P1096A-07.50GEN3,2026-08-07
C관(2공장),하이드레이션,P1096A-08.00GEN3,2026-08-07
C관(2공장),하이드레이션,P1097A-00.00BRN3,2026-08-07
C관(2공장),하이드레이션,P1097A-01.00BRN3,2026-08-07
C관(2공장),하이드레이션,P1097A-01.25BRN3,2026-08-07
C관(2공장),하이드레이션,P1097A-01.50BRN3,2026-08-07
C관(2공장),하이드레이션,P1097A-01.75BRN3,2026-08-07
C관(2공장),하이드레이션,P1097A-02.00BRN3,2026-08-07
C관(2공장),하이드레이션,P1097A-02.25BRN3,2026-08-07
C관(2공장),하이드레이션,P1097A-02.50BRN3,2026-08-07
C관(2공장),하이드레이션,P1097A-02.75BRN3,2026-08-07
C관(2공장),하이드레이션,P1097A-03.00BRN3,2026-08-07
C관(2공장),하이드레이션,P1097A-03.25BRN3,2026-08-07
C관(2공장),하이드레이션,P1097A-03.50BRN3,2026-08-07
C관(2공장),하이드레이션,P1097A-03.75BRN3,2026-08-07
C관(2공장),하이드레이션,P1097A-04.00BRN3,2026-08-07
C관(2공장),하이드레이션,P1097A-04.25BRN3,2026-08-07
C관(2공장),하이드레이션,P1097A-04.50BRN3,2026-08-07
C관(2공장),하이드레이션,P1097A-04.75BRN3,2026-08-07
C관(2공장),하이드레이션,P1097A-05.00BRN3,2026-08-07
C관(2공장),하이드레이션,P1097A-05.25BRN3,2026-08-07
C관(2공장),하이드레이션,P1097A-05.50BRN3,2026-08-07
C관(2공장),하이드레이션,P1097A-05.75BRN3,2026-08-07
C관(2공장),하이드레이션,P1097A-06.00BRN3,2026-08-07
C관(2공장),하이드레이션,P1097A-06.50BRN3,2026-08-07
C관(2공장),하이드레이션,P1097A-07.00BRN3,2026-08-07
C관(2공장),하이드레이션,P1097A-07.50BRN3,2026-08-07
C관(2공장),하이드레이션,P1097A-08.00BRN3,2026-08-07
C관(2공장),하이드레이션,P1098A-00.00PPE3,2026-08-07
C관(2공장),하이드레이션,P1098A-01.00PPE3,2026-08-07
C관(2공장),하이드레이션,P1098A-01.25PPE3,2026-08-07
C관(2공장),하이드레이션,P1098A-01.50PPE3,2026-08-07
C관(2공장),하이드레이션,P1098A-01.75PPE3,2026-08-07
C관(2공장),하이드레이션,P1098A-02.00PPE3,2026-08-07
C관(2공장),하이드레이션,P1098A-02.25PPE3,2026-08-07
C관(2공장),하이드레이션,P1098A-02.50PPE3,2026-08-07
C관(2공장),하이드레이션,P1098A-02.75PPE3,2026-08-07
C관(2공장),하이드레이션,P1098A-03.00PPE3,2026-08-07
C관(2공장),하이드레이션,P1098A-03.25PPE3,2026-08-07
C관(2공장),하이드레이션,P1098A-03.50PPE3,2026-08-07
C관(2공장),하이드레이션,P1098A-03.75PPE3,2026-08-07
C관(2공장),하이드레이션,P1098A-04.00PPE3,2026-08-07
C관(2공장),하이드레이션,P1098A-04.25PPE3,2026-08-07
C관(2공장),하이드레이션,P1098A-04.50PPE3,2026-08-07
C관(2공장),하이드레이션,P1098A-04.75PPE3,2026-08-07
C관(2공장),하이드레이션,P1098A-05.00PPE3,2026-08-07
C관(2공장),하이드레이션,P1098A-05.25PPE3,2026-08-07
C관(2공장),하이드레이션,P1098A-05.50PPE3,2026-08-07
C관(2공장),하이드레이션,P1098A-05.75PPE3,2026-08-07
C관(2공장),하이드레이션,P1098A-06.00PPE3,2026-08-07
C관(2공장),하이드레이션,P1098A-06.50PPE3,2026-08-07
C관(2공장),하이드레이션,P1098A-07.00PPE3,2026-08-07
C관(2공장),하이드레이션,P1098A-07.50PPE3,2026-08-07
C관(2공장),하이드레이션,P1098A-08.00PPE3,2026-08-07
C관(2공장),하이드레이션,P1099A-00.00ABN3,2026-08-07
C관(2공장),하이드레이션,P1099A-01.00ABN3,2026-08-07
C관(2공장),하이드레이션,P1099A-01.25ABN3,2026-08-07
C관(2공장),하이드레이션,P1099A-01.50ABN3,2026-08-07
C관(2공장),하이드레이션,P1099A-01.75ABN3,2026-08-07
C관(2공장),하이드레이션,P1099A-02.00ABN3,2026-08-07
C관(2공장),하이드레이션,P1099A-02.25ABN3,2026-08-07
C관(2공장),하이드레이션,P1099A-02.50ABN3,2026-08-07
C관(2공장),하이드레이션,P1099A-02.75ABN3,2026-08-07
C관(2공장),하이드레이션,P1099A-03.00ABN3,2026-08-07
C관(2공장),하이드레이션,P1099A-03.25ABN3,2026-08-07
C관(2공장),하이드레이션,P1099A-03.50ABN3,2026-08-07
C관(2공장),하이드레이션,P1099A-03.75ABN3,2026-08-07
C관(2공장),하이드레이션,P1099A-04.00ABN3,2026-08-07
C관(2공장),하이드레이션,P1099A-04.25ABN3,2026-08-07
C관(2공장),하이드레이션,P1099A-04.50ABN3,2026-08-07
C관(2공장),하이드레이션,P1099A-04.75ABN3,2026-08-07
C관(2공장),하이드레이션,P1099A-05.00ABN3,2026-08-07
C관(2공장),하이드레이션,P1099A-05.25ABN3,2026-08-07
C관(2공장),하이드레이션,P1099A-05.50ABN3,2026-08-07
C관(2공장),하이드레이션,P1099A-05.75ABN3,2026-08-07
C관(2공장),하이드레이션,P1099A-06.00ABN3,2026-08-07
C관(2공장),하이드레이션,P1099A-06.50ABN3,2026-08-07
C관(2공장),하이드레이션,P1099A-07.00ABN3,2026-08-07
C관(2공장),하이드레이션,P1099A-07.50ABN3,2026-08-07
C관(2공장),하이드레이션,P1099A-08.00ABN3,2026-08-07
C관(2공장),하이드레이션,P1144A-00.00BMP3,2026-07-20
C관(2공장),하이드레이션,P1144A-00.75BMP3,2026-07-20
C관(2공장),하이드레이션,P1144A-01.00BMP3,2026-07-20
C관(2공장),하이드레이션,P1144A-01.25BMP3,2026-07-20
C관(2공장),하이드레이션,P1144A-01.50BMP3,2026-07-20
C관(2공장),하이드레이션,P1144A-01.75BMP3,2026-07-20
C관(2공장),하이드레이션,P1144A-02.00BMP3,2026-07-20
C관(2공장),하이드레이션,P1144A-02.25BMP3,2026-07-20
C관(2공장),하이드레이션,P1144A-02.50BMP3,2026-07-20
C관(2공장),하이드레이션,P1144A-02.75BMP3,2026-07-20
C관(2공장),하이드레이션,P1144A-03.00BMP3,2026-07-20
C관(2공장),하이드레이션,P1144A-03.25BMP3,2026-07-20
C관(2공장),하이드레이션,P1144A-03.50BMP3,2026-07-20
C관(2공장),하이드레이션,P1144A-03.75BMP3,2026-07-20
C관(2공장),하이드레이션,P1144A-04.00BMP3,2026-07-20
C관(2공장),하이드레이션,P1144A-04.25BMP3,2026-07-20
C관(2공장),하이드레이션,P1144A-04.50BMP3,2026-07-20
C관(2공장),하이드레이션,P1144A-04.75BMP3,2026-07-20
C관(2공장),하이드레이션,P1144A-05.00BMP3,2026-07-20
C관(2공장),하이드레이션,P1144A-05.50BMP3,2026-07-20
C관(2공장),하이드레이션,P1144A-06.00BMP3,2026-07-20
C관(2공장),하이드레이션,P1144A-06.50BMP3,2026-07-20
C관(2공장),하이드레이션,P1144A-07.00BMP3,2026-07-20
C관(2공장),하이드레이션,P1144A-07.50BMP3,2026-07-20
C관(2공장),하이드레이션,P1144A-08.00BMP3,2026-07-20
C관(2공장),하이드레이션,P1146A-00.00BMB3,2026-07-20
C관(2공장),하이드레이션,P1146A-00.75BMB3,2026-07-20
C관(2공장),하이드레이션,P1146A-01.00BMB3,2026-07-20
C관(2공장),하이드레이션,P1146A-01.25BMB3,2026-07-20
C관(2공장),하이드레이션,P1146A-01.50BMB3,2026-07-20
C관(2공장),하이드레이션,P1146A-01.75BMB3,2026-07-20
C관(2공장),하이드레이션,P1146A-02.00BMB3,2026-07-20
C관(2공장),하이드레이션,P1146A-02.25BMB3,2026-07-20
C관(2공장),하이드레이션,P1146A-02.50BMB3,2026-07-20
C관(2공장),하이드레이션,P1146A-02.75BMB3,2026-07-20
C관(2공장),하이드레이션,P1146A-03.00BMB3,2026-07-20
C관(2공장),하이드레이션,P1146A-03.25BMB3,2026-07-20
C관(2공장),하이드레이션,P1146A-03.50BMB3,2026-07-20
C관(2공장),하이드레이션,P1146A-03.75BMB3,2026-07-20
C관(2공장),하이드레이션,P1146A-04.00BMB3,2026-07-20
C관(2공장),하이드레이션,P1146A-04.25BMB3,2026-07-20
C관(2공장),하이드레이션,P1146A-04.50BMB3,2026-07-20
C관(2공장),하이드레이션,P1146A-04.75BMB3,2026-07-20
C관(2공장),하이드레이션,P1146A-05.00BMB3,2026-07-20
C관(2공장),하이드레이션,P1146A-05.50BMB3,2026-07-20
C관(2공장),하이드레이션,P1146A-06.00BMB3,2026-07-20
C관(2공장),하이드레이션,P1146A-06.50BMB3,2026-07-20
C관(2공장),하이드레이션,P1146A-07.00BMB3,2026-07-20
C관(2공장),하이드레이션,P1146A-07.50BMB3,2026-07-20
C관(2공장),하이드레이션,P1146A-08.00BMB3,2026-07-20
C관(2공장),하이드레이션,P1147A-00.00BMG3,2026-07-20
C관(2공장),하이드레이션,P1147A-00.75BMG3,2026-07-20
C관(2공장),하이드레이션,P1147A-01.00BMG3,2026-07-20
C관(2공장),하이드레이션,P1147A-01.25BMG3,2026-07-20
C관(2공장),하이드레이션,P1147A-01.50BMG3,2026-07-20
C관(2공장),하이드레이션,P1147A-01.75BMG3,2026-07-20
C관(2공장),하이드레이션,P1147A-02.00BMG3,2026-07-20
C관(2공장),하이드레이션,P1147A-02.25BMG3,2026-07-20
C관(2공장),하이드레이션,P1147A-02.50BMG3,2026-07-20
C관(2공장),하이드레이션,P1147A-02.75BMG3,2026-07-20
C관(2공장),하이드레이션,P1147A-03.00BMG3,2026-07-20
C관(2공장),하이드레이션,P1147A-03.25BMG3,2026-07-20
C관(2공장),하이드레이션,P1147A-03.50BMG3,2026-07-20
C관(2공장),하이드레이션,P1147A-03.75BMG3,2026-07-20
C관(2공장),하이드레이션,P1147A-04.00BMG3,2026-07-20
C관(2공장),하이드레이션,P1147A-04.25BMG3,2026-07-20
C관(2공장),하이드레이션,P1147A-04.50BMG3,2026-07-20
C관(2공장),하이드레이션,P1147A-04.75BMG3,2026-07-20
C관(2공장),하이드레이션,P1147A-05.00BMG3,2026-07-20
C관(2공장),하이드레이션,P1147A-05.50BMG3,2026-07-20
C관(2공장),하이드레이션,P1147A-06.00BMG3,2026-07-20
C관(2공장),하이드레이션,P1147A-06.50BMG3,2026-07-20
C관(2공장),하이드레이션,P1147A-07.00BMG3,2026-07-20
C관(2공장),하이드레이션,P1147A-07.50BMG3,2026-07-20
C관(2공장),하이드레이션,P1147A-08.00BMG3,2026-07-20
C관(2공장),하이드레이션,P1148A-00.00BMH3,2026-07-20
C관(2공장),하이드레이션,P1148A-00.75BMH3,2026-07-20
C관(2공장),하이드레이션,P1148A-01.00BMH3,2026-07-20
C관(2공장),하이드레이션,P1148A-01.25BMH3,2026-07-20
C관(2공장),하이드레이션,P1148A-01.50BMH3,2026-07-20
C관(2공장),하이드레이션,P1148A-01.75BMH3,2026-07-20
C관(2공장),하이드레이션,P1148A-02.00BMH3,2026-07-20
C관(2공장),하이드레이션,P1148A-02.25BMH3,2026-07-20
C관(2공장),하이드레이션,P1148A-02.50BMH3,2026-07-20
C관(2공장),하이드레이션,P1148A-02.75BMH3,2026-07-20
C관(2공장),하이드레이션,P1148A-03.00BMH3,2026-07-20
C관(2공장),하이드레이션,P1148A-03.25BMH3,2026-07-20
C관(2공장),하이드레이션,P1148A-03.50BMH3,2026-07-20
C관(2공장),하이드레이션,P1148A-03.75BMH3,2026-07-20
C관(2공장),하이드레이션,P1148A-04.00BMH3,2026-07-20
C관(2공장),하이드레이션,P1148A-04.25BMH3,2026-07-20
C관(2공장),하이드레이션,P1148A-04.50BMH3,2026-07-20
C관(2공장),하이드레이션,P1148A-04.75BMH3,2026-07-20
C관(2공장),하이드레이션,P1148A-05.00BMH3,2026-07-20
C관(2공장),하이드레이션,P1148A-05.50BMH3,2026-07-20
C관(2공장),하이드레이션,P1148A-06.00BMH3,2026-07-20
C관(2공장),하이드레이션,P1148A-06.50BMH3,2026-07-20
C관(2공장),하이드레이션,P1148A-07.00BMH3,2026-07-20
C관(2공장),하이드레이션,P1148A-07.50BMH3,2026-07-20
C관(2공장),하이드레이션,P1148A-08.00BMH3,2026-07-20
C관(2공장),하이드레이션,P1149A-00.00BMC3,2026-07-20
C관(2공장),하이드레이션,P1149A-00.75BMC3,2026-07-20
C관(2공장),하이드레이션,P1149A-01.00BMC3,2026-07-20
C관(2공장),하이드레이션,P1149A-01.25BMC3,2026-07-20
C관(2공장),하이드레이션,P1149A-01.50BMC3,2026-07-20
C관(2공장),하이드레이션,P1149A-01.75BMC3,2026-07-20
C관(2공장),하이드레이션,P1149A-02.00BMC3,2026-07-20
C관(2공장),하이드레이션,P1149A-02.25BMC3,2026-07-20
C관(2공장),하이드레이션,P1149A-02.50BMC3,2026-07-20
C관(2공장),하이드레이션,P1149A-02.75BMC3,2026-07-20
C관(2공장),하이드레이션,P1149A-03.00BMC3,2026-07-20
C관(2공장),하이드레이션,P1149A-03.25BMC3,2026-07-20
C관(2공장),하이드레이션,P1149A-03.50BMC3,2026-07-20
C관(2공장),하이드레이션,P1149A-03.75BMC3,2026-07-20
C관(2공장),하이드레이션,P1149A-04.00BMC3,2026-07-20
C관(2공장),하이드레이션,P1149A-04.25BMC3,2026-07-20
C관(2공장),하이드레이션,P1149A-04.50BMC3,2026-07-20
C관(2공장),하이드레이션,P1149A-04.75BMC3,2026-07-20
C관(2공장),하이드레이션,P1149A-05.00BMC3,2026-07-20
C관(2공장),하이드레이션,P1149A-05.50BMC3,2026-07-20
C관(2공장),하이드레이션,P1149A-06.00BMC3,2026-07-20
C관(2공장),하이드레이션,P1149A-06.50BMC3,2026-07-20
C관(2공장),하이드레이션,P1149A-07.00BMC3,2026-07-20
C관(2공장),하이드레이션,P1149A-07.50BMC3,2026-07-20
C관(2공장),하이드레이션,P1149A-08.00BMC3,2026-07-20
C관(2공장),하이드레이션,P1170A-00.00NWK3,2026-07-18
C관(2공장),하이드레이션,P1170A-00.75NWK3,2026-07-18
C관(2공장),하이드레이션,P1170A-01.00NWK3,2026-07-18
C관(2공장),하이드레이션,P1170A-01.25NWK3,2026-07-18
C관(2공장),하이드레이션,P1170A-01.50NWK3,2026-07-18
C관(2공장),하이드레이션,P1170A-01.75NWK3,2026-07-18
C관(2공장),하이드레이션,P1170A-02.00NWK3,2026-07-18
C관(2공장),하이드레이션,P1170A-02.25NWK3,2026-07-18
C관(2공장),하이드레이션,P1170A-02.50NWK3,2026-07-18
C관(2공장),하이드레이션,P1170A-02.75NWK3,2026-07-18
C관(2공장),하이드레이션,P1170A-03.00NWK3,2026-07-18
C관(2공장),하이드레이션,P1170A-03.25NWK3,2026-07-18
C관(2공장),하이드레이션,P1170A-03.50NWK3,2026-07-18
C관(2공장),하이드레이션,P1170A-03.75NWK3,2026-07-18
C관(2공장),하이드레이션,P1170A-04.00NWK3,2026-07-18
C관(2공장),하이드레이션,P1170A-04.25NWK3,2026-07-18
C관(2공장),하이드레이션,P1170A-04.50NWK3,2026-07-18
C관(2공장),하이드레이션,P1170A-04.75NWK3,2026-07-18
C관(2공장),하이드레이션,P1170A-05.00NWK3,2026-07-18
C관(2공장),하이드레이션,P1170A-05.50NWK3,2026-07-18
C관(2공장),하이드레이션,P1170A-06.00NWK3,2026-07-18
C관(2공장),하이드레이션,P1170A-06.50NWK3,2026-07-18
C관(2공장),하이드레이션,P1170A-07.00NWK3,2026-07-18
C관(2공장),하이드레이션,P1170A-07.50NWK3,2026-07-18
C관(2공장),하이드레이션,P1170A-08.00NWK3,2026-07-18
C관(2공장),하이드레이션,P1171A-00.00GTP3,2026-07-18
C관(2공장),하이드레이션,P1171A-00.75GTP3,2026-07-18
C관(2공장),하이드레이션,P1171A-01.00GTP3,2026-07-18
C관(2공장),하이드레이션,P1171A-01.25GTP3,2026-07-18
C관(2공장),하이드레이션,P1171A-01.50GTP3,2026-07-18
C관(2공장),하이드레이션,P1171A-01.75GTP3,2026-07-18
C관(2공장),하이드레이션,P1171A-02.00GTP3,2026-07-18
C관(2공장),하이드레이션,P1171A-02.25GTP3,2026-07-18
C관(2공장),하이드레이션,P1171A-02.50GTP3,2026-07-18
C관(2공장),하이드레이션,P1171A-02.75GTP3,2026-07-18
C관(2공장),하이드레이션,P1171A-03.00GTP3,2026-07-18
C관(2공장),하이드레이션,P1171A-03.25GTP3,2026-07-18
C관(2공장),하이드레이션,P1171A-03.50GTP3,2026-07-18
C관(2공장),하이드레이션,P1171A-03.75GTP3,2026-07-18
C관(2공장),하이드레이션,P1171A-04.00GTP3,2026-07-18
C관(2공장),하이드레이션,P1171A-04.25GTP3,2026-07-18
C관(2공장),하이드레이션,P1171A-04.50GTP3,2026-07-18
C관(2공장),하이드레이션,P1171A-04.75GTP3,2026-07-18
C관(2공장),하이드레이션,P1171A-05.00GTP3,2026-07-18
C관(2공장),하이드레이션,P1171A-05.50GTP3,2026-07-18
C관(2공장),하이드레이션,P1171A-06.00GTP3,2026-07-18
C관(2공장),하이드레이션,P1171A-06.50GTP3,2026-07-18
C관(2공장),하이드레이션,P1171A-07.00GTP3,2026-07-18
C관(2공장),하이드레이션,P1171A-07.50GTP3,2026-07-18
C관(2공장),하이드레이션,P1171A-08.00GTP3,2026-07-18
C관(2공장),하이드레이션,P1173A-00.00MCM3,2026-07-14
C관(2공장),하이드레이션,P1173A-01.00MCM3,2026-07-14
C관(2공장),하이드레이션,P1173A-01.25MCM3,2026-07-14
C관(2공장),하이드레이션,P1173A-01.50MCM3,2026-07-14
C관(2공장),하이드레이션,P1173A-01.75MCM3,2026-07-14
C관(2공장),하이드레이션,P1173A-02.00MCM3,2026-07-14
C관(2공장),하이드레이션,P1173A-02.25MCM3,2026-07-14
C관(2공장),하이드레이션,P1173A-02.50MCM3,2026-07-14
C관(2공장),하이드레이션,P1173A-02.75MCM3,2026-07-14
C관(2공장),하이드레이션,P1173A-03.00MCM3,2026-07-14
C관(2공장),하이드레이션,P1173A-03.25MCM3,2026-07-14
C관(2공장),하이드레이션,P1173A-03.50MCM3,2026-07-14
C관(2공장),하이드레이션,P1173A-03.75MCM3,2026-07-14
C관(2공장),하이드레이션,P1173A-04.00MCM3,2026-07-14
C관(2공장),하이드레이션,P1173A-04.25MCM3,2026-07-14
C관(2공장),하이드레이션,P1173A-04.50MCM3,2026-07-14
C관(2공장),하이드레이션,P1173A-04.75MCM3,2026-07-14
C관(2공장),하이드레이션,P1173A-05.00MCM3,2026-07-14
C관(2공장),하이드레이션,P1173A-05.50MCM3,2026-07-14
C관(2공장),하이드레이션,P1173A-06.00MCM3,2026-07-14
C관(2공장),하이드레이션,P1174A-00.00BNS3,2026-07-14
C관(2공장),하이드레이션,P1174A-01.00BNS3,2026-07-14
C관(2공장),하이드레이션,P1174A-01.25BNS3,2026-07-14
C관(2공장),하이드레이션,P1174A-01.50BNS3,2026-07-14
C관(2공장),하이드레이션,P1174A-01.75BNS3,2026-07-14
C관(2공장),하이드레이션,P1174A-02.00BNS3,2026-07-14
C관(2공장),하이드레이션,P1174A-02.25BNS3,2026-07-14
C관(2공장),하이드레이션,P1174A-02.50BNS3,2026-07-14
C관(2공장),하이드레이션,P1174A-02.75BNS3,2026-07-14
C관(2공장),하이드레이션,P1174A-03.00BNS3,2026-07-14
C관(2공장),하이드레이션,P1174A-03.25BNS3,2026-07-14
C관(2공장),하이드레이션,P1174A-03.50BNS3,2026-07-14
C관(2공장),하이드레이션,P1174A-03.75BNS3,2026-07-14
C관(2공장),하이드레이션,P1174A-04.00BNS3,2026-07-14
C관(2공장),하이드레이션,P1174A-04.25BNS3,2026-07-14
C관(2공장),하이드레이션,P1174A-04.50BNS3,2026-07-14
C관(2공장),하이드레이션,P1174A-04.75BNS3,2026-07-14
C관(2공장),하이드레이션,P1174A-05.00BNS3,2026-07-14
C관(2공장),하이드레이션,P1174A-05.50BNS3,2026-07-14
C관(2공장),하이드레이션,P1174A-06.00BNS3,2026-07-14
C관(2공장),하이드레이션,P1175A-00.00VVM3,2026-07-14
C관(2공장),하이드레이션,P1175A-01.00VVM3,2026-07-14
C관(2공장),하이드레이션,P1175A-01.25VVM3,2026-07-14
C관(2공장),하이드레이션,P1175A-01.50VVM3,2026-07-14
C관(2공장),하이드레이션,P1175A-01.75VVM3,2026-07-14
C관(2공장),하이드레이션,P1175A-02.00VVM3,2026-07-14
C관(2공장),하이드레이션,P1175A-02.25VVM3,2026-07-14
C관(2공장),하이드레이션,P1175A-02.50VVM3,2026-07-14
C관(2공장),하이드레이션,P1175A-02.75VVM3,2026-07-14
C관(2공장),하이드레이션,P1175A-03.00VVM3,2026-07-14
C관(2공장),하이드레이션,P1175A-03.25VVM3,2026-07-14
C관(2공장),하이드레이션,P1175A-03.50VVM3,2026-07-14
C관(2공장),하이드레이션,P1175A-03.75VVM3,2026-07-14
C관(2공장),하이드레이션,P1175A-04.00VVM3,2026-07-14
C관(2공장),하이드레이션,P1175A-04.25VVM3,2026-07-14
C관(2공장),하이드레이션,P1175A-04.50VVM3,2026-07-14
C관(2공장),하이드레이션,P1175A-04.75VVM3,2026-07-14
C관(2공장),하이드레이션,P1175A-05.00VVM3,2026-07-14
C관(2공장),하이드레이션,P1175A-05.50VVM3,2026-07-14
C관(2공장),하이드레이션,P1175A-06.00VVM3,2026-07-14
C관(2공장),하이드레이션,P1176A-00.00ACM3,2026-07-14
C관(2공장),하이드레이션,P1176A-00.75ACM3,2026-07-14
C관(2공장),하이드레이션,P1176A-01.00ACM3,2026-07-14
C관(2공장),하이드레이션,P1176A-01.25ACM3,2026-07-14
C관(2공장),하이드레이션,P1176A-01.50ACM3,2026-07-14
C관(2공장),하이드레이션,P1176A-01.75ACM3,2026-07-14
C관(2공장),하이드레이션,P1176A-02.00ACM3,2026-07-14
C관(2공장),하이드레이션,P1176A-02.25ACM3,2026-07-14
C관(2공장),하이드레이션,P1176A-02.50ACM3,2026-07-14
C관(2공장),하이드레이션,P1176A-02.75ACM3,2026-07-14
C관(2공장),하이드레이션,P1176A-03.00ACM3,2026-07-14
C관(2공장),하이드레이션,P1176A-03.25ACM3,2026-07-14
C관(2공장),하이드레이션,P1176A-03.50ACM3,2026-07-14
C관(2공장),하이드레이션,P1176A-03.75ACM3,2026-07-14
C관(2공장),하이드레이션,P1176A-04.00ACM3,2026-07-14
C관(2공장),하이드레이션,P1176A-04.25ACM3,2026-07-14
C관(2공장),하이드레이션,P1176A-04.50ACM3,2026-07-14
C관(2공장),하이드레이션,P1176A-04.75ACM3,2026-07-14
C관(2공장),하이드레이션,P1176A-05.00ACM3,2026-07-14
C관(2공장),하이드레이션,P1176A-05.50ACM3,2026-07-14
C관(2공장),하이드레이션,P1176A-06.00ACM3,2026-07-14
C관(2공장),하이드레이션,P1177A-00.00RNG3,2026-07-14
C관(2공장),하이드레이션,P1177A-00.75RNG3,2026-07-14
C관(2공장),하이드레이션,P1177A-01.00RNG3,2026-07-14
C관(2공장),하이드레이션,P1177A-01.25RNG3,2026-07-14
C관(2공장),하이드레이션,P1177A-01.50RNG3,2026-07-14
C관(2공장),하이드레이션,P1177A-01.75RNG3,2026-07-14
C관(2공장),하이드레이션,P1177A-02.00RNG3,2026-07-14
C관(2공장),하이드레이션,P1177A-02.25RNG3,2026-07-14
C관(2공장),하이드레이션,P1177A-02.50RNG3,2026-07-14
C관(2공장),하이드레이션,P1177A-02.75RNG3,2026-07-14
C관(2공장),하이드레이션,P1177A-03.00RNG3,2026-07-14
C관(2공장),하이드레이션,P1177A-03.25RNG3,2026-07-25
C관(2공장),하이드레이션,P1177A-03.50RNG3,2026-07-14
C관(2공장),하이드레이션,P1177A-03.75RNG3,2026-07-14
C관(2공장),하이드레이션,P1177A-04.00RNG3,2026-07-14
C관(2공장),하이드레이션,P1177A-04.25RNG3,2026-07-14
C관(2공장),하이드레이션,P1177A-04.50RNG3,2026-07-14
C관(2공장),하이드레이션,P1177A-04.75RNG3,2026-07-14
C관(2공장),하이드레이션,P1177A-05.00RNG3,2026-07-14
C관(2공장),하이드레이션,P1177A-05.50RNG3,2026-07-14
C관(2공장),하이드레이션,P1177A-06.00RNG3,2026-07-14
C관(2공장),하이드레이션,P1178A-00.00AFR3,2026-07-14
C관(2공장),하이드레이션,P1178A-00.75AFR3,2026-07-14
C관(2공장),하이드레이션,P1178A-01.00AFR3,2026-07-14
C관(2공장),하이드레이션,P1178A-01.25AFR3,2026-07-14
C관(2공장),하이드레이션,P1178A-01.50AFR3,2026-07-14
C관(2공장),하이드레이션,P1178A-01.75AFR3,2026-07-14
C관(2공장),하이드레이션,P1178A-02.00AFR3,2026-07-14
C관(2공장),하이드레이션,P1178A-02.25AFR3,2026-07-14
C관(2공장),하이드레이션,P1178A-02.50AFR3,2026-07-14
C관(2공장),하이드레이션,P1178A-02.75AFR3,2026-07-14
C관(2공장),하이드레이션,P1178A-03.00AFR3,2026-07-14
C관(2공장),하이드레이션,P1178A-03.25AFR3,2026-07-25
C관(2공장),하이드레이션,P1178A-03.50AFR3,2026-07-14
C관(2공장),하이드레이션,P1178A-03.75AFR3,2026-07-14
C관(2공장),하이드레이션,P1178A-04.00AFR3,2026-07-14
C관(2공장),하이드레이션,P1178A-04.25AFR3,2026-07-25
C관(2공장),하이드레이션,P1178A-04.50AFR3,2026-07-14
C관(2공장),하이드레이션,P1178A-04.75AFR3,2026-07-14
C관(2공장),하이드레이션,P1178A-05.00AFR3,2026-07-14
C관(2공장),하이드레이션,P1178A-05.50AFR3,2026-07-14
C관(2공장),하이드레이션,P1178A-06.00AFR3,2026-07-14
C관(2공장),하이드레이션,P1179A-00.00MST3,2026-07-14
C관(2공장),하이드레이션,P1179A-00.75MST3,2026-07-14
C관(2공장),하이드레이션,P1179A-01.00MST3,2026-07-14
C관(2공장),하이드레이션,P1179A-01.25MST3,2026-07-14
C관(2공장),하이드레이션,P1179A-01.50MST3,2026-07-14
C관(2공장),하이드레이션,P1179A-01.75MST3,2026-07-14
C관(2공장),하이드레이션,P1179A-02.00MST3,2026-07-14
C관(2공장),하이드레이션,P1179A-02.25MST3,2026-07-14
C관(2공장),하이드레이션,P1179A-02.50MST3,2026-07-14
C관(2공장),하이드레이션,P1179A-02.75MST3,2026-07-14
C관(2공장),하이드레이션,P1179A-03.00MST3,2026-07-14
C관(2공장),하이드레이션,P1179A-03.25MST3,2026-07-14
C관(2공장),하이드레이션,P1179A-03.50MST3,2026-07-14
C관(2공장),하이드레이션,P1179A-03.75MST3,2026-07-14
C관(2공장),하이드레이션,P1179A-04.00MST3,2026-07-14
C관(2공장),하이드레이션,P1179A-04.25MST3,2026-07-14
C관(2공장),하이드레이션,P1179A-04.50MST3,2026-07-14
C관(2공장),하이드레이션,P1179A-04.75MST3,2026-07-14
C관(2공장),하이드레이션,P1179A-05.00MST3,2026-07-14
C관(2공장),하이드레이션,P1179A-05.50MST3,2026-07-14
C관(2공장),하이드레이션,P1179A-06.00MST3,2026-07-14
C관(2공장),하이드레이션,P1180A-00.00RWD3,2026-07-14
C관(2공장),하이드레이션,P1180A-00.75RWD3,2026-07-14
C관(2공장),하이드레이션,P1180A-01.00RWD3,2026-07-14
C관(2공장),하이드레이션,P1180A-01.25RWD3,2026-07-14
C관(2공장),하이드레이션,P1180A-01.50RWD3,2026-07-25
C관(2공장),하이드레이션,P1180A-01.75RWD3,2026-07-25
C관(2공장),하이드레이션,P1180A-02.00RWD3,2026-07-14
C관(2공장),하이드레이션,P1180A-02.25RWD3,2026-07-14
C관(2공장),하이드레이션,P1180A-02.50RWD3,2026-07-14
C관(2공장),하이드레이션,P1180A-02.75RWD3,2026-07-14
C관(2공장),하이드레이션,P1180A-03.00RWD3,2026-07-14
C관(2공장),하이드레이션,P1180A-03.25RWD3,2026-07-14
C관(2공장),하이드레이션,P1180A-03.50RWD3,2026-07-14
C관(2공장),하이드레이션,P1180A-03.75RWD3,2026-07-14
C관(2공장),하이드레이션,P1180A-04.00RWD3,2026-07-14
C관(2공장),하이드레이션,P1180A-04.25RWD3,2026-07-14
C관(2공장),하이드레이션,P1180A-04.50RWD3,2026-07-14
C관(2공장),하이드레이션,P1180A-04.75RWD3,2026-07-14
C관(2공장),하이드레이션,P1180A-05.00RWD3,2026-07-14
C관(2공장),하이드레이션,P1180A-05.50RWD3,2026-07-14
C관(2공장),하이드레이션,P1180A-06.00RWD3,2026-07-14
C관(2공장),하이드레이션,P1181A-00.00SVL3,2026-07-14
C관(2공장),하이드레이션,P1181A-00.75SVL3,2026-07-14
C관(2공장),하이드레이션,P1181A-01.00SVL3,2026-07-14
C관(2공장),하이드레이션,P1181A-01.25SVL3,2026-07-14
C관(2공장),하이드레이션,P1181A-01.50SVL3,2026-07-14
C관(2공장),하이드레이션,P1181A-01.75SVL3,2026-07-14
C관(2공장),하이드레이션,P1181A-02.00SVL3,2026-07-14
C관(2공장),하이드레이션,P1181A-02.25SVL3,2026-07-14
C관(2공장),하이드레이션,P1181A-02.50SVL3,2026-07-14
C관(2공장),하이드레이션,P1181A-02.75SVL3,2026-07-14
C관(2공장),하이드레이션,P1181A-03.00SVL3,2026-07-14
C관(2공장),하이드레이션,P1181A-03.25SVL3,2026-07-14
C관(2공장),하이드레이션,P1181A-03.50SVL3,2026-07-14
C관(2공장),하이드레이션,P1181A-03.75SVL3,2026-07-14
C관(2공장),하이드레이션,P1181A-04.00SVL3,2026-07-14
C관(2공장),하이드레이션,P1181A-04.25SVL3,2026-07-14
C관(2공장),하이드레이션,P1181A-04.50SVL3,2026-07-14
C관(2공장),하이드레이션,P1181A-04.75SVL3,2026-07-14
C관(2공장),하이드레이션,P1181A-05.00SVL3,2026-07-14
C관(2공장),하이드레이션,P1181A-05.50SVL3,2026-07-14
C관(2공장),하이드레이션,P1181A-06.00SVL3,2026-07-14
C관(2공장),하이드레이션,P1182A-00.00KRB3,2026-07-28
C관(2공장),하이드레이션,P1182A-00.75KRB3,2026-07-28
C관(2공장),하이드레이션,P1182A-01.00KRB3,2026-07-28
C관(2공장),하이드레이션,P1182A-01.25KRB3,2026-07-28
C관(2공장),하이드레이션,P1182A-01.50KRB3,2026-07-28
C관(2공장),하이드레이션,P1182A-01.75KRB3,2026-07-28
C관(2공장),하이드레이션,P1182A-02.00KRB3,2026-07-28
C관(2공장),하이드레이션,P1182A-02.25KRB3,2026-07-28
C관(2공장),하이드레이션,P1182A-02.50KRB3,2026-07-28
C관(2공장),하이드레이션,P1182A-02.75KRB3,2026-07-28
C관(2공장),하이드레이션,P1182A-03.00KRB3,2026-07-28
C관(2공장),하이드레이션,P1182A-03.25KRB3,2026-07-28
C관(2공장),하이드레이션,P1182A-03.50KRB3,2026-07-28
C관(2공장),하이드레이션,P1182A-03.75KRB3,2026-07-28
C관(2공장),하이드레이션,P1182A-04.00KRB3,2026-07-28
C관(2공장),하이드레이션,P1182A-04.25KRB3,2026-07-28
C관(2공장),하이드레이션,P1182A-04.50KRB3,2026-07-28
C관(2공장),하이드레이션,P1182A-04.75KRB3,2026-07-28
C관(2공장),하이드레이션,P1182A-05.00KRB3,2026-07-28
C관(2공장),하이드레이션,P1182A-05.50KRB3,2026-07-28
C관(2공장),하이드레이션,P1182A-06.00KRB3,2026-07-28
C관(2공장),하이드레이션,P1182A-06.50KRB3,2026-07-28
C관(2공장),하이드레이션,P1182A-07.00KRB3,2026-07-28
C관(2공장),하이드레이션,P1182A-07.50KRB3,2026-07-28
C관(2공장),하이드레이션,P1182A-08.00KRB3,2026-07-28
C관(2공장),하이드레이션,P1183A-00.00CHN3,2026-07-28
C관(2공장),하이드레이션,P1183A-00.75CHN3,2026-07-28
C관(2공장),하이드레이션,P1183A-01.00CHN3,2026-07-28
C관(2공장),하이드레이션,P1183A-01.25CHN3,2026-07-28
C관(2공장),하이드레이션,P1183A-01.50CHN3,2026-07-28
C관(2공장),하이드레이션,P1183A-01.75CHN3,2026-07-28
C관(2공장),하이드레이션,P1183A-02.00CHN3,2026-07-28
C관(2공장),하이드레이션,P1183A-02.25CHN3,2026-07-28
C관(2공장),하이드레이션,P1183A-02.50CHN3,2026-07-28
C관(2공장),하이드레이션,P1183A-02.75CHN3,2026-07-28
C관(2공장),하이드레이션,P1183A-03.00CHN3,2026-07-28
C관(2공장),하이드레이션,P1183A-03.25CHN3,2026-07-28
C관(2공장),하이드레이션,P1183A-03.50CHN3,2026-07-28
C관(2공장),하이드레이션,P1183A-03.75CHN3,2026-07-28
C관(2공장),하이드레이션,P1183A-04.00CHN3,2026-07-28
C관(2공장),하이드레이션,P1183A-04.25CHN3,2026-07-28
C관(2공장),하이드레이션,P1183A-04.50CHN3,2026-07-28
C관(2공장),하이드레이션,P1183A-04.75CHN3,2026-07-28
C관(2공장),하이드레이션,P1183A-05.00CHN3,2026-07-28
C관(2공장),하이드레이션,P1183A-05.50CHN3,2026-07-28
C관(2공장),하이드레이션,P1183A-06.00CHN3,2026-07-28
C관(2공장),하이드레이션,P1183A-06.50CHN3,2026-07-28
C관(2공장),하이드레이션,P1183A-07.00CHN3,2026-07-28
C관(2공장),하이드레이션,P1183A-07.50CHN3,2026-07-28
C관(2공장),하이드레이션,P1183A-08.00CHN3,2026-07-28
C관(2공장),하이드레이션,P1256K8.70-01.75,2026-08-28
C관(2공장),하이드레이션,P1256K8.70-02.25,2026-08-28
C관(2공장),하이드레이션,P1256K8.70-02.50,2026-08-28
C관(2공장),하이드레이션,P1256K8.70-02.75,2026-08-28
C관(2공장),하이드레이션,P1256K8.70-03.00,2026-08-28
C관(2공장),하이드레이션,P1256K8.70-04.00,2026-08-28
C관(2공장),하이드레이션,P1256K8.70-04.25,2026-08-28
C관(2공장),하이드레이션,P1256K8.70-04.75,2026-08-28
C관(2공장),하이드레이션,P1256K8.70-05.75,2026-08-28
C관(2공장),하이드레이션,P1256K8.70-06.00,2026-08-28
C관(2공장),하이드레이션,P1256K8.70-06.50,2026-08-28
C관(2공장),하이드레이션,P1256K8.70-07.00,2026-08-28
C관(2공장),하이드레이션,P2010A-00.00OCE,2026-07-29
C관(2공장),하이드레이션,P2010A-01.00OCE,2026-07-29
C관(2공장),하이드레이션,P2010A-01.25OCE,2026-07-29
C관(2공장),하이드레이션,P2010A-02.50OCE,2026-07-29
C관(2공장),하이드레이션,P2010A-02.75OCE,2026-07-29
C관(2공장),하이드레이션,P2010A-03.50OCE,2026-07-29
C관(2공장),하이드레이션,P2011A-00.00RHZ,2026-07-29
C관(2공장),하이드레이션,P2012A-00.00HBG,2026-07-29
C관(2공장),하이드레이션,P2012A-03.00HBG,2026-07-29
C관(2공장),하이드레이션,P2014A-00.00SMG,2026-07-29
C관(2공장),하이드레이션,P2026A-00.00HZH,2026-07-29
C관(2공장),하이드레이션,P2026A-00.75HZH,2026-07-29
C관(2공장),하이드레이션,P2026A-01.00HZH,2026-07-29
C관(2공장),하이드레이션,P2026A-01.75HZH,2026-07-29
C관(2공장),하이드레이션,P2026A-02.00HZH,2026-07-29
C관(2공장),하이드레이션,P2026A-02.25HZH,2026-07-29
C관(2공장),하이드레이션,P2026A-05.00HZH,2026-07-29
C관(2공장),하이드레이션,P2026A-05.50HZH,2026-07-29
C관(2공장),하이드레이션,P2026A-06.00HZH,2026-07-29
C관(2공장),하이드레이션,P2027A-00.00AMB,2026-07-29
C관(2공장),하이드레이션,P2027A-02.00AMB,2026-07-29
C관(2공장),하이드레이션,P2027A-02.75AMB,2026-07-29
C관(2공장),하이드레이션,P2027A-03.25AMB,2026-07-29
C관(2공장),하이드레이션,P2027A-03.75AMB,2026-07-29
C관(2공장),하이드레이션,P2028A-00.00PTA,2026-07-29
C관(2공장),하이드레이션,P2028A-02.00PTA,2026-07-29
C관(2공장),하이드레이션,P2028A-03.00PTA,2026-07-29
C관(2공장),하이드레이션,P2028A-03.50PTA,2026-07-29
C관(2공장),하이드레이션,P2028A-03.75PTA,2026-07-29
C관(2공장),하이드레이션,P2028A-04.00PTA,2026-07-29
C관(2공장),하이드레이션,P2035A-00.00ROW,2026-07-29
C관(2공장),하이드레이션,P2035A-00.75ROW,2026-07-29
C관(2공장),하이드레이션,P2035A-01.00ROW,2026-07-29
C관(2공장),하이드레이션,P2035A-01.25ROW,2026-07-29
C관(2공장),하이드레이션,P2035A-01.50ROW,2026-07-29
C관(2공장),하이드레이션,P2035A-02.00ROW,2026-07-29
C관(2공장),하이드레이션,P2035A-02.25ROW,2026-07-29
C관(2공장),하이드레이션,P2035A-05.00ROW,2026-07-29
C관(2공장),하이드레이션,P2036A-00.00ASB,2026-07-29
C관(2공장),하이드레이션,P2036A-01.00ASB,2026-07-29
C관(2공장),하이드레이션,P2036A-01.25ASB,2026-07-29
C관(2공장),하이드레이션,P2036A-01.50ASB,2026-07-29
C관(2공장),하이드레이션,P2036A-02.00ASB,2026-07-29
C관(2공장),하이드레이션,P2036A-03.75ASB,2026-07-29
C관(2공장),하이드레이션,P2036A-04.00ASB,2026-07-29
C관(2공장),하이드레이션,P2115A-04.25JAB1,2026-07-22
C관(2공장),하이드레이션,P2116A-00.00ALR2,2026-07-22
C관(2공장),하이드레이션,P2116A-00.50ALR2,2026-07-22
C관(2공장),하이드레이션,P2116A-00.75ALR2,2026-07-22
C관(2공장),하이드레이션,P2116A-01.00ALR2,2026-07-22
C관(2공장),하이드레이션,P2116A-01.25ALR2,2026-07-22
C관(2공장),하이드레이션,P2116A-01.50ALR2,2026-07-22
C관(2공장),하이드레이션,P2116A-01.75ALR2,2026-07-22
C관(2공장),하이드레이션,P2116A-02.25ALR2,2026-07-22
C관(2공장),하이드레이션,P2116A-02.75ALR2,2026-07-22
C관(2공장),하이드레이션,P2116A-03.50ALR2,2026-07-22
C관(2공장),하이드레이션,P2116A-05.00ALR2,2026-07-22
C관(2공장),하이드레이션,P2116A-06.00ALR2,2026-07-22
C관(2공장),하이드레이션,P2116A-08.00ALR2,2026-07-22
C관(2공장),하이드레이션,P2134A-00.00CRB,2026-07-07
C관(2공장),하이드레이션,P2134A-00.50CRB,2026-07-07
C관(2공장),하이드레이션,P2134A-01.25CRB,2026-07-07
C관(2공장),하이드레이션,P2134A-01.75CRB,2026-07-07
C관(2공장),하이드레이션,P2134A-02.00CRB,2026-07-07
C관(2공장),하이드레이션,P2134A-02.50CRB,2026-07-07
C관(2공장),하이드레이션,P2134A-02.75CRB,2026-07-07
C관(2공장),하이드레이션,P2134A-03.00CRB,2026-07-07
C관(2공장),하이드레이션,P2134A-03.50CRB,2026-07-07
C관(2공장),하이드레이션,P2134A-04.25CRB,2026-07-07
C관(2공장),하이드레이션,P2134A-05.00CRB,2026-07-07
C관(2공장),하이드레이션,P2134A-05.50CRB,2026-07-07
C관(2공장),하이드레이션,P2135A-01.50DSB,2026-07-07
C관(2공장),하이드레이션,P2135A-02.00DSB,2026-07-07
C관(2공장),하이드레이션,P2135A-02.75DSB,2026-07-07
C관(2공장),하이드레이션,P2135A-04.00DSB,2026-07-07
C관(2공장),하이드레이션,P2136A-00.00ABR,2026-07-07
C관(2공장),하이드레이션,P2136A-04.00ABR,2026-07-07
C관(2공장),하이드레이션,P2136A-04.25ABR,2026-07-07
C관(2공장),하이드레이션,P2136A-05.00ABR,2026-07-07
C관(2공장),하이드레이션,P2137A-02.50CBR,2026-07-07
C관(2공장),하이드레이션,P2137A-03.00CBR,2026-07-07
C관(2공장),하이드레이션,P2137A-04.00CBR,2026-07-07
C관(2공장),하이드레이션,P2137A-04.25CBR,2026-07-07
C관(2공장),하이드레이션,P2137A-05.00CBR,2026-07-07
C관(2공장),하이드레이션,P2137A-05.50CBR,2026-07-07
C관(2공장),하이드레이션,P3056A-04.75HCL,2026-07-13
C관(2공장),하이드레이션,P3071A-04.00LAD2,2026-07-13
C관(2공장),하이드레이션,P3075A-00.00BRW,2026-07-24
C관(2공장),하이드레이션,P3075A-01.00BRW,2026-07-24
C관(2공장),하이드레이션,P3075A-02.00BRW,2026-07-24
C관(2공장),하이드레이션,P3075A-02.25BRW,2026-07-24
C관(2공장),하이드레이션,P3075A-02.50BRW,2026-07-24
C관(2공장),하이드레이션,P3075A-02.75BRW,2026-07-24
C관(2공장),하이드레이션,P3075A-03.50BRW,2026-07-24
C관(2공장),하이드레이션,P3075A-05.00BRW,2026-07-24
C관(2공장),하이드레이션,P3075A-05.75BRW,2026-07-24
C관(2공장),하이드레이션,P3075A-06.00BRW,2026-07-24
C관(2공장),하이드레이션,P3075A-07.50BRW,2026-07-24
C관(2공장),하이드레이션,P3075A-08.00BRW,2026-07-24
C관(2공장),하이드레이션,P3076A-08.50BLM,2026-07-24
C관(2공장),하이드레이션,P3078A-02.25CHO,2026-07-14
C관(2공장),하이드레이션,P3080A-01.50,2026-07-13
C관(2공장),하이드레이션,P3080A-02.00,2026-07-13
C관(2공장),하이드레이션,P3080A-02.25,2026-07-13
C관(2공장),하이드레이션,P3201A-01.75GRA2,2026-07-10
C관(2공장),하이드레이션,P3201A-02.00GRA2,2026-07-10
C관(2공장),하이드레이션,P3201A-02.50GRA2,2026-07-10
C관(2공장),하이드레이션,P3217A-08.50JWB,2026-07-29
C관(2공장),하이드레이션,P3217A-10.00JWB,2026-07-29
C관(2공장),하이드레이션,P3219A-00.00ALG,2026-07-29
C관(2공장),하이드레이션,P3219A-02.50ALG,2026-07-29
C관(2공장),하이드레이션,P3219A-02.75ALG,2026-07-27
C관(2공장),하이드레이션,P3219A-05.50ALG,2026-07-27
C관(2공장),하이드레이션,P3220A-03.00ALH,2026-07-27
C관(2공장),하이드레이션,P3220A-04.75ALH,2026-07-29
C관(2공장),하이드레이션,P3221A-00.00CCM,2026-07-27
C관(2공장),하이드레이션,P3221A-03.50CCM,2026-07-29
C관(2공장),하이드레이션,P3221A-03.75CCM,2026-07-29
C관(2공장),하이드레이션,P3221A-05.00CCM,2026-07-27
C관(2공장),하이드레이션,P3221A-06.00CCM,2026-07-29
C관(2공장),하이드레이션,P3224A-01.50JWG,2026-07-24
C관(2공장),하이드레이션,P3224A-03.25JWG,2026-07-29
C관(2공장),하이드레이션,P3224A-04.00JWG,2026-07-24
C관(2공장),하이드레이션,P3224A-04.25JWG,2026-07-24
C관(2공장),하이드레이션,P3224A-05.00JWG,2026-07-29
C관(2공장),하이드레이션,P3224A-05.50JWG,2026-07-24
C관(2공장),하이드레이션,P3224A-06.00JWG,2026-07-24
C관(2공장),하이드레이션,P3224A-06.50JWG,2026-07-29
C관(2공장),하이드레이션,P3225A-00.50JWB,2026-07-29
C관(2공장),하이드레이션,P3225A-01.50JWB,2026-07-24
C관(2공장),하이드레이션,P3225A-01.75JWB,2026-07-24
C관(2공장),하이드레이션,P3225A-03.00JWB,2026-07-29
C관(2공장),하이드레이션,P3225A-03.50JWB,2026-07-24
C관(2공장),하이드레이션,P3225A-04.00JWB,2026-07-29
C관(2공장),하이드레이션,P3225A-05.00JWB,2026-07-29
C관(2공장),하이드레이션,P3225A-05.50JWB,2026-07-29
C관(2공장),하이드레이션,P3225A-06.50JWB,2026-07-29
C관(2공장),하이드레이션,P3226A-00.00ALB,2026-07-24
C관(2공장),하이드레이션,P3226A-01.50ALB,2026-07-29
C관(2공장),하이드레이션,P3227A-00.00ALG,2026-07-24
C관(2공장),하이드레이션,P3227A-01.00ALG,2026-07-24
C관(2공장),하이드레이션,P3227A-01.25ALG,2026-07-29
C관(2공장),하이드레이션,P3227A-01.50ALG,2026-07-24
C관(2공장),하이드레이션,P3227A-01.75ALG,2026-07-24
C관(2공장),하이드레이션,P3227A-02.00ALG,2026-07-29
C관(2공장),하이드레이션,P3227A-02.50ALG,2026-07-24
C관(2공장),하이드레이션,P3227A-03.00ALG,2026-07-29
C관(2공장),하이드레이션,P3227A-03.25ALG,2026-07-29
C관(2공장),하이드레이션,P3227A-04.25ALG,2026-07-29
C관(2공장),하이드레이션,P3227A-04.50ALG,2026-07-24
C관(2공장),하이드레이션,P3227A-04.75ALG,2026-07-29
C관(2공장),하이드레이션,P3227A-05.00ALG,2026-07-29
C관(2공장),하이드레이션,P3227A-06.00ALG,2026-07-29
C관(2공장),하이드레이션,P3227A-06.50ALG,2026-07-24
C관(2공장),하이드레이션,P3227A-08.00ALG,2026-07-15
C관(2공장),하이드레이션,P3228A-01.00ALH,2026-07-24
C관(2공장),하이드레이션,P3228A-01.75ALH,2026-07-29
C관(2공장),하이드레이션,P3228A-02.25ALH,2026-07-29
C관(2공장),하이드레이션,P3228A-03.25ALH,2026-07-29
C관(2공장),하이드레이션,P3228A-04.00ALH,2026-07-29
C관(2공장),하이드레이션,P3228A-04.25ALH,2026-07-29
C관(2공장),하이드레이션,P3228A-06.00ALH,2026-07-24
C관(2공장),하이드레이션,P3229A-00.00CCM,2026-07-15
C관(2공장),하이드레이션,P3229A-05.00CCM,2026-07-24
C관(2공장),하이드레이션,P4821A-02.50BUL,2026-07-24
C관(2공장),하이드레이션,P4821A-02.75BUL,2026-07-24
C관(2공장),하이드레이션,P4821A-03.00BUL,2026-07-24
C관(2공장),하이드레이션,P4821A-03.50BUL,2026-07-24
C관(2공장),하이드레이션,P4821A-04.25BUL,2026-07-24
C관(2공장),하이드레이션,P4821A-05.00BUL,2026-07-24
C관(2공장),하이드레이션,P4821A-05.50BUL,2026-07-24
C관(2공장),하이드레이션,P4834A-00.00CBM,2026-08-25
C관(2공장),하이드레이션,P4834A-01.75CBM,2026-08-25
C관(2공장),하이드레이션,P4834A-03.25CBM,2026-08-25
C관(2공장),하이드레이션,P4834A-03.50CBM,2026-08-25
C관(2공장),하이드레이션,P4843A-02.50-0.75180BRW,2026-07-13
C관(2공장),하이드레이션,P4843A-03.00-0.75180BRW,2026-07-13
C관(2공장),하이드레이션,P4843A-07.00-0.75180BRW,2026-07-13
C관(2공장),하이드레이션,P4843A-07.50-0.75180BRW,2026-07-13
C관(2공장),하이드레이션,P4844A-01.75-1.25180BRW,2026-07-13
C관(2공장),하이드레이션,P4844A-03.50-1.25180BRW,2026-07-13
C관(2공장),하이드레이션,P4844A-06.50-1.25180BRW,2026-07-13
C관(2공장),하이드레이션,P4844A-08.50-1.25180BRW,2026-07-13
C관(2공장),하이드레이션,P4845A-00.00-1.75180BRW,2026-07-13
C관(2공장),하이드레이션,P4845A-00.50-1.75180BRW,2026-07-13
C관(2공장),하이드레이션,P4845A-01.00-1.75180BRW,2026-07-13
C관(2공장),하이드레이션,P4845A-01.25-1.75180BRW,2026-07-13
C관(2공장),하이드레이션,P4845A-01.50-1.75180BRW,2026-07-13
C관(2공장),하이드레이션,P4845A-02.25-1.75180BRW,2026-07-13
C관(2공장),하이드레이션,P4845A-02.75-1.75180BRW,2026-07-13
C관(2공장),하이드레이션,P4845A-03.50-1.75180BRW,2026-07-13
C관(2공장),하이드레이션,P4845A-03.75-1.75180BRW,2026-07-13
C관(2공장),하이드레이션,P4845A-04.25-1.75180BRW,2026-07-13
C관(2공장),하이드레이션,P4845A-04.75-1.75180BRW,2026-07-13
C관(2공장),하이드레이션,P4845A-05.50-1.75180BRW,2026-07-13
C관(2공장),하이드레이션,P4845A-06.00-1.75180BRW,2026-07-13
C관(2공장),하이드레이션,P4845A-07.00-1.75180BRW,2026-07-13
C관(2공장),하이드레이션,P4845A-07.50-1.75180BRW,2026-07-13
C관(2공장),하이드레이션,P4845A-08.00-1.75180BRW,2026-07-13
C관(2공장),하이드레이션,P4845A-08.50-1.75180BRW,2026-07-13
C관(2공장),하이드레이션,P4846A-01.25-0.75180GRA,2026-07-13
C관(2공장),하이드레이션,P4846A-03.75-0.75180GRA,2026-07-13
C관(2공장),하이드레이션,P4846A-04.25-0.75180GRA,2026-07-13
C관(2공장),하이드레이션,P4846A-04.50-0.75180GRA,2026-07-13
C관(2공장),하이드레이션,P4846A-05.00-0.75180GRA,2026-07-13
C관(2공장),하이드레이션,P4846A-06.50-0.75180GRA,2026-07-13
C관(2공장),하이드레이션,P4847A-00.00-1.25180GRA,2026-07-13
C관(2공장),하이드레이션,P4847A-01.75-1.25180GRA,2026-07-13
C관(2공장),하이드레이션,P4847A-02.25-1.25180GRA,2026-07-13
C관(2공장),하이드레이션,P4847A-02.50-1.25180GRA,2026-07-13
C관(2공장),하이드레이션,P4847A-03.25-1.25180GRA,2026-07-13
C관(2공장),하이드레이션,P4847A-04.75-1.25180GRA,2026-07-13
C관(2공장),하이드레이션,P4847A-05.50-1.25180GRA,2026-07-13
C관(2공장),하이드레이션,P4847A-06.00-1.25180GRA,2026-07-13
C관(2공장),하이드레이션,P4847A-07.00-1.25180GRA,2026-07-13
C관(2공장),하이드레이션,P4848A-00.00-1.75180GRA,2026-07-13
C관(2공장),하이드레이션,P4848A-02.00-1.75180GRA,2026-07-13
C관(2공장),하이드레이션,P4848A-02.25-1.75180GRA,2026-07-13
C관(2공장),하이드레이션,P4848A-02.50-1.75180GRA,2026-07-13
C관(2공장),하이드레이션,P4848A-02.75-1.75180GRA,2026-07-13
C관(2공장),하이드레이션,P4848A-03.25-1.75180GRA,2026-07-13
C관(2공장),하이드레이션,P4848A-03.50-1.75180GRA,2026-07-13
C관(2공장),하이드레이션,P4848A-04.00-1.75180GRA,2026-07-13
C관(2공장),하이드레이션,P4848A-04.75-1.75180GRA,2026-07-13
C관(2공장),하이드레이션,P4848A-05.00-1.75180GRA,2026-07-13
C관(2공장),하이드레이션,P4848A-05.25-1.75180GRA,2026-07-13
C관(2공장),하이드레이션,P4848A-05.50-1.75180GRA,2026-07-13
C관(2공장),하이드레이션,P4848A-06.00-1.75180GRA,2026-07-13
C관(2공장),하이드레이션,P4848A-06.50-1.75180GRA,2026-07-13
C관(2공장),하이드레이션,P4848A-07.00-1.75180GRA,2026-07-13
C관(2공장),하이드레이션,P4848A-07.50-1.75180GRA,2026-07-13
C관(2공장),하이드레이션,P4848A-08.00-1.75180GRA,2026-07-13
C관(2공장),하이드레이션,P5062A-03.00FPN,2026-07-13
C관(2공장),하이드레이션,P5248A-05.50TPR,2026-07-13
C관(2공장),하이드레이션,P5252A-05.50,2026-07-10
C관(2공장),하이드레이션,P5261A-00.00LAC,2026-07-21
C관(2공장),하이드레이션,P5261A-01.25LAC,2026-07-21
C관(2공장),하이드레이션,P5335A-02.00-1.25180CHC,2026-07-07
C관(2공장),하이드레이션,P5335A-03.00-1.25180CHC,2026-07-07
C관(2공장),하이드레이션,P5335A-03.75-1.25180CHC,2026-07-07
C관(2공장),하이드레이션,P5335A-05.00-1.25180CHC,2026-07-07
C관(2공장),하이드레이션,P5335A-05.50-1.25180CHC,2026-07-07
C관(2공장),하이드레이션,P5336A-00.50-1.75180CHC,2026-07-07
C관(2공장),하이드레이션,P5336A-02.00-1.75180CHC,2026-07-07
C관(2공장),하이드레이션,P5336A-02.25-1.75180CHC,2026-07-07
C관(2공장),하이드레이션,P5336A-06.00-1.75180CHC,2026-07-07
C관(2공장),하이드레이션,P5336A-07.00-1.75180CHC,2026-07-07
C관(2공장),하이드레이션,P7015A-10.00GQZ,2026-07-13
C관(2공장),하이드레이션,P7021A-02.75PUE,2026-07-13
C관(2공장),하이드레이션,P7022A-02.00RUD,2026-07-13
C관(2공장),하이드레이션,P7024A-00.00IDR,2026-07-13
C관(2공장),하이드레이션,P7024A-04.25IDR,2026-07-13
C관(2공장),하이드레이션,P7035M-00.00MCR,2026-07-13
C관(2공장),하이드레이션,P7035M-01.75MCR,2026-07-13
C관(2공장),하이드레이션,P7035M-02.75MCR,2026-07-13
C관(2공장),하이드레이션,P7036M-00.00CRR,2026-07-13
C관(2공장),하이드레이션,P7041A-02.25MLB,2026-07-13
C관(2공장),하이드레이션,P7041A-02.75MLB,2026-07-13
C관(2공장),하이드레이션,P7041A-03.75MLB,2026-07-13
C관(2공장),하이드레이션,P7041A-08.00MLB,2026-07-13
C관(2공장),하이드레이션,P7500A-02.75WTW,2026-07-13
C관(2공장),하이드레이션,P7501A-08.50CRB,2026-07-13
C관(2공장),하이드레이션,P7529M-03.50OCE3,2026-07-13
C관(2공장),하이드레이션,P7533M-04.00DAP3,2026-07-13
C관(2공장),하이드레이션,P7536M-00.00STQ2,2026-07-13
S관(3공장),누수규격,P0005A8.60+01.50,2026-08-16
S관(3공장),누수규격,P0005A8.60+02.00,2026-08-16
S관(3공장),누수규격,P0005A8.60+03.00,2026-08-16
S관(3공장),누수규격,P0005A8.60+03.50,2026-08-16
S관(3공장),누수규격,P0005A8.60+04.00,2026-08-16
S관(3공장),누수규격,P0005A8.60-00.50,2026-08-16
S관(3공장),누수규격,P0005A8.60-00.75,2026-08-16
S관(3공장),누수규격,P0005A8.60-01.00,2026-08-16
S관(3공장),누수규격,P0005A8.60-01.25,2026-08-16
S관(3공장),누수규격,P0005A8.60-01.50,2026-08-16
S관(3공장),누수규격,P0005A8.60-01.75,2026-08-16
S관(3공장),누수규격,P0005A8.60-02.00,2026-08-16
S관(3공장),누수규격,P0005A8.60-02.25,2026-08-16
S관(3공장),누수규격,P0005A8.60-02.50,2026-08-16
S관(3공장),누수규격,P0005A8.60-02.75,2026-08-16
S관(3공장),누수규격,P0005A8.60-03.00,2026-08-16
S관(3공장),누수규격,P0005A8.60-03.25,2026-08-16
S관(3공장),누수규격,P0005A8.60-03.50,2026-08-16
S관(3공장),누수규격,P0005A8.60-03.75,2026-08-16
S관(3공장),누수규격,P0005A8.60-04.00,2026-08-16
S관(3공장),누수규격,P0005A8.60-04.25,2026-08-16
S관(3공장),누수규격,P0005A8.60-04.50,2026-08-16
S관(3공장),누수규격,P0005A8.60-04.75,2026-08-16
S관(3공장),누수규격,P0005A8.60-05.00,2026-08-16
S관(3공장),누수규격,P0005A8.60-05.50,2026-08-16
S관(3공장),누수규격,P0005A8.60-06.00,2026-08-16
S관(3공장),누수규격,P0005A8.60-06.50,2026-08-16
S관(3공장),누수규격,P0005A8.60-07.00,2026-08-16
S관(3공장),누수규격,P0005A8.60-07.50,2026-08-16
S관(3공장),누수규격,P0005A8.60-08.00,2026-08-16
S관(3공장),누수규격,P0005A8.60-08.50,2026-08-16
S관(3공장),누수규격,P0005A8.60-09.00,2026-08-16
S관(3공장),누수규격,P0005A8.60-10.00,2026-08-16
S관(3공장),누수규격,P0005A8.60-11.50,2026-08-16
S관(3공장),누수규격,P0013A-02.00,2026-08-16
S관(3공장),누수규격,P0013A-03.25,2026-08-16
S관(3공장),누수규격,P0013A-04.25,2026-08-16
S관(3공장),누수규격,P0013A-05.00,2026-08-16
S관(3공장),누수규격,P0013A-05.50,2026-08-16
S관(3공장),누수규격,P0013A-11.50,2026-08-16
S관(3공장),누수규격,P0018A-00.75,2026-08-16
S관(3공장),누수규격,P0018A-01.00,2026-08-16
S관(3공장),누수규격,P0018A-01.25,2026-08-16
S관(3공장),누수규격,P0018A-01.50,2026-08-16
S관(3공장),누수규격,P0018A-01.75,2026-08-16
S관(3공장),누수규격,P0018A-02.00,2026-08-16
S관(3공장),누수규격,P0018A-02.25,2026-08-16
S관(3공장),누수규격,P0018A-02.50,2026-08-16
S관(3공장),누수규격,P0018A-02.75,2026-08-16
S관(3공장),누수규격,P0018A-03.00,2026-08-16
S관(3공장),누수규격,P0018A-03.25,2026-08-16
S관(3공장),누수규격,P0018A-03.50,2026-08-16
S관(3공장),누수규격,P0018A-03.75,2026-08-16
S관(3공장),누수규격,P0018A-04.00,2026-08-16
S관(3공장),누수규격,P0018A-04.50,2026-08-16
S관(3공장),누수규격,P0018A-04.75,2026-08-16
S관(3공장),누수규격,P0018A-05.00,2026-08-16
S관(3공장),누수규격,P0018A-05.25,2026-08-16
S관(3공장),누수규격,P0018A-05.50,2026-08-16
S관(3공장),누수규격,P0018A-05.75,2026-08-16
S관(3공장),누수규격,P0018A-06.00,2026-08-16
S관(3공장),누수규격,P0018A-06.50,2026-08-16
S관(3공장),누수규격,P0018A-07.00,2026-08-16
S관(3공장),누수규격,P0018A-07.50,2026-08-16
S관(3공장),누수규격,P0018A-08.00,2026-08-16
S관(3공장),누수규격,P0018A-09.00,2026-08-16
S관(3공장),누수규격,P0018A-10.00,2026-08-16
S관(3공장),누수규격,P0018A-12.00,2026-08-16
S관(3공장),누수규격,P0036A-01.50,2026-08-16
S관(3공장),누수규격,P0036A-01.75,2026-08-16
S관(3공장),누수규격,P0036A-03.25,2026-08-16
S관(3공장),누수규격,P0036A-03.50,2026-08-16
S관(3공장),누수규격,P0036A-04.25,2026-08-16
S관(3공장),누수규격,P0036A-04.50,2026-08-16
S관(3공장),누수규격,P0036A-04.75,2026-08-16
S관(3공장),누수규격,P0036A-05.00,2026-08-16
S관(3공장),누수규격,P0036A-05.25,2026-08-16
S관(3공장),누수규격,P0036A-05.50,2026-08-16
S관(3공장),누수규격,P0036A-05.75,2026-08-16
S관(3공장),누수규격,P0036A-06.00,2026-08-16
S관(3공장),누수규격,P0036A-06.50,2026-08-16
S관(3공장),누수규격,P0036A-07.00,2026-08-16
S관(3공장),누수규격,P0036A-08.00,2026-08-16
S관(3공장),누수규격,P0036A-09.00,2026-08-16
S관(3공장),누수규격,P0036A-09.50,2026-08-16
S관(3공장),누수규격,P0036A-12.00,2026-08-16
S관(3공장),누수규격,P0088A+03.00,2026-08-16
S관(3공장),누수규격,P0088A-00.75,2026-08-16
S관(3공장),누수규격,P0088A-01.50,2026-08-16
S관(3공장),누수규격,P0088A-01.75,2026-08-16
S관(3공장),누수규격,P0088A-02.00,2026-08-16
S관(3공장),누수규격,P0088A-02.50,2026-08-16
S관(3공장),누수규격,P0088A-03.00,2026-08-16
S관(3공장),누수규격,P0088A-03.50,2026-08-16
S관(3공장),누수규격,P0088A-04.00,2026-08-16
S관(3공장),누수규격,P0088A-06.00,2026-08-16
S관(3공장),누수규격,P0101A-01.00,2026-07-24
S관(3공장),누수규격,P0101A-02.25,2026-08-18
S관(3공장),누수규격,P0101A-02.75,2026-07-24
S관(3공장),누수규격,P0101A-03.25,2026-08-18
S관(3공장),누수규격,P0101A-03.50,2026-08-18
S관(3공장),누수규격,P0101A-04.00,2026-07-24
S관(3공장),누수규격,P0101A-04.50,2026-07-24
S관(3공장),누수규격,P0101A-05.00,2026-08-18
S관(3공장),누수규격,P0101A-06.00,2026-07-24
S관(3공장),누수규격,P0101A-07.50,2026-08-18
S관(3공장),누수규격,P0174A-01.50DBK3,2026-08-11
S관(3공장),누수규격,P0174A-01.75DBK3,2026-08-11
S관(3공장),누수규격,P0174A-02.25DBK3,2026-08-11
S관(3공장),누수규격,P0174A-03.25DBK3,2026-08-11
S관(3공장),누수규격,P0174A-03.50DBK3,2026-08-11
S관(3공장),누수규격,P0175A-01.00LKG3,2026-08-09
S관(3공장),누수규격,P0175A-01.50LKG3,2026-08-09
S관(3공장),누수규격,P0175A-01.75LKG3,2026-08-09
S관(3공장),누수규격,P0175A-02.25LKG3,2026-08-09
S관(3공장),누수규격,P0175A-02.50LKG3,2026-08-09
S관(3공장),누수규격,P0175A-03.25LKG3,2026-08-09
S관(3공장),누수규격,P0175A-04.00LKG3,2026-08-09
S관(3공장),누수규격,P0175A-05.50LKG3,2026-08-09
S관(3공장),누수규격,P0175A-06.00LKG3,2026-08-09
S관(3공장),누수규격,P0176A-01.00MBN3,2026-08-10
S관(3공장),누수규격,P0176A-01.25MBN3,2026-08-10
S관(3공장),누수규격,P0176A-01.75MBN3,2026-08-10
S관(3공장),누수규격,P0176A-04.00MBN3,2026-08-10
S관(3공장),누수규격,P0176A-04.50MBN3,2026-08-10
S관(3공장),누수규격,P0225A+00.75,2026-07-23
S관(3공장),누수규격,P0225A+01.00,2026-07-23
S관(3공장),누수규격,P0225A+01.25,2026-07-23
S관(3공장),누수규격,P0225A+01.50,2026-07-23
S관(3공장),누수규격,P0225A+01.75,2026-07-23
S관(3공장),누수규격,P0225A+02.00,2026-07-23
S관(3공장),누수규격,P0225A+02.25,2026-07-23
S관(3공장),누수규격,P0225A+02.50,2026-07-23
S관(3공장),누수규격,P0225A+02.75,2026-07-23
S관(3공장),누수규격,P0225A+03.00,2026-07-23
S관(3공장),누수규격,P0225A+03.25,2026-07-23
S관(3공장),누수규격,P0225A+03.50,2026-07-23
S관(3공장),누수규격,P0225A+03.75,2026-07-23
S관(3공장),누수규격,P0225A+04.00,2026-07-23
S관(3공장),누수규격,P0225A-00.00,2026-07-23
S관(3공장),누수규격,P0225A-00.50,2026-07-23
S관(3공장),누수규격,P0225A-00.75,2026-07-23
S관(3공장),누수규격,P0225A-01.00,2026-07-23
S관(3공장),누수규격,P0225A-01.75,2026-07-23
S관(3공장),누수규격,P0225A-02.00,2026-07-23
S관(3공장),누수규격,P0225A-02.25,2026-07-23
S관(3공장),누수규격,P0225A-02.50,2026-07-23
S관(3공장),누수규격,P0225A-02.75,2026-07-23
S관(3공장),누수규격,P0225A-03.00,2026-07-23
S관(3공장),누수규격,P0225A-03.25,2026-07-23
S관(3공장),누수규격,P0225A-03.50,2026-07-23
S관(3공장),누수규격,P0225A-04.00,2026-07-23
S관(3공장),누수규격,P0225A-04.25,2026-07-23
S관(3공장),누수규격,P0225A-04.50,2026-07-23
S관(3공장),누수규격,P0225A-04.75,2026-07-23
S관(3공장),누수규격,P0225A-05.00,2026-07-23
S관(3공장),누수규격,P0225A-05.25,2026-07-23
S관(3공장),누수규격,P0225A-05.50,2026-07-23
S관(3공장),누수규격,P0225A-05.75,2026-07-23
S관(3공장),누수규격,P0225A-06.00,2026-07-23
S관(3공장),누수규격,P0225A-06.50,2026-07-23
S관(3공장),누수규격,P0225A-07.00,2026-07-23
S관(3공장),누수규격,P0225A-07.50,2026-07-23
S관(3공장),누수규격,P0225A-08.00,2026-07-23
S관(3공장),누수규격,P0225A-08.50,2026-07-23
S관(3공장),누수규격,P0225A-09.00,2026-07-23
S관(3공장),누수규격,P0225A-10.00,2026-07-23
S관(3공장),누수규격,P0225A-10.50,2026-07-23
S관(3공장),누수규격,P0225A-11.00,2026-07-23
S관(3공장),누수규격,P0225A-11.50,2026-07-23
S관(3공장),누수규격,P0225A-12.00,2026-07-23
S관(3공장),누수규격,P0236A+01.50,2026-08-16
S관(3공장),누수규격,P0236A+02.00,2026-08-16
S관(3공장),누수규격,P0236A+03.00,2026-08-16
S관(3공장),누수규격,P0236A+03.75,2026-08-16
S관(3공장),누수규격,P0236A-01.00,2026-08-16
S관(3공장),누수규격,P0236A-01.25,2026-08-16
S관(3공장),누수규격,P0236A-02.50,2026-08-16
S관(3공장),누수규격,P0236A-02.75,2026-08-16
S관(3공장),누수규격,P0236A-03.00,2026-08-16
S관(3공장),누수규격,P0236A-03.25,2026-07-24
S관(3공장),누수규격,P0236A-03.75,2026-08-16
S관(3공장),누수규격,P0236A-04.25,2026-08-16
S관(3공장),누수규격,P0236A-04.75,2026-08-16
S관(3공장),누수규격,P0236A-05.00,2026-08-16
S관(3공장),누수규격,P0236A-05.25,2026-07-24
S관(3공장),누수규격,P0236A-05.50,2026-08-16
S관(3공장),누수규격,P0236A-06.50,2026-08-16
S관(3공장),누수규격,P0236A-08.00,2026-07-24
S관(3공장),누수규격,P0240A+01.00,2026-08-16
S관(3공장),누수규격,P0240A+01.25,2026-08-08
S관(3공장),누수규격,P0240A+01.50,2026-08-08
S관(3공장),누수규격,P0240A+01.75,2026-08-16
S관(3공장),누수규격,P0240A+02.00,2026-08-08
S관(3공장),누수규격,P0240A+02.25,2026-08-08
S관(3공장),누수규격,P0240A+02.50,2026-08-08
S관(3공장),누수규격,P0240A+02.75,2026-08-08
S관(3공장),누수규격,P0240A+03.00,2026-08-16
S관(3공장),누수규격,P0240A+03.25,2026-08-08
S관(3공장),누수규격,P0240A+04.75,2026-08-08
S관(3공장),누수규격,P0240A+05.00,2026-08-16
S관(3공장),누수규격,P0240A+05.25,2026-08-08
S관(3공장),누수규격,P0240A+06.00,2026-08-08
S관(3공장),누수규격,P0240A-00.75,2026-08-16
S관(3공장),누수규격,P0240A-01.00,2026-08-16
S관(3공장),누수규격,P0240A-01.25,2026-08-16
S관(3공장),누수규격,P0240A-01.50,2026-08-16
S관(3공장),누수규격,P0240A-01.75,2026-08-16
S관(3공장),누수규격,P0240A-02.00,2026-08-16
S관(3공장),누수규격,P0240A-02.25,2026-08-16
S관(3공장),누수규격,P0240A-02.50,2026-08-16
S관(3공장),누수규격,P0240A-02.75,2026-08-16
S관(3공장),누수규격,P0240A-03.00,2026-08-16
S관(3공장),누수규격,P0240A-03.25,2026-08-08
S관(3공장),누수규격,P0240A-03.50,2026-08-16
S관(3공장),누수규격,P0240A-03.75,2026-08-16
S관(3공장),누수규격,P0240A-04.00,2026-08-16
S관(3공장),누수규격,P0240A-04.25,2026-08-08
S관(3공장),누수규격,P0240A-04.50,2026-08-16
S관(3공장),누수규격,P0240A-04.75,2026-08-16
S관(3공장),누수규격,P0240A-05.00,2026-08-16
S관(3공장),누수규격,P0240A-05.50,2026-08-16
S관(3공장),누수규격,P0240A-05.75,2026-08-16
S관(3공장),누수규격,P0240A-06.00,2026-08-16
S관(3공장),누수규격,P0240A-06.50,2026-08-16
S관(3공장),누수규격,P0240A-07.00,2026-08-16
S관(3공장),누수규격,P0240A-07.50,2026-08-16
S관(3공장),누수규격,P0240A-08.00,2026-08-16
S관(3공장),누수규격,P0240A-08.50,2026-08-16
S관(3공장),누수규격,P0240A-09.00,2026-08-16
S관(3공장),누수규격,P0240A-10.00,2026-08-08
S관(3공장),누수규격,P0240A-11.00,2026-08-16
S관(3공장),누수규격,P0240A-11.50,2026-08-08
S관(3공장),누수규격,P0247A+00.75,2026-08-16
S관(3공장),누수규격,P0247A+02.75,2026-08-16
S관(3공장),누수규격,P0247A+03.50,2026-08-16
S관(3공장),누수규격,P0247A-01.00,2026-08-16
S관(3공장),누수규격,P0247A-01.25,2026-08-16
S관(3공장),누수규격,P0247A-01.50,2026-08-16
S관(3공장),누수규격,P0247A-01.75,2026-08-16
S관(3공장),누수규격,P0247A-02.00,2026-08-16
S관(3공장),누수규격,P0247A-02.75,2026-08-16
S관(3공장),누수규격,P0247A-03.25,2026-08-16
S관(3공장),누수규격,P0247A-03.50,2026-08-16
S관(3공장),누수규격,P0247A-04.00,2026-08-16
S관(3공장),누수규격,P0247A-04.50,2026-08-16
S관(3공장),누수규격,P0247A-05.00,2026-08-16
S관(3공장),누수규격,P0247A-05.25,2026-08-16
S관(3공장),누수규격,P0247A-05.50,2026-08-16
S관(3공장),누수규격,P0247A-06.00,2026-08-16
S관(3공장),누수규격,P0247A-06.50,2026-08-16
S관(3공장),누수규격,P0247A-07.50,2026-08-16
S관(3공장),누수규격,P0247A-08.00,2026-08-16
S관(3공장),누수규격,P0248A-01.00,2026-08-16
S관(3공장),누수규격,P0248A-01.25,2026-08-16
S관(3공장),누수규격,P0248A-01.50,2026-08-16
S관(3공장),누수규격,P0248A-01.75,2026-08-16
S관(3공장),누수규격,P0248A-02.00,2026-08-16
S관(3공장),누수규격,P0248A-02.25,2026-08-16
S관(3공장),누수규격,P0248A-02.50,2026-08-16
S관(3공장),누수규격,P0248A-02.75,2026-08-16
S관(3공장),누수규격,P0248A-03.00,2026-08-16
S관(3공장),누수규격,P0248A-03.25,2026-08-16
S관(3공장),누수규격,P0248A-03.50,2026-08-16
S관(3공장),누수규격,P0248A-03.75,2026-08-16
S관(3공장),누수규격,P0248A-04.00,2026-08-16
S관(3공장),누수규격,P0248A-04.25,2026-08-16
S관(3공장),누수규격,P0248A-04.50,2026-08-16
S관(3공장),누수규격,P0248A-04.75,2026-08-16
S관(3공장),누수규격,P0248A-05.25,2026-08-16
S관(3공장),누수규격,P0248A-05.50,2026-08-16
S관(3공장),누수규격,P0248A-05.75,2026-08-16
S관(3공장),누수규격,P0248A-06.00,2026-08-16
S관(3공장),누수규격,P0248A-06.50,2026-08-16
S관(3공장),누수규격,P0248A-07.00,2026-08-16
S관(3공장),누수규격,P0248A-10.50,2026-08-16
S관(3공장),누수규격,P0317A-01.00PCH3,2026-08-08
S관(3공장),누수규격,P0317A-01.25PCH3,2026-08-08
S관(3공장),누수규격,P0317A-01.50PCH3,2026-08-08
S관(3공장),누수규격,P0317A-01.75PCH3,2026-08-08
S관(3공장),누수규격,P0317A-02.00PCH3,2026-08-08
S관(3공장),누수규격,P0317A-02.25PCH3,2026-08-03
S관(3공장),누수규격,P0317A-02.50PCH3,2026-08-08
S관(3공장),누수규격,P0317A-03.00PCH3,2026-08-08
S관(3공장),누수규격,P0317A-03.25PCH3,2026-07-18
S관(3공장),누수규격,P0317A-04.50PCH3,2026-08-03
S관(3공장),누수규격,P0317A-05.00PCH3,2026-08-03
S관(3공장),누수규격,P0317A-06.00PCH3,2026-07-18
S관(3공장),누수규격,P0317A-06.50PCH3,2026-07-18
S관(3공장),누수규격,P0510A+00.50,2026-08-18
S관(3공장),누수규격,P0510A+01.00,2026-08-18
S관(3공장),누수규격,P0510A+01.25,2026-08-18
S관(3공장),누수규격,P0510A+02.00,2026-08-18
S관(3공장),누수규격,P0510A+02.25,2026-08-18
S관(3공장),누수규격,P0510A+02.50,2026-08-18
S관(3공장),누수규격,P0510A+03.75,2026-08-18
S관(3공장),누수규격,P0510A+04.00,2026-08-18
S관(3공장),누수규격,P0510A+05.00,2026-08-18
S관(3공장),누수규격,P0510A+05.50,2026-08-18
S관(3공장),누수규격,P0510A+06.00,2026-08-18
S관(3공장),누수규격,P0510A+06.50,2026-08-18
S관(3공장),누수규격,P0510A+07.00,2026-08-18
S관(3공장),누수규격,P0510A+07.50,2026-08-18
S관(3공장),누수규격,P0510A-01.25,2026-08-18
S관(3공장),누수규격,P0510A-01.50,2026-08-09
S관(3공장),누수규격,P0510A-01.75,2026-08-09
S관(3공장),누수규격,P0510A-02.00,2026-08-09
S관(3공장),누수규격,P0510A-02.25,2026-08-09
S관(3공장),누수규격,P0510A-02.50,2026-08-09
S관(3공장),누수규격,P0510A-02.75,2026-08-18
S관(3공장),누수규격,P0510A-03.00,2026-08-09
S관(3공장),누수규격,P0510A-03.25,2026-08-18
S관(3공장),누수규격,P0510A-03.50,2026-08-18
S관(3공장),누수규격,P0510A-04.00,2026-08-09
S관(3공장),누수규격,P0510A-04.25,2026-08-09
S관(3공장),누수규격,P0510A-05.50,2026-08-18
S관(3공장),누수규격,P0510A-06.00,2026-08-09
S관(3공장),누수규격,P0510A-06.50,2026-08-09
S관(3공장),누수규격,P0510A-07.00,2026-08-18
S관(3공장),누수규격,P0510A-07.50,2026-08-09
S관(3공장),누수규격,P0510A-08.00,2026-08-09
S관(3공장),누수규격,P0510A-09.00,2026-08-18
S관(3공장),누수규격,P0510A-10.00,2026-08-09
S관(3공장),누수규격,P0588A-01.75,2026-08-18
S관(3공장),누수규격,P0588A-02.00,2026-08-18
S관(3공장),누수규격,P0588A-02.25,2026-08-18
S관(3공장),누수규격,P0588A-03.25,2026-08-18
S관(3공장),누수규격,P0588A-03.50,2026-08-18
S관(3공장),누수규격,P0588A-03.75,2026-08-18
S관(3공장),누수규격,P0588A-04.00,2026-08-18
S관(3공장),누수규격,P0588A-04.25,2026-08-18
S관(3공장),누수규격,P0588A-04.50,2026-08-18
S관(3공장),누수규격,P0588A-04.75,2026-08-18
S관(3공장),누수규격,P0588A-05.00,2026-08-18
S관(3공장),누수규격,P0588A-06.00,2026-08-18
S관(3공장),누수규격,P0588A-06.50,2026-08-18
S관(3공장),누수규격,P0588A-07.00,2026-08-18
S관(3공장),누수규격,P0588A-07.50,2026-08-18
S관(3공장),누수규격,P0588A-08.00,2026-08-18
S관(3공장),누수규격,P0588A-08.50,2026-08-18
S관(3공장),누수규격,P0588A-09.00,2026-08-18
S관(3공장),누수규격,P0588A-11.00,2026-08-18
S관(3공장),누수규격,P0588A-11.50,2026-08-18
S관(3공장),누수규격,P0627A-00.50PIE,2026-08-18
S관(3공장),누수규격,P0627A-00.75PIE,2026-08-18
S관(3공장),누수규격,P0627A-01.50PIE,2026-08-18
S관(3공장),누수규격,P0627A-01.75PIE,2026-08-18
S관(3공장),누수규격,P0627A-02.00PIE,2026-08-18
S관(3공장),누수규격,P0627A-02.25PIE,2026-08-18
S관(3공장),누수규격,P0627A-02.50PIE,2026-08-18
S관(3공장),누수규격,P0627A-02.75PIE,2026-08-18
S관(3공장),누수규격,P0627A-03.00PIE,2026-08-18
S관(3공장),누수규격,P0627A-03.25PIE,2026-08-18
S관(3공장),누수규격,P0627A-03.75PIE,2026-08-18
S관(3공장),누수규격,P0627A-04.00PIE,2026-08-18
S관(3공장),누수규격,P0627A-04.50PIE,2026-08-18
S관(3공장),누수규격,P0627A-05.50PIE,2026-08-18
S관(3공장),누수규격,P0628A-00.50CED,2026-08-18
S관(3공장),누수규격,P0628A-00.75CED,2026-08-18
S관(3공장),누수규격,P0628A-01.00CED,2026-08-18
S관(3공장),누수규격,P0628A-01.25CED,2026-08-18
S관(3공장),누수규격,P0628A-01.50CED,2026-08-18
S관(3공장),누수규격,P0628A-01.75CED,2026-08-18
S관(3공장),누수규격,P0628A-02.00CED,2026-08-18
S관(3공장),누수규격,P0628A-02.25CED,2026-08-18
S관(3공장),누수규격,P0628A-02.50CED,2026-08-18
S관(3공장),누수규격,P0628A-02.75CED,2026-08-18
S관(3공장),누수규격,P0628A-03.00CED,2026-08-18
S관(3공장),누수규격,P0628A-03.25CED,2026-08-18
S관(3공장),누수규격,P0628A-03.50CED,2026-08-18
S관(3공장),누수규격,P0628A-03.75CED,2026-08-18
S관(3공장),누수규격,P0628A-04.00CED,2026-08-18
S관(3공장),누수규격,P0628A-04.50CED,2026-08-18
S관(3공장),누수규격,P0628A-05.50CED,2026-08-18
S관(3공장),누수규격,P0628A-06.00CED,2026-08-18
S관(3공장),누수규격,P1025A+00.25+2.50,2026-08-02
S관(3공장),누수규격,P1025A+00.50+2.00,2026-08-18
S관(3공장),누수규격,P1025A+00.75+1.00,2026-08-18
S관(3공장),누수규격,P1025A+00.75+2.00,2026-08-02
S관(3공장),누수규격,P1025A+00.75+2.50,2026-08-02
S관(3공장),누수규격,P1025A+01.00+1.00,2026-08-18
S관(3공장),누수규격,P1025A+01.00+2.00,2026-08-02
S관(3공장),누수규격,P1025A+01.00+2.50,2026-08-02
S관(3공장),누수규격,P1025A+01.25+1.00,2026-08-18
S관(3공장),누수규격,P1025A+01.25+2.00,2026-08-18
S관(3공장),누수규격,P1025A+01.25+2.50,2026-08-02
S관(3공장),누수규격,P1025A+01.50+1.00,2026-08-18
S관(3공장),누수규격,P1025A+01.50+1.50,2026-08-02
S관(3공장),누수규격,P1025A+01.50+2.50,2026-08-02
S관(3공장),누수규격,P1025A+01.75+1.00,2026-08-18
S관(3공장),누수규격,P1025A+01.75+1.50,2026-08-02
S관(3공장),누수규격,P1025A+01.75+2.00,2026-08-18
S관(3공장),누수규격,P1025A+01.75+2.50,2026-08-18
S관(3공장),누수규격,P1025A+02.00+1.00,2026-08-18
S관(3공장),누수규격,P1025A+02.00+1.50,2026-08-02
S관(3공장),누수규격,P1025A+02.25+1.50,2026-08-02
S관(3공장),누수규격,P1025A+02.25+2.00,2026-08-02
S관(3공장),누수규격,P1025A+02.50+1.50,2026-08-02
S관(3공장),누수규격,P1025A+02.50+2.00,2026-08-02
S관(3공장),누수규격,P1025A+02.50+2.50,2026-08-18
S관(3공장),누수규격,P1025A+02.75+1.50,2026-08-02
S관(3공장),누수규격,P1025A+02.75+2.00,2026-08-18
S관(3공장),누수규격,P1025A+03.00+1.50,2026-08-02
S관(3공장),누수규격,P1025A+03.00+2.50,2026-08-02
S관(3공장),누수규격,P1025A+03.50+1.50,2026-08-02
S관(3공장),누수규격,P1025A+03.50+2.00,2026-08-02
S관(3공장),누수규격,P1025A+04.00+2.00,2026-08-02
S관(3공장),누수규격,P1025A+06.00+2.50,2026-08-18
S관(3공장),누수규격,P1025A-00.00+1.00,2026-08-18
S관(3공장),누수규격,P1025A-00.00+1.50,2026-08-18
S관(3공장),누수규격,P1025A-00.00+2.00,2026-08-18
S관(3공장),누수규격,P1025A-00.00+2.50,2026-08-02
S관(3공장),누수규격,P1025A-01.25+1.00,2026-08-18
S관(3공장),누수규격,P1025A-01.25+1.50,2026-08-02
S관(3공장),누수규격,P1025A-02.00+1.00,2026-08-18
S관(3공장),누수규격,P1025A-02.00+2.00,2026-08-02
S관(3공장),누수규격,P1025A-02.00+2.50,2026-08-18
S관(3공장),누수규격,P1025A-03.00+1.00,2026-08-02
S관(3공장),누수규격,P1025A-03.25+2.50,2026-08-18
S관(3공장),누수규격,P1025A-04.00+1.00,2026-08-02
S관(3공장),누수규격,P1025A-04.00+2.00,2026-08-18
S관(3공장),누수규격,P1025A-04.25+1.00,2026-08-18
S관(3공장),누수규격,P1025A-04.50+1.00,2026-08-18
S관(3공장),누수규격,P1025A-04.50+1.50,2026-08-18
S관(3공장),누수규격,P1025A-04.50+2.50,2026-08-02
S관(3공장),누수규격,P1025A-04.75+1.50,2026-08-18
S관(3공장),누수규격,P1025A-05.50+1.00,2026-08-02
S관(3공장),누수규격,P1025A-05.50+1.50,2026-08-18
S관(3공장),누수규격,P1025A-06.00+2.00,2026-08-02
S관(3공장),누수규격,P1025A-06.50+1.00,2026-08-18
S관(3공장),누수규격,P1025A-12.00+1.00,2026-08-18
S관(3공장),누수규격,P1026A+00.50,2026-08-18
S관(3공장),누수규격,P1026A+02.50,2026-08-02
S관(3공장),누수규격,P1026A+02.75,2026-08-02
S관(3공장),누수규격,P1026A+03.50,2026-08-18
S관(3공장),누수규격,P1026A+05.50,2026-08-02
S관(3공장),누수규격,P1026A-07.00,2026-08-02
S관(3공장),누수규격,P1052A-01.50-1.75010,2026-07-09
S관(3공장),누수규격,P1052A-01.75-1.75010,2026-07-09
S관(3공장),누수규격,P1052A-01.75-1.75160,2026-07-09
S관(3공장),누수규격,P1052A-02.25-1.75010,2026-07-09
S관(3공장),누수규격,P1052A-03.75-1.75020,2026-07-09
S관(3공장),누수규격,P1052A-04.75-1.25160,2026-07-09
S관(3공장),누수규격,P1052A-04.75-1.75020,2026-07-09
S관(3공장),누수규격,P1052A-04.75-1.75160,2026-07-09
S관(3공장),누수규격,P1057A+07.50,2026-08-18
S관(3공장),누수규격,P1057A-00.50,2026-08-13
S관(3공장),누수규격,P1101A+00.50,2026-08-16
S관(3공장),누수규격,P1101A+01.00,2026-08-16
S관(3공장),누수규격,P1101A+03.75,2026-08-16
S관(3공장),누수규격,P1101A+04.25,2026-08-16
S관(3공장),누수규격,P1101A+05.00,2026-08-16
S관(3공장),누수규격,P1101A+05.50,2026-08-16
S관(3공장),누수규격,P1101A+06.00,2026-08-16
S관(3공장),누수규격,P1101A-00.75,2026-08-16
S관(3공장),누수규격,P1101A-01.00,2026-08-16
S관(3공장),누수규격,P1101A-01.25,2026-08-16
S관(3공장),누수규격,P1101A-01.50,2026-08-16
S관(3공장),누수규격,P1101A-01.75,2026-08-16
S관(3공장),누수규격,P1101A-02.00,2026-08-16
S관(3공장),누수규격,P1101A-02.25,2026-08-16
S관(3공장),누수규격,P1101A-02.50,2026-08-16
S관(3공장),누수규격,P1101A-02.75,2026-08-16
S관(3공장),누수규격,P1101A-03.00,2026-08-16
S관(3공장),누수규격,P1101A-03.25,2026-08-16
S관(3공장),누수규격,P1101A-03.50,2026-08-16
S관(3공장),누수규격,P1101A-03.75,2026-08-16
S관(3공장),누수규격,P1101A-04.00,2026-08-16
S관(3공장),누수규격,P1101A-04.25,2026-08-16
S관(3공장),누수규격,P1101A-04.50,2026-08-16
S관(3공장),누수규격,P1101A-05.75,2026-08-16
S관(3공장),누수규격,P1101A-06.00,2026-08-16
S관(3공장),누수규격,P3015A-02.25,2026-07-18
S관(3공장),누수규격,P3015A-02.50,2026-07-18
S관(3공장),누수규격,P3015A-02.75,2026-07-18
S관(3공장),누수규격,P3015A-03.00,2026-07-18
S관(3공장),누수규격,P3015A-03.25,2026-07-18
S관(3공장),누수규격,P3015A-03.50,2026-07-18
S관(3공장),누수규격,P3015A-03.75,2026-07-18
S관(3공장),누수규격,P3015A-04.50,2026-07-27
S관(3공장),누수규격,P3015A-05.00,2026-07-24
S관(3공장),누수규격,P3015A-05.50,2026-07-18
S관(3공장),누수규격,P3015A-06.00,2026-07-18
S관(3공장),누수규격,P3015A-06.50,2026-07-18
S관(3공장),누수규격,P3015A-08.00,2026-07-18
S관(3공장),누수규격,P3015A-08.50,2026-07-18
S관(3공장),누수규격,P3015A-09.00,2026-07-18
S관(3공장),누수규격,P3015A-10.00,2026-07-18
S관(3공장),누수규격,P3015A-11.00,2026-07-18
S관(3공장),누수규격,P3016A-00.50,2026-08-16
S관(3공장),누수규격,P3016A-00.75,2026-08-16
S관(3공장),누수규격,P3016A-01.00,2026-08-16
S관(3공장),누수규격,P3016A-01.25,2026-08-16
S관(3공장),누수규격,P3016A-01.50,2026-08-16
S관(3공장),누수규격,P3016A-01.75,2026-08-16
S관(3공장),누수규격,P3016A-02.00,2026-08-16
S관(3공장),누수규격,P3016A-02.25,2026-08-16
S관(3공장),누수규격,P3016A-02.50,2026-08-16
S관(3공장),누수규격,P3016A-02.75,2026-08-16
S관(3공장),누수규격,P3016A-03.00,2026-08-16
S관(3공장),누수규격,P3016A-03.25,2026-08-16
S관(3공장),누수규격,P3016A-03.50,2026-08-16
S관(3공장),누수규격,P3016A-03.75,2026-08-16
S관(3공장),누수규격,P3016A-04.00,2026-08-16
S관(3공장),누수규격,P3016A-04.25,2026-08-16
S관(3공장),누수규격,P3016A-04.50,2026-08-16
S관(3공장),누수규격,P3016A-04.75,2026-08-16
S관(3공장),누수규격,P3016A-05.00,2026-08-16
S관(3공장),누수규격,P3016A-05.50,2026-08-16
S관(3공장),누수규격,P3016A-05.75,2026-08-16
S관(3공장),누수규격,P3016A-06.00,2026-08-16
S관(3공장),누수규격,P3016A-06.50,2026-08-16
S관(3공장),누수규격,P3016A-07.00,2026-08-16
S관(3공장),누수규격,P3016A-07.50,2026-08-16
S관(3공장),누수규격,P3016A-08.00,2026-08-16
S관(3공장),누수규격,P3016A-08.50,2026-08-16
S관(3공장),누수규격,P3016A-09.00,2026-08-16
S관(3공장),누수규격,P3016A-09.50,2026-08-16
S관(3공장),누수규격,P3016A-10.00,2026-08-16
S관(3공장),누수규격,P3016A-10.50,2026-08-16
S관(3공장),누수규격,P3016A-11.00,2026-08-16
S관(3공장),누수규격,P3016A-11.50,2026-08-16
S관(3공장),누수규격,P3016A-12.00,2026-08-16
S관(3공장),누수규격,P3079A-01.00,2026-07-10
S관(3공장),누수규격,P3079A-01.25,2026-08-11
S관(3공장),누수규격,P3079A-02.00,2026-08-16
S관(3공장),누수규격,P3079A-02.50,2026-07-10
S관(3공장),누수규격,P3079A-03.75,2026-08-16
S관(3공장),누수규격,P3079A-04.25,2026-08-16
S관(3공장),누수규격,P3079A-05.00,2026-07-10
S관(3공장),누수규격,P3079A-05.25,2026-07-10
S관(3공장),누수규격,P3079A-07.00,2026-07-10
S관(3공장),누수규격,P3079A-08.00,2026-07-10
S관(3공장),누수규격,P3081A-05.75,2026-08-16
S관(3공장),누수규격,P3081A-09.00,2026-08-16
S관(3공장),누수규격,P3081A-10.50,2026-08-16
S관(3공장),누수규격,P3081A-12.00,2026-08-16
S관(3공장),누수규격,P3405A-00.00SPC,2026-07-11
S관(3공장),누수규격,P3405A-00.50SPC,2026-07-11
S관(3공장),누수규격,P3405A-01.00SPC,2026-08-16
S관(3공장),누수규격,P3405A-01.25SPC,2026-07-11
S관(3공장),누수규격,P3405A-01.50SPC,2026-07-11
S관(3공장),누수규격,P3405A-01.75SPC,2026-08-16
S관(3공장),누수규격,P3405A-02.50SPC,2026-08-16
S관(3공장),누수규격,P3405A-03.00SPC,2026-08-16
S관(3공장),누수규격,P3405A-03.25SPC,2026-08-16
S관(3공장),누수규격,P3405A-03.75SPC,2026-07-11
S관(3공장),누수규격,P3405A-04.00SPC,2026-08-16
S관(3공장),누수규격,P3405A-05.00SPC,2026-07-11
S관(3공장),누수규격,P3405A-06.00SPC,2026-07-11
S관(3공장),누수규격,P3405A-08.50SPC,2026-08-13
S관(3공장),누수규격,P3406A-01.25ASB,2026-08-15
S관(3공장),누수규격,P3406A-01.50ASB,2026-07-13
S관(3공장),누수규격,P3406A-02.00ASB,2026-08-15
S관(3공장),누수규격,P3406A-02.25ASB,2026-08-15
S관(3공장),누수규격,P3406A-02.50ASB,2026-08-15
S관(3공장),누수규격,P3406A-03.00ASB,2026-07-13
S관(3공장),누수규격,P3406A-03.25ASB,2026-07-13
S관(3공장),누수규격,P3406A-03.50ASB,2026-07-13
S관(3공장),누수규격,P3406A-03.75ASB,2026-07-11
S관(3공장),누수규격,P3406A-04.00ASB,2026-08-15
S관(3공장),누수규격,P3406A-04.25ASB,2026-08-13
S관(3공장),누수규격,P3406A-04.50ASB,2026-08-15
S관(3공장),누수규격,P3406A-05.50ASB,2026-07-13
S관(3공장),누수규격,P3406A-07.00ASB,2026-08-15
S관(3공장),누수규격,P3406A-10.00ASB,2026-08-13
S관(3공장),누수규격,P3407A-01.00ASG,2026-08-14
S관(3공장),누수규격,P3407A-01.50ASG,2026-08-14
S관(3공장),누수규격,P3407A-01.75ASG,2026-07-13
S관(3공장),누수규격,P3407A-09.50ASG,2026-08-14
S관(3공장),누수규격,P3407A-10.00ASG,2026-07-13
S관(3공장),누수규격,P3408A-01.00BRW,2026-08-12
S관(3공장),누수규격,P3408A-01.25BRW,2026-08-12
S관(3공장),누수규격,P3408A-01.75BRW,2026-08-12
S관(3공장),누수규격,P3408A-02.00BRW,2026-08-12
S관(3공장),누수규격,P3408A-02.50BRW,2026-08-12
S관(3공장),누수규격,P3408A-02.75BRW,2026-08-12
S관(3공장),누수규격,P3408A-03.50BRW,2026-08-12
S관(3공장),누수규격,P3408A-04.50BRW,2026-08-12
S관(3공장),누수규격,P3408A-05.00BRW,2026-08-12
S관(3공장),누수규격,P3408A-05.50BRW,2026-08-12
S관(3공장),누수규격,P3409A-01.25PIN,2026-08-13
S관(3공장),누수규격,P3409A-02.00PIN,2026-08-13
S관(3공장),누수규격,P3409A-02.25PIN,2026-08-13
S관(3공장),누수규격,P3409A-02.50PIN,2026-08-13
S관(3공장),누수규격,P3409A-03.00PIN,2026-08-13
S관(3공장),누수규격,P3409A-03.25PIN,2026-08-13
S관(3공장),누수규격,P3409A-03.50PIN,2026-08-13
S관(3공장),누수규격,P3409A-04.00PIN,2026-08-13
S관(3공장),누수규격,P3409A-05.00PIN,2026-08-13
S관(3공장),누수규격,P3409A-05.50PIN,2026-08-13
S관(3공장),누수규격,P3409A-06.50PIN,2026-08-13
S관(3공장),누수규격,P3505A-03.00+1.00,2026-06-21
S관(3공장),누수규격,P3505A-03.25+1.00,2026-06-21
S관(3공장),누수규격,P3505A-04.00+1.00,2026-06-21
S관(3공장),누수규격,P3505A-04.25+1.00,2026-06-21
S관(3공장),누수규격,P3505A-05.50+1.00,2026-06-21
S관(3공장),누수규격,P3505A-07.00+1.00,2026-06-21
S관(3공장),누수규격,P3505A-08.50+1.00,2026-06-21
S관(3공장),누수규격,P3505A-09.00+1.00,2026-06-21
S관(3공장),누수규격,P3505A-09.50+1.00,2026-06-21
S관(3공장),누수규격,P3505A-10.00+1.00,2026-06-21
S관(3공장),누수규격,P3505A-10.50+1.00,2026-06-21
S관(3공장),누수규격,P5002A-01.50BRW,2026-07-13
S관(3공장),누수규격,P5022A-00.00-1.75180,2026-07-11
S관(3공장),누수규격,P5022A-03.75-1.25180,2026-07-11
S관(3공장),누수규격,P5022A-04.00-1.75180,2026-07-11
S관(3공장),누수규격,P5022A-05.50-1.75180,2026-07-11
S관(3공장),누수규격,P5022A-07.00-1.75180,2026-07-11
S관(3공장),누수규격,P5022A-07.50-1.75180,2026-07-11
S관(3공장),누수규격,P5022A-09.00-1.75180,2026-07-11
S관(3공장),누수규격,P5291A-02.50PIB,2026-08-18
S관(3공장),누수규격,P5291A-03.25PIB,2026-08-18
S관(3공장),누수규격,P5291A-03.50PIB,2026-08-18
S관(3공장),누수규격,P5291A-08.50PIB,2026-08-18
S관(3공장),누수규격,P5291A-09.50PIB,2026-08-18
S관(3공장),누수규격,P5291A-10.00PIB,2026-08-18
S관(3공장),누수규격,P5292A-00.00WIB,2026-08-18
S관(3공장),누수규격,P5292A-01.50WIB,2026-08-18
S관(3공장),누수규격,P5292A-02.00WIB,2026-08-18
S관(3공장),누수규격,P5292A-02.25WIB,2026-08-18
S관(3공장),누수규격,P5292A-02.50WIB,2026-08-18
S관(3공장),누수규격,P5292A-02.75WIB,2026-08-18
S관(3공장),누수규격,P5292A-03.00WIB,2026-08-18
S관(3공장),누수규격,P5292A-03.50WIB,2026-08-18
S관(3공장),누수규격,P5292A-04.50WIB,2026-08-18
S관(3공장),누수규격,P5292A-04.75WIB,2026-08-18
S관(3공장),누수규격,P5292A-06.50WIB,2026-08-18
S관(3공장),누수규격,P5292A-07.50WIB,2026-08-18
S관(3공장),누수규격,P5292A-10.00WIB,2026-08-18
S관(3공장),누수규격,P5293A-00.00CWN,2026-08-18
S관(3공장),누수규격,P5293A-02.75CWN,2026-08-18
S관(3공장),누수규격,P5293A-03.25CWN,2026-08-18
S관(3공장),누수규격,P5293A-04.25CWN,2026-08-18
S관(3공장),누수규격,P5293A-05.25CWN,2026-08-18
S관(3공장),누수규격,P5293A-09.00CWN,2026-08-18
S관(3공장),누수규격,P5294A-05.00IGM,2026-08-18
S관(3공장),누수규격,P5294A-05.50IGM,2026-08-18
S관(3공장),누수규격,P5294A-07.00IGM,2026-08-18
S관(3공장),누수규격,P5294A-09.00IGM,2026-08-18
S관(3공장),누수규격,P5294A-09.50IGM,2026-08-18
S관(3공장),누수규격,P5295A-00.00CYM,2026-08-18
S관(3공장),누수규격,P5295A-01.00CYM,2026-08-18
S관(3공장),누수규격,P5295A-01.25CYM,2026-08-18
S관(3공장),누수규격,P5295A-01.75CYM,2026-08-18
S관(3공장),누수규격,P5295A-03.75CYM,2026-08-18
S관(3공장),누수규격,P5295A-04.25CYM,2026-08-18
S관(3공장),누수규격,P5295A-04.50CYM,2026-08-18
S관(3공장),누수규격,P5295A-06.00CYM,2026-08-18
S관(3공장),누수규격,P5295A-07.00CYM,2026-08-18
S관(3공장),누수규격,P5295A-07.50CYM,2026-08-18
S관(3공장),누수규격,P5295A-08.00CYM,2026-08-18
S관(3공장),누수규격,P5296A-01.50CEM,2026-08-18
S관(3공장),누수규격,P5296A-01.75CEM,2026-08-18
S관(3공장),누수규격,P5296A-04.25CEM,2026-08-18
S관(3공장),누수규격,P5296A-04.75CEM,2026-08-18
S관(3공장),누수규격,P5296A-06.00CEM,2026-08-18
S관(3공장),누수규격,P5296A-08.50CEM,2026-08-18
S관(3공장),누수규격,P5296A-09.00CEM,2026-08-18
S관(3공장),누수규격,P5296A-09.50CEM,2026-08-18
S관(3공장),누수규격,P5316A-00.00PIE,2026-08-18
S관(3공장),누수규격,P5317A-00.00CED,2026-08-18
S관(3공장),누수규격,P5317A-01.50CED,2026-08-18
S관(3공장),누수규격,P5376A-00.00ONY,2026-08-18
S관(3공장),누수규격,P5376A-01.50ONY,2026-08-18
S관(3공장),누수규격,P5376A-05.50ONY,2026-08-18
S관(3공장),누수규격,P5378A-00.00LVA,2026-08-18
S관(3공장),누수규격,P5378A-01.25LVA,2026-08-18
S관(3공장),누수규격,P5386A-00.00GAN,2026-08-18
S관(3공장),누수규격,P5387A-00.00STA,2026-08-18
S관(3공장),누수규격,P5387A-02.75STA,2026-08-18
S관(3공장),누수규격,P5405A-01.00-0.75020,2026-07-24
S관(3공장),누수규격,P5405A-01.00-0.75170,2026-07-24
S관(3공장),누수규격,P5405A-01.00-1.25020,2026-07-24
S관(3공장),누수규격,P5405A-01.00-1.25090,2026-07-24
S관(3공장),누수규격,P5405A-01.00-1.25160,2026-07-24
S관(3공장),누수규격,P5405A-01.00-1.75170,2026-07-24
S관(3공장),누수규격,P5405A-01.25-0.75020,2026-07-24
S관(3공장),누수규격,P5405A-01.25-0.75090,2026-07-24
S관(3공장),누수규격,P5405A-01.25-0.75170,2026-07-24
S관(3공장),누수규격,P5405A-01.25-1.25020,2026-07-24
S관(3공장),누수규격,P5405A-01.25-1.25090,2026-07-24
S관(3공장),누수규격,P5405A-01.25-1.25160,2026-07-24
S관(3공장),누수규격,P5405A-01.25-1.75010,2026-07-24
S관(3공장),누수규격,P5405A-01.25-1.75170,2026-07-24
S관(3공장),누수규격,P5405A-01.50-0.75170,2026-07-24
S관(3공장),누수규격,P5405A-01.50-1.25090,2026-07-24
S관(3공장),누수규격,P5405A-01.50-1.75020,2026-07-24
S관(3공장),누수규격,P5405A-01.75-0.75090,2026-07-24
S관(3공장),누수규격,P5405A-01.75-0.75170,2026-07-24
S관(3공장),누수규격,P5405A-01.75-1.25020,2026-07-24
S관(3공장),누수규격,P5405A-01.75-1.75170,2026-07-24
S관(3공장),누수규격,P5405A-02.00-0.75090,2026-07-24
S관(3공장),누수규격,P5405A-02.00-0.75160,2026-07-24
S관(3공장),누수규격,P5405A-02.00-0.75170,2026-07-24
S관(3공장),누수규격,P5405A-02.00-1.25160,2026-07-24
S관(3공장),누수규격,P5405A-02.00-1.75020,2026-07-24
S관(3공장),누수규격,P5405A-02.25-0.75090,2026-07-24
S관(3공장),누수규격,P5405A-02.25-0.75160,2026-07-24
S관(3공장),누수규격,P5405A-02.25-0.75170,2026-07-24
S관(3공장),누수규격,P5405A-02.25-1.25020,2026-07-24
S관(3공장),누수규격,P5405A-02.25-1.75090,2026-07-24
S관(3공장),누수규격,P5405A-02.50-0.75090,2026-07-24
S관(3공장),누수규격,P5405A-02.50-0.75160,2026-07-24
S관(3공장),누수규격,P5405A-02.50-0.75170,2026-07-24
S관(3공장),누수규격,P5405A-02.50-1.25160,2026-07-24
S관(3공장),누수규격,P5405A-02.50-1.75020,2026-07-24
S관(3공장),누수규격,P5405A-02.75-0.75090,2026-07-24
S관(3공장),누수규격,P5405A-02.75-0.75160,2026-07-24
S관(3공장),누수규격,P5405A-02.75-1.25090,2026-07-24
S관(3공장),누수규격,P5405A-02.75-1.75010,2026-07-24
S관(3공장),누수규격,P5405A-02.75-1.75020,2026-07-24
S관(3공장),누수규격,P5405A-02.75-1.75160,2026-07-24
S관(3공장),누수규격,P5405A-03.00-0.75090,2026-07-24
S관(3공장),누수규격,P5405A-03.00-0.75160,2026-07-24
S관(3공장),누수규격,P5405A-03.00-1.25170,2026-07-24
S관(3공장),누수규격,P5405A-03.00-1.75010,2026-07-24
S관(3공장),누수규격,P5405A-03.00-1.75020,2026-07-24
S관(3공장),누수규격,P5405A-03.00-1.75160,2026-07-24
S관(3공장),누수규격,P5405A-03.00-1.75170,2026-07-24
S관(3공장),누수규격,P5405A-03.25-0.75090,2026-07-24
S관(3공장),누수규격,P5405A-03.25-0.75160,2026-07-24
S관(3공장),누수규격,P5405A-03.25-0.75170,2026-07-24
S관(3공장),누수규격,P5405A-03.25-1.25090,2026-07-24
S관(3공장),누수규격,P5405A-03.25-1.75020,2026-07-24
S관(3공장),누수규격,P5405A-03.25-1.75090,2026-07-24
S관(3공장),누수규격,P5405A-03.25-1.75160,2026-07-24
S관(3공장),누수규격,P5405A-03.50-0.75160,2026-07-24
S관(3공장),누수규격,P5405A-03.50-0.75170,2026-07-24
S관(3공장),누수규격,P5405A-03.50-1.25090,2026-07-24
S관(3공장),누수규격,P5405A-03.50-1.75010,2026-07-24
S관(3공장),누수규격,P5405A-03.50-1.75170,2026-07-24
S관(3공장),누수규격,P5405A-03.75-0.75090,2026-07-24
S관(3공장),누수규격,P5405A-03.75-0.75160,2026-07-24
S관(3공장),누수규격,P5405A-03.75-0.75170,2026-07-24
S관(3공장),누수규격,P5405A-03.75-1.25020,2026-07-24
S관(3공장),누수규격,P5405A-03.75-1.25090,2026-07-24
S관(3공장),누수규격,P5405A-03.75-1.75010,2026-07-24
S관(3공장),누수규격,P5405A-03.75-1.75090,2026-07-24
S관(3공장),누수규격,P5405A-03.75-1.75160,2026-07-24
S관(3공장),누수규격,P5405A-03.75-1.75170,2026-07-24
S관(3공장),누수규격,P5405A-04.00-0.75160,2026-07-24
S관(3공장),누수규격,P5405A-04.00-0.75170,2026-07-24
S관(3공장),누수규격,P5405A-04.00-1.25020,2026-07-24
S관(3공장),누수규격,P5405A-04.00-1.25170,2026-07-24
S관(3공장),누수규격,P5405A-04.00-1.75170,2026-07-24
S관(3공장),누수규격,P5405A-04.25-0.75160,2026-07-24
S관(3공장),누수규격,P5405A-04.25-0.75170,2026-07-24
S관(3공장),누수규격,P5405A-04.25-1.25020,2026-07-24
S관(3공장),누수규격,P5405A-04.25-1.25090,2026-07-24
S관(3공장),누수규격,P5405A-04.25-1.75010,2026-07-24
S관(3공장),누수규격,P5405A-04.25-1.75020,2026-07-24
S관(3공장),누수규격,P5405A-04.25-1.75160,2026-07-24
S관(3공장),누수규격,P5405A-04.25-1.75170,2026-07-24
S관(3공장),누수규격,P5405A-04.50-0.75010,2026-07-24
S관(3공장),누수규격,P5405A-04.50-0.75090,2026-07-24
S관(3공장),누수규격,P5405A-04.50-0.75160,2026-07-24
S관(3공장),누수규격,P5405A-04.50-0.75170,2026-07-24
S관(3공장),누수규격,P5405A-04.50-1.25020,2026-07-24
S관(3공장),누수규격,P5405A-04.50-1.25090,2026-07-24
S관(3공장),누수규격,P5405A-04.50-1.75020,2026-07-24
S관(3공장),누수규격,P5405A-04.50-1.75160,2026-07-24
S관(3공장),누수규격,P5405A-04.50-1.75170,2026-07-24
S관(3공장),누수규격,P5405A-04.75-0.75170,2026-07-24
S관(3공장),누수규격,P5405A-04.75-1.25020,2026-07-24
S관(3공장),누수규격,P5405A-04.75-1.25160,2026-07-24
S관(3공장),누수규격,P5405A-04.75-1.25170,2026-07-24
S관(3공장),누수규격,P5405A-04.75-1.75020,2026-07-24
S관(3공장),누수규격,P5405A-04.75-1.75160,2026-07-24
S관(3공장),누수규격,P5405A-04.75-1.75170,2026-07-24
S관(3공장),누수규격,P5405A-05.00-0.75090,2026-07-24
S관(3공장),누수규격,P5405A-05.00-1.25020,2026-07-24
S관(3공장),누수규격,P5405A-05.00-1.75020,2026-07-24
S관(3공장),누수규격,P5405A-05.00-1.75170,2026-07-24
S관(3공장),누수규격,P5405A-05.50-0.75020,2026-07-24
S관(3공장),누수규격,P5405A-05.50-0.75090,2026-07-24
S관(3공장),누수규격,P5405A-05.50-1.25090,2026-07-24
S관(3공장),누수규격,P5405A-05.50-1.25160,2026-07-24
S관(3공장),누수규격,P5405A-05.50-1.75010,2026-07-24
S관(3공장),누수규격,P5405A-05.50-1.75160,2026-07-24
S관(3공장),누수규격,P5405A-05.50-1.75170,2026-07-24
S관(3공장),누수규격,P5405A-06.00-0.75010,2026-07-24
S관(3공장),누수규격,P5405A-06.00-0.75090,2026-07-24
S관(3공장),누수규격,P5405A-06.00-0.75170,2026-07-24
S관(3공장),누수규격,P5405A-06.00-1.25020,2026-07-24
S관(3공장),누수규격,P5405A-06.00-1.75160,2026-07-24
S관(3공장),누수규격,P5405A-06.50-0.75090,2026-07-24
S관(3공장),누수규격,P5405A-06.50-0.75160,2026-07-24
S관(3공장),누수규격,P5405A-06.50-0.75170,2026-07-24
S관(3공장),누수규격,P5405A-06.50-1.25090,2026-07-24
S관(3공장),누수규격,P5405A-06.50-1.75010,2026-07-24
S관(3공장),누수규격,P5405A-06.50-1.75160,2026-07-24
S관(3공장),누수규격,P5405A-07.00-0.75160,2026-07-24
S관(3공장),누수규격,P5405A-07.00-1.75160,2026-07-24
S관(3공장),누수규격,P5405A-07.50-0.75160,2026-07-24
S관(3공장),누수규격,P5405A-07.50-1.75010,2026-07-24
S관(3공장),누수규격,P5405A-07.50-1.75090,2026-07-24
S관(3공장),누수규격,P5405A-07.50-1.75170,2026-07-24
S관(3공장),누수규격,P5405A-08.00-0.75090,2026-07-24
S관(3공장),누수규격,P5405A-08.00-0.75160,2026-07-24
S관(3공장),누수규격,P5405A-08.00-1.25010,2026-07-24
S관(3공장),누수규격,P5405A-08.00-1.25090,2026-07-24
S관(3공장),누수규격,P5405A-08.00-1.25160,2026-07-24
S관(3공장),누수규격,P5405A-08.00-1.75010,2026-07-24
S관(3공장),누수규격,P5405A-08.00-1.75090,2026-07-24
S관(3공장),누수규격,P5405A-08.00-1.75160,2026-07-24
S관(3공장),누수규격,P5405A-08.00-1.75170,2026-07-24
S관(3공장),누수규격,P5405A-08.50-0.75020,2026-07-24
S관(3공장),누수규격,P5405A-08.50-0.75090,2026-07-24
S관(3공장),누수규격,P5405A-08.50-0.75160,2026-07-24
S관(3공장),누수규격,P5405A-08.50-0.75170,2026-07-24
S관(3공장),누수규격,P5405A-08.50-1.25010,2026-07-24
S관(3공장),누수규격,P5405A-08.50-1.25020,2026-07-24
S관(3공장),누수규격,P5405A-08.50-1.25090,2026-07-24
S관(3공장),누수규격,P5405A-08.50-1.25160,2026-07-24
S관(3공장),누수규격,P5405A-08.50-1.75020,2026-07-24
S관(3공장),누수규격,P5405A-08.50-1.75090,2026-07-24
S관(3공장),누수규격,P5405A-08.50-1.75160,2026-07-24
S관(3공장),누수규격,P5405A-08.50-1.75170,2026-07-24
S관(3공장),누수규격,P5405A-09.00-0.75010,2026-07-24
S관(3공장),누수규격,P5405A-09.00-0.75090,2026-07-24
S관(3공장),누수규격,P5405A-09.00-0.75160,2026-07-24
S관(3공장),누수규격,P5405A-09.00-0.75170,2026-07-24
S관(3공장),누수규격,P5405A-09.00-1.25010,2026-07-24
S관(3공장),누수규격,P5405A-09.00-1.25020,2026-07-24
S관(3공장),누수규격,P5405A-09.00-1.25090,2026-07-24
S관(3공장),누수규격,P5405A-09.00-1.25160,2026-07-24
S관(3공장),누수규격,P5405A-09.00-1.25170,2026-07-24
S관(3공장),누수규격,P5405A-09.00-1.75010,2026-07-24
S관(3공장),누수규격,P5405A-09.00-1.75020,2026-07-24
S관(3공장),누수규격,P5405A-09.00-1.75090,2026-07-24
S관(3공장),누수규격,P5405A-09.00-1.75160,2026-07-24
S관(3공장),누수규격,P5405A-09.00-1.75170,2026-07-24
S관(3공장),누수규격,P5413A+01.00,2026-08-18
S관(3공장),누수규격,P5413A+02.00,2026-08-18
S관(3공장),누수규격,P5413A+02.25,2026-08-18
S관(3공장),누수규격,P5413A+02.50,2026-08-18
S관(3공장),누수규격,P5413A+03.00,2026-08-18
S관(3공장),누수규격,P5413A-01.50,2026-08-18
S관(3공장),누수규격,P5413A-03.00,2026-08-18
S관(3공장),누수규격,P5413A-03.25,2026-08-18
S관(3공장),누수규격,P5413A-03.50,2026-08-18
S관(3공장),누수규격,P5413A-04.25,2026-08-18
S관(3공장),누수규격,P5413A-07.00,2026-08-18
S관(3공장),누수규격,P5413A-10.50,2026-08-18
S관(3공장),누수규격,P5415A-01.00,2026-08-18
S관(3공장),누수규격,P5415A-03.25,2026-08-18
S관(3공장),누수규격,P5415A-03.50,2026-08-18
S관(3공장),누수규격,P5415A-03.75,2026-08-18
S관(3공장),누수규격,P5415A-04.50,2026-08-18
S관(3공장),누수규격,P5416A+00.25+2.50,2026-08-18
S관(3공장),누수규격,P5416A+00.50+2.00,2026-08-18
S관(3공장),누수규격,P5416A+01.00+2.50,2026-08-18
S관(3공장),누수규격,P5416A+01.25+1.50,2026-08-18
S관(3공장),누수규격,P5416A+02.00+1.50,2026-08-18
S관(3공장),누수규격,P5416A+02.00+2.00,2026-08-18
S관(3공장),누수규격,P5416A+02.50+1.00,2026-08-18
S관(3공장),누수규격,P5416A+02.50+1.50,2026-08-09
S관(3공장),누수규격,P5416A+02.75+2.50,2026-08-18
S관(3공장),누수규격,P5416A+04.00+2.50,2026-08-09
S관(3공장),누수규격,P5416A+04.25+1.50,2026-08-09
S관(3공장),누수규격,P5416A+04.50+1.00,2026-08-09
S관(3공장),누수규격,P5416A+04.50+2.00,2026-08-09
S관(3공장),누수규격,P5416A+05.00+2.00,2026-08-18
S관(3공장),누수규격,P5416A+05.50+1.50,2026-08-09
S관(3공장),누수규격,P5416A-00.75+1.00,2026-08-18
S관(3공장),누수규격,P5416A-02.00+1.00,2026-08-09
S관(3공장),누수규격,P5416A-02.00+1.50,2026-08-18
S관(3공장),누수규격,P5416A-02.25+2.00,2026-08-09
S관(3공장),누수규격,P5416A-02.50+1.50,2026-08-18
S관(3공장),누수규격,P5416A-02.75+1.50,2026-08-09
S관(3공장),누수규격,P5416A-03.00+2.00,2026-08-18
S관(3공장),누수규격,P5416A-03.25+1.50,2026-08-18
S관(3공장),누수규격,P5416A-03.25+2.50,2026-08-18
S관(3공장),누수규격,P5416A-03.75+1.50,2026-08-18
S관(3공장),누수규격,P5416A-03.75+2.00,2026-08-18
S관(3공장),누수규격,P5416A-03.75+2.50,2026-08-18
S관(3공장),누수규격,P5416A-04.00+1.50,2026-08-18
S관(3공장),누수규격,P5416A-04.00+2.00,2026-08-09
S관(3공장),누수규격,P5416A-04.25+1.50,2026-08-18
S관(3공장),누수규격,P5416A-04.25+2.00,2026-08-09
S관(3공장),누수규격,P5416A-04.50+1.50,2026-08-09
S관(3공장),누수규격,P5416A-05.00+2.00,2026-08-18
S관(3공장),누수규격,P5416A-05.75+2.50,2026-08-09
S관(3공장),누수규격,P5416A-06.00+2.00,2026-08-18
S관(3공장),누수규격,P5416A-07.00+1.00,2026-08-18
S관(3공장),누수규격,P5416A-07.00+1.50,2026-08-09
S관(3공장),누수규격,P5416A-07.00+2.00,2026-08-18
S관(3공장),누수규격,P5416A-07.50+1.50,2026-08-18
S관(3공장),누수규격,P5419A-00.00+2.50,2026-07-10
S관(3공장),누수규격,P5419A-04.00+1.50,2026-08-18
S관(3공장),누수규격,P5420A+00.50,2026-08-18
S관(3공장),누수규격,P5420A+02.25,2026-08-18
S관(3공장),누수규격,P5420A+06.00,2026-08-18
S관(3공장),누수규격,P5423A-08.50,2026-08-18
S관(3공장),분리,Q0174-01.50DBK3,2026-08-07
S관(3공장),분리,Q0174-01.75DBK3,2026-08-07
S관(3공장),분리,Q0174-02.25DBK3,2026-08-07
S관(3공장),분리,Q0174-03.25DBK3,2026-08-07
S관(3공장),분리,Q0174-03.50DBK3,2026-08-07
S관(3공장),분리,Q0175-01.75LKG3,2026-08-05
S관(3공장),분리,Q0175-02.25LKG3,2026-08-05
S관(3공장),분리,Q0175-02.50LKG3,2026-08-05
S관(3공장),분리,Q0175-03.25LKG3,2026-08-05
S관(3공장),분리,Q0175-04.00LKG3,2026-08-05
S관(3공장),분리,Q0175-05.50LKG3,2026-08-05
S관(3공장),분리,Q0175-06.00LKG3,2026-08-05
S관(3공장),분리,Q0176-01.00MBN3,2026-08-06
S관(3공장),분리,Q0176-01.25MBN3,2026-08-06
S관(3공장),분리,Q0176-01.75MBN3,2026-08-06
S관(3공장),분리,Q0176-04.00MBN3,2026-08-06
S관(3공장),분리,Q0176-04.50MBN3,2026-08-06
S관(3공장),분리,Q0317-01.00PCH3,2026-08-04
S관(3공장),분리,Q0317-01.25PCH3,2026-08-04
S관(3공장),분리,Q0317-01.50PCH3,2026-08-04
S관(3공장),분리,Q0317-01.75PCH3,2026-08-04
S관(3공장),분리,Q0317-02.00PCH3,2026-08-04
S관(3공장),분리,Q0317-02.25PCH3,2026-07-30
S관(3공장),분리,Q0317-02.50PCH3,2026-08-04
S관(3공장),분리,Q0317-03.00PCH3,2026-08-04
S관(3공장),분리,Q0317-03.25PCH3,2026-07-14
S관(3공장),분리,Q0317-04.50PCH3,2026-07-30
S관(3공장),분리,Q0317-05.00PCH3,2026-07-30
S관(3공장),분리,Q0317-06.00PCH3,2026-07-14
S관(3공장),분리,Q0317-06.50PCH3,2026-07-14
S관(3공장),분리,Q0588-01.00,2026-07-20
S관(3공장),분리,Q0588-01.75,2026-08-14
S관(3공장),분리,Q0588-02.00,2026-08-14
S관(3공장),분리,Q0588-02.25,2026-08-14
S관(3공장),분리,Q0588-02.75,2026-07-20
S관(3공장),분리,Q0588-03.25,2026-08-14
S관(3공장),분리,Q0588-03.50,2026-08-14
S관(3공장),분리,Q0588-03.75,2026-08-14
S관(3공장),분리,Q0588-04.00,2026-07-20
S관(3공장),분리,Q0588-04.25,2026-08-14
S관(3공장),분리,Q0588-04.50,2026-07-20
S관(3공장),분리,Q0588-04.75,2026-08-14
S관(3공장),분리,Q0588-05.00,2026-08-14
S관(3공장),분리,Q0588-06.00,2026-07-20
S관(3공장),분리,Q0588-06.50,2026-08-14
S관(3공장),분리,Q0588-07.00,2026-08-14
S관(3공장),분리,Q0588-07.50,2026-08-14
S관(3공장),분리,Q0588-08.00,2026-08-14
S관(3공장),분리,Q0588-08.50,2026-08-14
S관(3공장),분리,Q0588-09.00,2026-08-14
S관(3공장),분리,Q0588-11.00,2026-08-14
S관(3공장),분리,Q0588-11.50,2026-08-14
S관(3공장),분리,Q1052-01.00-0.75020,2026-07-20
S관(3공장),분리,Q1052-01.00-0.75170,2026-07-20
S관(3공장),분리,Q1052-01.00-1.25020,2026-07-20
S관(3공장),분리,Q1052-01.00-1.25090,2026-07-20
S관(3공장),분리,Q1052-01.00-1.25160,2026-07-20
S관(3공장),분리,Q1052-01.00-1.75170,2026-07-20
S관(3공장),분리,Q1052-01.25-0.75020,2026-07-20
S관(3공장),분리,Q1052-01.25-0.75090,2026-07-20
S관(3공장),분리,Q1052-01.25-0.75170,2026-07-20
S관(3공장),분리,Q1052-01.25-1.25020,2026-07-20
S관(3공장),분리,Q1052-01.25-1.25090,2026-07-20
S관(3공장),분리,Q1052-01.25-1.25160,2026-07-20
S관(3공장),분리,Q1052-01.25-1.75010,2026-07-20
S관(3공장),분리,Q1052-01.25-1.75170,2026-07-20
S관(3공장),분리,Q1052-01.50-0.75170,2026-07-20
S관(3공장),분리,Q1052-01.50-1.25090,2026-07-20
S관(3공장),분리,Q1052-01.50-1.75010,2026-07-05
S관(3공장),분리,Q1052-01.50-1.75020,2026-07-20
S관(3공장),분리,Q1052-01.75-0.75090,2026-07-20
S관(3공장),분리,Q1052-01.75-0.75170,2026-07-20
S관(3공장),분리,Q1052-01.75-1.25020,2026-07-20
S관(3공장),분리,Q1052-01.75-1.75010,2026-07-05
S관(3공장),분리,Q1052-01.75-1.75160,2026-07-05
S관(3공장),분리,Q1052-01.75-1.75170,2026-07-20
S관(3공장),분리,Q1052-02.00-0.75090,2026-07-20
S관(3공장),분리,Q1052-02.00-0.75160,2026-07-20
S관(3공장),분리,Q1052-02.00-0.75170,2026-07-20
S관(3공장),분리,Q1052-02.00-1.25160,2026-07-20
S관(3공장),분리,Q1052-02.00-1.75020,2026-07-20
S관(3공장),분리,Q1052-02.25-0.75090,2026-07-20
S관(3공장),분리,Q1052-02.25-0.75160,2026-07-20
S관(3공장),분리,Q1052-02.25-0.75170,2026-07-20
S관(3공장),분리,Q1052-02.25-1.25020,2026-07-20
S관(3공장),분리,Q1052-02.25-1.75010,2026-07-05
S관(3공장),분리,Q1052-02.25-1.75090,2026-07-20
S관(3공장),분리,Q1052-02.50-0.75090,2026-07-20
S관(3공장),분리,Q1052-02.50-0.75160,2026-07-20
S관(3공장),분리,Q1052-02.50-0.75170,2026-07-20
S관(3공장),분리,Q1052-02.50-1.25160,2026-07-20
S관(3공장),분리,Q1052-02.50-1.75020,2026-07-20
S관(3공장),분리,Q1052-02.75-0.75090,2026-07-20
S관(3공장),분리,Q1052-02.75-0.75160,2026-07-20
S관(3공장),분리,Q1052-02.75-1.25090,2026-07-20
S관(3공장),분리,Q1052-02.75-1.75020,2026-07-20
S관(3공장),분리,Q1052-02.75-1.75160,2026-07-20
S관(3공장),분리,Q1052-03.00-0.75090,2026-07-20
S관(3공장),분리,Q1052-03.00-0.75160,2026-07-20
S관(3공장),분리,Q1052-03.00-1.25170,2026-07-20
S관(3공장),분리,Q1052-03.00-1.75020,2026-07-20
S관(3공장),분리,Q1052-03.00-1.75160,2026-07-20
S관(3공장),분리,Q1052-03.00-1.75170,2026-07-20
S관(3공장),분리,Q1052-03.25-0.75090,2026-07-20
S관(3공장),분리,Q1052-03.25-0.75160,2026-07-20
S관(3공장),분리,Q1052-03.25-0.75170,2026-07-20
S관(3공장),분리,Q1052-03.25-1.25090,2026-07-20
S관(3공장),분리,Q1052-03.25-1.75090,2026-07-20
S관(3공장),분리,Q1052-03.25-1.75160,2026-07-20
S관(3공장),분리,Q1052-03.50-0.75160,2026-07-20
S관(3공장),분리,Q1052-03.50-0.75170,2026-07-20
S관(3공장),분리,Q1052-03.50-1.25090,2026-07-20
S관(3공장),분리,Q1052-03.50-1.75010,2026-07-20
S관(3공장),분리,Q1052-03.50-1.75170,2026-07-20
S관(3공장),분리,Q1052-03.75-0.75090,2026-07-20
S관(3공장),분리,Q1052-03.75-0.75160,2026-07-20
S관(3공장),분리,Q1052-03.75-0.75170,2026-07-20
S관(3공장),분리,Q1052-03.75-1.25020,2026-07-20
S관(3공장),분리,Q1052-03.75-1.25090,2026-07-20
S관(3공장),분리,Q1052-03.75-1.75010,2026-07-20
S관(3공장),분리,Q1052-03.75-1.75020,2026-07-05
S관(3공장),분리,Q1052-03.75-1.75090,2026-07-20
S관(3공장),분리,Q1052-03.75-1.75160,2026-07-20
S관(3공장),분리,Q1052-03.75-1.75170,2026-07-20
S관(3공장),분리,Q1052-04.00-0.75160,2026-07-20
S관(3공장),분리,Q1052-04.00-0.75170,2026-07-20
S관(3공장),분리,Q1052-04.00-1.25020,2026-07-20
S관(3공장),분리,Q1052-04.00-1.25170,2026-07-20
S관(3공장),분리,Q1052-04.00-1.75170,2026-07-20
S관(3공장),분리,Q1052-04.25-0.75160,2026-07-20
S관(3공장),분리,Q1052-04.25-0.75170,2026-07-20
S관(3공장),분리,Q1052-04.25-1.25020,2026-07-20
S관(3공장),분리,Q1052-04.25-1.25090,2026-07-20
S관(3공장),분리,Q1052-04.25-1.75010,2026-07-20
S관(3공장),분리,Q1052-04.25-1.75020,2026-07-20
S관(3공장),분리,Q1052-04.25-1.75160,2026-07-20
S관(3공장),분리,Q1052-04.25-1.75170,2026-07-20
S관(3공장),분리,Q1052-04.50-0.75010,2026-07-20
S관(3공장),분리,Q1052-04.50-0.75090,2026-07-20
S관(3공장),분리,Q1052-04.50-0.75160,2026-07-20
S관(3공장),분리,Q1052-04.50-0.75170,2026-07-20
S관(3공장),분리,Q1052-04.50-1.25020,2026-07-20
S관(3공장),분리,Q1052-04.50-1.25090,2026-07-20
S관(3공장),분리,Q1052-04.50-1.75160,2026-07-20
S관(3공장),분리,Q1052-04.50-1.75170,2026-07-20
S관(3공장),분리,Q1052-04.75-0.75170,2026-07-20
S관(3공장),분리,Q1052-04.75-1.25020,2026-07-20
S관(3공장),분리,Q1052-04.75-1.25160,2026-07-05
S관(3공장),분리,Q1052-04.75-1.25170,2026-07-20
S관(3공장),분리,Q1052-04.75-1.75020,2026-08-14
S관(3공장),분리,Q1052-04.75-1.75160,2026-07-05
S관(3공장),분리,Q1052-04.75-1.75170,2026-07-20
S관(3공장),분리,Q1052-05.00-0.75090,2026-07-20
S관(3공장),분리,Q1052-05.00-1.25020,2026-07-20
S관(3공장),분리,Q1052-05.00-1.75020,2026-07-20
S관(3공장),분리,Q1052-05.00-1.75170,2026-07-20
S관(3공장),분리,Q1052-05.50-0.75020,2026-07-20
S관(3공장),분리,Q1052-05.50-0.75090,2026-07-20
S관(3공장),분리,Q1052-05.50-1.25090,2026-07-20
S관(3공장),분리,Q1052-05.50-1.25160,2026-07-20
S관(3공장),분리,Q1052-05.50-1.75160,2026-07-20
S관(3공장),분리,Q1052-05.50-1.75170,2026-07-20
S관(3공장),분리,Q1052-06.00-0.75010,2026-07-20
S관(3공장),분리,Q1052-06.00-0.75090,2026-07-20
S관(3공장),분리,Q1052-06.00-0.75170,2026-07-20
S관(3공장),분리,Q1052-06.00-1.25020,2026-07-20
S관(3공장),분리,Q1052-06.00-1.75160,2026-07-20
S관(3공장),분리,Q1052-06.50-0.75090,2026-07-20
S관(3공장),분리,Q1052-06.50-0.75160,2026-07-20
S관(3공장),분리,Q1052-06.50-0.75170,2026-07-20
S관(3공장),분리,Q1052-06.50-1.25090,2026-07-20
S관(3공장),분리,Q1052-06.50-1.75160,2026-07-20
S관(3공장),분리,Q1052-07.00-0.75160,2026-07-20
S관(3공장),분리,Q1052-07.00-1.75160,2026-07-20
S관(3공장),분리,Q1052-07.50-0.75160,2026-07-20
S관(3공장),분리,Q1052-07.50-1.75170,2026-07-20
S관(3공장),분리,Q1052-08.00-0.75090,2026-07-20
S관(3공장),분리,Q1052-08.00-0.75160,2026-07-20
S관(3공장),분리,Q1052-08.00-1.25010,2026-07-20
S관(3공장),분리,Q1052-08.00-1.25090,2026-07-20
S관(3공장),분리,Q1052-08.00-1.25160,2026-07-20
S관(3공장),분리,Q1052-08.00-1.75090,2026-07-20
S관(3공장),분리,Q1052-08.00-1.75160,2026-07-20
S관(3공장),분리,Q1052-08.00-1.75170,2026-07-20
S관(3공장),분리,Q1052-08.50-0.75020,2026-07-20
S관(3공장),분리,Q1052-08.50-0.75090,2026-07-20
S관(3공장),분리,Q1052-08.50-0.75160,2026-07-20
S관(3공장),분리,Q1052-08.50-0.75170,2026-07-20
S관(3공장),분리,Q1052-08.50-1.25010,2026-07-20
S관(3공장),분리,Q1052-08.50-1.25020,2026-07-20
S관(3공장),분리,Q1052-08.50-1.25090,2026-07-20
S관(3공장),분리,Q1052-08.50-1.25160,2026-07-20
S관(3공장),분리,Q1052-08.50-1.75020,2026-07-20
S관(3공장),분리,Q1052-08.50-1.75090,2026-07-20
S관(3공장),분리,Q1052-08.50-1.75160,2026-07-20
S관(3공장),분리,Q1052-08.50-1.75170,2026-07-20
S관(3공장),분리,Q1052-09.00-0.75010,2026-07-20
S관(3공장),분리,Q1052-09.00-0.75090,2026-07-20
S관(3공장),분리,Q1052-09.00-0.75160,2026-07-20
S관(3공장),분리,Q1052-09.00-0.75170,2026-07-20
S관(3공장),분리,Q1052-09.00-1.25010,2026-07-20
S관(3공장),분리,Q1052-09.00-1.25020,2026-07-20
S관(3공장),분리,Q1052-09.00-1.25090,2026-07-20
S관(3공장),분리,Q1052-09.00-1.25160,2026-07-20
S관(3공장),분리,Q1052-09.00-1.25170,2026-07-20
S관(3공장),분리,Q1052-09.00-1.75010,2026-07-20
S관(3공장),분리,Q1052-09.00-1.75020,2026-07-20
S관(3공장),분리,Q1052-09.00-1.75160,2026-07-20
S관(3공장),분리,Q1052-09.00-1.75170,2026-07-20
S관(3공장),분리,Q1113+00.50,2026-08-14
S관(3공장),분리,Q1113+02.25,2026-08-14
S관(3공장),분리,Q1113+02.50,2026-07-29
S관(3공장),분리,Q1113+03.75,2026-08-14
S관(3공장),분리,Q1113+04.00,2026-08-14
S관(3공장),분리,Q1113+05.00,2026-08-14
S관(3공장),분리,Q1113+05.50,2026-07-29
S관(3공장),분리,Q1113+06.00,2026-08-14
S관(3공장),분리,Q1113+07.00,2026-08-14
S관(3공장),분리,Q1113+07.50,2026-08-14
S관(3공장),분리,Q1113-01.25,2026-08-14
S관(3공장),분리,Q1113-01.50,2026-08-14
S관(3공장),분리,Q1113-01.75,2026-08-14
S관(3공장),분리,Q1113-02.00,2026-08-14
S관(3공장),분리,Q1113-02.25,2026-08-14
S관(3공장),분리,Q1113-02.50,2026-08-14
S관(3공장),분리,Q1113-02.75,2026-08-14
S관(3공장),분리,Q1113-03.00,2026-08-14
S관(3공장),분리,Q1113-03.25,2026-08-14
S관(3공장),분리,Q1113-04.00,2026-08-14
S관(3공장),분리,Q1113-04.25,2026-08-14
S관(3공장),분리,Q1113-06.00,2026-08-14
S관(3공장),분리,Q1113-06.50,2026-08-05
S관(3공장),분리,Q1113-07.00,2026-08-14
S관(3공장),분리,Q1113-07.50,2026-08-14
S관(3공장),분리,Q1113-08.00,2026-08-14
S관(3공장),분리,Q1113-10.00,2026-08-05
S관(3공장),분리,Q1113-10.50,2026-08-14
S관(3공장),분리,Q1121+00.25+2.50,2026-07-29
S관(3공장),분리,Q1121+00.50+2.00,2026-08-14
S관(3공장),분리,Q1121+00.75+1.00,2026-08-14
S관(3공장),분리,Q1121+00.75+2.00,2026-08-14
S관(3공장),분리,Q1121+00.75+2.50,2026-07-29
S관(3공장),분리,Q1121+01.00+1.00,2026-08-14
S관(3공장),분리,Q1121+01.00+2.00,2026-07-29
S관(3공장),분리,Q1121+01.00+2.50,2026-07-29
S관(3공장),분리,Q1121+01.25+1.00,2026-08-14
S관(3공장),분리,Q1121+01.25+2.50,2026-07-29
S관(3공장),분리,Q1121+01.50+1.50,2026-07-29
S관(3공장),분리,Q1121+01.50+2.50,2026-07-29
S관(3공장),분리,Q1121+01.75+1.00,2026-08-14
S관(3공장),분리,Q1121+01.75+1.50,2026-07-29
S관(3공장),분리,Q1121+01.75+2.00,2026-08-14
S관(3공장),분리,Q1121+01.75+2.50,2026-08-14
S관(3공장),분리,Q1121+02.00+1.50,2026-07-29
S관(3공장),분리,Q1121+02.00+2.00,2026-08-14
S관(3공장),분리,Q1121+02.25+1.50,2026-07-29
S관(3공장),분리,Q1121+02.25+2.00,2026-07-29
S관(3공장),분리,Q1121+02.50+1.50,2026-07-29
S관(3공장),분리,Q1121+02.50+2.00,2026-08-14
S관(3공장),분리,Q1121+02.50+2.50,2026-08-14
S관(3공장),분리,Q1121+02.75+1.50,2026-07-29
S관(3공장),분리,Q1121+02.75+2.00,2026-08-14
S관(3공장),분리,Q1121+03.00+1.50,2026-07-29
S관(3공장),분리,Q1121+03.00+2.50,2026-07-29
S관(3공장),분리,Q1121+03.50+1.50,2026-07-29
S관(3공장),분리,Q1121+03.50+2.00,2026-07-29
S관(3공장),분리,Q1121+04.00+2.00,2026-07-29
S관(3공장),분리,Q1121+04.25+1.50,2026-08-05
S관(3공장),분리,Q1121+04.50+1.00,2026-08-05
S관(3공장),분리,Q1121+05.00+2.00,2026-08-14
S관(3공장),분리,Q1121+05.50+1.50,2026-08-05
S관(3공장),분리,Q1121+06.00+2.50,2026-08-14
S관(3공장),분리,Q1121-00.00+2.50,2026-07-06
S관(3공장),분리,Q1121-00.75+1.00,2026-08-14
S관(3공장),분리,Q1121-01.25+1.50,2026-07-29
S관(3공장),분리,Q1121-02.00+1.00,2026-08-14
S관(3공장),분리,Q1121-02.00+1.50,2026-08-14
S관(3공장),분리,Q1121-02.00+2.00,2026-07-29
S관(3공장),분리,Q1121-02.25+2.00,2026-08-05
S관(3공장),분리,Q1121-02.50+1.50,2026-08-14
S관(3공장),분리,Q1121-02.75+1.50,2026-08-05
S관(3공장),분리,Q1121-03.25+1.50,2026-08-14
S관(3공장),분리,Q1121-03.25+2.50,2026-08-14
S관(3공장),분리,Q1121-03.75+1.50,2026-08-14
S관(3공장),분리,Q1121-03.75+2.00,2026-08-14
S관(3공장),분리,Q1121-03.75+2.50,2026-08-14
S관(3공장),분리,Q1121-04.00+2.00,2026-08-14
S관(3공장),분리,Q1121-04.25+1.50,2026-08-14
S관(3공장),분리,Q1121-04.25+2.00,2026-08-05
S관(3공장),분리,Q1121-04.50+1.50,2026-08-14
S관(3공장),분리,Q1121-04.50+2.50,2026-07-29
S관(3공장),분리,Q1121-05.00+2.00,2026-08-14
S관(3공장),분리,Q1121-05.50+1.00,2026-07-29
S관(3공장),분리,Q1121-05.50+1.50,2026-08-14
S관(3공장),분리,Q1121-06.00+2.00,2026-08-14
S관(3공장),분리,Q1121-06.50+1.00,2026-08-14
S관(3공장),분리,Q1121-07.00+1.00,2026-08-14
S관(3공장),분리,Q1121-07.50+1.50,2026-08-14
S관(3공장),분리,Q1121-09.00+1.00,2026-06-17
S관(3공장),분리,Q1121-09.50+1.00,2026-06-17
S관(3공장),분리,Q3081+01.00,2026-07-19
S관(3공장),분리,Q3081+01.50,2026-08-12
S관(3공장),분리,Q3081+02.00,2026-07-19
S관(3공장),분리,Q3081+04.75,2026-08-04
S관(3공장),분리,Q3081+05.00,2026-08-12
S관(3공장),분리,Q3081+05.25,2026-08-04
S관(3공장),분리,Q3081+05.50,2026-08-12
S관(3공장),분리,Q3081+06.00,2026-08-04
S관(3공장),분리,Q3081-00.00,2026-07-19
S관(3공장),분리,Q3081-00.50,2026-07-19
S관(3공장),분리,Q3081-00.75,2026-07-19
S관(3공장),분리,Q3081-01.00,2026-07-06
S관(3공장),분리,Q3081-01.25,2026-08-07
S관(3공장),분리,Q3081-01.50,2026-08-12
S관(3공장),분리,Q3081-01.75,2026-07-19
S관(3공장),분리,Q3081-02.00,2026-07-19
S관(3공장),분리,Q3081-02.25,2026-08-12
S관(3공장),분리,Q3081-02.50,2026-07-06
S관(3공장),분리,Q3081-02.75,2026-07-14
S관(3공장),분리,Q3081-03.00,2026-08-12
S관(3공장),분리,Q3081-03.25,2026-07-14
S관(3공장),분리,Q3081-03.50,2026-07-14
S관(3공장),분리,Q3081-03.75,2026-07-14
S관(3공장),분리,Q3081-04.00,2026-08-12
S관(3공장),분리,Q3081-04.25,2026-08-12
S관(3공장),분리,Q3081-04.50,2026-07-19
S관(3공장),분리,Q3081-04.75,2026-08-12
S관(3공장),분리,Q3081-05.00,2026-07-06
S관(3공장),분리,Q3081-05.25,2026-08-12
S관(3공장),분리,Q3081-05.50,2026-07-14
S관(3공장),분리,Q3081-05.75,2026-07-19
S관(3공장),분리,Q3081-06.00,2026-07-14
S관(3공장),분리,Q3081-06.50,2026-07-14
S관(3공장),분리,Q3081-07.00,2026-07-06
S관(3공장),분리,Q3081-07.50,2026-07-19
S관(3공장),분리,Q3081-08.00,2026-07-06
S관(3공장),분리,Q3081-08.50,2026-07-14
S관(3공장),분리,Q3081-09.00,2026-07-14
S관(3공장),분리,Q3081-09.50,2026-08-12
S관(3공장),분리,Q3081-10.00,2026-07-14
S관(3공장),분리,Q3081-10.50,2026-07-19
S관(3공장),분리,Q3081-11.00,2026-07-14
S관(3공장),분리,Q3081-12.00,2026-07-19
S관(3공장),분리,Q3402-03.25BRW,2026-07-23
S관(3공장),분리,Q3402-05.00BRW,2026-07-23
S관(3공장),분리,Q3402-05.50BRW,2026-07-23
S관(3공장),분리,Q3402-06.50BRW,2026-07-23
S관(3공장),분리,Q3405-00.00SPC,2026-07-07
S관(3공장),분리,Q3405-00.50SPC,2026-07-07
S관(3공장),분리,Q3405-01.00SPC,2026-08-12
S관(3공장),분리,Q3405-01.25SPC,2026-08-12
S관(3공장),분리,Q3405-01.50SPC,2026-08-09
S관(3공장),분리,Q3405-02.50SPC,2026-08-12
S관(3공장),분리,Q3405-03.00SPC,2026-08-12
S관(3공장),분리,Q3405-03.25SPC,2026-08-12
S관(3공장),분리,Q3405-03.75SPC,2026-07-07
S관(3공장),분리,Q3405-05.00SPC,2026-07-07
S관(3공장),분리,Q3405-06.00SPC,2026-07-07
S관(3공장),분리,Q3405-08.50SPC,2026-08-09
S관(3공장),분리,Q3406-01.25ASB,2026-08-11
S관(3공장),분리,Q3406-01.50ASB,2026-08-09
S관(3공장),분리,Q3406-02.00ASB,2026-08-11
S관(3공장),분리,Q3406-02.25ASB,2026-08-11
S관(3공장),분리,Q3406-02.50ASB,2026-08-11
S관(3공장),분리,Q3406-03.00ASB,2026-07-09
S관(3공장),분리,Q3406-03.25ASB,2026-07-09
S관(3공장),분리,Q3406-03.50ASB,2026-07-09
S관(3공장),분리,Q3406-03.75ASB,2026-08-09
S관(3공장),분리,Q3406-04.25ASB,2026-08-09
S관(3공장),분리,Q3406-04.50ASB,2026-08-11
S관(3공장),분리,Q3406-05.50ASB,2026-07-09
S관(3공장),분리,Q3406-07.00ASB,2026-08-11
S관(3공장),분리,Q3406-10.00ASB,2026-08-09
S관(3공장),분리,Q3407-01.00ASG,2026-08-10
S관(3공장),분리,Q3407-01.50ASG,2026-08-10
S관(3공장),분리,Q3407-01.75ASG,2026-07-09
S관(3공장),분리,Q3407-09.50ASG,2026-08-10
S관(3공장),분리,Q3407-10.00ASG,2026-07-09
S관(3공장),분리,Q3408-01.00BRW,2026-08-08
S관(3공장),분리,Q3408-01.25BRW,2026-08-08
S관(3공장),분리,Q3408-01.75BRW,2026-08-08
S관(3공장),분리,Q3408-02.00BRW,2026-08-08
S관(3공장),분리,Q3408-02.50BRW,2026-08-08
S관(3공장),분리,Q3408-02.75BRW,2026-08-08
S관(3공장),분리,Q3408-03.50BRW,2026-08-08
S관(3공장),분리,Q3408-04.50BRW,2026-08-08
S관(3공장),분리,Q3408-05.00BRW,2026-08-08
S관(3공장),분리,Q3408-05.50BRW,2026-08-08
S관(3공장),분리,Q3409-01.25PIN,2026-08-09
S관(3공장),분리,Q3409-02.00PIN,2026-08-09
S관(3공장),분리,Q3409-02.25PIN,2026-08-09
S관(3공장),분리,Q3409-02.50PIN,2026-08-09
S관(3공장),분리,Q3409-03.00PIN,2026-08-09
S관(3공장),분리,Q3409-03.25PIN,2026-08-09
S관(3공장),분리,Q3409-03.50PIN,2026-08-09
S관(3공장),분리,Q3409-04.00PIN,2026-08-09
S관(3공장),분리,Q3409-05.00PIN,2026-08-09
S관(3공장),분리,Q3409-05.50PIN,2026-08-09
S관(3공장),분리,Q3409-06.50PIN,2026-08-09
S관(3공장),분리,Q5002-01.50BRW,2026-07-09
S관(3공장),분리,Q5022-00.00-1.75180,2026-07-07
S관(3공장),분리,Q5022-03.75-1.25180,2026-07-07
S관(3공장),분리,Q5022-04.00-1.75180,2026-07-07
S관(3공장),분리,Q5022-05.50-1.75180,2026-07-07
S관(3공장),분리,Q5022-07.00-1.75180,2026-07-07
S관(3공장),분리,Q5022-09.00-1.75180,2026-07-07
S관(3공장),분리,Q5291-02.50PIB,2026-08-14
S관(3공장),분리,Q5291-08.50PIB,2026-08-14
S관(3공장),분리,Q5291-09.50PIB,2026-08-14
S관(3공장),분리,Q5291-10.00PIB,2026-08-14
S관(3공장),분리,Q5292-00.00WIB,2026-08-14
S관(3공장),분리,Q5292-06.50WIB,2026-08-14
S관(3공장),분리,Q5293-00.00CWN,2026-08-14
S관(3공장),분리,Q5293-02.75CWN,2026-08-14
S관(3공장),분리,Q5293-03.25CWN,2026-08-14
S관(3공장),분리,Q5293-04.25CWN,2026-08-14
S관(3공장),분리,Q5293-05.25CWN,2026-08-14
S관(3공장),분리,Q5293-09.00CWN,2026-08-14
S관(3공장),분리,Q5294-05.00IGM,2026-08-14
S관(3공장),분리,Q5294-05.50IGM,2026-08-14
S관(3공장),분리,Q5294-07.00IGM,2026-08-14
S관(3공장),분리,Q5294-09.00IGM,2026-08-14
S관(3공장),분리,Q5294-09.50IGM,2026-08-14
S관(3공장),분리,Q5295-00.00CYM,2026-08-14
S관(3공장),분리,Q5295-01.00CYM,2026-08-14
S관(3공장),분리,Q5295-01.25CYM,2026-08-14
S관(3공장),분리,Q5295-01.75CYM,2026-08-14
S관(3공장),분리,Q5295-03.75CYM,2026-08-14
S관(3공장),분리,Q5295-04.25CYM,2026-08-14
S관(3공장),분리,Q5295-04.50CYM,2026-08-14
S관(3공장),분리,Q5295-06.00CYM,2026-08-14
S관(3공장),분리,Q5295-07.00CYM,2026-08-14
S관(3공장),분리,Q5295-07.50CYM,2026-08-14
S관(3공장),분리,Q5295-08.00CYM,2026-08-14
S관(3공장),분리,Q5296-01.50CEM,2026-08-14
S관(3공장),분리,Q5296-01.75CEM,2026-08-14
S관(3공장),분리,Q5296-04.25CEM,2026-08-14
S관(3공장),분리,Q5296-04.75CEM,2026-08-14
S관(3공장),분리,Q5296-06.00CEM,2026-08-14
S관(3공장),분리,Q5296-08.50CEM,2026-08-14
S관(3공장),분리,Q5296-09.00CEM,2026-08-14
S관(3공장),분리,Q5296-09.50CEM,2026-08-14
S관(3공장),분리,Q5316-00.50PIE,2026-08-14
S관(3공장),분리,Q5316-00.75PIE,2026-08-14
S관(3공장),분리,Q5316-01.50PIE,2026-08-14
S관(3공장),분리,Q5316-01.75PIE,2026-08-14
S관(3공장),분리,Q5316-02.00PIE,2026-08-14
S관(3공장),분리,Q5316-02.25PIE,2026-08-14
S관(3공장),분리,Q5316-02.50PIE,2026-08-14
S관(3공장),분리,Q5316-02.75PIE,2026-08-14
S관(3공장),분리,Q5316-03.00PIE,2026-08-14
S관(3공장),분리,Q5316-03.25PIE,2026-08-14
S관(3공장),분리,Q5316-03.75PIE,2026-08-14
S관(3공장),분리,Q5316-04.00PIE,2026-08-14
S관(3공장),분리,Q5316-04.50PIE,2026-08-14
S관(3공장),분리,Q5317-00.50CED,2026-08-14
S관(3공장),분리,Q5317-00.75CED,2026-08-14
S관(3공장),분리,Q5317-01.00CED,2026-08-14
S관(3공장),분리,Q5317-01.25CED,2026-08-14
S관(3공장),분리,Q5317-01.50CED,2026-08-14
S관(3공장),분리,Q5317-01.75CED,2026-08-14
S관(3공장),분리,Q5317-02.00CED,2026-08-14
S관(3공장),분리,Q5317-02.25CED,2026-08-14
S관(3공장),분리,Q5317-02.50CED,2026-08-14
S관(3공장),분리,Q5317-02.75CED,2026-08-14
S관(3공장),분리,Q5317-03.00CED,2026-08-14
S관(3공장),분리,Q5317-03.25CED,2026-08-14
S관(3공장),분리,Q5317-03.50CED,2026-08-14
S관(3공장),분리,Q5317-03.75CED,2026-08-14
S관(3공장),분리,Q5317-04.00CED,2026-08-14
S관(3공장),분리,Q5317-04.50CED,2026-08-14
S관(3공장),분리,Q5317-06.00CED,2026-08-14
S관(3공장),분리,Q5376-01.50ONY,2026-08-14
S관(3공장),분리,Q5378-00.00LVA,2026-08-14
S관(3공장),분리,Q5387-00.00STA,2026-08-14
S관(3공장),사출,R0174-01.50DBK3,2026-08-06
S관(3공장),사출,R0174-01.75DBK3,2026-08-06
S관(3공장),사출,R0174-02.25DBK3,2026-08-06
S관(3공장),사출,R0174-03.25DBK3,2026-08-06
S관(3공장),사출,R0174-03.50DBK3,2026-08-06
S관(3공장),사출,R0175-01.75LKG3,2026-08-04
S관(3공장),사출,R0175-02.25LKG3,2026-08-04
S관(3공장),사출,R0175-02.50LKG3,2026-08-04
S관(3공장),사출,R0175-03.25LKG3,2026-08-04
S관(3공장),사출,R0175-04.00LKG3,2026-08-04
S관(3공장),사출,R0175-05.50LKG3,2026-08-04
S관(3공장),사출,R0175-06.00LKG3,2026-08-04
S관(3공장),사출,R0176-01.00MBN3,2026-08-05
S관(3공장),사출,R0176-01.25MBN3,2026-08-05
S관(3공장),사출,R0176-01.75MBN3,2026-08-05
S관(3공장),사출,R0176-04.00MBN3,2026-08-05
S관(3공장),사출,R0176-04.50MBN3,2026-08-05
S관(3공장),사출,R0317-01.00PCH3,2026-08-03
S관(3공장),사출,R0317-01.25PCH3,2026-08-03
S관(3공장),사출,R0317-01.50PCH3,2026-08-03
S관(3공장),사출,R0317-01.75PCH3,2026-08-03
S관(3공장),사출,R0317-02.00PCH3,2026-08-03
S관(3공장),사출,R0317-02.25PCH3,2026-07-29
S관(3공장),사출,R0317-02.50PCH3,2026-08-03
S관(3공장),사출,R0317-03.00PCH3,2026-08-03
S관(3공장),사출,R0317-03.25PCH3,2026-07-13
S관(3공장),사출,R0317-04.50PCH3,2026-07-29
S관(3공장),사출,R0317-05.00PCH3,2026-07-29
S관(3공장),사출,R0317-06.00PCH3,2026-07-13
S관(3공장),사출,R0317-06.50PCH3,2026-07-13
S관(3공장),사출,R0588-01.00,2026-07-19
S관(3공장),사출,R0588-01.75,2026-08-13
S관(3공장),사출,R0588-02.00,2026-08-13
S관(3공장),사출,R0588-02.25,2026-08-13
S관(3공장),사출,R0588-02.75,2026-07-19
S관(3공장),사출,R0588-03.25,2026-08-13
S관(3공장),사출,R0588-03.50,2026-08-13
S관(3공장),사출,R0588-03.75,2026-08-13
S관(3공장),사출,R0588-04.00,2026-07-19
S관(3공장),사출,R0588-04.25,2026-08-13
S관(3공장),사출,R0588-04.50,2026-07-19
S관(3공장),사출,R0588-04.75,2026-08-13
S관(3공장),사출,R0588-05.00,2026-08-13
S관(3공장),사출,R0588-06.00,2026-07-19
S관(3공장),사출,R0588-06.50,2026-08-13
S관(3공장),사출,R0588-07.00,2026-08-13
S관(3공장),사출,R0588-07.50,2026-08-13
S관(3공장),사출,R0588-08.00,2026-08-13
S관(3공장),사출,R0588-08.50,2026-08-13
S관(3공장),사출,R0588-09.00,2026-08-13
S관(3공장),사출,R0588-11.00,2026-08-13
S관(3공장),사출,R0588-11.50,2026-08-13
S관(3공장),사출,R1052-01.00-0.75020,2026-07-19
S관(3공장),사출,R1052-01.00-0.75170,2026-07-19
S관(3공장),사출,R1052-01.00-1.25020,2026-07-19
S관(3공장),사출,R1052-01.00-1.25090,2026-07-19
S관(3공장),사출,R1052-01.00-1.25160,2026-07-19
S관(3공장),사출,R1052-01.00-1.75170,2026-07-19
S관(3공장),사출,R1052-01.25-0.75020,2026-07-19
S관(3공장),사출,R1052-01.25-0.75090,2026-07-19
S관(3공장),사출,R1052-01.25-0.75170,2026-07-19
S관(3공장),사출,R1052-01.25-1.25020,2026-07-19
S관(3공장),사출,R1052-01.25-1.25090,2026-07-19
S관(3공장),사출,R1052-01.25-1.25160,2026-07-19
S관(3공장),사출,R1052-01.25-1.75010,2026-07-19
S관(3공장),사출,R1052-01.25-1.75170,2026-07-19
S관(3공장),사출,R1052-01.50-0.75170,2026-07-19
S관(3공장),사출,R1052-01.50-1.25090,2026-07-19
S관(3공장),사출,R1052-01.50-1.75010,2026-07-04
S관(3공장),사출,R1052-01.50-1.75020,2026-07-19
S관(3공장),사출,R1052-01.75-0.75090,2026-07-19
S관(3공장),사출,R1052-01.75-0.75170,2026-07-19
S관(3공장),사출,R1052-01.75-1.25020,2026-07-19
S관(3공장),사출,R1052-01.75-1.75010,2026-07-04
S관(3공장),사출,R1052-01.75-1.75160,2026-07-04
S관(3공장),사출,R1052-01.75-1.75170,2026-07-19
S관(3공장),사출,R1052-02.00-0.75090,2026-07-19
S관(3공장),사출,R1052-02.00-0.75160,2026-07-19
S관(3공장),사출,R1052-02.00-0.75170,2026-07-19
S관(3공장),사출,R1052-02.00-1.25160,2026-07-19
S관(3공장),사출,R1052-02.00-1.75020,2026-07-19
S관(3공장),사출,R1052-02.25-0.75090,2026-07-19
S관(3공장),사출,R1052-02.25-0.75160,2026-07-19
S관(3공장),사출,R1052-02.25-0.75170,2026-07-19
S관(3공장),사출,R1052-02.25-1.25020,2026-07-19
S관(3공장),사출,R1052-02.25-1.75010,2026-07-04
S관(3공장),사출,R1052-02.25-1.75090,2026-07-19
S관(3공장),사출,R1052-02.50-0.75090,2026-07-19
S관(3공장),사출,R1052-02.50-0.75160,2026-07-19
S관(3공장),사출,R1052-02.50-0.75170,2026-07-19
S관(3공장),사출,R1052-02.50-1.25160,2026-07-19
S관(3공장),사출,R1052-02.50-1.75020,2026-07-19
S관(3공장),사출,R1052-02.75-0.75090,2026-07-19
S관(3공장),사출,R1052-02.75-0.75160,2026-07-19
S관(3공장),사출,R1052-02.75-1.25090,2026-07-19
S관(3공장),사출,R1052-02.75-1.75020,2026-07-19
S관(3공장),사출,R1052-02.75-1.75160,2026-07-19
S관(3공장),사출,R1052-03.00-0.75090,2026-07-19
S관(3공장),사출,R1052-03.00-0.75160,2026-07-19
S관(3공장),사출,R1052-03.00-1.25170,2026-07-19
S관(3공장),사출,R1052-03.00-1.75020,2026-07-19
S관(3공장),사출,R1052-03.00-1.75160,2026-07-19
S관(3공장),사출,R1052-03.00-1.75170,2026-07-19
S관(3공장),사출,R1052-03.25-0.75090,2026-07-19
S관(3공장),사출,R1052-03.25-0.75160,2026-07-19
S관(3공장),사출,R1052-03.25-0.75170,2026-07-19
S관(3공장),사출,R1052-03.25-1.25090,2026-07-19
S관(3공장),사출,R1052-03.25-1.75090,2026-07-19
S관(3공장),사출,R1052-03.25-1.75160,2026-07-19
S관(3공장),사출,R1052-03.50-0.75160,2026-07-19
S관(3공장),사출,R1052-03.50-0.75170,2026-07-19
S관(3공장),사출,R1052-03.50-1.25090,2026-07-19
S관(3공장),사출,R1052-03.50-1.75010,2026-07-19
S관(3공장),사출,R1052-03.50-1.75170,2026-07-19
S관(3공장),사출,R1052-03.75-0.75090,2026-07-19
S관(3공장),사출,R1052-03.75-0.75160,2026-07-19
S관(3공장),사출,R1052-03.75-0.75170,2026-07-19
S관(3공장),사출,R1052-03.75-1.25020,2026-07-19
S관(3공장),사출,R1052-03.75-1.25090,2026-07-19
S관(3공장),사출,R1052-03.75-1.75010,2026-07-19
S관(3공장),사출,R1052-03.75-1.75020,2026-07-04
S관(3공장),사출,R1052-03.75-1.75090,2026-07-19
S관(3공장),사출,R1052-03.75-1.75160,2026-07-19
S관(3공장),사출,R1052-03.75-1.75170,2026-07-19
S관(3공장),사출,R1052-04.00-0.75160,2026-07-19
S관(3공장),사출,R1052-04.00-0.75170,2026-07-19
S관(3공장),사출,R1052-04.00-1.25020,2026-07-19
S관(3공장),사출,R1052-04.00-1.25170,2026-07-19
S관(3공장),사출,R1052-04.00-1.75170,2026-07-19
S관(3공장),사출,R1052-04.25-0.75160,2026-07-19
S관(3공장),사출,R1052-04.25-0.75170,2026-07-19
S관(3공장),사출,R1052-04.25-1.25020,2026-07-19
S관(3공장),사출,R1052-04.25-1.25090,2026-07-19
S관(3공장),사출,R1052-04.25-1.75010,2026-07-19
S관(3공장),사출,R1052-04.25-1.75020,2026-07-19
S관(3공장),사출,R1052-04.25-1.75160,2026-07-19
S관(3공장),사출,R1052-04.25-1.75170,2026-07-19
S관(3공장),사출,R1052-04.50-0.75010,2026-07-19
S관(3공장),사출,R1052-04.50-0.75090,2026-07-19
S관(3공장),사출,R1052-04.50-0.75160,2026-07-19
S관(3공장),사출,R1052-04.50-0.75170,2026-07-19
S관(3공장),사출,R1052-04.50-1.25020,2026-07-19
S관(3공장),사출,R1052-04.50-1.25090,2026-07-19
S관(3공장),사출,R1052-04.50-1.75160,2026-07-19
S관(3공장),사출,R1052-04.50-1.75170,2026-07-19
S관(3공장),사출,R1052-04.75-0.75170,2026-07-19
S관(3공장),사출,R1052-04.75-1.25020,2026-07-19
S관(3공장),사출,R1052-04.75-1.25160,2026-07-04
S관(3공장),사출,R1052-04.75-1.25170,2026-07-19
S관(3공장),사출,R1052-04.75-1.75020,2026-08-13
S관(3공장),사출,R1052-04.75-1.75160,2026-07-04
S관(3공장),사출,R1052-04.75-1.75170,2026-07-19
S관(3공장),사출,R1052-05.00-0.75090,2026-07-19
S관(3공장),사출,R1052-05.00-1.25020,2026-07-19
S관(3공장),사출,R1052-05.00-1.75020,2026-07-19
S관(3공장),사출,R1052-05.00-1.75170,2026-07-19
S관(3공장),사출,R1052-05.50-0.75020,2026-07-19
S관(3공장),사출,R1052-05.50-0.75090,2026-07-19
S관(3공장),사출,R1052-05.50-1.25090,2026-07-19
S관(3공장),사출,R1052-05.50-1.25160,2026-07-19
S관(3공장),사출,R1052-05.50-1.75160,2026-07-19
S관(3공장),사출,R1052-05.50-1.75170,2026-07-19
S관(3공장),사출,R1052-06.00-0.75010,2026-07-19
S관(3공장),사출,R1052-06.00-0.75090,2026-07-19
S관(3공장),사출,R1052-06.00-0.75170,2026-07-19
S관(3공장),사출,R1052-06.00-1.25020,2026-07-19
S관(3공장),사출,R1052-06.00-1.75160,2026-07-19
S관(3공장),사출,R1052-06.50-0.75090,2026-07-19
S관(3공장),사출,R1052-06.50-0.75160,2026-07-19
S관(3공장),사출,R1052-06.50-0.75170,2026-07-19
S관(3공장),사출,R1052-06.50-1.25090,2026-07-19
S관(3공장),사출,R1052-06.50-1.75160,2026-07-19
S관(3공장),사출,R1052-07.00-0.75160,2026-07-19
S관(3공장),사출,R1052-07.00-1.75160,2026-07-19
S관(3공장),사출,R1052-07.50-0.75160,2026-07-19
S관(3공장),사출,R1052-07.50-1.75170,2026-07-19
S관(3공장),사출,R1052-08.00-0.75090,2026-07-19
S관(3공장),사출,R1052-08.00-0.75160,2026-07-19
S관(3공장),사출,R1052-08.00-1.25010,2026-07-19
S관(3공장),사출,R1052-08.00-1.25090,2026-07-19
S관(3공장),사출,R1052-08.00-1.25160,2026-07-19
S관(3공장),사출,R1052-08.00-1.75090,2026-07-19
S관(3공장),사출,R1052-08.00-1.75160,2026-07-19
S관(3공장),사출,R1052-08.00-1.75170,2026-07-19
S관(3공장),사출,R1052-08.50-0.75020,2026-07-19
S관(3공장),사출,R1052-08.50-0.75090,2026-07-19
S관(3공장),사출,R1052-08.50-0.75160,2026-07-19
S관(3공장),사출,R1052-08.50-0.75170,2026-07-19
S관(3공장),사출,R1052-08.50-1.25010,2026-07-19
S관(3공장),사출,R1052-08.50-1.25020,2026-07-19
S관(3공장),사출,R1052-08.50-1.25090,2026-07-19
S관(3공장),사출,R1052-08.50-1.25160,2026-07-19
S관(3공장),사출,R1052-08.50-1.75020,2026-07-19
S관(3공장),사출,R1052-08.50-1.75090,2026-07-19
S관(3공장),사출,R1052-08.50-1.75160,2026-07-19
S관(3공장),사출,R1052-08.50-1.75170,2026-07-19
S관(3공장),사출,R1052-09.00-0.75010,2026-07-19
S관(3공장),사출,R1052-09.00-0.75090,2026-07-19
S관(3공장),사출,R1052-09.00-0.75160,2026-07-19
S관(3공장),사출,R1052-09.00-0.75170,2026-07-19
S관(3공장),사출,R1052-09.00-1.25010,2026-07-19
S관(3공장),사출,R1052-09.00-1.25020,2026-07-19
S관(3공장),사출,R1052-09.00-1.25090,2026-07-19
S관(3공장),사출,R1052-09.00-1.25160,2026-07-19
S관(3공장),사출,R1052-09.00-1.25170,2026-07-19
S관(3공장),사출,R1052-09.00-1.75010,2026-07-19
S관(3공장),사출,R1052-09.00-1.75020,2026-07-19
S관(3공장),사출,R1052-09.00-1.75160,2026-07-19
S관(3공장),사출,R1052-09.00-1.75170,2026-07-19
S관(3공장),사출,R1113+00.50,2026-08-13
S관(3공장),사출,R1113+02.25,2026-08-13
S관(3공장),사출,R1113+02.50,2026-07-28
S관(3공장),사출,R1113+03.75,2026-08-13
S관(3공장),사출,R1113+04.00,2026-08-13
S관(3공장),사출,R1113+05.00,2026-08-13
S관(3공장),사출,R1113+05.50,2026-07-28
S관(3공장),사출,R1113+06.00,2026-08-13
S관(3공장),사출,R1113+07.00,2026-08-13
S관(3공장),사출,R1113+07.50,2026-08-13
S관(3공장),사출,R1113-01.25,2026-08-13
S관(3공장),사출,R1113-01.50,2026-08-13
S관(3공장),사출,R1113-01.75,2026-08-13
S관(3공장),사출,R1113-02.00,2026-08-13
S관(3공장),사출,R1113-02.25,2026-08-13
S관(3공장),사출,R1113-02.50,2026-08-13
S관(3공장),사출,R1113-02.75,2026-08-13
S관(3공장),사출,R1113-03.00,2026-08-13
S관(3공장),사출,R1113-03.25,2026-08-13
S관(3공장),사출,R1113-04.00,2026-08-13
S관(3공장),사출,R1113-04.25,2026-08-13
S관(3공장),사출,R1113-06.00,2026-08-13
S관(3공장),사출,R1113-06.50,2026-08-04
S관(3공장),사출,R1113-07.00,2026-08-13
S관(3공장),사출,R1113-07.50,2026-08-13
S관(3공장),사출,R1113-08.00,2026-08-13
S관(3공장),사출,R1113-10.00,2026-08-04
S관(3공장),사출,R1113-10.50,2026-08-13
S관(3공장),사출,R1121+00.25+2.50,2026-07-28
S관(3공장),사출,R1121+00.50+2.00,2026-08-13
S관(3공장),사출,R1121+00.75+1.00,2026-08-13
S관(3공장),사출,R1121+00.75+2.00,2026-08-13
S관(3공장),사출,R1121+00.75+2.50,2026-07-28
S관(3공장),사출,R1121+01.00+1.00,2026-08-13
S관(3공장),사출,R1121+01.00+2.00,2026-07-28
S관(3공장),사출,R1121+01.00+2.50,2026-07-28
S관(3공장),사출,R1121+01.25+1.00,2026-08-13
S관(3공장),사출,R1121+01.25+2.50,2026-07-28
S관(3공장),사출,R1121+01.50+1.50,2026-07-28
S관(3공장),사출,R1121+01.50+2.50,2026-07-28
S관(3공장),사출,R1121+01.75+1.00,2026-08-13
S관(3공장),사출,R1121+01.75+1.50,2026-07-28
S관(3공장),사출,R1121+01.75+2.00,2026-08-13
S관(3공장),사출,R1121+01.75+2.50,2026-08-13
S관(3공장),사출,R1121+02.00+1.50,2026-07-28
S관(3공장),사출,R1121+02.00+2.00,2026-08-13
S관(3공장),사출,R1121+02.25+1.50,2026-07-28
S관(3공장),사출,R1121+02.25+2.00,2026-07-28
S관(3공장),사출,R1121+02.50+1.50,2026-07-28
S관(3공장),사출,R1121+02.50+2.00,2026-08-13
S관(3공장),사출,R1121+02.50+2.50,2026-08-13
S관(3공장),사출,R1121+02.75+1.50,2026-07-28
S관(3공장),사출,R1121+03.00+1.50,2026-07-28
S관(3공장),사출,R1121+03.00+2.50,2026-07-28
S관(3공장),사출,R1121+03.50+1.50,2026-07-28
S관(3공장),사출,R1121+03.50+2.00,2026-07-28
S관(3공장),사출,R1121+04.00+2.00,2026-07-28
S관(3공장),사출,R1121+04.25+1.50,2026-08-04
S관(3공장),사출,R1121+04.50+1.00,2026-08-04
S관(3공장),사출,R1121+05.00+2.00,2026-08-13
S관(3공장),사출,R1121+05.50+1.50,2026-08-04
S관(3공장),사출,R1121+06.00+2.50,2026-08-13
S관(3공장),사출,R1121-00.00+2.50,2026-07-05
S관(3공장),사출,R1121-00.75+1.00,2026-08-13
S관(3공장),사출,R1121-01.25+1.50,2026-07-28
S관(3공장),사출,R1121-02.00+1.00,2026-08-13
S관(3공장),사출,R1121-02.00+1.50,2026-08-13
S관(3공장),사출,R1121-02.00+2.00,2026-07-28
S관(3공장),사출,R1121-02.25+2.00,2026-08-04
S관(3공장),사출,R1121-02.50+1.50,2026-08-13
S관(3공장),사출,R1121-02.75+1.50,2026-08-04
S관(3공장),사출,R1121-03.25+1.50,2026-08-13
S관(3공장),사출,R1121-03.25+2.50,2026-08-13
S관(3공장),사출,R1121-03.75+1.50,2026-08-13
S관(3공장),사출,R1121-03.75+2.00,2026-08-13
S관(3공장),사출,R1121-03.75+2.50,2026-08-13
S관(3공장),사출,R1121-04.00+2.00,2026-08-13
S관(3공장),사출,R1121-04.25+1.50,2026-08-13
S관(3공장),사출,R1121-04.25+2.00,2026-08-04
S관(3공장),사출,R1121-04.50+1.50,2026-08-13
S관(3공장),사출,R1121-04.50+2.50,2026-07-28
S관(3공장),사출,R1121-05.00+2.00,2026-08-13
S관(3공장),사출,R1121-05.50+1.00,2026-07-28
S관(3공장),사출,R1121-05.50+1.50,2026-08-13
S관(3공장),사출,R1121-06.00+2.00,2026-08-13
S관(3공장),사출,R1121-06.50+1.00,2026-08-13
S관(3공장),사출,R1121-07.00+1.00,2026-08-13
S관(3공장),사출,R1121-07.50+1.50,2026-08-13
S관(3공장),사출,R1121-09.00+1.00,2026-06-16
S관(3공장),사출,R1121-09.50+1.00,2026-06-16
S관(3공장),사출,R3081+02.00,2026-08-11
S관(3공장),사출,R3081+06.00,2026-08-03
S관(3공장),사출,R3081-00.00,2026-07-18
S관(3공장),사출,R3081-00.50,2026-07-18
S관(3공장),사출,R3081-00.75,2026-07-18
S관(3공장),사출,R3081-01.00,2026-07-05
S관(3공장),사출,R3081-01.25,2026-08-06
S관(3공장),사출,R3081-01.50,2026-08-11
S관(3공장),사출,R3081-01.75,2026-07-18
S관(3공장),사출,R3081-02.00,2026-07-18
S관(3공장),사출,R3081-02.25,2026-08-11
S관(3공장),사출,R3081-02.50,2026-07-05
S관(3공장),사출,R3081-02.75,2026-07-13
S관(3공장),사출,R3081-03.00,2026-08-11
S관(3공장),사출,R3081-03.25,2026-07-13
S관(3공장),사출,R3081-03.50,2026-07-13
S관(3공장),사출,R3081-03.75,2026-07-13
S관(3공장),사출,R3081-04.00,2026-08-11
S관(3공장),사출,R3081-04.25,2026-08-11
S관(3공장),사출,R3081-04.50,2026-08-11
S관(3공장),사출,R3081-04.75,2026-08-11
S관(3공장),사출,R3081-05.00,2026-08-11
S관(3공장),사출,R3081-05.25,2026-08-11
S관(3공장),사출,R3081-05.50,2026-07-13
S관(3공장),사출,R3081-05.75,2026-07-18
S관(3공장),사출,R3081-06.00,2026-08-11
S관(3공장),사출,R3081-06.50,2026-07-13
S관(3공장),사출,R3081-07.00,2026-07-05
S관(3공장),사출,R3081-07.50,2026-07-18
S관(3공장),사출,R3081-08.00,2026-07-05
S관(3공장),사출,R3081-08.50,2026-07-13
S관(3공장),사출,R3081-09.00,2026-07-13
S관(3공장),사출,R3081-09.50,2026-08-11
S관(3공장),사출,R3081-10.50,2026-07-18
S관(3공장),사출,R3081-11.00,2026-07-13
S관(3공장),사출,R3081-12.00,2026-08-11
S관(3공장),사출,R3402-03.25BRW,2026-07-22
S관(3공장),사출,R3402-05.00BRW,2026-07-22
S관(3공장),사출,R3402-05.50BRW,2026-07-22
S관(3공장),사출,R3402-06.50BRW,2026-07-22
S관(3공장),사출,R3405-00.00SPC,2026-07-06
S관(3공장),사출,R3405-00.50SPC,2026-07-06
S관(3공장),사출,R3405-01.00SPC,2026-08-11
S관(3공장),사출,R3405-01.25SPC,2026-08-11
S관(3공장),사출,R3405-01.50SPC,2026-08-08
S관(3공장),사출,R3405-02.50SPC,2026-08-11
S관(3공장),사출,R3405-03.00SPC,2026-08-11
S관(3공장),사출,R3405-03.25SPC,2026-08-11
S관(3공장),사출,R3405-03.75SPC,2026-07-06
S관(3공장),사출,R3405-05.00SPC,2026-07-06
S관(3공장),사출,R3405-06.00SPC,2026-07-06
S관(3공장),사출,R3405-08.50SPC,2026-08-08
S관(3공장),사출,R3406-01.25ASB,2026-08-10
S관(3공장),사출,R3406-01.50ASB,2026-08-08
S관(3공장),사출,R3406-02.00ASB,2026-08-10
S관(3공장),사출,R3406-02.25ASB,2026-08-10
S관(3공장),사출,R3406-02.50ASB,2026-08-10
S관(3공장),사출,R3406-03.00ASB,2026-07-08
S관(3공장),사출,R3406-03.25ASB,2026-07-08
S관(3공장),사출,R3406-03.50ASB,2026-07-08
S관(3공장),사출,R3406-03.75ASB,2026-08-08
S관(3공장),사출,R3406-04.25ASB,2026-08-08
S관(3공장),사출,R3406-04.50ASB,2026-08-10
S관(3공장),사출,R3406-05.50ASB,2026-07-08
S관(3공장),사출,R3406-07.00ASB,2026-08-10
S관(3공장),사출,R3406-10.00ASB,2026-08-08
S관(3공장),사출,R3407-01.00ASG,2026-08-09
S관(3공장),사출,R3407-01.50ASG,2026-08-09
S관(3공장),사출,R3407-01.75ASG,2026-07-08
S관(3공장),사출,R3407-09.50ASG,2026-08-09
S관(3공장),사출,R3407-10.00ASG,2026-07-08
S관(3공장),사출,R3408-01.00BRW,2026-08-07
S관(3공장),사출,R3408-01.25BRW,2026-08-07
S관(3공장),사출,R3408-01.75BRW,2026-08-07
S관(3공장),사출,R3408-02.00BRW,2026-08-07
S관(3공장),사출,R3408-02.50BRW,2026-08-07
S관(3공장),사출,R3408-02.75BRW,2026-08-07
S관(3공장),사출,R3408-03.50BRW,2026-08-07
S관(3공장),사출,R3408-04.50BRW,2026-08-07
S관(3공장),사출,R3408-05.00BRW,2026-08-07
S관(3공장),사출,R3408-05.50BRW,2026-08-07
S관(3공장),사출,R3409-01.25PIN,2026-08-08
S관(3공장),사출,R3409-02.00PIN,2026-08-08
S관(3공장),사출,R3409-02.25PIN,2026-08-08
S관(3공장),사출,R3409-02.50PIN,2026-08-08
S관(3공장),사출,R3409-03.00PIN,2026-08-08
S관(3공장),사출,R3409-03.25PIN,2026-08-08
S관(3공장),사출,R3409-03.50PIN,2026-08-08
S관(3공장),사출,R3409-04.00PIN,2026-08-08
S관(3공장),사출,R3409-05.00PIN,2026-08-08
S관(3공장),사출,R3409-05.50PIN,2026-08-08
S관(3공장),사출,R3409-06.50PIN,2026-08-08
S관(3공장),사출,R5002-01.50BRW,2026-07-08
S관(3공장),사출,R5022-00.00-1.75180,2026-07-06
S관(3공장),사출,R5022-03.75-1.25180,2026-07-06
S관(3공장),사출,R5022-04.00-1.75180,2026-07-06
S관(3공장),사출,R5022-05.50-1.75180,2026-07-06
S관(3공장),사출,R5022-07.00-1.75180,2026-07-06
S관(3공장),사출,R5022-09.00-1.75180,2026-07-06
S관(3공장),사출,R5291-02.50PIB,2026-08-13
S관(3공장),사출,R5291-08.50PIB,2026-08-13
S관(3공장),사출,R5291-09.50PIB,2026-08-13
S관(3공장),사출,R5291-10.00PIB,2026-08-13
S관(3공장),사출,R5292-00.00WIB,2026-08-13
S관(3공장),사출,R5292-06.50WIB,2026-08-13
S관(3공장),사출,R5293-00.00CWN,2026-08-13
S관(3공장),사출,R5293-02.75CWN,2026-08-13
S관(3공장),사출,R5293-03.25CWN,2026-08-13
S관(3공장),사출,R5293-04.25CWN,2026-08-13
S관(3공장),사출,R5293-05.25CWN,2026-08-13
S관(3공장),사출,R5293-09.00CWN,2026-08-13
S관(3공장),사출,R5294-05.00IGM,2026-08-13
S관(3공장),사출,R5294-05.50IGM,2026-08-13
S관(3공장),사출,R5294-07.00IGM,2026-08-13
S관(3공장),사출,R5294-09.00IGM,2026-08-13
S관(3공장),사출,R5294-09.50IGM,2026-08-13
S관(3공장),사출,R5295-00.00CYM,2026-08-13
S관(3공장),사출,R5295-01.00CYM,2026-08-13
S관(3공장),사출,R5295-01.25CYM,2026-08-13
S관(3공장),사출,R5295-01.75CYM,2026-08-13
S관(3공장),사출,R5295-03.75CYM,2026-08-13
S관(3공장),사출,R5295-04.25CYM,2026-08-13
S관(3공장),사출,R5295-04.50CYM,2026-08-13
S관(3공장),사출,R5295-06.00CYM,2026-08-13
S관(3공장),사출,R5295-07.00CYM,2026-08-13
S관(3공장),사출,R5295-07.50CYM,2026-08-13
S관(3공장),사출,R5295-08.00CYM,2026-08-13
S관(3공장),사출,R5296-01.50CEM,2026-08-13
S관(3공장),사출,R5296-01.75CEM,2026-08-13
S관(3공장),사출,R5296-04.25CEM,2026-08-13
S관(3공장),사출,R5296-04.75CEM,2026-08-13
S관(3공장),사출,R5296-06.00CEM,2026-08-13
S관(3공장),사출,R5296-08.50CEM,2026-08-13
S관(3공장),사출,R5296-09.00CEM,2026-08-13
S관(3공장),사출,R5296-09.50CEM,2026-08-13
S관(3공장),사출,R5316-00.50PIE,2026-08-13
S관(3공장),사출,R5316-00.75PIE,2026-08-13
S관(3공장),사출,R5316-01.50PIE,2026-08-13
S관(3공장),사출,R5316-01.75PIE,2026-08-13
S관(3공장),사출,R5316-02.00PIE,2026-08-13
S관(3공장),사출,R5316-02.25PIE,2026-08-13
S관(3공장),사출,R5316-02.50PIE,2026-08-13
S관(3공장),사출,R5316-02.75PIE,2026-08-13
S관(3공장),사출,R5316-03.00PIE,2026-08-13
S관(3공장),사출,R5316-03.25PIE,2026-08-13
S관(3공장),사출,R5316-03.75PIE,2026-08-13
S관(3공장),사출,R5316-04.00PIE,2026-08-13
S관(3공장),사출,R5316-04.50PIE,2026-08-13
S관(3공장),사출,R5317-00.50CED,2026-08-13
S관(3공장),사출,R5317-00.75CED,2026-08-13
S관(3공장),사출,R5317-01.00CED,2026-08-13
S관(3공장),사출,R5317-01.25CED,2026-08-13
S관(3공장),사출,R5317-01.50CED,2026-08-13
S관(3공장),사출,R5317-01.75CED,2026-08-13
S관(3공장),사출,R5317-02.00CED,2026-08-13
S관(3공장),사출,R5317-02.25CED,2026-08-13
S관(3공장),사출,R5317-02.50CED,2026-08-13
S관(3공장),사출,R5317-02.75CED,2026-08-13
S관(3공장),사출,R5317-03.00CED,2026-08-13
S관(3공장),사출,R5317-03.25CED,2026-08-13
S관(3공장),사출,R5317-03.50CED,2026-08-13
S관(3공장),사출,R5317-03.75CED,2026-08-13
S관(3공장),사출,R5317-04.00CED,2026-08-13
S관(3공장),사출,R5317-04.50CED,2026-08-13
S관(3공장),사출,R5317-06.00CED,2026-08-13
S관(3공장),사출,R5376-01.50ONY,2026-08-13
S관(3공장),사출,R5378-00.00LVA,2026-08-13
S관(3공장),접착,P0005A8.60+01.50,2026-08-15
S관(3공장),접착,P0005A8.60+02.00,2026-08-15
S관(3공장),접착,P0005A8.60+03.00,2026-08-15
S관(3공장),접착,P0005A8.60+03.50,2026-08-15
S관(3공장),접착,P0005A8.60+04.00,2026-08-15
S관(3공장),접착,P0005A8.60-00.50,2026-08-15
S관(3공장),접착,P0005A8.60-00.75,2026-08-15
S관(3공장),접착,P0005A8.60-01.00,2026-08-15
S관(3공장),접착,P0005A8.60-01.25,2026-08-15
S관(3공장),접착,P0005A8.60-01.50,2026-08-15
S관(3공장),접착,P0005A8.60-01.75,2026-08-15
S관(3공장),접착,P0005A8.60-02.00,2026-08-15
S관(3공장),접착,P0005A8.60-02.25,2026-08-15
S관(3공장),접착,P0005A8.60-02.50,2026-08-15
S관(3공장),접착,P0005A8.60-02.75,2026-08-15
S관(3공장),접착,P0005A8.60-03.00,2026-08-15
S관(3공장),접착,P0005A8.60-03.25,2026-08-15
S관(3공장),접착,P0005A8.60-03.50,2026-08-15
S관(3공장),접착,P0005A8.60-03.75,2026-08-15
S관(3공장),접착,P0005A8.60-04.00,2026-08-15
S관(3공장),접착,P0005A8.60-04.25,2026-08-15
S관(3공장),접착,P0005A8.60-04.50,2026-08-15
S관(3공장),접착,P0005A8.60-04.75,2026-08-15
S관(3공장),접착,P0005A8.60-05.00,2026-08-15
S관(3공장),접착,P0005A8.60-05.50,2026-08-15
S관(3공장),접착,P0005A8.60-06.00,2026-08-15
S관(3공장),접착,P0005A8.60-06.50,2026-08-15
S관(3공장),접착,P0005A8.60-07.00,2026-08-15
S관(3공장),접착,P0005A8.60-07.50,2026-08-15
S관(3공장),접착,P0005A8.60-08.00,2026-08-15
S관(3공장),접착,P0005A8.60-08.50,2026-08-15
S관(3공장),접착,P0005A8.60-09.00,2026-08-15
S관(3공장),접착,P0005A8.60-10.00,2026-08-15
S관(3공장),접착,P0005A8.60-11.50,2026-08-15
S관(3공장),접착,P0013A-02.00,2026-08-15
S관(3공장),접착,P0013A-03.25,2026-08-15
S관(3공장),접착,P0013A-04.25,2026-08-15
S관(3공장),접착,P0013A-05.00,2026-08-15
S관(3공장),접착,P0013A-05.50,2026-08-15
S관(3공장),접착,P0013A-11.50,2026-08-15
S관(3공장),접착,P0018A-00.75,2026-08-15
S관(3공장),접착,P0018A-01.00,2026-08-15
S관(3공장),접착,P0018A-01.25,2026-08-15
S관(3공장),접착,P0018A-01.50,2026-08-15
S관(3공장),접착,P0018A-01.75,2026-08-15
S관(3공장),접착,P0018A-02.00,2026-08-15
S관(3공장),접착,P0018A-02.25,2026-08-15
S관(3공장),접착,P0018A-02.50,2026-08-15
S관(3공장),접착,P0018A-02.75,2026-08-15
S관(3공장),접착,P0018A-03.00,2026-08-15
S관(3공장),접착,P0018A-03.25,2026-08-15
S관(3공장),접착,P0018A-03.50,2026-08-15
S관(3공장),접착,P0018A-03.75,2026-08-15
S관(3공장),접착,P0018A-04.00,2026-08-15
S관(3공장),접착,P0018A-04.50,2026-08-15
S관(3공장),접착,P0018A-04.75,2026-08-15
S관(3공장),접착,P0018A-05.00,2026-08-15
S관(3공장),접착,P0018A-05.25,2026-08-15
S관(3공장),접착,P0018A-05.50,2026-08-15
S관(3공장),접착,P0018A-05.75,2026-08-15
S관(3공장),접착,P0018A-06.00,2026-08-15
S관(3공장),접착,P0018A-06.50,2026-08-15
S관(3공장),접착,P0018A-07.00,2026-08-15
S관(3공장),접착,P0018A-07.50,2026-08-15
S관(3공장),접착,P0018A-08.00,2026-08-15
S관(3공장),접착,P0018A-09.00,2026-08-15
S관(3공장),접착,P0018A-10.00,2026-08-15
S관(3공장),접착,P0018A-12.00,2026-08-15
S관(3공장),접착,P0036A-01.50,2026-08-15
S관(3공장),접착,P0036A-01.75,2026-08-15
S관(3공장),접착,P0036A-03.25,2026-08-15
S관(3공장),접착,P0036A-03.50,2026-08-15
S관(3공장),접착,P0036A-04.25,2026-08-15
S관(3공장),접착,P0036A-04.50,2026-08-15
S관(3공장),접착,P0036A-04.75,2026-08-15
S관(3공장),접착,P0036A-05.00,2026-08-15
S관(3공장),접착,P0036A-05.25,2026-08-15
S관(3공장),접착,P0036A-05.50,2026-08-15
S관(3공장),접착,P0036A-05.75,2026-08-15
S관(3공장),접착,P0036A-06.00,2026-08-15
S관(3공장),접착,P0036A-06.50,2026-08-15
S관(3공장),접착,P0036A-07.00,2026-08-15
S관(3공장),접착,P0036A-08.00,2026-08-15
S관(3공장),접착,P0036A-09.00,2026-08-15
S관(3공장),접착,P0036A-09.50,2026-08-15
S관(3공장),접착,P0036A-12.00,2026-08-15
S관(3공장),접착,P0088A+03.00,2026-08-15
S관(3공장),접착,P0088A-00.75,2026-08-15
S관(3공장),접착,P0088A-01.50,2026-08-15
S관(3공장),접착,P0088A-01.75,2026-08-15
S관(3공장),접착,P0088A-02.00,2026-08-15
S관(3공장),접착,P0088A-02.50,2026-08-15
S관(3공장),접착,P0088A-03.00,2026-08-15
S관(3공장),접착,P0088A-03.50,2026-08-15
S관(3공장),접착,P0088A-04.00,2026-08-15
S관(3공장),접착,P0088A-06.00,2026-08-15
S관(3공장),접착,P0101A-01.00,2026-07-23
S관(3공장),접착,P0101A-02.25,2026-08-17
S관(3공장),접착,P0101A-02.75,2026-07-23
S관(3공장),접착,P0101A-03.25,2026-08-17
S관(3공장),접착,P0101A-03.50,2026-08-17
S관(3공장),접착,P0101A-04.00,2026-07-23
S관(3공장),접착,P0101A-04.50,2026-07-23
S관(3공장),접착,P0101A-05.00,2026-08-17
S관(3공장),접착,P0101A-06.00,2026-07-23
S관(3공장),접착,P0101A-07.50,2026-08-17
S관(3공장),접착,P0174A-01.50DBK3,2026-08-10
S관(3공장),접착,P0174A-01.75DBK3,2026-08-10
S관(3공장),접착,P0174A-02.25DBK3,2026-08-10
S관(3공장),접착,P0174A-03.25DBK3,2026-08-10
S관(3공장),접착,P0174A-03.50DBK3,2026-08-10
S관(3공장),접착,P0175A-01.00LKG3,2026-08-08
S관(3공장),접착,P0175A-01.50LKG3,2026-08-08
S관(3공장),접착,P0175A-01.75LKG3,2026-08-08
S관(3공장),접착,P0175A-02.25LKG3,2026-08-08
S관(3공장),접착,P0175A-02.50LKG3,2026-08-08
S관(3공장),접착,P0175A-03.25LKG3,2026-08-08
S관(3공장),접착,P0175A-04.00LKG3,2026-08-08
S관(3공장),접착,P0175A-05.50LKG3,2026-08-08
S관(3공장),접착,P0175A-06.00LKG3,2026-08-08
S관(3공장),접착,P0176A-01.00MBN3,2026-08-09
S관(3공장),접착,P0176A-01.25MBN3,2026-08-09
S관(3공장),접착,P0176A-01.75MBN3,2026-08-09
S관(3공장),접착,P0176A-04.00MBN3,2026-08-09
S관(3공장),접착,P0176A-04.50MBN3,2026-08-09
S관(3공장),접착,P0225A+00.75,2026-07-22
S관(3공장),접착,P0225A+01.00,2026-07-22
S관(3공장),접착,P0225A+01.25,2026-07-22
S관(3공장),접착,P0225A+01.50,2026-07-22
S관(3공장),접착,P0225A+01.75,2026-07-22
S관(3공장),접착,P0225A+02.00,2026-07-22
S관(3공장),접착,P0225A+02.25,2026-07-22
S관(3공장),접착,P0225A+02.50,2026-07-22
S관(3공장),접착,P0225A+02.75,2026-07-22
S관(3공장),접착,P0225A+03.00,2026-07-22
S관(3공장),접착,P0225A+03.25,2026-07-22
S관(3공장),접착,P0225A+03.50,2026-07-22
S관(3공장),접착,P0225A+03.75,2026-07-22
S관(3공장),접착,P0225A+04.00,2026-07-22
S관(3공장),접착,P0225A-00.00,2026-07-22
S관(3공장),접착,P0225A-00.50,2026-07-22
S관(3공장),접착,P0225A-00.75,2026-07-22
S관(3공장),접착,P0225A-01.00,2026-07-22
S관(3공장),접착,P0225A-01.75,2026-07-22
S관(3공장),접착,P0225A-02.00,2026-07-22
S관(3공장),접착,P0225A-02.25,2026-07-22
S관(3공장),접착,P0225A-02.50,2026-07-22
S관(3공장),접착,P0225A-02.75,2026-07-22
S관(3공장),접착,P0225A-03.00,2026-07-22
S관(3공장),접착,P0225A-03.25,2026-07-22
S관(3공장),접착,P0225A-03.50,2026-07-22
S관(3공장),접착,P0225A-04.00,2026-07-22
S관(3공장),접착,P0225A-04.25,2026-07-22
S관(3공장),접착,P0225A-04.50,2026-07-22
S관(3공장),접착,P0225A-04.75,2026-07-22
S관(3공장),접착,P0225A-05.00,2026-07-22
S관(3공장),접착,P0225A-05.25,2026-07-22
S관(3공장),접착,P0225A-05.50,2026-07-22
S관(3공장),접착,P0225A-05.75,2026-07-22
S관(3공장),접착,P0225A-06.00,2026-07-22
S관(3공장),접착,P0225A-06.50,2026-07-22
S관(3공장),접착,P0225A-07.00,2026-07-22
S관(3공장),접착,P0225A-07.50,2026-07-22
S관(3공장),접착,P0225A-08.00,2026-07-22
S관(3공장),접착,P0225A-08.50,2026-07-22
S관(3공장),접착,P0225A-09.00,2026-07-22
S관(3공장),접착,P0225A-10.00,2026-07-22
S관(3공장),접착,P0225A-10.50,2026-07-22
S관(3공장),접착,P0225A-11.00,2026-07-22
S관(3공장),접착,P0225A-11.50,2026-07-22
S관(3공장),접착,P0225A-12.00,2026-07-22
S관(3공장),접착,P0236A+01.50,2026-08-15
S관(3공장),접착,P0236A+02.00,2026-08-15
S관(3공장),접착,P0236A+03.00,2026-08-15
S관(3공장),접착,P0236A+03.75,2026-08-15
S관(3공장),접착,P0236A-01.00,2026-08-15
S관(3공장),접착,P0236A-01.25,2026-08-15
S관(3공장),접착,P0236A-02.50,2026-08-15
S관(3공장),접착,P0236A-02.75,2026-08-15
S관(3공장),접착,P0236A-03.00,2026-08-15
S관(3공장),접착,P0236A-03.25,2026-07-23
S관(3공장),접착,P0236A-03.75,2026-08-15
S관(3공장),접착,P0236A-04.25,2026-08-15
S관(3공장),접착,P0236A-04.75,2026-08-15
S관(3공장),접착,P0236A-05.00,2026-08-15
S관(3공장),접착,P0236A-05.25,2026-07-23
S관(3공장),접착,P0236A-05.50,2026-08-15
S관(3공장),접착,P0236A-06.50,2026-08-15
S관(3공장),접착,P0236A-08.00,2026-07-23
S관(3공장),접착,P0240A+01.00,2026-08-15
S관(3공장),접착,P0240A+01.25,2026-08-07
S관(3공장),접착,P0240A+01.50,2026-08-07
S관(3공장),접착,P0240A+01.75,2026-08-15
S관(3공장),접착,P0240A+02.00,2026-08-07
S관(3공장),접착,P0240A+02.25,2026-08-07
S관(3공장),접착,P0240A+02.50,2026-08-07
S관(3공장),접착,P0240A+02.75,2026-08-07
S관(3공장),접착,P0240A+03.00,2026-08-15
S관(3공장),접착,P0240A+03.25,2026-08-07
S관(3공장),접착,P0240A+04.75,2026-08-07
S관(3공장),접착,P0240A+05.00,2026-08-15
S관(3공장),접착,P0240A+05.25,2026-08-07
S관(3공장),접착,P0240A+06.00,2026-08-07
S관(3공장),접착,P0240A-00.75,2026-08-15
S관(3공장),접착,P0240A-01.00,2026-08-15
S관(3공장),접착,P0240A-01.25,2026-08-15
S관(3공장),접착,P0240A-01.50,2026-08-15
S관(3공장),접착,P0240A-01.75,2026-08-15
S관(3공장),접착,P0240A-02.00,2026-08-15
S관(3공장),접착,P0240A-02.25,2026-08-15
S관(3공장),접착,P0240A-02.50,2026-08-15
S관(3공장),접착,P0240A-02.75,2026-08-15
S관(3공장),접착,P0240A-03.00,2026-08-15
S관(3공장),접착,P0240A-03.25,2026-08-07
S관(3공장),접착,P0240A-03.50,2026-08-15
S관(3공장),접착,P0240A-03.75,2026-08-15
S관(3공장),접착,P0240A-04.00,2026-08-15
S관(3공장),접착,P0240A-04.25,2026-08-07
S관(3공장),접착,P0240A-04.50,2026-08-15
S관(3공장),접착,P0240A-04.75,2026-08-15
S관(3공장),접착,P0240A-05.00,2026-08-15
S관(3공장),접착,P0240A-05.50,2026-08-15
S관(3공장),접착,P0240A-05.75,2026-08-15
S관(3공장),접착,P0240A-06.00,2026-08-15
S관(3공장),접착,P0240A-06.50,2026-08-15
S관(3공장),접착,P0240A-07.00,2026-08-15
S관(3공장),접착,P0240A-07.50,2026-08-15
S관(3공장),접착,P0240A-08.00,2026-08-15
S관(3공장),접착,P0240A-08.50,2026-08-15
S관(3공장),접착,P0240A-09.00,2026-08-15
S관(3공장),접착,P0240A-10.00,2026-08-07
S관(3공장),접착,P0240A-11.00,2026-08-15
S관(3공장),접착,P0240A-11.50,2026-08-07
S관(3공장),접착,P0247A+00.75,2026-08-15
S관(3공장),접착,P0247A+02.75,2026-08-15
S관(3공장),접착,P0247A+03.50,2026-08-15
S관(3공장),접착,P0247A-01.00,2026-08-15
S관(3공장),접착,P0247A-01.25,2026-08-15
S관(3공장),접착,P0247A-01.50,2026-08-15
S관(3공장),접착,P0247A-01.75,2026-08-15
S관(3공장),접착,P0247A-02.00,2026-08-15
S관(3공장),접착,P0247A-02.75,2026-08-15
S관(3공장),접착,P0247A-03.25,2026-08-15
S관(3공장),접착,P0247A-03.50,2026-08-15
S관(3공장),접착,P0247A-04.00,2026-08-15
S관(3공장),접착,P0247A-04.50,2026-08-15
S관(3공장),접착,P0247A-05.00,2026-08-15
S관(3공장),접착,P0247A-05.25,2026-08-15
S관(3공장),접착,P0247A-05.50,2026-08-15
S관(3공장),접착,P0247A-06.00,2026-08-15
S관(3공장),접착,P0247A-06.50,2026-08-15
S관(3공장),접착,P0247A-07.50,2026-08-15
S관(3공장),접착,P0247A-08.00,2026-08-15
S관(3공장),접착,P0248A-01.00,2026-08-15
S관(3공장),접착,P0248A-01.25,2026-08-15
S관(3공장),접착,P0248A-01.50,2026-08-15
S관(3공장),접착,P0248A-01.75,2026-08-15
S관(3공장),접착,P0248A-02.00,2026-08-15
S관(3공장),접착,P0248A-02.25,2026-08-15
S관(3공장),접착,P0248A-02.50,2026-08-15
S관(3공장),접착,P0248A-02.75,2026-08-15
S관(3공장),접착,P0248A-03.00,2026-08-15
S관(3공장),접착,P0248A-03.25,2026-08-15
S관(3공장),접착,P0248A-03.50,2026-08-15
S관(3공장),접착,P0248A-03.75,2026-08-15
S관(3공장),접착,P0248A-04.00,2026-08-15
S관(3공장),접착,P0248A-04.25,2026-08-15
S관(3공장),접착,P0248A-04.50,2026-08-15
S관(3공장),접착,P0248A-04.75,2026-08-15
S관(3공장),접착,P0248A-05.25,2026-08-15
S관(3공장),접착,P0248A-05.50,2026-08-15
S관(3공장),접착,P0248A-05.75,2026-08-15
S관(3공장),접착,P0248A-06.00,2026-08-15
S관(3공장),접착,P0248A-06.50,2026-08-15
S관(3공장),접착,P0248A-07.00,2026-08-15
S관(3공장),접착,P0248A-10.50,2026-08-15
S관(3공장),접착,P0317A-01.00PCH3,2026-08-07
S관(3공장),접착,P0317A-01.25PCH3,2026-08-07
S관(3공장),접착,P0317A-01.50PCH3,2026-08-07
S관(3공장),접착,P0317A-01.75PCH3,2026-08-07
S관(3공장),접착,P0317A-02.00PCH3,2026-08-07
S관(3공장),접착,P0317A-02.25PCH3,2026-08-02
S관(3공장),접착,P0317A-02.50PCH3,2026-08-07
S관(3공장),접착,P0317A-03.00PCH3,2026-08-07
S관(3공장),접착,P0317A-03.25PCH3,2026-07-17
S관(3공장),접착,P0317A-04.50PCH3,2026-08-02
S관(3공장),접착,P0317A-05.00PCH3,2026-08-02
S관(3공장),접착,P0317A-06.00PCH3,2026-07-17
S관(3공장),접착,P0317A-06.50PCH3,2026-07-17
S관(3공장),접착,P0510A+00.50,2026-08-17
S관(3공장),접착,P0510A+01.00,2026-08-17
S관(3공장),접착,P0510A+01.25,2026-08-17
S관(3공장),접착,P0510A+02.00,2026-08-17
S관(3공장),접착,P0510A+02.25,2026-08-17
S관(3공장),접착,P0510A+02.50,2026-08-17
S관(3공장),접착,P0510A+03.75,2026-08-17
S관(3공장),접착,P0510A+04.00,2026-08-17
S관(3공장),접착,P0510A+05.00,2026-08-17
S관(3공장),접착,P0510A+05.50,2026-08-17
S관(3공장),접착,P0510A+06.00,2026-08-17
S관(3공장),접착,P0510A+06.50,2026-08-17
S관(3공장),접착,P0510A+07.00,2026-08-17
S관(3공장),접착,P0510A+07.50,2026-08-17
S관(3공장),접착,P0510A-01.25,2026-08-17
S관(3공장),접착,P0510A-01.50,2026-08-08
S관(3공장),접착,P0510A-01.75,2026-08-08
S관(3공장),접착,P0510A-02.00,2026-08-08
S관(3공장),접착,P0510A-02.25,2026-08-08
S관(3공장),접착,P0510A-02.50,2026-08-08
S관(3공장),접착,P0510A-02.75,2026-08-17
S관(3공장),접착,P0510A-03.00,2026-08-08
S관(3공장),접착,P0510A-03.25,2026-08-17
S관(3공장),접착,P0510A-03.50,2026-08-17
S관(3공장),접착,P0510A-04.00,2026-08-08
S관(3공장),접착,P0510A-04.25,2026-08-08
S관(3공장),접착,P0510A-05.50,2026-08-17
S관(3공장),접착,P0510A-06.00,2026-08-08
S관(3공장),접착,P0510A-06.50,2026-08-08
S관(3공장),접착,P0510A-07.00,2026-08-17
S관(3공장),접착,P0510A-07.50,2026-08-17
S관(3공장),접착,P0510A-08.00,2026-08-08
S관(3공장),접착,P0510A-09.00,2026-08-17
S관(3공장),접착,P0510A-10.00,2026-08-08
S관(3공장),접착,P0588A-01.75,2026-08-17
S관(3공장),접착,P0588A-02.00,2026-08-17
S관(3공장),접착,P0588A-02.25,2026-08-17
S관(3공장),접착,P0588A-03.25,2026-08-17
S관(3공장),접착,P0588A-03.50,2026-08-17
S관(3공장),접착,P0588A-03.75,2026-08-17
S관(3공장),접착,P0588A-04.00,2026-08-17
S관(3공장),접착,P0588A-04.25,2026-08-17
S관(3공장),접착,P0588A-04.50,2026-08-17
S관(3공장),접착,P0588A-04.75,2026-08-17
S관(3공장),접착,P0588A-05.00,2026-08-17
S관(3공장),접착,P0588A-06.00,2026-08-17
S관(3공장),접착,P0588A-06.50,2026-08-17
S관(3공장),접착,P0588A-07.00,2026-08-17
S관(3공장),접착,P0588A-07.50,2026-08-17
S관(3공장),접착,P0588A-08.00,2026-08-17
S관(3공장),접착,P0588A-08.50,2026-08-17
S관(3공장),접착,P0588A-09.00,2026-08-17
S관(3공장),접착,P0588A-11.00,2026-08-17
S관(3공장),접착,P0588A-11.50,2026-08-17
S관(3공장),접착,P0627A-00.50PIE,2026-08-17
S관(3공장),접착,P0627A-00.75PIE,2026-08-17
S관(3공장),접착,P0627A-01.50PIE,2026-08-17
S관(3공장),접착,P0627A-01.75PIE,2026-08-17
S관(3공장),접착,P0627A-02.00PIE,2026-08-17
S관(3공장),접착,P0627A-02.25PIE,2026-08-17
S관(3공장),접착,P0627A-02.50PIE,2026-08-17
S관(3공장),접착,P0627A-02.75PIE,2026-08-17
S관(3공장),접착,P0627A-03.00PIE,2026-08-17
S관(3공장),접착,P0627A-03.25PIE,2026-08-17
S관(3공장),접착,P0627A-03.75PIE,2026-08-17
S관(3공장),접착,P0627A-04.00PIE,2026-08-17
S관(3공장),접착,P0627A-04.50PIE,2026-08-17
S관(3공장),접착,P0627A-05.50PIE,2026-08-17
S관(3공장),접착,P0628A-00.50CED,2026-08-17
S관(3공장),접착,P0628A-00.75CED,2026-08-17
S관(3공장),접착,P0628A-01.00CED,2026-08-17
S관(3공장),접착,P0628A-01.25CED,2026-08-17
S관(3공장),접착,P0628A-01.50CED,2026-08-17
S관(3공장),접착,P0628A-01.75CED,2026-08-17
S관(3공장),접착,P0628A-02.00CED,2026-08-17
S관(3공장),접착,P0628A-02.25CED,2026-08-17
S관(3공장),접착,P0628A-02.50CED,2026-08-17
S관(3공장),접착,P0628A-02.75CED,2026-08-17
S관(3공장),접착,P0628A-03.00CED,2026-08-17
S관(3공장),접착,P0628A-03.25CED,2026-08-17
S관(3공장),접착,P0628A-03.50CED,2026-08-17
S관(3공장),접착,P0628A-03.75CED,2026-08-17
S관(3공장),접착,P0628A-04.00CED,2026-08-17
S관(3공장),접착,P0628A-04.50CED,2026-08-17
S관(3공장),접착,P0628A-05.50CED,2026-08-17
S관(3공장),접착,P0628A-06.00CED,2026-08-17
S관(3공장),접착,P1025A+00.25+2.50,2026-08-01
S관(3공장),접착,P1025A+00.50+2.00,2026-08-17
S관(3공장),접착,P1025A+00.75+1.00,2026-08-17
S관(3공장),접착,P1025A+00.75+2.00,2026-08-17
S관(3공장),접착,P1025A+00.75+2.50,2026-08-01
S관(3공장),접착,P1025A+01.00+1.00,2026-08-17
S관(3공장),접착,P1025A+01.00+2.00,2026-08-01
S관(3공장),접착,P1025A+01.00+2.50,2026-08-01
S관(3공장),접착,P1025A+01.25+1.00,2026-08-17
S관(3공장),접착,P1025A+01.25+2.00,2026-08-17
S관(3공장),접착,P1025A+01.25+2.50,2026-08-01
S관(3공장),접착,P1025A+01.50+1.00,2026-08-17
S관(3공장),접착,P1025A+01.50+1.50,2026-08-01
S관(3공장),접착,P1025A+01.50+2.50,2026-08-01
S관(3공장),접착,P1025A+01.75+1.00,2026-08-17
S관(3공장),접착,P1025A+01.75+1.50,2026-08-01
S관(3공장),접착,P1025A+01.75+2.00,2026-08-17
S관(3공장),접착,P1025A+01.75+2.50,2026-08-17
S관(3공장),접착,P1025A+02.00+1.00,2026-08-17
S관(3공장),접착,P1025A+02.00+1.50,2026-08-01
S관(3공장),접착,P1025A+02.25+1.50,2026-08-01
S관(3공장),접착,P1025A+02.25+2.00,2026-08-01
S관(3공장),접착,P1025A+02.50+1.50,2026-08-01
S관(3공장),접착,P1025A+02.50+2.00,2026-08-01
S관(3공장),접착,P1025A+02.50+2.50,2026-08-17
S관(3공장),접착,P1025A+02.75+1.50,2026-08-01
S관(3공장),접착,P1025A+02.75+2.00,2026-08-17
S관(3공장),접착,P1025A+03.00+1.50,2026-08-01
S관(3공장),접착,P1025A+03.00+2.50,2026-08-01
S관(3공장),접착,P1025A+03.50+1.50,2026-08-01
S관(3공장),접착,P1025A+03.50+2.00,2026-08-01
S관(3공장),접착,P1025A+04.00+2.00,2026-08-01
S관(3공장),접착,P1025A+06.00+2.50,2026-08-17
S관(3공장),접착,P1025A-00.00+1.50,2026-08-17
S관(3공장),접착,P1025A-00.00+2.00,2026-08-17
S관(3공장),접착,P1025A-00.00+2.50,2026-08-01
S관(3공장),접착,P1025A-01.25+1.00,2026-08-17
S관(3공장),접착,P1025A-01.25+1.50,2026-08-01
S관(3공장),접착,P1025A-02.00+1.00,2026-08-17
S관(3공장),접착,P1025A-02.00+2.00,2026-08-01
S관(3공장),접착,P1025A-02.00+2.50,2026-08-17
S관(3공장),접착,P1025A-03.00+1.00,2026-08-01
S관(3공장),접착,P1025A-03.25+2.50,2026-08-17
S관(3공장),접착,P1025A-04.00+1.00,2026-08-01
S관(3공장),접착,P1025A-04.00+2.00,2026-08-17
S관(3공장),접착,P1025A-04.25+1.00,2026-08-17
S관(3공장),접착,P1025A-04.50+1.00,2026-08-17
S관(3공장),접착,P1025A-04.50+1.50,2026-08-17
S관(3공장),접착,P1025A-04.50+2.50,2026-08-01
S관(3공장),접착,P1025A-04.75+1.50,2026-08-17
S관(3공장),접착,P1025A-05.50+1.00,2026-08-01
S관(3공장),접착,P1025A-05.50+1.50,2026-08-17
S관(3공장),접착,P1025A-06.00+2.00,2026-08-01
S관(3공장),접착,P1025A-06.50+1.00,2026-08-17
S관(3공장),접착,P1025A-12.00+1.00,2026-08-17
S관(3공장),접착,P1026A+00.50,2026-08-17
S관(3공장),접착,P1026A+02.50,2026-08-01
S관(3공장),접착,P1026A+02.75,2026-08-01
S관(3공장),접착,P1026A+03.50,2026-08-17
S관(3공장),접착,P1026A+05.50,2026-08-01
S관(3공장),접착,P1026A-07.00,2026-08-01
S관(3공장),접착,P1052A-01.50-1.75010,2026-07-08
S관(3공장),접착,P1052A-01.75-1.75010,2026-07-08
S관(3공장),접착,P1052A-01.75-1.75160,2026-07-08
S관(3공장),접착,P1052A-02.25-1.75010,2026-07-08
S관(3공장),접착,P1052A-03.75-1.75020,2026-07-08
S관(3공장),접착,P1052A-04.75-1.25160,2026-07-08
S관(3공장),접착,P1052A-04.75-1.75020,2026-07-08
S관(3공장),접착,P1052A-04.75-1.75160,2026-07-08
S관(3공장),접착,P1057A+07.50,2026-08-17
S관(3공장),접착,P1057A-00.50,2026-08-12
S관(3공장),접착,P1101A+00.50,2026-08-15
S관(3공장),접착,P1101A+01.00,2026-08-15
S관(3공장),접착,P1101A+03.75,2026-08-15
S관(3공장),접착,P1101A+04.25,2026-08-15
S관(3공장),접착,P1101A+05.00,2026-08-15
S관(3공장),접착,P1101A+05.50,2026-08-15
S관(3공장),접착,P1101A+06.00,2026-08-15
S관(3공장),접착,P1101A-00.75,2026-08-15
S관(3공장),접착,P1101A-01.00,2026-08-15
S관(3공장),접착,P1101A-01.25,2026-08-15
S관(3공장),접착,P1101A-01.50,2026-08-15
S관(3공장),접착,P1101A-01.75,2026-08-15
S관(3공장),접착,P1101A-02.00,2026-08-15
S관(3공장),접착,P1101A-02.25,2026-08-15
S관(3공장),접착,P1101A-02.50,2026-08-15
S관(3공장),접착,P1101A-02.75,2026-08-15
S관(3공장),접착,P1101A-03.00,2026-08-15
S관(3공장),접착,P1101A-03.25,2026-08-15
S관(3공장),접착,P1101A-03.50,2026-08-15
S관(3공장),접착,P1101A-03.75,2026-08-15
S관(3공장),접착,P1101A-04.00,2026-08-15
S관(3공장),접착,P1101A-04.25,2026-08-15
S관(3공장),접착,P1101A-04.50,2026-08-15
S관(3공장),접착,P1101A-05.75,2026-08-15
S관(3공장),접착,P1101A-06.00,2026-08-15
S관(3공장),접착,P3015A-02.25,2026-07-17
S관(3공장),접착,P3015A-02.50,2026-07-17
S관(3공장),접착,P3015A-02.75,2026-07-17
S관(3공장),접착,P3015A-03.00,2026-07-17
S관(3공장),접착,P3015A-03.25,2026-07-17
S관(3공장),접착,P3015A-03.50,2026-07-17
S관(3공장),접착,P3015A-03.75,2026-07-17
S관(3공장),접착,P3015A-04.50,2026-07-26
S관(3공장),접착,P3015A-05.00,2026-07-23
S관(3공장),접착,P3015A-05.50,2026-07-17
S관(3공장),접착,P3015A-06.00,2026-07-17
S관(3공장),접착,P3015A-06.50,2026-07-17
S관(3공장),접착,P3015A-08.00,2026-07-17
S관(3공장),접착,P3015A-08.50,2026-07-17
S관(3공장),접착,P3015A-09.00,2026-07-17
S관(3공장),접착,P3015A-10.00,2026-07-17
S관(3공장),접착,P3015A-11.00,2026-07-17
S관(3공장),접착,P3016A-00.50,2026-08-15
S관(3공장),접착,P3016A-00.75,2026-08-15
S관(3공장),접착,P3016A-01.00,2026-08-15
S관(3공장),접착,P3016A-01.25,2026-08-15
S관(3공장),접착,P3016A-01.50,2026-08-15
S관(3공장),접착,P3016A-01.75,2026-08-15
S관(3공장),접착,P3016A-02.00,2026-08-15
S관(3공장),접착,P3016A-02.25,2026-08-15
S관(3공장),접착,P3016A-02.50,2026-08-15
S관(3공장),접착,P3016A-02.75,2026-08-15
S관(3공장),접착,P3016A-03.00,2026-08-15
S관(3공장),접착,P3016A-03.25,2026-08-15
S관(3공장),접착,P3016A-03.50,2026-08-15
S관(3공장),접착,P3016A-03.75,2026-08-15
S관(3공장),접착,P3016A-04.00,2026-08-15
S관(3공장),접착,P3016A-04.25,2026-08-15
S관(3공장),접착,P3016A-04.50,2026-08-15
S관(3공장),접착,P3016A-04.75,2026-08-15
S관(3공장),접착,P3016A-05.00,2026-08-15
S관(3공장),접착,P3016A-05.50,2026-08-15
S관(3공장),접착,P3016A-05.75,2026-08-15
S관(3공장),접착,P3016A-06.00,2026-08-15
S관(3공장),접착,P3016A-06.50,2026-08-15
S관(3공장),접착,P3016A-07.00,2026-08-15
S관(3공장),접착,P3016A-07.50,2026-08-15
S관(3공장),접착,P3016A-08.00,2026-08-15
S관(3공장),접착,P3016A-08.50,2026-08-15
S관(3공장),접착,P3016A-09.00,2026-08-15
S관(3공장),접착,P3016A-09.50,2026-08-15
S관(3공장),접착,P3016A-10.00,2026-08-15
S관(3공장),접착,P3016A-10.50,2026-08-15
S관(3공장),접착,P3016A-11.00,2026-08-15
S관(3공장),접착,P3016A-11.50,2026-08-15
S관(3공장),접착,P3016A-12.00,2026-08-15
S관(3공장),접착,P3079A-01.00,2026-07-09
S관(3공장),접착,P3079A-01.25,2026-08-10
S관(3공장),접착,P3079A-02.00,2026-08-15
S관(3공장),접착,P3079A-02.50,2026-07-09
S관(3공장),접착,P3079A-03.75,2026-08-15
S관(3공장),접착,P3079A-04.25,2026-08-15
S관(3공장),접착,P3079A-05.00,2026-07-09
S관(3공장),접착,P3079A-05.25,2026-07-09
S관(3공장),접착,P3079A-07.00,2026-07-09
S관(3공장),접착,P3079A-08.00,2026-07-09
S관(3공장),접착,P3081A-05.75,2026-08-15
S관(3공장),접착,P3081A-09.00,2026-08-15
S관(3공장),접착,P3081A-10.50,2026-08-15
S관(3공장),접착,P3081A-12.00,2026-08-15
S관(3공장),접착,P3405A-00.00SPC,2026-07-10
S관(3공장),접착,P3405A-00.50SPC,2026-07-10
S관(3공장),접착,P3405A-01.00SPC,2026-08-15
S관(3공장),접착,P3405A-01.25SPC,2026-07-10
S관(3공장),접착,P3405A-01.50SPC,2026-07-10
S관(3공장),접착,P3405A-01.75SPC,2026-08-15
S관(3공장),접착,P3405A-02.50SPC,2026-08-15
S관(3공장),접착,P3405A-03.00SPC,2026-08-15
S관(3공장),접착,P3405A-03.25SPC,2026-08-15
S관(3공장),접착,P3405A-03.75SPC,2026-07-10
S관(3공장),접착,P3405A-04.00SPC,2026-08-15
S관(3공장),접착,P3405A-05.00SPC,2026-07-10
S관(3공장),접착,P3405A-06.00SPC,2026-07-10
S관(3공장),접착,P3405A-08.50SPC,2026-08-12
S관(3공장),접착,P3406A-01.25ASB,2026-08-14
S관(3공장),접착,P3406A-01.50ASB,2026-08-12
S관(3공장),접착,P3406A-02.00ASB,2026-08-14
S관(3공장),접착,P3406A-02.25ASB,2026-08-14
S관(3공장),접착,P3406A-02.50ASB,2026-08-14
S관(3공장),접착,P3406A-03.00ASB,2026-07-12
S관(3공장),접착,P3406A-03.25ASB,2026-07-12
S관(3공장),접착,P3406A-03.50ASB,2026-07-12
S관(3공장),접착,P3406A-03.75ASB,2026-07-12
S관(3공장),접착,P3406A-04.00ASB,2026-08-14
S관(3공장),접착,P3406A-04.25ASB,2026-08-12
S관(3공장),접착,P3406A-04.50ASB,2026-08-14
S관(3공장),접착,P3406A-05.50ASB,2026-07-12
S관(3공장),접착,P3406A-07.00ASB,2026-08-14
S관(3공장),접착,P3406A-10.00ASB,2026-08-12
S관(3공장),접착,P3407A-01.00ASG,2026-08-13
S관(3공장),접착,P3407A-01.50ASG,2026-08-13
S관(3공장),접착,P3407A-01.75ASG,2026-07-12
S관(3공장),접착,P3407A-09.50ASG,2026-08-13
S관(3공장),접착,P3407A-10.00ASG,2026-07-12
S관(3공장),접착,P3408A-01.00BRW,2026-08-11
S관(3공장),접착,P3408A-01.25BRW,2026-08-11
S관(3공장),접착,P3408A-01.75BRW,2026-08-11
S관(3공장),접착,P3408A-02.00BRW,2026-08-11
S관(3공장),접착,P3408A-02.50BRW,2026-08-11
S관(3공장),접착,P3408A-02.75BRW,2026-08-11
S관(3공장),접착,P3408A-03.50BRW,2026-08-11
S관(3공장),접착,P3408A-04.50BRW,2026-08-11
S관(3공장),접착,P3408A-05.00BRW,2026-08-11
S관(3공장),접착,P3408A-05.50BRW,2026-08-11
S관(3공장),접착,P3409A-01.25PIN,2026-08-12
S관(3공장),접착,P3409A-02.00PIN,2026-08-12
S관(3공장),접착,P3409A-02.25PIN,2026-08-12
S관(3공장),접착,P3409A-02.50PIN,2026-08-12
S관(3공장),접착,P3409A-03.00PIN,2026-08-12
S관(3공장),접착,P3409A-03.25PIN,2026-08-12
S관(3공장),접착,P3409A-03.50PIN,2026-08-12
S관(3공장),접착,P3409A-04.00PIN,2026-08-12
S관(3공장),접착,P3409A-05.00PIN,2026-08-12
S관(3공장),접착,P3409A-05.50PIN,2026-08-12
S관(3공장),접착,P3409A-06.50PIN,2026-08-12
S관(3공장),접착,P3505A-03.00+1.00,2026-06-20
S관(3공장),접착,P3505A-03.25+1.00,2026-06-20
S관(3공장),접착,P3505A-04.00+1.00,2026-06-20
S관(3공장),접착,P3505A-04.25+1.00,2026-06-20
S관(3공장),접착,P3505A-05.50+1.00,2026-06-20
S관(3공장),접착,P3505A-07.00+1.00,2026-06-20
S관(3공장),접착,P3505A-08.50+1.00,2026-06-20
S관(3공장),접착,P3505A-09.00+1.00,2026-06-20
S관(3공장),접착,P3505A-09.50+1.00,2026-06-20
S관(3공장),접착,P3505A-10.00+1.00,2026-06-20
S관(3공장),접착,P3505A-10.50+1.00,2026-06-20
S관(3공장),접착,P5002A-01.50BRW,2026-07-12
S관(3공장),접착,P5022A-00.00-1.75180,2026-07-10
S관(3공장),접착,P5022A-03.75-1.25180,2026-07-10
S관(3공장),접착,P5022A-04.00-1.75180,2026-07-10
S관(3공장),접착,P5022A-05.50-1.75180,2026-07-10
S관(3공장),접착,P5022A-07.00-1.75180,2026-07-10
S관(3공장),접착,P5022A-07.50-1.75180,2026-07-10
S관(3공장),접착,P5022A-09.00-1.75180,2026-07-10
S관(3공장),접착,P5291A-02.50PIB,2026-08-17
S관(3공장),접착,P5291A-03.25PIB,2026-08-17
S관(3공장),접착,P5291A-03.50PIB,2026-08-17
S관(3공장),접착,P5291A-08.50PIB,2026-08-17
S관(3공장),접착,P5291A-09.50PIB,2026-08-17
S관(3공장),접착,P5291A-10.00PIB,2026-08-17
S관(3공장),접착,P5292A-00.00WIB,2026-08-17
S관(3공장),접착,P5292A-01.50WIB,2026-08-17
S관(3공장),접착,P5292A-02.00WIB,2026-08-17
S관(3공장),접착,P5292A-02.25WIB,2026-08-17
S관(3공장),접착,P5292A-02.50WIB,2026-08-17
S관(3공장),접착,P5292A-02.75WIB,2026-08-17
S관(3공장),접착,P5292A-03.00WIB,2026-08-17
S관(3공장),접착,P5292A-03.50WIB,2026-08-17
S관(3공장),접착,P5292A-04.50WIB,2026-08-17
S관(3공장),접착,P5292A-04.75WIB,2026-08-17
S관(3공장),접착,P5292A-06.50WIB,2026-08-17
S관(3공장),접착,P5292A-07.50WIB,2026-08-17
S관(3공장),접착,P5292A-10.00WIB,2026-08-17
S관(3공장),접착,P5293A-00.00CWN,2026-08-17
S관(3공장),접착,P5293A-02.75CWN,2026-08-17
S관(3공장),접착,P5293A-03.25CWN,2026-08-17
S관(3공장),접착,P5293A-04.25CWN,2026-08-17
S관(3공장),접착,P5293A-05.25CWN,2026-08-17
S관(3공장),접착,P5293A-09.00CWN,2026-08-17
S관(3공장),접착,P5294A-05.00IGM,2026-08-17
S관(3공장),접착,P5294A-05.50IGM,2026-08-17
S관(3공장),접착,P5294A-07.00IGM,2026-08-17
S관(3공장),접착,P5294A-09.00IGM,2026-08-17
S관(3공장),접착,P5294A-09.50IGM,2026-08-17
S관(3공장),접착,P5295A-00.00CYM,2026-08-17
S관(3공장),접착,P5295A-01.00CYM,2026-08-17
S관(3공장),접착,P5295A-01.25CYM,2026-08-17
S관(3공장),접착,P5295A-01.75CYM,2026-08-17
S관(3공장),접착,P5295A-03.75CYM,2026-08-17
S관(3공장),접착,P5295A-04.25CYM,2026-08-17
S관(3공장),접착,P5295A-04.50CYM,2026-08-17
S관(3공장),접착,P5295A-06.00CYM,2026-08-17
S관(3공장),접착,P5295A-07.00CYM,2026-08-17
S관(3공장),접착,P5295A-07.50CYM,2026-08-17
S관(3공장),접착,P5295A-08.00CYM,2026-08-17
S관(3공장),접착,P5296A-01.50CEM,2026-08-17
S관(3공장),접착,P5296A-01.75CEM,2026-08-17
S관(3공장),접착,P5296A-04.25CEM,2026-08-17
S관(3공장),접착,P5296A-04.75CEM,2026-08-17
S관(3공장),접착,P5296A-06.00CEM,2026-08-17
S관(3공장),접착,P5296A-08.50CEM,2026-08-17
S관(3공장),접착,P5296A-09.00CEM,2026-08-17
S관(3공장),접착,P5296A-09.50CEM,2026-08-17
S관(3공장),접착,P5316A-00.00PIE,2026-08-17
S관(3공장),접착,P5317A-00.00CED,2026-08-17
S관(3공장),접착,P5317A-01.50CED,2026-08-17
S관(3공장),접착,P5376A-00.00ONY,2026-08-17
S관(3공장),접착,P5376A-01.50ONY,2026-08-17
S관(3공장),접착,P5376A-05.50ONY,2026-08-17
S관(3공장),접착,P5378A-00.00LVA,2026-08-17
S관(3공장),접착,P5378A-01.25LVA,2026-08-17
S관(3공장),접착,P5386A-00.00GAN,2026-08-17
S관(3공장),접착,P5387A-00.00STA,2026-08-17
S관(3공장),접착,P5387A-02.75STA,2026-08-17
S관(3공장),접착,P5405A-01.00-0.75020,2026-07-23
S관(3공장),접착,P5405A-01.00-0.75170,2026-07-23
S관(3공장),접착,P5405A-01.00-1.25020,2026-07-23
S관(3공장),접착,P5405A-01.00-1.25090,2026-07-23
S관(3공장),접착,P5405A-01.00-1.25160,2026-07-23
S관(3공장),접착,P5405A-01.00-1.75170,2026-07-23
S관(3공장),접착,P5405A-01.25-0.75020,2026-07-23
S관(3공장),접착,P5405A-01.25-0.75090,2026-07-23
S관(3공장),접착,P5405A-01.25-0.75170,2026-07-23
S관(3공장),접착,P5405A-01.25-1.25020,2026-07-23
S관(3공장),접착,P5405A-01.25-1.25090,2026-07-23
S관(3공장),접착,P5405A-01.25-1.25160,2026-07-23
S관(3공장),접착,P5405A-01.25-1.75010,2026-07-23
S관(3공장),접착,P5405A-01.25-1.75170,2026-07-23
S관(3공장),접착,P5405A-01.50-0.75170,2026-07-23
S관(3공장),접착,P5405A-01.50-1.25090,2026-07-23
S관(3공장),접착,P5405A-01.50-1.75020,2026-07-23
S관(3공장),접착,P5405A-01.75-0.75090,2026-07-23
S관(3공장),접착,P5405A-01.75-0.75170,2026-07-23
S관(3공장),접착,P5405A-01.75-1.25020,2026-07-23
S관(3공장),접착,P5405A-01.75-1.75170,2026-07-23
S관(3공장),접착,P5405A-02.00-0.75090,2026-07-23
S관(3공장),접착,P5405A-02.00-0.75160,2026-07-23
S관(3공장),접착,P5405A-02.00-0.75170,2026-07-23
S관(3공장),접착,P5405A-02.00-1.25160,2026-07-23
S관(3공장),접착,P5405A-02.00-1.75020,2026-07-23
S관(3공장),접착,P5405A-02.25-0.75090,2026-07-23
S관(3공장),접착,P5405A-02.25-0.75160,2026-07-23
S관(3공장),접착,P5405A-02.25-0.75170,2026-07-23
S관(3공장),접착,P5405A-02.25-1.25020,2026-07-23
S관(3공장),접착,P5405A-02.25-1.75090,2026-07-23
S관(3공장),접착,P5405A-02.50-0.75090,2026-07-23
S관(3공장),접착,P5405A-02.50-0.75160,2026-07-23
S관(3공장),접착,P5405A-02.50-0.75170,2026-07-23
S관(3공장),접착,P5405A-02.50-1.25160,2026-07-23
S관(3공장),접착,P5405A-02.50-1.75020,2026-07-23
S관(3공장),접착,P5405A-02.75-0.75090,2026-07-23
S관(3공장),접착,P5405A-02.75-0.75160,2026-07-23
S관(3공장),접착,P5405A-02.75-1.25090,2026-07-23
S관(3공장),접착,P5405A-02.75-1.75010,2026-07-23
S관(3공장),접착,P5405A-02.75-1.75020,2026-07-23
S관(3공장),접착,P5405A-02.75-1.75160,2026-07-23
S관(3공장),접착,P5405A-03.00-0.75090,2026-07-23
S관(3공장),접착,P5405A-03.00-0.75160,2026-07-23
S관(3공장),접착,P5405A-03.00-1.25170,2026-07-23
S관(3공장),접착,P5405A-03.00-1.75010,2026-07-23
S관(3공장),접착,P5405A-03.00-1.75020,2026-07-23
S관(3공장),접착,P5405A-03.00-1.75160,2026-07-23
S관(3공장),접착,P5405A-03.00-1.75170,2026-07-23
S관(3공장),접착,P5405A-03.25-0.75090,2026-07-23
S관(3공장),접착,P5405A-03.25-0.75160,2026-07-23
S관(3공장),접착,P5405A-03.25-0.75170,2026-07-23
S관(3공장),접착,P5405A-03.25-1.25090,2026-07-23
S관(3공장),접착,P5405A-03.25-1.75020,2026-07-23
S관(3공장),접착,P5405A-03.25-1.75090,2026-07-23
S관(3공장),접착,P5405A-03.25-1.75160,2026-07-23
S관(3공장),접착,P5405A-03.50-0.75160,2026-07-23
S관(3공장),접착,P5405A-03.50-0.75170,2026-07-23
S관(3공장),접착,P5405A-03.50-1.25090,2026-07-23
S관(3공장),접착,P5405A-03.50-1.75010,2026-07-23
S관(3공장),접착,P5405A-03.50-1.75170,2026-07-23
S관(3공장),접착,P5405A-03.75-0.75090,2026-07-23
S관(3공장),접착,P5405A-03.75-0.75160,2026-07-23
S관(3공장),접착,P5405A-03.75-0.75170,2026-07-23
S관(3공장),접착,P5405A-03.75-1.25020,2026-07-23
S관(3공장),접착,P5405A-03.75-1.25090,2026-07-23
S관(3공장),접착,P5405A-03.75-1.75010,2026-07-23
S관(3공장),접착,P5405A-03.75-1.75090,2026-07-23
S관(3공장),접착,P5405A-03.75-1.75160,2026-07-23
S관(3공장),접착,P5405A-03.75-1.75170,2026-07-23
S관(3공장),접착,P5405A-04.00-0.75160,2026-07-23
S관(3공장),접착,P5405A-04.00-0.75170,2026-07-23
S관(3공장),접착,P5405A-04.00-1.25020,2026-07-23
S관(3공장),접착,P5405A-04.00-1.25170,2026-07-23
S관(3공장),접착,P5405A-04.00-1.75170,2026-07-23
S관(3공장),접착,P5405A-04.25-0.75160,2026-07-23
S관(3공장),접착,P5405A-04.25-0.75170,2026-07-23
S관(3공장),접착,P5405A-04.25-1.25020,2026-07-23
S관(3공장),접착,P5405A-04.25-1.25090,2026-07-23
S관(3공장),접착,P5405A-04.25-1.75010,2026-07-23
S관(3공장),접착,P5405A-04.25-1.75020,2026-07-23
S관(3공장),접착,P5405A-04.25-1.75160,2026-07-23
S관(3공장),접착,P5405A-04.25-1.75170,2026-07-23
S관(3공장),접착,P5405A-04.50-0.75010,2026-07-23
S관(3공장),접착,P5405A-04.50-0.75090,2026-07-23
S관(3공장),접착,P5405A-04.50-0.75160,2026-07-23
S관(3공장),접착,P5405A-04.50-0.75170,2026-07-23
S관(3공장),접착,P5405A-04.50-1.25020,2026-07-23
S관(3공장),접착,P5405A-04.50-1.25090,2026-07-23
S관(3공장),접착,P5405A-04.50-1.75020,2026-07-23
S관(3공장),접착,P5405A-04.50-1.75160,2026-07-23
S관(3공장),접착,P5405A-04.50-1.75170,2026-07-23
S관(3공장),접착,P5405A-04.75-0.75170,2026-07-23
S관(3공장),접착,P5405A-04.75-1.25020,2026-07-23
S관(3공장),접착,P5405A-04.75-1.25160,2026-07-23
S관(3공장),접착,P5405A-04.75-1.25170,2026-07-23
S관(3공장),접착,P5405A-04.75-1.75020,2026-07-23
S관(3공장),접착,P5405A-04.75-1.75160,2026-07-23
S관(3공장),접착,P5405A-04.75-1.75170,2026-07-23
S관(3공장),접착,P5405A-05.00-0.75090,2026-07-23
S관(3공장),접착,P5405A-05.00-1.25020,2026-07-23
S관(3공장),접착,P5405A-05.00-1.75020,2026-07-23
S관(3공장),접착,P5405A-05.00-1.75170,2026-07-23
S관(3공장),접착,P5405A-05.50-0.75020,2026-07-23
S관(3공장),접착,P5405A-05.50-0.75090,2026-07-23
S관(3공장),접착,P5405A-05.50-1.25090,2026-07-23
S관(3공장),접착,P5405A-05.50-1.25160,2026-07-23
S관(3공장),접착,P5405A-05.50-1.75010,2026-07-23
S관(3공장),접착,P5405A-05.50-1.75160,2026-07-23
S관(3공장),접착,P5405A-05.50-1.75170,2026-07-23
S관(3공장),접착,P5405A-06.00-0.75010,2026-07-23
S관(3공장),접착,P5405A-06.00-0.75090,2026-07-23
S관(3공장),접착,P5405A-06.00-0.75170,2026-07-23
S관(3공장),접착,P5405A-06.00-1.25020,2026-07-23
S관(3공장),접착,P5405A-06.00-1.75160,2026-07-23
S관(3공장),접착,P5405A-06.50-0.75090,2026-07-23
S관(3공장),접착,P5405A-06.50-0.75160,2026-07-23
S관(3공장),접착,P5405A-06.50-0.75170,2026-07-23
S관(3공장),접착,P5405A-06.50-1.25090,2026-07-23
S관(3공장),접착,P5405A-06.50-1.75010,2026-07-23
S관(3공장),접착,P5405A-06.50-1.75160,2026-07-23
S관(3공장),접착,P5405A-07.00-0.75160,2026-07-23
S관(3공장),접착,P5405A-07.00-1.75160,2026-07-23
S관(3공장),접착,P5405A-07.50-0.75160,2026-07-23
S관(3공장),접착,P5405A-07.50-1.75010,2026-07-23
S관(3공장),접착,P5405A-07.50-1.75090,2026-07-23
S관(3공장),접착,P5405A-07.50-1.75170,2026-07-23
S관(3공장),접착,P5405A-08.00-0.75090,2026-07-23
S관(3공장),접착,P5405A-08.00-0.75160,2026-07-23
S관(3공장),접착,P5405A-08.00-1.25010,2026-07-23
S관(3공장),접착,P5405A-08.00-1.25090,2026-07-23
S관(3공장),접착,P5405A-08.00-1.25160,2026-07-23
S관(3공장),접착,P5405A-08.00-1.75010,2026-07-23
S관(3공장),접착,P5405A-08.00-1.75090,2026-07-23
S관(3공장),접착,P5405A-08.00-1.75160,2026-07-23
S관(3공장),접착,P5405A-08.00-1.75170,2026-07-23
S관(3공장),접착,P5405A-08.50-0.75020,2026-07-23
S관(3공장),접착,P5405A-08.50-0.75090,2026-07-23
S관(3공장),접착,P5405A-08.50-0.75160,2026-07-23
S관(3공장),접착,P5405A-08.50-0.75170,2026-07-23
S관(3공장),접착,P5405A-08.50-1.25010,2026-07-23
S관(3공장),접착,P5405A-08.50-1.25020,2026-07-23
S관(3공장),접착,P5405A-08.50-1.25090,2026-07-23
S관(3공장),접착,P5405A-08.50-1.25160,2026-07-23
S관(3공장),접착,P5405A-08.50-1.75020,2026-07-23
S관(3공장),접착,P5405A-08.50-1.75090,2026-07-23
S관(3공장),접착,P5405A-08.50-1.75160,2026-07-23
S관(3공장),접착,P5405A-08.50-1.75170,2026-07-23
S관(3공장),접착,P5405A-09.00-0.75010,2026-07-23
S관(3공장),접착,P5405A-09.00-0.75090,2026-07-23
S관(3공장),접착,P5405A-09.00-0.75160,2026-07-23
S관(3공장),접착,P5405A-09.00-0.75170,2026-07-23
S관(3공장),접착,P5405A-09.00-1.25010,2026-07-23
S관(3공장),접착,P5405A-09.00-1.25020,2026-07-23
S관(3공장),접착,P5405A-09.00-1.25090,2026-07-23
S관(3공장),접착,P5405A-09.00-1.25160,2026-07-23
S관(3공장),접착,P5405A-09.00-1.25170,2026-07-23
S관(3공장),접착,P5405A-09.00-1.75010,2026-07-23
S관(3공장),접착,P5405A-09.00-1.75020,2026-07-23
S관(3공장),접착,P5405A-09.00-1.75090,2026-07-23
S관(3공장),접착,P5405A-09.00-1.75160,2026-07-23
S관(3공장),접착,P5405A-09.00-1.75170,2026-07-23
S관(3공장),접착,P5413A+01.00,2026-08-17
S관(3공장),접착,P5413A+02.00,2026-08-17
S관(3공장),접착,P5413A+02.25,2026-08-17
S관(3공장),접착,P5413A+02.50,2026-08-17
S관(3공장),접착,P5413A+03.00,2026-08-17
S관(3공장),접착,P5413A-01.50,2026-08-17
S관(3공장),접착,P5413A-03.00,2026-08-17
S관(3공장),접착,P5413A-03.25,2026-08-17
S관(3공장),접착,P5413A-03.50,2026-08-17
S관(3공장),접착,P5413A-04.25,2026-08-17
S관(3공장),접착,P5413A-07.00,2026-08-17
S관(3공장),접착,P5413A-10.50,2026-08-17
S관(3공장),접착,P5415A-01.00,2026-08-17
S관(3공장),접착,P5415A-03.25,2026-08-17
S관(3공장),접착,P5415A-03.50,2026-08-17
S관(3공장),접착,P5415A-03.75,2026-08-17
S관(3공장),접착,P5415A-04.50,2026-08-17
S관(3공장),접착,P5416A+00.25+2.50,2026-08-17
S관(3공장),접착,P5416A+00.50+2.00,2026-08-17
S관(3공장),접착,P5416A+01.00+2.50,2026-08-17
S관(3공장),접착,P5416A+01.25+1.50,2026-08-17
S관(3공장),접착,P5416A+02.00+1.50,2026-08-17
S관(3공장),접착,P5416A+02.00+2.00,2026-08-17
S관(3공장),접착,P5416A+02.50+1.00,2026-08-17
S관(3공장),접착,P5416A+02.50+1.50,2026-08-08
S관(3공장),접착,P5416A+02.75+2.50,2026-08-17
S관(3공장),접착,P5416A+04.00+2.50,2026-08-08
S관(3공장),접착,P5416A+04.25+1.50,2026-08-08
S관(3공장),접착,P5416A+04.50+1.00,2026-08-08
S관(3공장),접착,P5416A+04.50+2.00,2026-08-08
S관(3공장),접착,P5416A+05.00+2.00,2026-08-17
S관(3공장),접착,P5416A+05.50+1.50,2026-08-08
S관(3공장),접착,P5416A-00.75+1.00,2026-08-17
S관(3공장),접착,P5416A-02.00+1.00,2026-08-08
S관(3공장),접착,P5416A-02.00+1.50,2026-08-17
S관(3공장),접착,P5416A-02.25+2.00,2026-08-08
S관(3공장),접착,P5416A-02.50+1.50,2026-08-17
S관(3공장),접착,P5416A-02.75+1.50,2026-08-08
S관(3공장),접착,P5416A-03.00+2.00,2026-08-17
S관(3공장),접착,P5416A-03.25+1.50,2026-08-17
S관(3공장),접착,P5416A-03.25+2.50,2026-08-17
S관(3공장),접착,P5416A-03.75+1.50,2026-08-17
S관(3공장),접착,P5416A-03.75+2.00,2026-08-17
S관(3공장),접착,P5416A-03.75+2.50,2026-08-17
S관(3공장),접착,P5416A-04.00+1.50,2026-08-17
S관(3공장),접착,P5416A-04.00+2.00,2026-08-08
S관(3공장),접착,P5416A-04.25+1.50,2026-08-17
S관(3공장),접착,P5416A-04.25+2.00,2026-08-08
S관(3공장),접착,P5416A-04.50+1.50,2026-08-08
S관(3공장),접착,P5416A-05.00+2.00,2026-08-17
S관(3공장),접착,P5416A-05.75+2.50,2026-08-08
S관(3공장),접착,P5416A-06.00+2.00,2026-08-17
S관(3공장),접착,P5416A-07.00+1.00,2026-08-17
S관(3공장),접착,P5416A-07.00+1.50,2026-08-08
S관(3공장),접착,P5416A-07.00+2.00,2026-08-17
S관(3공장),접착,P5416A-07.50+1.50,2026-08-17
S관(3공장),접착,P5419A-00.00+2.50,2026-07-09
S관(3공장),접착,P5419A-04.00+1.50,2026-08-17
S관(3공장),접착,P5420A+00.50,2026-08-17
S관(3공장),접착,P5420A+02.25,2026-08-17
S관(3공장),접착,P5420A+06.00,2026-08-17
S관(3공장),접착,P5423A-08.50,2026-08-17
S관(3공장),하이드레이션,P0005A8.60+01.50,2026-08-13
S관(3공장),하이드레이션,P0005A8.60+02.00,2026-08-13
S관(3공장),하이드레이션,P0005A8.60+03.00,2026-08-13
S관(3공장),하이드레이션,P0005A8.60+03.50,2026-08-13
S관(3공장),하이드레이션,P0005A8.60+04.00,2026-08-13
S관(3공장),하이드레이션,P0005A8.60-00.50,2026-08-13
S관(3공장),하이드레이션,P0005A8.60-00.75,2026-08-13
S관(3공장),하이드레이션,P0005A8.60-01.00,2026-08-13
S관(3공장),하이드레이션,P0005A8.60-01.25,2026-08-13
S관(3공장),하이드레이션,P0005A8.60-01.50,2026-08-13
S관(3공장),하이드레이션,P0005A8.60-01.75,2026-08-13
S관(3공장),하이드레이션,P0005A8.60-02.00,2026-08-13
S관(3공장),하이드레이션,P0005A8.60-02.25,2026-08-13
S관(3공장),하이드레이션,P0005A8.60-02.50,2026-08-13
S관(3공장),하이드레이션,P0005A8.60-02.75,2026-08-13
S관(3공장),하이드레이션,P0005A8.60-03.00,2026-08-13
S관(3공장),하이드레이션,P0005A8.60-03.25,2026-08-13
S관(3공장),하이드레이션,P0005A8.60-03.50,2026-08-13
S관(3공장),하이드레이션,P0005A8.60-03.75,2026-08-13
S관(3공장),하이드레이션,P0005A8.60-04.00,2026-08-13
S관(3공장),하이드레이션,P0005A8.60-04.25,2026-08-13
S관(3공장),하이드레이션,P0005A8.60-04.50,2026-08-13
S관(3공장),하이드레이션,P0005A8.60-04.75,2026-08-13
S관(3공장),하이드레이션,P0005A8.60-05.00,2026-08-13
S관(3공장),하이드레이션,P0005A8.60-05.50,2026-08-13
S관(3공장),하이드레이션,P0005A8.60-06.00,2026-08-13
S관(3공장),하이드레이션,P0005A8.60-06.50,2026-08-13
S관(3공장),하이드레이션,P0005A8.60-07.00,2026-08-13
S관(3공장),하이드레이션,P0005A8.60-07.50,2026-08-13
S관(3공장),하이드레이션,P0005A8.60-08.00,2026-08-13
S관(3공장),하이드레이션,P0005A8.60-08.50,2026-08-13
S관(3공장),하이드레이션,P0005A8.60-09.00,2026-08-13
S관(3공장),하이드레이션,P0005A8.60-10.00,2026-08-13
S관(3공장),하이드레이션,P0005A8.60-11.50,2026-08-13
S관(3공장),하이드레이션,P0013A-02.00,2026-08-13
S관(3공장),하이드레이션,P0013A-03.25,2026-08-13
S관(3공장),하이드레이션,P0013A-04.25,2026-08-13
S관(3공장),하이드레이션,P0013A-05.00,2026-08-13
S관(3공장),하이드레이션,P0013A-05.50,2026-08-13
S관(3공장),하이드레이션,P0013A-11.50,2026-08-13
S관(3공장),하이드레이션,P0018A-00.75,2026-08-13
S관(3공장),하이드레이션,P0018A-01.00,2026-08-13
S관(3공장),하이드레이션,P0018A-01.25,2026-08-13
S관(3공장),하이드레이션,P0018A-01.50,2026-08-13
S관(3공장),하이드레이션,P0018A-01.75,2026-08-13
S관(3공장),하이드레이션,P0018A-02.00,2026-08-13
S관(3공장),하이드레이션,P0018A-02.25,2026-08-13
S관(3공장),하이드레이션,P0018A-02.50,2026-08-13
S관(3공장),하이드레이션,P0018A-02.75,2026-08-13
S관(3공장),하이드레이션,P0018A-03.00,2026-08-13
S관(3공장),하이드레이션,P0018A-03.25,2026-08-13
S관(3공장),하이드레이션,P0018A-03.50,2026-08-13
S관(3공장),하이드레이션,P0018A-03.75,2026-08-13
S관(3공장),하이드레이션,P0018A-04.00,2026-08-13
S관(3공장),하이드레이션,P0018A-04.50,2026-08-13
S관(3공장),하이드레이션,P0018A-04.75,2026-08-13
S관(3공장),하이드레이션,P0018A-05.00,2026-08-13
S관(3공장),하이드레이션,P0018A-05.25,2026-08-13
S관(3공장),하이드레이션,P0018A-05.50,2026-08-13
S관(3공장),하이드레이션,P0018A-05.75,2026-08-13
S관(3공장),하이드레이션,P0018A-06.00,2026-08-13
S관(3공장),하이드레이션,P0018A-06.50,2026-08-13
S관(3공장),하이드레이션,P0018A-07.00,2026-08-13
S관(3공장),하이드레이션,P0018A-07.50,2026-08-13
S관(3공장),하이드레이션,P0018A-08.00,2026-08-13
S관(3공장),하이드레이션,P0018A-09.00,2026-08-13
S관(3공장),하이드레이션,P0018A-10.00,2026-08-13
S관(3공장),하이드레이션,P0018A-12.00,2026-08-13
S관(3공장),하이드레이션,P0036A-01.50,2026-08-13
S관(3공장),하이드레이션,P0036A-01.75,2026-08-13
S관(3공장),하이드레이션,P0036A-03.25,2026-08-13
S관(3공장),하이드레이션,P0036A-03.50,2026-08-13
S관(3공장),하이드레이션,P0036A-04.25,2026-08-13
S관(3공장),하이드레이션,P0036A-04.50,2026-08-13
S관(3공장),하이드레이션,P0036A-04.75,2026-08-13
S관(3공장),하이드레이션,P0036A-05.00,2026-08-13
S관(3공장),하이드레이션,P0036A-05.25,2026-08-13
S관(3공장),하이드레이션,P0036A-05.50,2026-08-13
S관(3공장),하이드레이션,P0036A-05.75,2026-08-13
S관(3공장),하이드레이션,P0036A-06.00,2026-08-13
S관(3공장),하이드레이션,P0036A-06.50,2026-08-13
S관(3공장),하이드레이션,P0036A-07.00,2026-08-13
S관(3공장),하이드레이션,P0036A-08.00,2026-08-13
S관(3공장),하이드레이션,P0036A-09.00,2026-08-13
S관(3공장),하이드레이션,P0036A-09.50,2026-08-13
S관(3공장),하이드레이션,P0036A-12.00,2026-08-13
S관(3공장),하이드레이션,P0088A+03.00,2026-08-13
S관(3공장),하이드레이션,P0088A-00.75,2026-08-13
S관(3공장),하이드레이션,P0088A-01.50,2026-08-13
S관(3공장),하이드레이션,P0088A-01.75,2026-08-13
S관(3공장),하이드레이션,P0088A-02.00,2026-08-13
S관(3공장),하이드레이션,P0088A-02.50,2026-08-13
S관(3공장),하이드레이션,P0088A-03.00,2026-08-13
S관(3공장),하이드레이션,P0088A-03.50,2026-08-13
S관(3공장),하이드레이션,P0088A-04.00,2026-08-13
S관(3공장),하이드레이션,P0088A-06.00,2026-08-13
S관(3공장),하이드레이션,P0101A-01.00,2026-07-21
S관(3공장),하이드레이션,P0101A-02.25,2026-08-15
S관(3공장),하이드레이션,P0101A-02.75,2026-07-21
S관(3공장),하이드레이션,P0101A-03.25,2026-08-15
S관(3공장),하이드레이션,P0101A-03.50,2026-08-15
S관(3공장),하이드레이션,P0101A-04.00,2026-07-21
S관(3공장),하이드레이션,P0101A-04.50,2026-07-21
S관(3공장),하이드레이션,P0101A-05.00,2026-08-15
S관(3공장),하이드레이션,P0101A-06.00,2026-07-21
S관(3공장),하이드레이션,P0101A-07.50,2026-08-15
S관(3공장),하이드레이션,P0174A-01.50DBK3,2026-08-08
S관(3공장),하이드레이션,P0174A-01.75DBK3,2026-08-08
S관(3공장),하이드레이션,P0174A-02.25DBK3,2026-08-08
S관(3공장),하이드레이션,P0174A-03.25DBK3,2026-08-08
S관(3공장),하이드레이션,P0174A-03.50DBK3,2026-08-08
S관(3공장),하이드레이션,P0175A-01.75LKG3,2026-08-06
S관(3공장),하이드레이션,P0175A-02.25LKG3,2026-08-06
S관(3공장),하이드레이션,P0175A-02.50LKG3,2026-08-06
S관(3공장),하이드레이션,P0175A-03.25LKG3,2026-08-06
S관(3공장),하이드레이션,P0175A-04.00LKG3,2026-08-06
S관(3공장),하이드레이션,P0175A-05.50LKG3,2026-08-06
S관(3공장),하이드레이션,P0175A-06.00LKG3,2026-08-06
S관(3공장),하이드레이션,P0176A-01.00MBN3,2026-08-07
S관(3공장),하이드레이션,P0176A-01.25MBN3,2026-08-07
S관(3공장),하이드레이션,P0176A-01.75MBN3,2026-08-07
S관(3공장),하이드레이션,P0176A-04.00MBN3,2026-08-07
S관(3공장),하이드레이션,P0176A-04.50MBN3,2026-08-07
S관(3공장),하이드레이션,P0225A+00.75,2026-07-20
S관(3공장),하이드레이션,P0225A+01.00,2026-07-20
S관(3공장),하이드레이션,P0225A+01.25,2026-07-20
S관(3공장),하이드레이션,P0225A+01.50,2026-07-20
S관(3공장),하이드레이션,P0225A+01.75,2026-07-20
S관(3공장),하이드레이션,P0225A+02.00,2026-07-20
S관(3공장),하이드레이션,P0225A+02.25,2026-07-20
S관(3공장),하이드레이션,P0225A+02.50,2026-07-20
S관(3공장),하이드레이션,P0225A+02.75,2026-07-20
S관(3공장),하이드레이션,P0225A+03.00,2026-07-20
S관(3공장),하이드레이션,P0225A+03.25,2026-07-20
S관(3공장),하이드레이션,P0225A+03.50,2026-07-20
S관(3공장),하이드레이션,P0225A+03.75,2026-07-20
S관(3공장),하이드레이션,P0225A+04.00,2026-07-20
S관(3공장),하이드레이션,P0225A-00.00,2026-07-20
S관(3공장),하이드레이션,P0225A-00.50,2026-07-20
S관(3공장),하이드레이션,P0225A-00.75,2026-07-20
S관(3공장),하이드레이션,P0225A-01.00,2026-07-20
S관(3공장),하이드레이션,P0225A-01.75,2026-07-20
S관(3공장),하이드레이션,P0225A-02.00,2026-07-20
S관(3공장),하이드레이션,P0225A-02.25,2026-07-20
S관(3공장),하이드레이션,P0225A-02.50,2026-07-20
S관(3공장),하이드레이션,P0225A-02.75,2026-07-20
S관(3공장),하이드레이션,P0225A-03.00,2026-07-20
S관(3공장),하이드레이션,P0225A-03.25,2026-07-20
S관(3공장),하이드레이션,P0225A-03.50,2026-07-20
S관(3공장),하이드레이션,P0225A-04.00,2026-07-20
S관(3공장),하이드레이션,P0225A-04.25,2026-07-20
S관(3공장),하이드레이션,P0225A-04.50,2026-07-20
S관(3공장),하이드레이션,P0225A-04.75,2026-07-20
S관(3공장),하이드레이션,P0225A-05.00,2026-07-20
S관(3공장),하이드레이션,P0225A-05.25,2026-07-20
S관(3공장),하이드레이션,P0225A-05.50,2026-07-20
S관(3공장),하이드레이션,P0225A-05.75,2026-07-20
S관(3공장),하이드레이션,P0225A-06.00,2026-07-20
S관(3공장),하이드레이션,P0225A-06.50,2026-07-20
S관(3공장),하이드레이션,P0225A-07.00,2026-07-20
S관(3공장),하이드레이션,P0225A-07.50,2026-07-20
S관(3공장),하이드레이션,P0225A-08.00,2026-07-20
S관(3공장),하이드레이션,P0225A-08.50,2026-07-20
S관(3공장),하이드레이션,P0225A-09.00,2026-07-20
S관(3공장),하이드레이션,P0225A-10.00,2026-07-20
S관(3공장),하이드레이션,P0225A-10.50,2026-07-20
S관(3공장),하이드레이션,P0225A-11.00,2026-07-20
S관(3공장),하이드레이션,P0225A-11.50,2026-07-20
S관(3공장),하이드레이션,P0225A-12.00,2026-07-20
S관(3공장),하이드레이션,P0236A+01.50,2026-08-13
S관(3공장),하이드레이션,P0236A+02.00,2026-08-13
S관(3공장),하이드레이션,P0236A+03.00,2026-08-13
S관(3공장),하이드레이션,P0236A+03.75,2026-08-13
S관(3공장),하이드레이션,P0236A-01.00,2026-08-13
S관(3공장),하이드레이션,P0236A-01.25,2026-08-13
S관(3공장),하이드레이션,P0236A-02.50,2026-08-13
S관(3공장),하이드레이션,P0236A-02.75,2026-08-13
S관(3공장),하이드레이션,P0236A-03.00,2026-08-13
S관(3공장),하이드레이션,P0236A-03.25,2026-07-21
S관(3공장),하이드레이션,P0236A-03.75,2026-08-13
S관(3공장),하이드레이션,P0236A-04.25,2026-08-13
S관(3공장),하이드레이션,P0236A-04.75,2026-08-13
S관(3공장),하이드레이션,P0236A-05.00,2026-08-13
S관(3공장),하이드레이션,P0236A-05.25,2026-07-21
S관(3공장),하이드레이션,P0236A-05.50,2026-08-13
S관(3공장),하이드레이션,P0236A-06.50,2026-08-13
S관(3공장),하이드레이션,P0236A-08.00,2026-07-21
S관(3공장),하이드레이션,P0240A+01.00,2026-08-13
S관(3공장),하이드레이션,P0240A+01.25,2026-08-05
S관(3공장),하이드레이션,P0240A+01.50,2026-08-05
S관(3공장),하이드레이션,P0240A+01.75,2026-08-13
S관(3공장),하이드레이션,P0240A+02.00,2026-08-05
S관(3공장),하이드레이션,P0240A+02.25,2026-08-05
S관(3공장),하이드레이션,P0240A+02.50,2026-08-05
S관(3공장),하이드레이션,P0240A+02.75,2026-08-05
S관(3공장),하이드레이션,P0240A+03.00,2026-08-13
S관(3공장),하이드레이션,P0240A+03.25,2026-08-05
S관(3공장),하이드레이션,P0240A+04.75,2026-08-05
S관(3공장),하이드레이션,P0240A+05.00,2026-08-13
S관(3공장),하이드레이션,P0240A+05.25,2026-08-05
S관(3공장),하이드레이션,P0240A+06.00,2026-08-05
S관(3공장),하이드레이션,P0240A-00.75,2026-08-13
S관(3공장),하이드레이션,P0240A-01.00,2026-08-13
S관(3공장),하이드레이션,P0240A-01.25,2026-08-13
S관(3공장),하이드레이션,P0240A-01.50,2026-08-13
S관(3공장),하이드레이션,P0240A-01.75,2026-08-13
S관(3공장),하이드레이션,P0240A-02.00,2026-08-13
S관(3공장),하이드레이션,P0240A-02.25,2026-08-13
S관(3공장),하이드레이션,P0240A-02.50,2026-08-13
S관(3공장),하이드레이션,P0240A-02.75,2026-08-13
S관(3공장),하이드레이션,P0240A-03.00,2026-08-13
S관(3공장),하이드레이션,P0240A-03.25,2026-08-05
S관(3공장),하이드레이션,P0240A-03.50,2026-08-13
S관(3공장),하이드레이션,P0240A-03.75,2026-08-13
S관(3공장),하이드레이션,P0240A-04.00,2026-08-13
S관(3공장),하이드레이션,P0240A-04.25,2026-08-05
S관(3공장),하이드레이션,P0240A-04.50,2026-08-13
S관(3공장),하이드레이션,P0240A-04.75,2026-08-13
S관(3공장),하이드레이션,P0240A-05.00,2026-08-13
S관(3공장),하이드레이션,P0240A-05.50,2026-08-13
S관(3공장),하이드레이션,P0240A-05.75,2026-08-13
S관(3공장),하이드레이션,P0240A-06.00,2026-08-13
S관(3공장),하이드레이션,P0240A-06.50,2026-08-13
S관(3공장),하이드레이션,P0240A-07.00,2026-08-13
S관(3공장),하이드레이션,P0240A-07.50,2026-08-13
S관(3공장),하이드레이션,P0240A-08.00,2026-08-13
S관(3공장),하이드레이션,P0240A-08.50,2026-08-13
S관(3공장),하이드레이션,P0240A-09.00,2026-08-13
S관(3공장),하이드레이션,P0240A-10.00,2026-08-05
S관(3공장),하이드레이션,P0240A-11.00,2026-08-13
S관(3공장),하이드레이션,P0240A-11.50,2026-08-05
S관(3공장),하이드레이션,P0247A+00.75,2026-08-13
S관(3공장),하이드레이션,P0247A+02.75,2026-08-13
S관(3공장),하이드레이션,P0247A+03.50,2026-08-13
S관(3공장),하이드레이션,P0247A-01.00,2026-08-13
S관(3공장),하이드레이션,P0247A-01.25,2026-08-13
S관(3공장),하이드레이션,P0247A-01.50,2026-08-13
S관(3공장),하이드레이션,P0247A-01.75,2026-08-13
S관(3공장),하이드레이션,P0247A-02.00,2026-08-13
S관(3공장),하이드레이션,P0247A-02.75,2026-08-13
S관(3공장),하이드레이션,P0247A-03.25,2026-08-13
S관(3공장),하이드레이션,P0247A-03.50,2026-08-13
S관(3공장),하이드레이션,P0247A-04.00,2026-08-13
S관(3공장),하이드레이션,P0247A-04.50,2026-08-13
S관(3공장),하이드레이션,P0247A-05.00,2026-08-13
S관(3공장),하이드레이션,P0247A-05.25,2026-08-13
S관(3공장),하이드레이션,P0247A-05.50,2026-08-13
S관(3공장),하이드레이션,P0247A-06.00,2026-08-13
S관(3공장),하이드레이션,P0247A-06.50,2026-08-13
S관(3공장),하이드레이션,P0247A-07.50,2026-08-13
S관(3공장),하이드레이션,P0247A-08.00,2026-08-13
S관(3공장),하이드레이션,P0248A-01.00,2026-08-13
S관(3공장),하이드레이션,P0248A-01.25,2026-08-13
S관(3공장),하이드레이션,P0248A-01.50,2026-08-13
S관(3공장),하이드레이션,P0248A-01.75,2026-08-13
S관(3공장),하이드레이션,P0248A-02.00,2026-08-13
S관(3공장),하이드레이션,P0248A-02.25,2026-08-13
S관(3공장),하이드레이션,P0248A-02.50,2026-08-13
S관(3공장),하이드레이션,P0248A-02.75,2026-08-13
S관(3공장),하이드레이션,P0248A-03.00,2026-08-13
S관(3공장),하이드레이션,P0248A-03.25,2026-08-13
S관(3공장),하이드레이션,P0248A-03.50,2026-08-13
S관(3공장),하이드레이션,P0248A-03.75,2026-08-13
S관(3공장),하이드레이션,P0248A-04.00,2026-08-13
S관(3공장),하이드레이션,P0248A-04.25,2026-08-13
S관(3공장),하이드레이션,P0248A-04.50,2026-08-13
S관(3공장),하이드레이션,P0248A-04.75,2026-08-13
S관(3공장),하이드레이션,P0248A-05.25,2026-08-13
S관(3공장),하이드레이션,P0248A-05.50,2026-08-13
S관(3공장),하이드레이션,P0248A-05.75,2026-08-13
S관(3공장),하이드레이션,P0248A-06.00,2026-08-13
S관(3공장),하이드레이션,P0248A-06.50,2026-08-13
S관(3공장),하이드레이션,P0248A-07.00,2026-08-13
S관(3공장),하이드레이션,P0248A-10.50,2026-08-13
S관(3공장),하이드레이션,P0317A-01.00PCH3,2026-08-05
S관(3공장),하이드레이션,P0317A-01.25PCH3,2026-08-05
S관(3공장),하이드레이션,P0317A-01.50PCH3,2026-08-05
S관(3공장),하이드레이션,P0317A-01.75PCH3,2026-08-05
S관(3공장),하이드레이션,P0317A-02.00PCH3,2026-08-05
S관(3공장),하이드레이션,P0317A-02.25PCH3,2026-07-31
S관(3공장),하이드레이션,P0317A-02.50PCH3,2026-08-05
S관(3공장),하이드레이션,P0317A-03.00PCH3,2026-08-05
S관(3공장),하이드레이션,P0317A-03.25PCH3,2026-07-15
S관(3공장),하이드레이션,P0317A-04.50PCH3,2026-07-31
S관(3공장),하이드레이션,P0317A-05.00PCH3,2026-07-31
S관(3공장),하이드레이션,P0317A-06.00PCH3,2026-07-15
S관(3공장),하이드레이션,P0317A-06.50PCH3,2026-07-15
S관(3공장),하이드레이션,P0510A+00.50,2026-08-15
S관(3공장),하이드레이션,P0510A+01.00,2026-08-15
S관(3공장),하이드레이션,P0510A+01.25,2026-08-15
S관(3공장),하이드레이션,P0510A+02.00,2026-08-15
S관(3공장),하이드레이션,P0510A+02.25,2026-08-15
S관(3공장),하이드레이션,P0510A+02.50,2026-08-15
S관(3공장),하이드레이션,P0510A+03.75,2026-08-15
S관(3공장),하이드레이션,P0510A+04.00,2026-08-15
S관(3공장),하이드레이션,P0510A+05.00,2026-08-15
S관(3공장),하이드레이션,P0510A+05.50,2026-08-15
S관(3공장),하이드레이션,P0510A+06.00,2026-08-15
S관(3공장),하이드레이션,P0510A+06.50,2026-08-15
S관(3공장),하이드레이션,P0510A+07.00,2026-08-15
S관(3공장),하이드레이션,P0510A+07.50,2026-08-15
S관(3공장),하이드레이션,P0510A-01.25,2026-08-15
S관(3공장),하이드레이션,P0510A-01.50,2026-08-15
S관(3공장),하이드레이션,P0510A-01.75,2026-08-15
S관(3공장),하이드레이션,P0510A-02.00,2026-08-15
S관(3공장),하이드레이션,P0510A-02.25,2026-08-15
S관(3공장),하이드레이션,P0510A-02.50,2026-08-15
S관(3공장),하이드레이션,P0510A-02.75,2026-08-15
S관(3공장),하이드레이션,P0510A-03.00,2026-08-15
S관(3공장),하이드레이션,P0510A-03.25,2026-08-15
S관(3공장),하이드레이션,P0510A-03.50,2026-08-15
S관(3공장),하이드레이션,P0510A-04.00,2026-08-06
S관(3공장),하이드레이션,P0510A-04.25,2026-08-06
S관(3공장),하이드레이션,P0510A-05.50,2026-08-15
S관(3공장),하이드레이션,P0510A-06.00,2026-08-15
S관(3공장),하이드레이션,P0510A-06.50,2026-08-06
S관(3공장),하이드레이션,P0510A-07.00,2026-08-15
S관(3공장),하이드레이션,P0510A-07.50,2026-08-15
S관(3공장),하이드레이션,P0510A-08.00,2026-08-15
S관(3공장),하이드레이션,P0510A-09.00,2026-08-15
S관(3공장),하이드레이션,P0510A-10.00,2026-08-06
S관(3공장),하이드레이션,P0588A-01.75,2026-08-15
S관(3공장),하이드레이션,P0588A-02.00,2026-08-15
S관(3공장),하이드레이션,P0588A-02.25,2026-08-15
S관(3공장),하이드레이션,P0588A-03.25,2026-08-15
S관(3공장),하이드레이션,P0588A-03.50,2026-08-15
S관(3공장),하이드레이션,P0588A-03.75,2026-08-15
S관(3공장),하이드레이션,P0588A-04.00,2026-08-15
S관(3공장),하이드레이션,P0588A-04.25,2026-08-15
S관(3공장),하이드레이션,P0588A-04.50,2026-08-15
S관(3공장),하이드레이션,P0588A-04.75,2026-08-15
S관(3공장),하이드레이션,P0588A-05.00,2026-08-15
S관(3공장),하이드레이션,P0588A-06.00,2026-08-15
S관(3공장),하이드레이션,P0588A-06.50,2026-08-15
S관(3공장),하이드레이션,P0588A-07.00,2026-08-15
S관(3공장),하이드레이션,P0588A-07.50,2026-08-15
S관(3공장),하이드레이션,P0588A-08.00,2026-08-15
S관(3공장),하이드레이션,P0588A-08.50,2026-08-15
S관(3공장),하이드레이션,P0588A-09.00,2026-08-15
S관(3공장),하이드레이션,P0588A-11.00,2026-08-15
S관(3공장),하이드레이션,P0588A-11.50,2026-08-15
S관(3공장),하이드레이션,P0627A-00.50PIE,2026-08-15
S관(3공장),하이드레이션,P0627A-00.75PIE,2026-08-15
S관(3공장),하이드레이션,P0627A-01.50PIE,2026-08-15
S관(3공장),하이드레이션,P0627A-01.75PIE,2026-08-15
S관(3공장),하이드레이션,P0627A-02.00PIE,2026-08-15
S관(3공장),하이드레이션,P0627A-02.25PIE,2026-08-15
S관(3공장),하이드레이션,P0627A-02.50PIE,2026-08-15
S관(3공장),하이드레이션,P0627A-02.75PIE,2026-08-15
S관(3공장),하이드레이션,P0627A-03.00PIE,2026-08-15
S관(3공장),하이드레이션,P0627A-03.25PIE,2026-08-15
S관(3공장),하이드레이션,P0627A-03.75PIE,2026-08-15
S관(3공장),하이드레이션,P0627A-04.00PIE,2026-08-15
S관(3공장),하이드레이션,P0627A-04.50PIE,2026-08-15
S관(3공장),하이드레이션,P0627A-05.50PIE,2026-08-15
S관(3공장),하이드레이션,P0628A-00.50CED,2026-08-15
S관(3공장),하이드레이션,P0628A-00.75CED,2026-08-15
S관(3공장),하이드레이션,P0628A-01.00CED,2026-08-15
S관(3공장),하이드레이션,P0628A-01.25CED,2026-08-15
S관(3공장),하이드레이션,P0628A-01.50CED,2026-08-15
S관(3공장),하이드레이션,P0628A-01.75CED,2026-08-15
S관(3공장),하이드레이션,P0628A-02.00CED,2026-08-15
S관(3공장),하이드레이션,P0628A-02.25CED,2026-08-15
S관(3공장),하이드레이션,P0628A-02.50CED,2026-08-15
S관(3공장),하이드레이션,P0628A-02.75CED,2026-08-15
S관(3공장),하이드레이션,P0628A-03.00CED,2026-08-15
S관(3공장),하이드레이션,P0628A-03.25CED,2026-08-15
S관(3공장),하이드레이션,P0628A-03.50CED,2026-08-15
S관(3공장),하이드레이션,P0628A-03.75CED,2026-08-15
S관(3공장),하이드레이션,P0628A-04.00CED,2026-08-15
S관(3공장),하이드레이션,P0628A-04.50CED,2026-08-15
S관(3공장),하이드레이션,P0628A-05.50CED,2026-08-15
S관(3공장),하이드레이션,P0628A-06.00CED,2026-08-15
S관(3공장),하이드레이션,P1025A+00.25+2.50,2026-07-30
S관(3공장),하이드레이션,P1025A+00.50+2.00,2026-08-15
S관(3공장),하이드레이션,P1025A+00.75+1.00,2026-08-15
S관(3공장),하이드레이션,P1025A+00.75+2.00,2026-08-15
S관(3공장),하이드레이션,P1025A+00.75+2.50,2026-07-30
S관(3공장),하이드레이션,P1025A+01.00+1.00,2026-08-15
S관(3공장),하이드레이션,P1025A+01.00+2.00,2026-07-30
S관(3공장),하이드레이션,P1025A+01.00+2.50,2026-07-30
S관(3공장),하이드레이션,P1025A+01.25+1.00,2026-08-15
S관(3공장),하이드레이션,P1025A+01.25+2.50,2026-07-30
S관(3공장),하이드레이션,P1025A+01.50+1.00,2026-08-15
S관(3공장),하이드레이션,P1025A+01.50+1.50,2026-07-30
S관(3공장),하이드레이션,P1025A+01.50+2.50,2026-07-30
S관(3공장),하이드레이션,P1025A+01.75+1.00,2026-08-15
S관(3공장),하이드레이션,P1025A+01.75+1.50,2026-07-30
S관(3공장),하이드레이션,P1025A+01.75+2.00,2026-08-15
S관(3공장),하이드레이션,P1025A+01.75+2.50,2026-08-15
S관(3공장),하이드레이션,P1025A+02.00+1.00,2026-08-15
S관(3공장),하이드레이션,P1025A+02.00+1.50,2026-07-30
S관(3공장),하이드레이션,P1025A+02.25+1.50,2026-07-30
S관(3공장),하이드레이션,P1025A+02.25+2.00,2026-07-30
S관(3공장),하이드레이션,P1025A+02.50+1.50,2026-07-30
S관(3공장),하이드레이션,P1025A+02.50+2.00,2026-07-30
S관(3공장),하이드레이션,P1025A+02.50+2.50,2026-08-15
S관(3공장),하이드레이션,P1025A+02.75+1.50,2026-07-30
S관(3공장),하이드레이션,P1025A+02.75+2.00,2026-08-15
S관(3공장),하이드레이션,P1025A+03.00+1.50,2026-07-30
S관(3공장),하이드레이션,P1025A+03.00+2.50,2026-07-30
S관(3공장),하이드레이션,P1025A+03.50+1.50,2026-07-30
S관(3공장),하이드레이션,P1025A+03.50+2.00,2026-07-30
S관(3공장),하이드레이션,P1025A+04.00+2.00,2026-07-30
S관(3공장),하이드레이션,P1025A+06.00+2.50,2026-08-15
S관(3공장),하이드레이션,P1025A-00.00+1.50,2026-08-15
S관(3공장),하이드레이션,P1025A-00.00+2.50,2026-07-30
S관(3공장),하이드레이션,P1025A-01.25+1.50,2026-07-30
S관(3공장),하이드레이션,P1025A-02.00+1.00,2026-08-15
S관(3공장),하이드레이션,P1025A-02.00+2.00,2026-07-30
S관(3공장),하이드레이션,P1025A-02.00+2.50,2026-08-15
S관(3공장),하이드레이션,P1025A-03.00+1.00,2026-07-30
S관(3공장),하이드레이션,P1025A-03.25+2.50,2026-08-15
S관(3공장),하이드레이션,P1025A-04.00+1.00,2026-07-30
S관(3공장),하이드레이션,P1025A-04.00+2.00,2026-08-15
S관(3공장),하이드레이션,P1025A-04.25+1.00,2026-08-15
S관(3공장),하이드레이션,P1025A-04.50+1.00,2026-08-15
S관(3공장),하이드레이션,P1025A-04.50+1.50,2026-08-15
S관(3공장),하이드레이션,P1025A-04.50+2.50,2026-07-30
S관(3공장),하이드레이션,P1025A-04.75+1.50,2026-08-15
S관(3공장),하이드레이션,P1025A-05.50+1.00,2026-07-30
S관(3공장),하이드레이션,P1025A-05.50+1.50,2026-08-15
S관(3공장),하이드레이션,P1025A-06.00+2.00,2026-07-30
S관(3공장),하이드레이션,P1025A-06.50+1.00,2026-08-15
S관(3공장),하이드레이션,P1025A-12.00+1.00,2026-08-15
S관(3공장),하이드레이션,P1026A+00.50,2026-08-15
S관(3공장),하이드레이션,P1026A+02.50,2026-07-30
S관(3공장),하이드레이션,P1026A+02.75,2026-08-15
S관(3공장),하이드레이션,P1026A+03.50,2026-08-15
S관(3공장),하이드레이션,P1026A+05.50,2026-07-30
S관(3공장),하이드레이션,P1026A-07.00,2026-08-15
S관(3공장),하이드레이션,P1052A-01.50-1.75010,2026-07-06
S관(3공장),하이드레이션,P1052A-01.75-1.75010,2026-07-06
S관(3공장),하이드레이션,P1052A-01.75-1.75160,2026-07-06
S관(3공장),하이드레이션,P1052A-02.25-1.75010,2026-07-06
S관(3공장),하이드레이션,P1052A-03.75-1.75020,2026-07-06
S관(3공장),하이드레이션,P1052A-04.75-1.25160,2026-07-06
S관(3공장),하이드레이션,P1052A-04.75-1.75020,2026-07-06
S관(3공장),하이드레이션,P1052A-04.75-1.75160,2026-07-06
S관(3공장),하이드레이션,P1057A+07.50,2026-08-15
S관(3공장),하이드레이션,P1057A-00.50,2026-08-10
S관(3공장),하이드레이션,P1101A+00.50,2026-08-13
S관(3공장),하이드레이션,P1101A+01.00,2026-08-13
S관(3공장),하이드레이션,P1101A+03.75,2026-08-13
S관(3공장),하이드레이션,P1101A+04.25,2026-08-13
S관(3공장),하이드레이션,P1101A+05.00,2026-08-13
S관(3공장),하이드레이션,P1101A+05.50,2026-08-13
S관(3공장),하이드레이션,P1101A+06.00,2026-08-13
S관(3공장),하이드레이션,P1101A-00.75,2026-08-13
S관(3공장),하이드레이션,P1101A-01.00,2026-08-13
S관(3공장),하이드레이션,P1101A-01.25,2026-08-13
S관(3공장),하이드레이션,P1101A-01.50,2026-08-13
S관(3공장),하이드레이션,P1101A-01.75,2026-08-13
S관(3공장),하이드레이션,P1101A-02.00,2026-08-13
S관(3공장),하이드레이션,P1101A-02.25,2026-08-13
S관(3공장),하이드레이션,P1101A-02.50,2026-08-13
S관(3공장),하이드레이션,P1101A-02.75,2026-08-13
S관(3공장),하이드레이션,P1101A-03.00,2026-08-13
S관(3공장),하이드레이션,P1101A-03.25,2026-08-13
S관(3공장),하이드레이션,P1101A-03.50,2026-08-13
S관(3공장),하이드레이션,P1101A-03.75,2026-08-13
S관(3공장),하이드레이션,P1101A-04.00,2026-08-13
S관(3공장),하이드레이션,P1101A-04.25,2026-08-13
S관(3공장),하이드레이션,P1101A-04.50,2026-08-13
S관(3공장),하이드레이션,P1101A-05.75,2026-08-13
S관(3공장),하이드레이션,P1101A-06.00,2026-08-13
S관(3공장),하이드레이션,P3015A-02.25,2026-07-15
S관(3공장),하이드레이션,P3015A-02.50,2026-07-15
S관(3공장),하이드레이션,P3015A-02.75,2026-07-15
S관(3공장),하이드레이션,P3015A-03.00,2026-07-15
S관(3공장),하이드레이션,P3015A-03.25,2026-07-15
S관(3공장),하이드레이션,P3015A-03.50,2026-07-15
S관(3공장),하이드레이션,P3015A-03.75,2026-07-15
S관(3공장),하이드레이션,P3015A-04.50,2026-07-24
S관(3공장),하이드레이션,P3015A-05.00,2026-07-21
S관(3공장),하이드레이션,P3015A-05.50,2026-07-15
S관(3공장),하이드레이션,P3015A-06.00,2026-07-15
S관(3공장),하이드레이션,P3015A-06.50,2026-07-15
S관(3공장),하이드레이션,P3015A-08.00,2026-07-15
S관(3공장),하이드레이션,P3015A-08.50,2026-07-15
S관(3공장),하이드레이션,P3015A-09.00,2026-07-15
S관(3공장),하이드레이션,P3015A-10.00,2026-07-15
S관(3공장),하이드레이션,P3015A-11.00,2026-07-15
S관(3공장),하이드레이션,P3016A-00.50,2026-08-13
S관(3공장),하이드레이션,P3016A-00.75,2026-08-13
S관(3공장),하이드레이션,P3016A-01.00,2026-08-13
S관(3공장),하이드레이션,P3016A-01.25,2026-08-13
S관(3공장),하이드레이션,P3016A-01.50,2026-08-13
S관(3공장),하이드레이션,P3016A-01.75,2026-08-13
S관(3공장),하이드레이션,P3016A-02.00,2026-08-13
S관(3공장),하이드레이션,P3016A-02.25,2026-08-13
S관(3공장),하이드레이션,P3016A-02.50,2026-08-13
S관(3공장),하이드레이션,P3016A-02.75,2026-08-13
S관(3공장),하이드레이션,P3016A-03.00,2026-08-13
S관(3공장),하이드레이션,P3016A-03.25,2026-08-13
S관(3공장),하이드레이션,P3016A-03.50,2026-08-13
S관(3공장),하이드레이션,P3016A-03.75,2026-08-13
S관(3공장),하이드레이션,P3016A-04.00,2026-08-13
S관(3공장),하이드레이션,P3016A-04.25,2026-08-13
S관(3공장),하이드레이션,P3016A-04.50,2026-08-13
S관(3공장),하이드레이션,P3016A-04.75,2026-08-13
S관(3공장),하이드레이션,P3016A-05.00,2026-08-13
S관(3공장),하이드레이션,P3016A-05.50,2026-08-13
S관(3공장),하이드레이션,P3016A-05.75,2026-08-13
S관(3공장),하이드레이션,P3016A-06.00,2026-08-13
S관(3공장),하이드레이션,P3016A-06.50,2026-08-13
S관(3공장),하이드레이션,P3016A-07.00,2026-08-13
S관(3공장),하이드레이션,P3016A-07.50,2026-08-13
S관(3공장),하이드레이션,P3016A-08.00,2026-08-13
S관(3공장),하이드레이션,P3016A-08.50,2026-08-13
S관(3공장),하이드레이션,P3016A-09.00,2026-08-13
S관(3공장),하이드레이션,P3016A-09.50,2026-08-13
S관(3공장),하이드레이션,P3016A-10.00,2026-08-13
S관(3공장),하이드레이션,P3016A-10.50,2026-08-13
S관(3공장),하이드레이션,P3016A-11.00,2026-08-13
S관(3공장),하이드레이션,P3016A-11.50,2026-08-13
S관(3공장),하이드레이션,P3016A-12.00,2026-08-13
S관(3공장),하이드레이션,P3079A-01.00,2026-07-07
S관(3공장),하이드레이션,P3079A-01.25,2026-08-08
S관(3공장),하이드레이션,P3079A-02.00,2026-08-13
S관(3공장),하이드레이션,P3079A-02.50,2026-07-07
S관(3공장),하이드레이션,P3079A-03.75,2026-08-13
S관(3공장),하이드레이션,P3079A-04.25,2026-08-13
S관(3공장),하이드레이션,P3079A-05.00,2026-07-07
S관(3공장),하이드레이션,P3079A-05.25,2026-07-07
S관(3공장),하이드레이션,P3079A-07.00,2026-07-07
S관(3공장),하이드레이션,P3079A-08.00,2026-07-07
S관(3공장),하이드레이션,P3081A-05.75,2026-08-13
S관(3공장),하이드레이션,P3081A-09.00,2026-08-13
S관(3공장),하이드레이션,P3081A-10.50,2026-08-13
S관(3공장),하이드레이션,P3081A-12.00,2026-08-13
S관(3공장),하이드레이션,P3405A-00.00SPC,2026-07-08
S관(3공장),하이드레이션,P3405A-00.50SPC,2026-07-08
S관(3공장),하이드레이션,P3405A-01.00SPC,2026-08-13
S관(3공장),하이드레이션,P3405A-01.25SPC,2026-07-08
S관(3공장),하이드레이션,P3405A-01.50SPC,2026-07-08
S관(3공장),하이드레이션,P3405A-01.75SPC,2026-08-13
S관(3공장),하이드레이션,P3405A-02.50SPC,2026-08-13
S관(3공장),하이드레이션,P3405A-03.00SPC,2026-08-13
S관(3공장),하이드레이션,P3405A-03.25SPC,2026-08-13
S관(3공장),하이드레이션,P3405A-03.75SPC,2026-07-08
S관(3공장),하이드레이션,P3405A-04.00SPC,2026-08-13
S관(3공장),하이드레이션,P3405A-05.00SPC,2026-07-08
S관(3공장),하이드레이션,P3405A-06.00SPC,2026-07-08
S관(3공장),하이드레이션,P3405A-08.50SPC,2026-08-10
S관(3공장),하이드레이션,P3406A-01.25ASB,2026-08-12
S관(3공장),하이드레이션,P3406A-01.50ASB,2026-08-10
S관(3공장),하이드레이션,P3406A-02.00ASB,2026-08-12
S관(3공장),하이드레이션,P3406A-02.25ASB,2026-08-12
S관(3공장),하이드레이션,P3406A-02.50ASB,2026-08-12
S관(3공장),하이드레이션,P3406A-03.00ASB,2026-07-10
S관(3공장),하이드레이션,P3406A-03.25ASB,2026-07-10
S관(3공장),하이드레이션,P3406A-03.50ASB,2026-07-10
S관(3공장),하이드레이션,P3406A-03.75ASB,2026-07-10
S관(3공장),하이드레이션,P3406A-04.00ASB,2026-08-12
S관(3공장),하이드레이션,P3406A-04.25ASB,2026-08-10
S관(3공장),하이드레이션,P3406A-04.50ASB,2026-08-12
S관(3공장),하이드레이션,P3406A-05.50ASB,2026-07-10
S관(3공장),하이드레이션,P3406A-07.00ASB,2026-08-12
S관(3공장),하이드레이션,P3406A-10.00ASB,2026-08-10
S관(3공장),하이드레이션,P3407A-01.00ASG,2026-08-11
S관(3공장),하이드레이션,P3407A-01.50ASG,2026-08-11
S관(3공장),하이드레이션,P3407A-01.75ASG,2026-07-10
S관(3공장),하이드레이션,P3407A-09.50ASG,2026-08-11
S관(3공장),하이드레이션,P3407A-10.00ASG,2026-07-10
S관(3공장),하이드레이션,P3408A-01.00BRW,2026-08-09
S관(3공장),하이드레이션,P3408A-01.25BRW,2026-08-09
S관(3공장),하이드레이션,P3408A-01.75BRW,2026-08-09
S관(3공장),하이드레이션,P3408A-02.00BRW,2026-08-09
S관(3공장),하이드레이션,P3408A-02.50BRW,2026-08-09
S관(3공장),하이드레이션,P3408A-02.75BRW,2026-08-09
S관(3공장),하이드레이션,P3408A-03.50BRW,2026-08-09
S관(3공장),하이드레이션,P3408A-04.50BRW,2026-08-09
S관(3공장),하이드레이션,P3408A-05.00BRW,2026-08-09
S관(3공장),하이드레이션,P3408A-05.50BRW,2026-08-09
S관(3공장),하이드레이션,P3409A-01.25PIN,2026-08-10
S관(3공장),하이드레이션,P3409A-02.00PIN,2026-08-10
S관(3공장),하이드레이션,P3409A-02.25PIN,2026-08-10
S관(3공장),하이드레이션,P3409A-02.50PIN,2026-08-10
S관(3공장),하이드레이션,P3409A-03.00PIN,2026-08-10
S관(3공장),하이드레이션,P3409A-03.25PIN,2026-08-10
S관(3공장),하이드레이션,P3409A-03.50PIN,2026-08-10
S관(3공장),하이드레이션,P3409A-04.00PIN,2026-08-10
S관(3공장),하이드레이션,P3409A-05.00PIN,2026-08-10
S관(3공장),하이드레이션,P3409A-05.50PIN,2026-08-10
S관(3공장),하이드레이션,P3409A-06.50PIN,2026-08-10
S관(3공장),하이드레이션,P3505A-03.00+1.00,2026-06-18
S관(3공장),하이드레이션,P3505A-04.25+1.00,2026-06-18
S관(3공장),하이드레이션,P3505A-09.00+1.00,2026-06-18
S관(3공장),하이드레이션,P3505A-09.50+1.00,2026-06-18
S관(3공장),하이드레이션,P5002A-01.50BRW,2026-07-10
S관(3공장),하이드레이션,P5022A-00.00-1.75180,2026-07-08
S관(3공장),하이드레이션,P5022A-03.75-1.25180,2026-07-08
S관(3공장),하이드레이션,P5022A-04.00-1.75180,2026-07-08
S관(3공장),하이드레이션,P5022A-05.50-1.75180,2026-07-08
S관(3공장),하이드레이션,P5022A-07.00-1.75180,2026-07-08
S관(3공장),하이드레이션,P5022A-09.00-1.75180,2026-07-08
S관(3공장),하이드레이션,P5291A-02.50PIB,2026-08-15
S관(3공장),하이드레이션,P5291A-03.25PIB,2026-08-15
S관(3공장),하이드레이션,P5291A-03.50PIB,2026-08-15
S관(3공장),하이드레이션,P5291A-08.50PIB,2026-08-15
S관(3공장),하이드레이션,P5291A-09.50PIB,2026-08-15
S관(3공장),하이드레이션,P5291A-10.00PIB,2026-08-15
S관(3공장),하이드레이션,P5292A-00.00WIB,2026-08-15
S관(3공장),하이드레이션,P5292A-02.25WIB,2026-08-15
S관(3공장),하이드레이션,P5292A-03.50WIB,2026-08-15
S관(3공장),하이드레이션,P5292A-06.50WIB,2026-08-15
S관(3공장),하이드레이션,P5293A-00.00CWN,2026-08-15
S관(3공장),하이드레이션,P5293A-02.75CWN,2026-08-15
S관(3공장),하이드레이션,P5293A-03.25CWN,2026-08-15
S관(3공장),하이드레이션,P5293A-04.25CWN,2026-08-15
S관(3공장),하이드레이션,P5293A-05.25CWN,2026-08-15
S관(3공장),하이드레이션,P5293A-09.00CWN,2026-08-15
S관(3공장),하이드레이션,P5294A-05.00IGM,2026-08-15
S관(3공장),하이드레이션,P5294A-05.50IGM,2026-08-15
S관(3공장),하이드레이션,P5294A-07.00IGM,2026-08-15
S관(3공장),하이드레이션,P5294A-09.00IGM,2026-08-15
S관(3공장),하이드레이션,P5294A-09.50IGM,2026-08-15
S관(3공장),하이드레이션,P5295A-00.00CYM,2026-08-15
S관(3공장),하이드레이션,P5295A-01.00CYM,2026-08-15
S관(3공장),하이드레이션,P5295A-01.25CYM,2026-08-15
S관(3공장),하이드레이션,P5295A-01.75CYM,2026-08-15
S관(3공장),하이드레이션,P5295A-03.75CYM,2026-08-15
S관(3공장),하이드레이션,P5295A-04.25CYM,2026-08-15
S관(3공장),하이드레이션,P5295A-04.50CYM,2026-08-15
S관(3공장),하이드레이션,P5295A-06.00CYM,2026-08-15
S관(3공장),하이드레이션,P5295A-07.00CYM,2026-08-15
S관(3공장),하이드레이션,P5295A-07.50CYM,2026-08-15
S관(3공장),하이드레이션,P5295A-08.00CYM,2026-08-15
S관(3공장),하이드레이션,P5296A-01.50CEM,2026-08-15
S관(3공장),하이드레이션,P5296A-01.75CEM,2026-08-15
S관(3공장),하이드레이션,P5296A-04.25CEM,2026-08-15
S관(3공장),하이드레이션,P5296A-04.75CEM,2026-08-15
S관(3공장),하이드레이션,P5296A-06.00CEM,2026-08-15
S관(3공장),하이드레이션,P5296A-08.50CEM,2026-08-15
S관(3공장),하이드레이션,P5296A-09.00CEM,2026-08-15
S관(3공장),하이드레이션,P5296A-09.50CEM,2026-08-15
S관(3공장),하이드레이션,P5316A-00.00PIE,2026-08-15
S관(3공장),하이드레이션,P5317A-00.00CED,2026-08-15
S관(3공장),하이드레이션,P5317A-01.50CED,2026-08-15
S관(3공장),하이드레이션,P5376A-00.00ONY,2026-08-15
S관(3공장),하이드레이션,P5376A-01.50ONY,2026-08-15
S관(3공장),하이드레이션,P5376A-05.50ONY,2026-08-15
S관(3공장),하이드레이션,P5378A-00.00LVA,2026-08-15
S관(3공장),하이드레이션,P5378A-01.25LVA,2026-08-15
S관(3공장),하이드레이션,P5386A-00.00GAN,2026-08-15
S관(3공장),하이드레이션,P5387A-00.00STA,2026-08-15
S관(3공장),하이드레이션,P5387A-02.75STA,2026-08-15
S관(3공장),하이드레이션,P5405A-01.00-0.75020,2026-07-21
S관(3공장),하이드레이션,P5405A-01.00-0.75170,2026-07-21
S관(3공장),하이드레이션,P5405A-01.00-1.25020,2026-07-21
S관(3공장),하이드레이션,P5405A-01.00-1.25090,2026-07-21
S관(3공장),하이드레이션,P5405A-01.00-1.25160,2026-07-21
S관(3공장),하이드레이션,P5405A-01.00-1.75170,2026-07-21
S관(3공장),하이드레이션,P5405A-01.25-0.75020,2026-07-21
S관(3공장),하이드레이션,P5405A-01.25-0.75090,2026-07-21
S관(3공장),하이드레이션,P5405A-01.25-0.75170,2026-07-21
S관(3공장),하이드레이션,P5405A-01.25-1.25020,2026-07-21
S관(3공장),하이드레이션,P5405A-01.25-1.25090,2026-07-21
S관(3공장),하이드레이션,P5405A-01.25-1.25160,2026-07-21
S관(3공장),하이드레이션,P5405A-01.25-1.75010,2026-07-21
S관(3공장),하이드레이션,P5405A-01.25-1.75170,2026-07-21
S관(3공장),하이드레이션,P5405A-01.50-0.75170,2026-07-21
S관(3공장),하이드레이션,P5405A-01.50-1.25090,2026-07-21
S관(3공장),하이드레이션,P5405A-01.50-1.75020,2026-07-21
S관(3공장),하이드레이션,P5405A-01.75-0.75090,2026-07-21
S관(3공장),하이드레이션,P5405A-01.75-0.75170,2026-07-21
S관(3공장),하이드레이션,P5405A-01.75-1.25020,2026-07-21
S관(3공장),하이드레이션,P5405A-01.75-1.75170,2026-07-21
S관(3공장),하이드레이션,P5405A-02.00-0.75090,2026-07-21
S관(3공장),하이드레이션,P5405A-02.00-0.75160,2026-07-21
S관(3공장),하이드레이션,P5405A-02.00-0.75170,2026-07-21
S관(3공장),하이드레이션,P5405A-02.00-1.25160,2026-07-21
S관(3공장),하이드레이션,P5405A-02.00-1.75020,2026-07-21
S관(3공장),하이드레이션,P5405A-02.25-0.75090,2026-07-21
S관(3공장),하이드레이션,P5405A-02.25-0.75160,2026-07-21
S관(3공장),하이드레이션,P5405A-02.25-0.75170,2026-07-21
S관(3공장),하이드레이션,P5405A-02.25-1.25020,2026-07-21
S관(3공장),하이드레이션,P5405A-02.25-1.75090,2026-07-21
S관(3공장),하이드레이션,P5405A-02.50-0.75090,2026-07-21
S관(3공장),하이드레이션,P5405A-02.50-0.75160,2026-07-21
S관(3공장),하이드레이션,P5405A-02.50-0.75170,2026-07-21
S관(3공장),하이드레이션,P5405A-02.50-1.25160,2026-07-21
S관(3공장),하이드레이션,P5405A-02.50-1.75020,2026-07-21
S관(3공장),하이드레이션,P5405A-02.75-0.75090,2026-07-21
S관(3공장),하이드레이션,P5405A-02.75-0.75160,2026-07-21
S관(3공장),하이드레이션,P5405A-02.75-1.25090,2026-07-21
S관(3공장),하이드레이션,P5405A-02.75-1.75010,2026-07-21
S관(3공장),하이드레이션,P5405A-02.75-1.75020,2026-07-21
S관(3공장),하이드레이션,P5405A-02.75-1.75160,2026-07-21
S관(3공장),하이드레이션,P5405A-03.00-0.75090,2026-07-21
S관(3공장),하이드레이션,P5405A-03.00-0.75160,2026-07-21
S관(3공장),하이드레이션,P5405A-03.00-1.25170,2026-07-21
S관(3공장),하이드레이션,P5405A-03.00-1.75010,2026-07-21
S관(3공장),하이드레이션,P5405A-03.00-1.75020,2026-07-21
S관(3공장),하이드레이션,P5405A-03.00-1.75160,2026-07-21
S관(3공장),하이드레이션,P5405A-03.00-1.75170,2026-07-21
S관(3공장),하이드레이션,P5405A-03.25-0.75090,2026-07-21
S관(3공장),하이드레이션,P5405A-03.25-0.75160,2026-07-21
S관(3공장),하이드레이션,P5405A-03.25-0.75170,2026-07-21
S관(3공장),하이드레이션,P5405A-03.25-1.25090,2026-07-21
S관(3공장),하이드레이션,P5405A-03.25-1.75020,2026-07-21
S관(3공장),하이드레이션,P5405A-03.25-1.75090,2026-07-21
S관(3공장),하이드레이션,P5405A-03.25-1.75160,2026-07-21
S관(3공장),하이드레이션,P5405A-03.50-0.75160,2026-07-21
S관(3공장),하이드레이션,P5405A-03.50-0.75170,2026-07-21
S관(3공장),하이드레이션,P5405A-03.50-1.25090,2026-07-21
S관(3공장),하이드레이션,P5405A-03.50-1.75010,2026-07-21
S관(3공장),하이드레이션,P5405A-03.50-1.75170,2026-07-21
S관(3공장),하이드레이션,P5405A-03.75-0.75090,2026-07-21
S관(3공장),하이드레이션,P5405A-03.75-0.75160,2026-07-21
S관(3공장),하이드레이션,P5405A-03.75-0.75170,2026-07-21
S관(3공장),하이드레이션,P5405A-03.75-1.25020,2026-07-21
S관(3공장),하이드레이션,P5405A-03.75-1.25090,2026-07-21
S관(3공장),하이드레이션,P5405A-03.75-1.75010,2026-07-21
S관(3공장),하이드레이션,P5405A-03.75-1.75090,2026-07-21
S관(3공장),하이드레이션,P5405A-03.75-1.75160,2026-07-21
S관(3공장),하이드레이션,P5405A-03.75-1.75170,2026-07-21
S관(3공장),하이드레이션,P5405A-04.00-0.75160,2026-07-21
S관(3공장),하이드레이션,P5405A-04.00-0.75170,2026-07-21
S관(3공장),하이드레이션,P5405A-04.00-1.25020,2026-07-21
S관(3공장),하이드레이션,P5405A-04.00-1.25170,2026-07-21
S관(3공장),하이드레이션,P5405A-04.00-1.75170,2026-07-21
S관(3공장),하이드레이션,P5405A-04.25-0.75160,2026-07-21
S관(3공장),하이드레이션,P5405A-04.25-0.75170,2026-07-21
S관(3공장),하이드레이션,P5405A-04.25-1.25020,2026-07-21
S관(3공장),하이드레이션,P5405A-04.25-1.25090,2026-07-21
S관(3공장),하이드레이션,P5405A-04.25-1.75010,2026-07-21
S관(3공장),하이드레이션,P5405A-04.25-1.75020,2026-07-21
S관(3공장),하이드레이션,P5405A-04.25-1.75160,2026-07-21
S관(3공장),하이드레이션,P5405A-04.25-1.75170,2026-07-21
S관(3공장),하이드레이션,P5405A-04.50-0.75010,2026-07-21
S관(3공장),하이드레이션,P5405A-04.50-0.75090,2026-07-21
S관(3공장),하이드레이션,P5405A-04.50-0.75160,2026-07-21
S관(3공장),하이드레이션,P5405A-04.50-0.75170,2026-07-21
S관(3공장),하이드레이션,P5405A-04.50-1.25020,2026-07-21
S관(3공장),하이드레이션,P5405A-04.50-1.25090,2026-07-21
S관(3공장),하이드레이션,P5405A-04.50-1.75020,2026-07-21
S관(3공장),하이드레이션,P5405A-04.50-1.75160,2026-07-21
S관(3공장),하이드레이션,P5405A-04.50-1.75170,2026-07-21
S관(3공장),하이드레이션,P5405A-04.75-0.75170,2026-07-21
S관(3공장),하이드레이션,P5405A-04.75-1.25020,2026-07-21
S관(3공장),하이드레이션,P5405A-04.75-1.25160,2026-07-21
S관(3공장),하이드레이션,P5405A-04.75-1.25170,2026-07-21
S관(3공장),하이드레이션,P5405A-04.75-1.75020,2026-07-21
S관(3공장),하이드레이션,P5405A-04.75-1.75160,2026-07-21
S관(3공장),하이드레이션,P5405A-04.75-1.75170,2026-07-21
S관(3공장),하이드레이션,P5405A-05.00-0.75090,2026-07-21
S관(3공장),하이드레이션,P5405A-05.00-1.25020,2026-07-21
S관(3공장),하이드레이션,P5405A-05.00-1.75020,2026-07-21
S관(3공장),하이드레이션,P5405A-05.00-1.75170,2026-07-21
S관(3공장),하이드레이션,P5405A-05.50-0.75020,2026-07-21
S관(3공장),하이드레이션,P5405A-05.50-0.75090,2026-07-21
S관(3공장),하이드레이션,P5405A-05.50-1.25090,2026-07-21
S관(3공장),하이드레이션,P5405A-05.50-1.25160,2026-07-21
S관(3공장),하이드레이션,P5405A-05.50-1.75010,2026-07-21
S관(3공장),하이드레이션,P5405A-05.50-1.75160,2026-07-21
S관(3공장),하이드레이션,P5405A-05.50-1.75170,2026-07-21
S관(3공장),하이드레이션,P5405A-06.00-0.75010,2026-07-21
S관(3공장),하이드레이션,P5405A-06.00-0.75090,2026-07-21
S관(3공장),하이드레이션,P5405A-06.00-0.75170,2026-07-21
S관(3공장),하이드레이션,P5405A-06.00-1.25020,2026-07-21
S관(3공장),하이드레이션,P5405A-06.00-1.75160,2026-07-21
S관(3공장),하이드레이션,P5405A-06.50-0.75090,2026-07-21
S관(3공장),하이드레이션,P5405A-06.50-0.75160,2026-07-21
S관(3공장),하이드레이션,P5405A-06.50-0.75170,2026-07-21
S관(3공장),하이드레이션,P5405A-06.50-1.25090,2026-07-21
S관(3공장),하이드레이션,P5405A-06.50-1.75010,2026-07-21
S관(3공장),하이드레이션,P5405A-06.50-1.75160,2026-07-21
S관(3공장),하이드레이션,P5405A-07.00-0.75160,2026-07-21
S관(3공장),하이드레이션,P5405A-07.00-1.75160,2026-07-21
S관(3공장),하이드레이션,P5405A-07.50-0.75160,2026-07-21
S관(3공장),하이드레이션,P5405A-07.50-1.75010,2026-07-21
S관(3공장),하이드레이션,P5405A-07.50-1.75090,2026-07-21
S관(3공장),하이드레이션,P5405A-07.50-1.75170,2026-07-21
S관(3공장),하이드레이션,P5405A-08.00-0.75090,2026-07-21
S관(3공장),하이드레이션,P5405A-08.00-0.75160,2026-07-21
S관(3공장),하이드레이션,P5405A-08.00-1.25010,2026-07-21
S관(3공장),하이드레이션,P5405A-08.00-1.25090,2026-07-21
S관(3공장),하이드레이션,P5405A-08.00-1.25160,2026-07-21
S관(3공장),하이드레이션,P5405A-08.00-1.75010,2026-07-21
S관(3공장),하이드레이션,P5405A-08.00-1.75090,2026-07-21
S관(3공장),하이드레이션,P5405A-08.00-1.75160,2026-07-21
S관(3공장),하이드레이션,P5405A-08.00-1.75170,2026-07-21
S관(3공장),하이드레이션,P5405A-08.50-0.75020,2026-07-21
S관(3공장),하이드레이션,P5405A-08.50-0.75090,2026-07-21
S관(3공장),하이드레이션,P5405A-08.50-0.75160,2026-07-21
S관(3공장),하이드레이션,P5405A-08.50-0.75170,2026-07-21
S관(3공장),하이드레이션,P5405A-08.50-1.25010,2026-07-21
S관(3공장),하이드레이션,P5405A-08.50-1.25020,2026-07-21
S관(3공장),하이드레이션,P5405A-08.50-1.25090,2026-07-21
S관(3공장),하이드레이션,P5405A-08.50-1.25160,2026-07-21
S관(3공장),하이드레이션,P5405A-08.50-1.75020,2026-07-21
S관(3공장),하이드레이션,P5405A-08.50-1.75090,2026-07-21
S관(3공장),하이드레이션,P5405A-08.50-1.75160,2026-07-21
S관(3공장),하이드레이션,P5405A-08.50-1.75170,2026-07-21
S관(3공장),하이드레이션,P5405A-09.00-0.75010,2026-07-21
S관(3공장),하이드레이션,P5405A-09.00-0.75090,2026-07-21
S관(3공장),하이드레이션,P5405A-09.00-0.75160,2026-07-21
S관(3공장),하이드레이션,P5405A-09.00-0.75170,2026-07-21
S관(3공장),하이드레이션,P5405A-09.00-1.25010,2026-07-21
S관(3공장),하이드레이션,P5405A-09.00-1.25020,2026-07-21
S관(3공장),하이드레이션,P5405A-09.00-1.25090,2026-07-21
S관(3공장),하이드레이션,P5405A-09.00-1.25160,2026-07-21
S관(3공장),하이드레이션,P5405A-09.00-1.25170,2026-07-21
S관(3공장),하이드레이션,P5405A-09.00-1.75010,2026-07-21
S관(3공장),하이드레이션,P5405A-09.00-1.75020,2026-07-21
S관(3공장),하이드레이션,P5405A-09.00-1.75090,2026-07-21
S관(3공장),하이드레이션,P5405A-09.00-1.75160,2026-07-21
S관(3공장),하이드레이션,P5405A-09.00-1.75170,2026-07-21
S관(3공장),하이드레이션,P5413A+01.00,2026-08-15
S관(3공장),하이드레이션,P5413A+02.00,2026-08-15
S관(3공장),하이드레이션,P5413A+02.25,2026-08-15
S관(3공장),하이드레이션,P5413A+02.50,2026-08-15
S관(3공장),하이드레이션,P5413A+03.00,2026-08-15
S관(3공장),하이드레이션,P5413A-01.50,2026-08-15
S관(3공장),하이드레이션,P5413A-03.00,2026-08-15
S관(3공장),하이드레이션,P5413A-03.25,2026-08-15
S관(3공장),하이드레이션,P5413A-03.50,2026-08-15
S관(3공장),하이드레이션,P5413A-04.25,2026-08-15
S관(3공장),하이드레이션,P5413A-07.00,2026-08-15
S관(3공장),하이드레이션,P5413A-10.50,2026-08-15
S관(3공장),하이드레이션,P5415A-01.00,2026-08-15
S관(3공장),하이드레이션,P5415A-03.25,2026-08-15
S관(3공장),하이드레이션,P5415A-03.50,2026-08-15
S관(3공장),하이드레이션,P5415A-03.75,2026-08-15
S관(3공장),하이드레이션,P5415A-04.50,2026-08-15
S관(3공장),하이드레이션,P5416A+00.25+2.50,2026-08-15
S관(3공장),하이드레이션,P5416A+00.50+2.00,2026-08-15
S관(3공장),하이드레이션,P5416A+01.00+2.50,2026-08-15
S관(3공장),하이드레이션,P5416A+01.25+1.50,2026-08-15
S관(3공장),하이드레이션,P5416A+02.00+1.50,2026-08-15
S관(3공장),하이드레이션,P5416A+02.00+2.00,2026-08-15
S관(3공장),하이드레이션,P5416A+02.50+1.00,2026-08-15
S관(3공장),하이드레이션,P5416A+02.50+1.50,2026-08-06
S관(3공장),하이드레이션,P5416A+02.75+2.50,2026-08-15
S관(3공장),하이드레이션,P5416A+04.00+2.50,2026-08-06
S관(3공장),하이드레이션,P5416A+04.25+1.50,2026-08-06
S관(3공장),하이드레이션,P5416A+04.50+1.00,2026-08-06
S관(3공장),하이드레이션,P5416A+05.00+2.00,2026-08-15
S관(3공장),하이드레이션,P5416A+05.50+1.50,2026-08-06
S관(3공장),하이드레이션,P5416A-00.75+1.00,2026-08-15
S관(3공장),하이드레이션,P5416A-02.00+1.00,2026-08-15
S관(3공장),하이드레이션,P5416A-02.00+1.50,2026-08-15
S관(3공장),하이드레이션,P5416A-02.25+2.00,2026-08-06
S관(3공장),하이드레이션,P5416A-02.50+1.50,2026-08-15
S관(3공장),하이드레이션,P5416A-02.75+1.50,2026-08-06
S관(3공장),하이드레이션,P5416A-03.00+2.00,2026-08-15
S관(3공장),하이드레이션,P5416A-03.25+1.50,2026-08-15
S관(3공장),하이드레이션,P5416A-03.25+2.50,2026-08-15
S관(3공장),하이드레이션,P5416A-03.75+1.50,2026-08-15
S관(3공장),하이드레이션,P5416A-03.75+2.00,2026-08-15
S관(3공장),하이드레이션,P5416A-03.75+2.50,2026-08-15
S관(3공장),하이드레이션,P5416A-04.00+1.50,2026-08-15
S관(3공장),하이드레이션,P5416A-04.00+2.00,2026-08-15
S관(3공장),하이드레이션,P5416A-04.25+1.50,2026-08-15
S관(3공장),하이드레이션,P5416A-04.25+2.00,2026-08-06
S관(3공장),하이드레이션,P5416A-04.50+1.50,2026-08-06
S관(3공장),하이드레이션,P5416A-05.00+2.00,2026-08-15
S관(3공장),하이드레이션,P5416A-05.75+2.50,2026-08-06
S관(3공장),하이드레이션,P5416A-06.00+2.00,2026-08-15
S관(3공장),하이드레이션,P5416A-07.00+1.00,2026-08-15
S관(3공장),하이드레이션,P5416A-07.00+1.50,2026-08-06
S관(3공장),하이드레이션,P5416A-07.00+2.00,2026-08-15
S관(3공장),하이드레이션,P5416A-07.50+1.50,2026-08-15
S관(3공장),하이드레이션,P5419A-00.00+2.50,2026-07-07
S관(3공장),하이드레이션,P5419A-04.00+1.50,2026-08-15
S관(3공장),하이드레이션,P5420A+00.50,2026-08-15
S관(3공장),하이드레이션,P5420A+02.25,2026-08-15
S관(3공장),하이드레이션,P5420A+06.00,2026-08-15
S관(3공장),하이드레이션,P5423A-08.50,2026-08-15
