설비 사이트 코드,신규분류 요약코드,제품군,공정,최소목표일
A관(1공장),1-Day_Sph,1-Day_Metha + +02.75,분리,2026-07-19
A관(1공장),1-Day_Sph,1-Day_Metha + +02.75,사출,2026-07-18
A관(1공장),1-Day_Sph,1-Day_Metha + -01.00,분리,2026-07-19
A관(1공장),1-Day_Sph,1-Day_Metha + -01.00,사출,2026-07-18
A관(1공장),1-Day_Sph,1-Day_Metha + -01.25,분리,2026-07-19
A관(1공장),1-Day_Sph,1-Day_Metha + -01.25,사출,2026-07-18
A관(1공장),1-Day_Sph,1-Day_Metha + -01.50,분리,2026-07-19
A관(1공장),1-Day_Sph,1-Day_Metha + -01.50,사출,2026-07-18
A관(1공장),1-Day_Sph,1-Day_Metha + -01.75,분리,2026-07-20
A관(1공장),1-Day_Sph,1-Day_Metha + -01.75,사출,2026-07-19
A관(1공장),1-Day_Sph,1-Day_Metha + -03.00,분리,2026-07-19
A관(1공장),1-Day_Sph,1-Day_Metha + -03.00,사출,2026-07-18
A관(1공장),1-Day_Sph,1-Day_Metha + -03.50,분리,2026-07-19
A관(1공장),1-Day_Sph,1-Day_Metha + -03.50,사출,2026-07-18
A관(1공장),1-Day_Sph,1-Day_Metha + -04.00,분리,2026-07-19
A관(1공장),1-Day_Sph,1-Day_Metha + -04.00,사출,2026-07-18
A관(1공장),1-Day_Sph,1-Day_Metha + -04.25,분리,2026-07-20
A관(1공장),1-Day_Sph,1-Day_Metha + -04.25,사출,2026-07-19
A관(1공장),1-Day_Sph,1-Day_Metha + -04.75,분리,2026-07-19
A관(1공장),1-Day_Sph,1-Day_Metha + -04.75,사출,2026-07-18
A관(1공장),1-Day_Sph,1-Day_Metha + -05.25,분리,2026-07-20
A관(1공장),1-Day_Sph,1-Day_Metha + -05.25,사출,2026-07-19
A관(1공장),1-Day_Sph,1-Day_Metha + -05.50,분리,2026-07-09
A관(1공장),1-Day_Sph,1-Day_Metha + -05.50,사출,2026-07-08
A관(1공장),1-Day_Sph,1-Day_Metha + -06.00,분리,2026-07-20
A관(1공장),1-Day_Sph,1-Day_Metha + -06.00,사출,2026-07-19
A관(1공장),FRP_Color_Sph,Advance_EO_소사각 + -02.25,누수규격,2026-07-11
A관(1공장),FRP_Color_Sph,Advance_EO_소사각 + -02.25,접착,2026-07-10
A관(1공장),FRP_Color_Sph,Advance_EO_소사각 + -02.25,하이드레이션,2026-07-08
A관(1공장),FRP_Color_Sph,BELLA M_Moon_14.5_(중) + -00.00,누수규격,2026-08-01
A관(1공장),FRP_Color_Sph,BELLA M_Moon_14.5_(중) + -00.00,접착,2026-07-31
A관(1공장),FRP_Color_Sph,BELLA M_Moon_14.5_(중) + -00.00,하이드레이션,2026-07-29
A관(1공장),FRP_Color_Sph,BELLA M_Moon_14.5_(중) + -01.00,누수규격,2026-08-01
A관(1공장),FRP_Color_Sph,BELLA M_Moon_14.5_(중) + -01.00,접착,2026-07-31
A관(1공장),FRP_Color_Sph,BELLA M_Moon_14.5_(중) + -01.00,하이드레이션,2026-07-29
A관(1공장),FRP_Color_Sph,BELLA M_Moon_14.5_(중) + -01.25,누수규격,2026-08-01
A관(1공장),FRP_Color_Sph,BELLA M_Moon_14.5_(중) + -01.25,접착,2026-07-31
A관(1공장),FRP_Color_Sph,BELLA M_Moon_14.5_(중) + -01.25,하이드레이션,2026-07-29
A관(1공장),FRP_Color_Sph,BELLA M_Moon_14.5_(중) + -01.50,누수규격,2026-08-01
A관(1공장),FRP_Color_Sph,BELLA M_Moon_14.5_(중) + -01.50,접착,2026-07-31
A관(1공장),FRP_Color_Sph,BELLA M_Moon_14.5_(중) + -01.50,하이드레이션,2026-07-29
A관(1공장),FRP_Color_Sph,BELLA M_Moon_14.5_(중) + -02.00,누수규격,2026-08-01
A관(1공장),FRP_Color_Sph,BELLA M_Moon_14.5_(중) + -02.00,접착,2026-07-31
A관(1공장),FRP_Color_Sph,BELLA M_Moon_14.5_(중) + -02.00,하이드레이션,2026-07-29
A관(1공장),FRP_Color_Sph,BELLA M_Moon_14.5_(중) + -02.25,누수규격,2026-08-01
A관(1공장),FRP_Color_Sph,BELLA M_Moon_14.5_(중) + -02.25,접착,2026-07-31
A관(1공장),FRP_Color_Sph,BELLA M_Moon_14.5_(중) + -02.25,하이드레이션,2026-07-29
A관(1공장),FRP_Color_Sph,BELLA M_Moon_14.5_(중) + -02.50,누수규격,2026-08-01
A관(1공장),FRP_Color_Sph,BELLA M_Moon_14.5_(중) + -02.50,접착,2026-07-31
A관(1공장),FRP_Color_Sph,BELLA M_Moon_14.5_(중) + -02.50,하이드레이션,2026-07-29
A관(1공장),FRP_Color_Sph,BELLA M_Moon_14.5_(중) + -02.75,누수규격,2026-08-01
A관(1공장),FRP_Color_Sph,BELLA M_Moon_14.5_(중) + -02.75,접착,2026-07-31
A관(1공장),FRP_Color_Sph,BELLA M_Moon_14.5_(중) + -02.75,하이드레이션,2026-07-29
A관(1공장),FRP_Color_Sph,BELLA M_Moon_14.5_(중) + -03.50,누수규격,2026-08-01
A관(1공장),FRP_Color_Sph,BELLA M_Moon_14.5_(중) + -03.50,접착,2026-07-31
A관(1공장),FRP_Color_Sph,BELLA M_Moon_14.5_(중) + -03.50,하이드레이션,2026-07-29
A관(1공장),FRP_Color_Sph,BELLA M_Moon_14.5_(중) + -03.75,누수규격,2026-08-01
A관(1공장),FRP_Color_Sph,BELLA M_Moon_14.5_(중) + -03.75,접착,2026-07-31
A관(1공장),FRP_Color_Sph,BELLA M_Moon_14.5_(중) + -03.75,하이드레이션,2026-07-29
A관(1공장),FRP_Color_Sph,BELLA M_Moon_14.5_(중) + -04.00,누수규격,2026-08-01
A관(1공장),FRP_Color_Sph,BELLA M_Moon_14.5_(중) + -04.00,접착,2026-07-31
A관(1공장),FRP_Color_Sph,BELLA M_Moon_14.5_(중) + -04.00,하이드레이션,2026-07-29
A관(1공장),FRP_Color_Sph,BELLA M_Moon_14.5_(중) + -04.50,누수규격,2026-08-01
A관(1공장),FRP_Color_Sph,BELLA M_Moon_14.5_(중) + -04.50,접착,2026-07-31
A관(1공장),FRP_Color_Sph,BELLA M_Moon_14.5_(중) + -04.50,하이드레이션,2026-07-29
A관(1공장),FRP_Color_Sph,BELLA M_Moon_14.5_(중) + -05.25,누수규격,2026-08-01
A관(1공장),FRP_Color_Sph,BELLA M_Moon_14.5_(중) + -05.25,접착,2026-07-31
A관(1공장),FRP_Color_Sph,BELLA M_Moon_14.5_(중) + -05.25,하이드레이션,2026-07-29
A관(1공장),FRP_Color_Sph,BELLA M_Moon_14.5_(중) + -05.50,누수규격,2026-08-01
A관(1공장),FRP_Color_Sph,BELLA M_Moon_14.5_(중) + -05.50,접착,2026-07-31
A관(1공장),FRP_Color_Sph,BELLA M_Moon_14.5_(중) + -05.50,하이드레이션,2026-07-29
A관(1공장),FRP_Color_Sph,BELLA M_Moon_14.5_(중) + -05.75,누수규격,2026-08-01
A관(1공장),FRP_Color_Sph,BELLA M_Moon_14.5_(중) + -05.75,접착,2026-07-31
A관(1공장),FRP_Color_Sph,BELLA M_Moon_14.5_(중) + -05.75,하이드레이션,2026-07-29
A관(1공장),FRP_Color_Sph,BELLA M_SATURN_14.5_(중) + -00.00,누수규격,2026-08-01
A관(1공장),FRP_Color_Sph,BELLA M_SATURN_14.5_(중) + -00.00,접착,2026-07-31
A관(1공장),FRP_Color_Sph,BELLA M_SATURN_14.5_(중) + -00.00,하이드레이션,2026-07-29
A관(1공장),FRP_Color_Sph,BELLA M_SATURN_14.5_(중) + -01.25,누수규격,2026-08-01
A관(1공장),FRP_Color_Sph,BELLA M_SATURN_14.5_(중) + -01.25,접착,2026-07-31
A관(1공장),FRP_Color_Sph,BELLA M_SATURN_14.5_(중) + -01.25,하이드레이션,2026-07-29
A관(1공장),FRP_Color_Sph,BELLA M_SATURN_14.5_(중) + -01.50,누수규격,2026-08-01
A관(1공장),FRP_Color_Sph,BELLA M_SATURN_14.5_(중) + -01.50,접착,2026-07-31
A관(1공장),FRP_Color_Sph,BELLA M_SATURN_14.5_(중) + -01.50,하이드레이션,2026-07-29
A관(1공장),FRP_Color_Sph,BELLA M_SATURN_14.5_(중) + -01.75,누수규격,2026-08-01
A관(1공장),FRP_Color_Sph,BELLA M_SATURN_14.5_(중) + -01.75,접착,2026-07-31
A관(1공장),FRP_Color_Sph,BELLA M_SATURN_14.5_(중) + -01.75,하이드레이션,2026-07-29
A관(1공장),FRP_Color_Sph,BELLA M_SATURN_14.5_(중) + -02.25,누수규격,2026-08-01
A관(1공장),FRP_Color_Sph,BELLA M_SATURN_14.5_(중) + -02.25,접착,2026-07-31
A관(1공장),FRP_Color_Sph,BELLA M_SATURN_14.5_(중) + -02.25,하이드레이션,2026-07-29
A관(1공장),FRP_Color_Sph,BELLA M_SATURN_14.5_(중) + -02.75,누수규격,2026-08-01
A관(1공장),FRP_Color_Sph,BELLA M_SATURN_14.5_(중) + -02.75,접착,2026-07-31
A관(1공장),FRP_Color_Sph,BELLA M_SATURN_14.5_(중) + -02.75,하이드레이션,2026-07-29
A관(1공장),FRP_Color_Sph,BELLA M_SATURN_14.5_(중) + -03.25,누수규격,2026-08-01
A관(1공장),FRP_Color_Sph,BELLA M_SATURN_14.5_(중) + -03.25,접착,2026-07-31
A관(1공장),FRP_Color_Sph,BELLA M_SATURN_14.5_(중) + -03.25,하이드레이션,2026-07-29
A관(1공장),FRP_Color_Sph,BELLA M_SATURN_14.5_(중) + -04.50,누수규격,2026-08-01
A관(1공장),FRP_Color_Sph,BELLA M_SATURN_14.5_(중) + -04.50,접착,2026-07-31
A관(1공장),FRP_Color_Sph,BELLA M_SATURN_14.5_(중) + -04.50,하이드레이션,2026-07-29
A관(1공장),FRP_Color_Sph,BELLA M_SATURN_14.5_(중) + -05.00,누수규격,2026-08-01
A관(1공장),FRP_Color_Sph,BELLA M_SATURN_14.5_(중) + -05.00,접착,2026-07-31
A관(1공장),FRP_Color_Sph,BELLA M_SATURN_14.5_(중) + -05.00,하이드레이션,2026-07-29
A관(1공장),FRP_Color_Sph,BELLA M_SATURN_14.5_(중) + -05.25,누수규격,2026-08-01
A관(1공장),FRP_Color_Sph,BELLA M_SATURN_14.5_(중) + -05.25,접착,2026-07-31
A관(1공장),FRP_Color_Sph,BELLA M_SATURN_14.5_(중) + -05.25,하이드레이션,2026-07-29
A관(1공장),FRP_Color_Sph,BELLA M_SATURN_14.5_(중) + -05.75,누수규격,2026-08-01
A관(1공장),FRP_Color_Sph,BELLA M_SATURN_14.5_(중) + -05.75,접착,2026-07-31
A관(1공장),FRP_Color_Sph,BELLA M_SATURN_14.5_(중) + -05.75,하이드레이션,2026-07-29
A관(1공장),FRP_Color_Sph,BELLA M_SATURN_14.5_(중) + -06.00,누수규격,2026-08-01
A관(1공장),FRP_Color_Sph,BELLA M_SATURN_14.5_(중) + -06.00,접착,2026-07-31
A관(1공장),FRP_Color_Sph,BELLA M_SATURN_14.5_(중) + -06.00,하이드레이션,2026-07-29
A관(1공장),FRP_Color_Sph,Bella Diamond_14.5_중사각 + -00.00,누수규격,2026-08-01
A관(1공장),FRP_Color_Sph,Bella Diamond_14.5_중사각 + -00.00,접착,2026-07-31
A관(1공장),FRP_Color_Sph,Bella Diamond_14.5_중사각 + -00.00,하이드레이션,2026-07-29
A관(1공장),FRP_Color_Sph,Bella Diamond_14.5_중사각 + -01.00,누수규격,2026-08-01
A관(1공장),FRP_Color_Sph,Bella Diamond_14.5_중사각 + -01.00,접착,2026-07-31
A관(1공장),FRP_Color_Sph,Bella Diamond_14.5_중사각 + -01.00,하이드레이션,2026-07-29
A관(1공장),FRP_Color_Sph,Bella Diamond_14.5_중사각 + -01.50,누수규격,2026-08-01
A관(1공장),FRP_Color_Sph,Bella Diamond_14.5_중사각 + -01.50,접착,2026-07-31
A관(1공장),FRP_Color_Sph,Bella Diamond_14.5_중사각 + -01.50,하이드레이션,2026-07-29
A관(1공장),FRP_Color_Sph,Bella Diamond_14.5_중사각 + -01.75,누수규격,2026-08-01
A관(1공장),FRP_Color_Sph,Bella Diamond_14.5_중사각 + -01.75,접착,2026-07-31
A관(1공장),FRP_Color_Sph,Bella Diamond_14.5_중사각 + -01.75,하이드레이션,2026-07-29
A관(1공장),FRP_Color_Sph,Bella Diamond_14.5_중사각 + -02.25,누수규격,2026-08-01
A관(1공장),FRP_Color_Sph,Bella Diamond_14.5_중사각 + -02.25,접착,2026-07-31
A관(1공장),FRP_Color_Sph,Bella Diamond_14.5_중사각 + -02.25,하이드레이션,2026-07-29
A관(1공장),FRP_Color_Sph,Bella Diamond_14.5_중사각 + -02.50,누수규격,2026-08-01
A관(1공장),FRP_Color_Sph,Bella Diamond_14.5_중사각 + -02.50,접착,2026-07-31
A관(1공장),FRP_Color_Sph,Bella Diamond_14.5_중사각 + -02.50,하이드레이션,2026-07-29
A관(1공장),FRP_Color_Sph,Bella Diamond_14.5_중사각 + -02.75,누수규격,2026-08-01
A관(1공장),FRP_Color_Sph,Bella Diamond_14.5_중사각 + -02.75,접착,2026-07-31
A관(1공장),FRP_Color_Sph,Bella Diamond_14.5_중사각 + -02.75,하이드레이션,2026-07-29
A관(1공장),FRP_Color_Sph,Bella Diamond_14.5_중사각 + -03.00,누수규격,2026-08-01
A관(1공장),FRP_Color_Sph,Bella Diamond_14.5_중사각 + -03.00,접착,2026-07-31
A관(1공장),FRP_Color_Sph,Bella Diamond_14.5_중사각 + -03.00,하이드레이션,2026-07-29
A관(1공장),FRP_Color_Sph,Bella Diamond_14.5_중사각 + -03.25,누수규격,2026-08-01
A관(1공장),FRP_Color_Sph,Bella Diamond_14.5_중사각 + -03.25,접착,2026-07-31
A관(1공장),FRP_Color_Sph,Bella Diamond_14.5_중사각 + -03.25,하이드레이션,2026-07-29
A관(1공장),FRP_Color_Sph,Bella Diamond_14.5_중사각 + -03.50,누수규격,2026-08-01
A관(1공장),FRP_Color_Sph,Bella Diamond_14.5_중사각 + -03.50,접착,2026-07-31
A관(1공장),FRP_Color_Sph,Bella Diamond_14.5_중사각 + -03.50,하이드레이션,2026-07-29
A관(1공장),FRP_Color_Sph,Bella Diamond_14.5_중사각 + -04.00,누수규격,2026-08-01
A관(1공장),FRP_Color_Sph,Bella Diamond_14.5_중사각 + -04.00,접착,2026-07-31
A관(1공장),FRP_Color_Sph,Bella Diamond_14.5_중사각 + -04.00,하이드레이션,2026-07-29
A관(1공장),FRP_Color_Sph,Bella Diamond_14.5_중사각 + -04.50,누수규격,2026-08-01
A관(1공장),FRP_Color_Sph,Bella Diamond_14.5_중사각 + -04.50,접착,2026-07-31
A관(1공장),FRP_Color_Sph,Bella Diamond_14.5_중사각 + -04.50,하이드레이션,2026-07-29
A관(1공장),FRP_Color_Sph,Bella Diamond_14.5_중사각 + -04.75,누수규격,2026-08-01
A관(1공장),FRP_Color_Sph,Bella Diamond_14.5_중사각 + -04.75,접착,2026-07-31
A관(1공장),FRP_Color_Sph,Bella Diamond_14.5_중사각 + -04.75,하이드레이션,2026-07-29
A관(1공장),FRP_Color_Sph,Bella Diamond_14.5_중사각 + -05.25,누수규격,2026-08-01
A관(1공장),FRP_Color_Sph,Bella Diamond_14.5_중사각 + -05.25,접착,2026-07-31
A관(1공장),FRP_Color_Sph,Bella Diamond_14.5_중사각 + -05.25,하이드레이션,2026-07-29
A관(1공장),FRP_Color_Sph,Bella Diamond_14.5_중사각 + -05.50,누수규격,2026-08-01
A관(1공장),FRP_Color_Sph,Bella Diamond_14.5_중사각 + -05.50,접착,2026-07-31
A관(1공장),FRP_Color_Sph,Bella Diamond_14.5_중사각 + -05.50,하이드레이션,2026-07-29
A관(1공장),FRP_Color_Sph,Bella Diamond_14.5_중사각 + -05.75,누수규격,2026-08-01
A관(1공장),FRP_Color_Sph,Bella Diamond_14.5_중사각 + -05.75,접착,2026-07-31
A관(1공장),FRP_Color_Sph,Bella Diamond_14.5_중사각 + -05.75,하이드레이션,2026-07-29
A관(1공장),FRP_Color_Sph,Bella Diamond_14.5_중사각 + -06.00,누수규격,2026-08-01
A관(1공장),FRP_Color_Sph,Bella Diamond_14.5_중사각 + -06.00,접착,2026-07-31
A관(1공장),FRP_Color_Sph,Bella Diamond_14.5_중사각 + -06.00,하이드레이션,2026-07-29
A관(1공장),FRP_Color_Sph,Bella-Elite_14.5_중사각 + -00.00,누수규격,2026-08-01
A관(1공장),FRP_Color_Sph,Bella-Elite_14.5_중사각 + -00.00,접착,2026-07-31
A관(1공장),FRP_Color_Sph,Bella-Elite_14.5_중사각 + -00.00,하이드레이션,2026-07-29
A관(1공장),FRP_Color_Sph,Bella-Elite_14.5_중사각 + -00.50,누수규격,2026-08-01
A관(1공장),FRP_Color_Sph,Bella-Elite_14.5_중사각 + -00.50,접착,2026-07-31
A관(1공장),FRP_Color_Sph,Bella-Elite_14.5_중사각 + -00.50,하이드레이션,2026-07-29
A관(1공장),FRP_Color_Sph,Bella-Elite_14.5_중사각 + -01.50,누수규격,2026-08-01
A관(1공장),FRP_Color_Sph,Bella-Elite_14.5_중사각 + -01.50,접착,2026-07-31
A관(1공장),FRP_Color_Sph,Bella-Elite_14.5_중사각 + -01.50,하이드레이션,2026-07-29
A관(1공장),FRP_Color_Sph,Bella-Elite_14.5_중사각 + -01.75,누수규격,2026-08-01
A관(1공장),FRP_Color_Sph,Bella-Elite_14.5_중사각 + -01.75,접착,2026-07-31
A관(1공장),FRP_Color_Sph,Bella-Elite_14.5_중사각 + -01.75,하이드레이션,2026-07-29
A관(1공장),FRP_Color_Sph,Bella-Elite_14.5_중사각 + -02.25,누수규격,2026-08-01
A관(1공장),FRP_Color_Sph,Bella-Elite_14.5_중사각 + -02.25,접착,2026-07-31
A관(1공장),FRP_Color_Sph,Bella-Elite_14.5_중사각 + -02.25,하이드레이션,2026-07-29
A관(1공장),FRP_Color_Sph,Bella-Elite_14.5_중사각 + -02.50,누수규격,2026-08-01
A관(1공장),FRP_Color_Sph,Bella-Elite_14.5_중사각 + -02.50,접착,2026-07-31
A관(1공장),FRP_Color_Sph,Bella-Elite_14.5_중사각 + -02.50,하이드레이션,2026-07-29
A관(1공장),FRP_Color_Sph,Bella-Elite_14.5_중사각 + -02.75,누수규격,2026-08-01
A관(1공장),FRP_Color_Sph,Bella-Elite_14.5_중사각 + -02.75,접착,2026-07-31
A관(1공장),FRP_Color_Sph,Bella-Elite_14.5_중사각 + -02.75,하이드레이션,2026-07-29
A관(1공장),FRP_Color_Sph,Bella-Elite_14.5_중사각 + -03.00,누수규격,2026-08-01
A관(1공장),FRP_Color_Sph,Bella-Elite_14.5_중사각 + -03.00,접착,2026-07-31
A관(1공장),FRP_Color_Sph,Bella-Elite_14.5_중사각 + -03.00,하이드레이션,2026-07-29
A관(1공장),FRP_Color_Sph,Bella-Elite_14.5_중사각 + -03.25,누수규격,2026-08-01
A관(1공장),FRP_Color_Sph,Bella-Elite_14.5_중사각 + -03.25,접착,2026-07-31
A관(1공장),FRP_Color_Sph,Bella-Elite_14.5_중사각 + -03.25,하이드레이션,2026-07-29
A관(1공장),FRP_Color_Sph,Bella-Elite_14.5_중사각 + -03.50,누수규격,2026-08-01
A관(1공장),FRP_Color_Sph,Bella-Elite_14.5_중사각 + -03.50,접착,2026-07-31
A관(1공장),FRP_Color_Sph,Bella-Elite_14.5_중사각 + -03.50,하이드레이션,2026-07-29
A관(1공장),FRP_Color_Sph,Bella-Elite_14.5_중사각 + -04.00,누수규격,2026-08-01
A관(1공장),FRP_Color_Sph,Bella-Elite_14.5_중사각 + -04.00,접착,2026-07-31
A관(1공장),FRP_Color_Sph,Bella-Elite_14.5_중사각 + -04.00,하이드레이션,2026-07-29
A관(1공장),FRP_Color_Sph,Bella-Elite_14.5_중사각 + -04.50,누수규격,2026-08-01
A관(1공장),FRP_Color_Sph,Bella-Elite_14.5_중사각 + -04.50,접착,2026-07-31
A관(1공장),FRP_Color_Sph,Bella-Elite_14.5_중사각 + -04.50,하이드레이션,2026-07-29
A관(1공장),FRP_Color_Sph,Bella-Elite_14.5_중사각 + -05.25,누수규격,2026-08-01
A관(1공장),FRP_Color_Sph,Bella-Elite_14.5_중사각 + -05.25,접착,2026-07-31
A관(1공장),FRP_Color_Sph,Bella-Elite_14.5_중사각 + -05.25,하이드레이션,2026-07-29
A관(1공장),FRP_Color_Sph,Bella-Elite_14.5_중사각 + -05.75,누수규격,2026-08-01
A관(1공장),FRP_Color_Sph,Bella-Elite_14.5_중사각 + -05.75,접착,2026-07-31
A관(1공장),FRP_Color_Sph,Bella-Elite_14.5_중사각 + -05.75,하이드레이션,2026-07-29
A관(1공장),FRP_Color_Sph,Bella-Elite_14.5_중사각 + -06.00,누수규격,2026-08-01
A관(1공장),FRP_Color_Sph,Bella-Elite_14.5_중사각 + -06.00,접착,2026-07-31
A관(1공장),FRP_Color_Sph,Bella-Elite_14.5_중사각 + -06.00,하이드레이션,2026-07-29
A관(1공장),FRP_Color_Sph,Bella-Natural_14.5_중사각 + -00.00,누수규격,2026-07-21
A관(1공장),FRP_Color_Sph,Bella-Natural_14.5_중사각 + -00.00,접착,2026-07-20
A관(1공장),FRP_Color_Sph,Bella-Natural_14.5_중사각 + -00.00,하이드레이션,2026-07-18
A관(1공장),FRP_Color_Sph,Bella-Oneday_중사각 + -00.00,누수규격,2026-07-21
A관(1공장),FRP_Color_Sph,Bella-Oneday_중사각 + -00.00,접착,2026-07-20
A관(1공장),FRP_Color_Sph,Bella-Oneday_중사각 + -00.00,하이드레이션,2026-07-18
A관(1공장),FRP_Color_Sph,Bella-SnowWhite_14.5_원형 + -00.00,누수규격,2026-08-01
A관(1공장),FRP_Color_Sph,Bella-SnowWhite_14.5_원형 + -00.00,접착,2026-07-31
A관(1공장),FRP_Color_Sph,Bella-SnowWhite_14.5_원형 + -00.00,하이드레이션,2026-07-29
A관(1공장),FRP_Color_Sph,Bella-SnowWhite_14.5_원형 + -01.50,누수규격,2026-08-01
A관(1공장),FRP_Color_Sph,Bella-SnowWhite_14.5_원형 + -01.50,접착,2026-07-31
A관(1공장),FRP_Color_Sph,Bella-SnowWhite_14.5_원형 + -01.50,하이드레이션,2026-07-29
A관(1공장),FRP_Color_Sph,Bella-SnowWhite_14.5_원형 + -03.00,누수규격,2026-08-01
A관(1공장),FRP_Color_Sph,Bella-SnowWhite_14.5_원형 + -03.00,접착,2026-07-31
A관(1공장),FRP_Color_Sph,Bella-SnowWhite_14.5_원형 + -03.00,하이드레이션,2026-07-29
A관(1공장),FRP_Color_Sph,Bella-SnowWhite_14.5_원형 + -03.50,누수규격,2026-08-01
A관(1공장),FRP_Color_Sph,Bella-SnowWhite_14.5_원형 + -03.50,접착,2026-07-31
A관(1공장),FRP_Color_Sph,Bella-SnowWhite_14.5_원형 + -03.50,하이드레이션,2026-07-29
A관(1공장),FRP_Color_Sph,Bella-SnowWhite_14.5_원형 + -04.50,누수규격,2026-08-01
A관(1공장),FRP_Color_Sph,Bella-SnowWhite_14.5_원형 + -04.50,접착,2026-07-31
A관(1공장),FRP_Color_Sph,Bella-SnowWhite_14.5_원형 + -04.50,하이드레이션,2026-07-29
A관(1공장),FRP_Color_Sph,Bella-SnowWhite_14.5_원형 + -05.50,누수규격,2026-08-01
A관(1공장),FRP_Color_Sph,Bella-SnowWhite_14.5_원형 + -05.50,접착,2026-07-31
A관(1공장),FRP_Color_Sph,Bella-SnowWhite_14.5_원형 + -05.50,하이드레이션,2026-07-29
A관(1공장),FRP_Color_Sph,Bella-SnowWhite_14.5_원형 + -06.00,누수규격,2026-08-01
A관(1공장),FRP_Color_Sph,Bella-SnowWhite_14.5_원형 + -06.00,접착,2026-07-31
A관(1공장),FRP_Color_Sph,Bella-SnowWhite_14.5_원형 + -06.00,하이드레이션,2026-07-29
A관(1공장),FRP_Color_Sph,Bella-SnowWhite_14.5_중사각 + -00.00,누수규격,2026-07-21
A관(1공장),FRP_Color_Sph,Bella-SnowWhite_14.5_중사각 + -00.00,접착,2026-07-20
A관(1공장),FRP_Color_Sph,Bella-SnowWhite_14.5_중사각 + -00.00,하이드레이션,2026-07-18
A관(1공장),FRP_Color_Sph,Bella-SnowWhite_14.5_중사각 + -02.50,누수규격,2026-07-21
A관(1공장),FRP_Color_Sph,Bella-SnowWhite_14.5_중사각 + -02.50,접착,2026-07-20
A관(1공장),FRP_Color_Sph,Bella-SnowWhite_14.5_중사각 + -02.50,하이드레이션,2026-07-18
A관(1공장),FRP_Color_Sph,Bella-SnowWhite_14.5_중사각 + -03.00,누수규격,2026-07-21
A관(1공장),FRP_Color_Sph,Bella-SnowWhite_14.5_중사각 + -03.00,접착,2026-07-20
A관(1공장),FRP_Color_Sph,Bella-SnowWhite_14.5_중사각 + -03.00,하이드레이션,2026-07-18
A관(1공장),FRP_Color_Sph,Bella-SnowWhite_14.5_중사각 + -03.50,누수규격,2026-07-21
A관(1공장),FRP_Color_Sph,Bella-SnowWhite_14.5_중사각 + -03.50,접착,2026-07-20
A관(1공장),FRP_Color_Sph,Bella-SnowWhite_14.5_중사각 + -03.50,하이드레이션,2026-07-18
A관(1공장),FRP_Color_Sph,Bella-SnowWhite_14.5_중사각 + -04.25,누수규격,2026-07-21
A관(1공장),FRP_Color_Sph,Bella-SnowWhite_14.5_중사각 + -04.25,접착,2026-07-20
A관(1공장),FRP_Color_Sph,Bella-SnowWhite_14.5_중사각 + -04.25,하이드레이션,2026-07-18
A관(1공장),FRP_Color_Sph,Bella-SnowWhite_14.5_중사각 + -04.50,누수규격,2026-07-21
A관(1공장),FRP_Color_Sph,Bella-SnowWhite_14.5_중사각 + -04.50,접착,2026-07-20
A관(1공장),FRP_Color_Sph,Bella-SnowWhite_14.5_중사각 + -04.50,하이드레이션,2026-07-18
A관(1공장),FRP_Color_Sph,Bella-SnowWhite_14.5_중사각 + -05.00,누수규격,2026-07-21
A관(1공장),FRP_Color_Sph,Bella-SnowWhite_14.5_중사각 + -05.00,접착,2026-07-20
A관(1공장),FRP_Color_Sph,Bella-SnowWhite_14.5_중사각 + -05.00,하이드레이션,2026-07-18
A관(1공장),FRP_Color_Sph,Bella-SnowWhite_14.5_중사각 + -05.25,누수규격,2026-07-21
A관(1공장),FRP_Color_Sph,Bella-SnowWhite_14.5_중사각 + -05.25,접착,2026-07-20
A관(1공장),FRP_Color_Sph,Bella-SnowWhite_14.5_중사각 + -05.25,하이드레이션,2026-07-18
A관(1공장),FRP_Color_Sph,Bella-SnowWhite_14.5_중사각 + -05.50,누수규격,2026-07-21
A관(1공장),FRP_Color_Sph,Bella-SnowWhite_14.5_중사각 + -05.50,접착,2026-07-20
A관(1공장),FRP_Color_Sph,Bella-SnowWhite_14.5_중사각 + -05.50,하이드레이션,2026-07-18
A관(1공장),FRP_Color_Sph,Bella-SnowWhite_14.5_중사각 + -05.75,누수규격,2026-07-21
A관(1공장),FRP_Color_Sph,Bella-SnowWhite_14.5_중사각 + -05.75,접착,2026-07-20
A관(1공장),FRP_Color_Sph,Bella-SnowWhite_14.5_중사각 + -05.75,하이드레이션,2026-07-18
A관(1공장),FRP_Color_Sph,Bella-SnowWhite_14.5_중사각 + -06.00,누수규격,2026-07-21
A관(1공장),FRP_Color_Sph,Bella-SnowWhite_14.5_중사각 + -06.00,접착,2026-07-20
A관(1공장),FRP_Color_Sph,Bella-SnowWhite_14.5_중사각 + -06.00,하이드레이션,2026-07-18
A관(1공장),FRP_Color_Sph,Bella-SnowWhite_14.5_중사각 + -06.50,누수규격,2026-07-21
A관(1공장),FRP_Color_Sph,Bella-SnowWhite_14.5_중사각 + -06.50,접착,2026-07-20
A관(1공장),FRP_Color_Sph,Bella-SnowWhite_14.5_중사각 + -06.50,하이드레이션,2026-07-18
A관(1공장),FRP_Color_Sph,Bella-SnowWhite_14.5_중사각 + -07.50,누수규격,2026-07-21
A관(1공장),FRP_Color_Sph,Bella-SnowWhite_14.5_중사각 + -07.50,접착,2026-07-20
A관(1공장),FRP_Color_Sph,Bella-SnowWhite_14.5_중사각 + -07.50,하이드레이션,2026-07-18
A관(1공장),FRP_Color_Sph,Bella-SnowWhite_14.5_중사각 + -08.00,누수규격,2026-07-21
A관(1공장),FRP_Color_Sph,Bella-SnowWhite_14.5_중사각 + -08.00,접착,2026-07-20
A관(1공장),FRP_Color_Sph,Bella-SnowWhite_14.5_중사각 + -08.00,하이드레이션,2026-07-18
A관(1공장),FRP_Color_Sph,Bella-SnowWhite_14.5_중사각 + -08.50,누수규격,2026-07-21
A관(1공장),FRP_Color_Sph,Bella-SnowWhite_14.5_중사각 + -08.50,접착,2026-07-20
A관(1공장),FRP_Color_Sph,Bella-SnowWhite_14.5_중사각 + -08.50,하이드레이션,2026-07-18
A관(1공장),FRP_Color_Sph,Bella-SnowWhite_14.5_중사각 + -10.00,누수규격,2026-07-21
A관(1공장),FRP_Color_Sph,Bella-SnowWhite_14.5_중사각 + -10.00,접착,2026-07-20
A관(1공장),FRP_Color_Sph,Bella-SnowWhite_14.5_중사각 + -10.00,하이드레이션,2026-07-18
A관(1공장),FRP_Color_Sph,CLC-30_원형 + -00.00,누수규격,2026-07-06
A관(1공장),FRP_Color_Sph,CLC-30_원형 + -00.00,접착,2026-07-05
A관(1공장),FRP_Color_Sph,CLC-30_원형 + -00.00,하이드레이션,2026-07-03
A관(1공장),FRP_Color_Sph,CLC-30_원형 + -08.50,누수규격,2026-07-06
A관(1공장),FRP_Color_Sph,CLC-30_원형 + -08.50,접착,2026-07-05
A관(1공장),FRP_Color_Sph,CLC-30_원형 + -08.50,하이드레이션,2026-07-03
A관(1공장),FRP_Color_Sph,Cihan Elegance_중사각 + +02.50,누수규격,2026-07-26
A관(1공장),FRP_Color_Sph,Cihan Elegance_중사각 + +02.50,접착,2026-07-25
A관(1공장),FRP_Color_Sph,Cihan Elegance_중사각 + +02.50,하이드레이션,2026-07-23
A관(1공장),FRP_Color_Sph,Cihan Elegance_중사각 + +02.75,누수규격,2026-07-26
A관(1공장),FRP_Color_Sph,Cihan Elegance_중사각 + +02.75,접착,2026-07-25
A관(1공장),FRP_Color_Sph,Cihan Elegance_중사각 + +02.75,하이드레이션,2026-07-23
A관(1공장),FRP_Color_Sph,Cihan Elegance_중사각 + +03.25,누수규격,2026-07-26
A관(1공장),FRP_Color_Sph,Cihan Elegance_중사각 + +03.25,접착,2026-07-25
A관(1공장),FRP_Color_Sph,Cihan Elegance_중사각 + +03.25,하이드레이션,2026-07-23
A관(1공장),FRP_Color_Sph,Cihan Elegance_중사각 + +05.00,누수규격,2026-07-26
A관(1공장),FRP_Color_Sph,Cihan Elegance_중사각 + +05.00,접착,2026-07-25
A관(1공장),FRP_Color_Sph,Cihan Elegance_중사각 + +05.00,하이드레이션,2026-07-23
A관(1공장),FRP_Color_Sph,Cihan Elegance_중사각 + -00.00,누수규격,2026-07-26
A관(1공장),FRP_Color_Sph,Cihan Elegance_중사각 + -00.00,접착,2026-07-25
A관(1공장),FRP_Color_Sph,Cihan Elegance_중사각 + -00.00,하이드레이션,2026-07-23
A관(1공장),FRP_Color_Sph,Cihan Elegance_중사각 + -01.50,누수규격,2026-07-26
A관(1공장),FRP_Color_Sph,Cihan Elegance_중사각 + -01.50,접착,2026-07-25
A관(1공장),FRP_Color_Sph,Cihan Elegance_중사각 + -01.50,하이드레이션,2026-07-23
A관(1공장),FRP_Color_Sph,Cihan Elegance_중사각 + -01.75,누수규격,2026-07-26
A관(1공장),FRP_Color_Sph,Cihan Elegance_중사각 + -01.75,접착,2026-07-25
A관(1공장),FRP_Color_Sph,Cihan Elegance_중사각 + -01.75,하이드레이션,2026-07-23
A관(1공장),FRP_Color_Sph,Cihan Elegance_중사각 + -02.25,누수규격,2026-07-26
A관(1공장),FRP_Color_Sph,Cihan Elegance_중사각 + -02.25,접착,2026-07-25
A관(1공장),FRP_Color_Sph,Cihan Elegance_중사각 + -02.25,하이드레이션,2026-07-23
A관(1공장),FRP_Color_Sph,Cihan Elegance_중사각 + -02.50,누수규격,2026-07-26
A관(1공장),FRP_Color_Sph,Cihan Elegance_중사각 + -02.50,접착,2026-07-25
A관(1공장),FRP_Color_Sph,Cihan Elegance_중사각 + -02.50,하이드레이션,2026-07-23
A관(1공장),FRP_Color_Sph,Cihan Elegance_중사각 + -02.75,누수규격,2026-07-26
A관(1공장),FRP_Color_Sph,Cihan Elegance_중사각 + -02.75,접착,2026-07-25
A관(1공장),FRP_Color_Sph,Cihan Elegance_중사각 + -02.75,하이드레이션,2026-07-23
A관(1공장),FRP_Color_Sph,Cihan Elegance_중사각 + -03.00,누수규격,2026-07-26
A관(1공장),FRP_Color_Sph,Cihan Elegance_중사각 + -03.00,접착,2026-07-25
A관(1공장),FRP_Color_Sph,Cihan Elegance_중사각 + -03.00,하이드레이션,2026-07-23
A관(1공장),FRP_Color_Sph,Cihan Elegance_중사각 + -03.50,누수규격,2026-07-26
A관(1공장),FRP_Color_Sph,Cihan Elegance_중사각 + -03.50,접착,2026-07-25
A관(1공장),FRP_Color_Sph,Cihan Elegance_중사각 + -03.50,하이드레이션,2026-07-23
A관(1공장),FRP_Color_Sph,Cihan Elegance_중사각 + -03.75,누수규격,2026-07-26
A관(1공장),FRP_Color_Sph,Cihan Elegance_중사각 + -04.00,누수규격,2026-07-26
A관(1공장),FRP_Color_Sph,Cihan Elegance_중사각 + -04.00,접착,2026-07-25
A관(1공장),FRP_Color_Sph,Cihan Elegance_중사각 + -04.00,하이드레이션,2026-07-23
A관(1공장),FRP_Color_Sph,Cihan Elegance_중사각 + -05.50,누수규격,2026-07-26
A관(1공장),FRP_Color_Sph,Cihan Elegance_중사각 + -05.50,접착,2026-07-25
A관(1공장),FRP_Color_Sph,Cihan Elegance_중사각 + -06.00,누수규격,2026-07-26
A관(1공장),FRP_Color_Sph,Cihan Elegance_중사각 + -06.00,접착,2026-07-25
A관(1공장),FRP_Color_Sph,Cihan Elegance_중사각 + -06.00,하이드레이션,2026-07-23
A관(1공장),FRP_Color_Sph,Cihan Sophistic_중사각 + -00.00,누수규격,2026-07-26
A관(1공장),FRP_Color_Sph,Cihan Sophistic_중사각 + -00.00,접착,2026-07-25
A관(1공장),FRP_Color_Sph,Cihan Sophistic_중사각 + -00.00,하이드레이션,2026-07-23
A관(1공장),FRP_Color_Sph,Cihan Sophistic_중사각 + -01.00,누수규격,2026-07-26
A관(1공장),FRP_Color_Sph,Cihan Sophistic_중사각 + -01.00,접착,2026-07-25
A관(1공장),FRP_Color_Sph,Cihan Sophistic_중사각 + -01.00,하이드레이션,2026-07-23
A관(1공장),FRP_Color_Sph,Cihan Sophistic_중사각 + -02.00,누수규격,2026-07-26
A관(1공장),FRP_Color_Sph,Cihan Sophistic_중사각 + -02.00,접착,2026-07-25
A관(1공장),FRP_Color_Sph,Cihan Sophistic_중사각 + -02.00,하이드레이션,2026-07-23
A관(1공장),FRP_Color_Sph,Cihan Sophistic_중사각 + -04.00,누수규격,2026-07-26
A관(1공장),FRP_Color_Sph,Cihan Sophistic_중사각 + -04.00,접착,2026-07-25
A관(1공장),FRP_Color_Sph,Clalen Iris_BRW_3301_원형 + -00.00,누수규격,2026-08-01
A관(1공장),FRP_Color_Sph,Clalen Iris_BRW_3301_원형 + -00.00,접착,2026-07-31
A관(1공장),FRP_Color_Sph,Clalen Iris_BRW_3301_원형 + -00.00,하이드레이션,2026-07-29
A관(1공장),FRP_Color_Sph,Clalen Iris_BRW_3301_원형 + -00.50,누수규격,2026-08-01
A관(1공장),FRP_Color_Sph,Clalen Iris_BRW_3301_원형 + -00.50,접착,2026-07-31
A관(1공장),FRP_Color_Sph,Clalen Iris_BRW_3301_원형 + -00.50,하이드레이션,2026-07-29
A관(1공장),FRP_Color_Sph,Clalen Iris_BRW_3301_원형 + -01.00,누수규격,2026-08-01
A관(1공장),FRP_Color_Sph,Clalen Iris_BRW_3301_원형 + -01.00,접착,2026-07-31
A관(1공장),FRP_Color_Sph,Clalen Iris_BRW_3301_원형 + -01.00,하이드레이션,2026-07-29
A관(1공장),FRP_Color_Sph,Clalen Iris_BRW_3301_원형 + -01.25,누수규격,2026-08-01
A관(1공장),FRP_Color_Sph,Clalen Iris_BRW_3301_원형 + -01.25,접착,2026-07-31
A관(1공장),FRP_Color_Sph,Clalen Iris_BRW_3301_원형 + -01.25,하이드레이션,2026-07-29
A관(1공장),FRP_Color_Sph,Clalen Iris_BRW_3301_원형 + -01.75,누수규격,2026-08-01
A관(1공장),FRP_Color_Sph,Clalen Iris_BRW_3301_원형 + -01.75,접착,2026-07-31
A관(1공장),FRP_Color_Sph,Clalen Iris_BRW_3301_원형 + -01.75,하이드레이션,2026-07-29
A관(1공장),FRP_Color_Sph,Clalen Iris_BRW_3301_원형 + -02.00,누수규격,2026-08-01
A관(1공장),FRP_Color_Sph,Clalen Iris_BRW_3301_원형 + -02.00,접착,2026-07-31
A관(1공장),FRP_Color_Sph,Clalen Iris_BRW_3301_원형 + -02.00,하이드레이션,2026-07-29
A관(1공장),FRP_Color_Sph,Clalen Iris_BRW_3301_원형 + -02.25,누수규격,2026-08-01
A관(1공장),FRP_Color_Sph,Clalen Iris_BRW_3301_원형 + -02.25,접착,2026-07-31
A관(1공장),FRP_Color_Sph,Clalen Iris_BRW_3301_원형 + -02.25,하이드레이션,2026-07-29
A관(1공장),FRP_Color_Sph,Clalen Iris_BRW_3301_원형 + -02.75,누수규격,2026-08-01
A관(1공장),FRP_Color_Sph,Clalen Iris_BRW_3301_원형 + -02.75,접착,2026-07-31
A관(1공장),FRP_Color_Sph,Clalen Iris_BRW_3301_원형 + -02.75,하이드레이션,2026-07-29
A관(1공장),FRP_Color_Sph,Clalen Iris_BRW_3301_원형 + -03.00,누수규격,2026-08-01
A관(1공장),FRP_Color_Sph,Clalen Iris_BRW_3301_원형 + -03.00,접착,2026-07-31
A관(1공장),FRP_Color_Sph,Clalen Iris_BRW_3301_원형 + -03.00,하이드레이션,2026-07-29
A관(1공장),FRP_Color_Sph,Clalen Iris_BRW_3301_원형 + -03.25,누수규격,2026-08-01
A관(1공장),FRP_Color_Sph,Clalen Iris_BRW_3301_원형 + -03.25,접착,2026-07-31
A관(1공장),FRP_Color_Sph,Clalen Iris_BRW_3301_원형 + -03.25,하이드레이션,2026-07-29
A관(1공장),FRP_Color_Sph,Clalen Iris_BRW_3301_원형 + -03.50,누수규격,2026-08-01
A관(1공장),FRP_Color_Sph,Clalen Iris_BRW_3301_원형 + -03.50,접착,2026-07-31
A관(1공장),FRP_Color_Sph,Clalen Iris_BRW_3301_원형 + -03.50,하이드레이션,2026-07-29
A관(1공장),FRP_Color_Sph,Clalen Iris_BRW_3301_원형 + -04.00,누수규격,2026-08-01
A관(1공장),FRP_Color_Sph,Clalen Iris_BRW_3301_원형 + -04.00,접착,2026-07-31
A관(1공장),FRP_Color_Sph,Clalen Iris_BRW_3301_원형 + -04.00,하이드레이션,2026-07-29
A관(1공장),FRP_Color_Sph,Clalen Iris_BRW_3301_원형 + -04.25,누수규격,2026-08-01
A관(1공장),FRP_Color_Sph,Clalen Iris_BRW_3301_원형 + -04.25,접착,2026-07-31
A관(1공장),FRP_Color_Sph,Clalen Iris_BRW_3301_원형 + -04.25,하이드레이션,2026-07-29
A관(1공장),FRP_Color_Sph,Clalen Iris_BRW_3301_원형 + -04.50,누수규격,2026-08-01
A관(1공장),FRP_Color_Sph,Clalen Iris_BRW_3301_원형 + -04.50,접착,2026-07-31
A관(1공장),FRP_Color_Sph,Clalen Iris_BRW_3301_원형 + -04.50,하이드레이션,2026-07-29
A관(1공장),FRP_Color_Sph,Clalen Iris_BRW_3301_원형 + -04.75,누수규격,2026-08-01
A관(1공장),FRP_Color_Sph,Clalen Iris_BRW_3301_원형 + -04.75,접착,2026-07-31
A관(1공장),FRP_Color_Sph,Clalen Iris_BRW_3301_원형 + -04.75,하이드레이션,2026-07-29
A관(1공장),FRP_Color_Sph,Clalen Iris_BRW_3301_원형 + -05.00,누수규격,2026-08-01
A관(1공장),FRP_Color_Sph,Clalen Iris_BRW_3301_원형 + -05.00,접착,2026-07-31
A관(1공장),FRP_Color_Sph,Clalen Iris_BRW_3301_원형 + -05.00,하이드레이션,2026-07-29
A관(1공장),FRP_Color_Sph,Clalen Iris_BRW_3301_원형 + -05.50,누수규격,2026-08-01
A관(1공장),FRP_Color_Sph,Clalen Iris_BRW_3301_원형 + -05.50,접착,2026-07-31
A관(1공장),FRP_Color_Sph,Clalen Iris_BRW_3301_원형 + -05.50,하이드레이션,2026-07-29
A관(1공장),FRP_Color_Sph,Clalen Iris_BRW_3301_원형 + -06.00,누수규격,2026-08-01
A관(1공장),FRP_Color_Sph,Clalen Iris_BRW_3301_원형 + -06.00,접착,2026-07-31
A관(1공장),FRP_Color_Sph,Clalen Iris_BRW_3301_원형 + -06.00,하이드레이션,2026-07-29
A관(1공장),FRP_Color_Sph,Festival-II-Color_원형 + -00.00,누수규격,2026-07-09
A관(1공장),FRP_Color_Sph,Festival-II-Color_원형 + -00.00,접착,2026-07-08
A관(1공장),FRP_Color_Sph,Festival-II-Color_원형 + -00.00,하이드레이션,2026-07-06
A관(1공장),FRP_Color_Sph,Festival-II-Color_원형 + -01.50,누수규격,2026-08-03
A관(1공장),FRP_Color_Sph,Festival-II-Color_원형 + -01.50,접착,2026-08-02
A관(1공장),FRP_Color_Sph,Festival-II-Color_원형 + -01.50,하이드레이션,2026-07-31
A관(1공장),FRP_Color_Sph,Festival-II-Color_원형 + -02.50,누수규격,2026-08-03
A관(1공장),FRP_Color_Sph,Festival-II-Color_원형 + -02.50,접착,2026-08-02
A관(1공장),FRP_Color_Sph,Festival-II-Color_원형 + -02.50,하이드레이션,2026-07-31
A관(1공장),FRP_Color_Sph,Festival-II-Color_원형 + -04.00,누수규격,2026-08-03
A관(1공장),FRP_Color_Sph,Festival-II-Color_원형 + -04.00,접착,2026-08-02
A관(1공장),FRP_Color_Sph,Festival-II-Color_원형 + -04.00,하이드레이션,2026-07-31
A관(1공장),FRP_Color_Sph,Hapa M_Bam Brown_Dear Deer_(중) + -00.00,누수규격,2026-08-01
A관(1공장),FRP_Color_Sph,Hapa M_Bam Brown_Dear Deer_(중) + -00.00,접착,2026-07-31
A관(1공장),FRP_Color_Sph,Hapa M_Bam Brown_Dear Deer_(중) + -00.00,하이드레이션,2026-07-29
A관(1공장),FRP_Color_Sph,Hapa M_Bam Brown_Dear Deer_(중) + -00.50,누수규격,2026-08-01
A관(1공장),FRP_Color_Sph,Hapa M_Bam Brown_Dear Deer_(중) + -00.50,접착,2026-07-31
A관(1공장),FRP_Color_Sph,Hapa M_Bam Brown_Dear Deer_(중) + -00.50,하이드레이션,2026-07-29
A관(1공장),FRP_Color_Sph,Hapa M_Bam Brown_Dear Deer_(중) + -01.00,누수규격,2026-08-01
A관(1공장),FRP_Color_Sph,Hapa M_Bam Brown_Dear Deer_(중) + -01.00,접착,2026-07-31
A관(1공장),FRP_Color_Sph,Hapa M_Bam Brown_Dear Deer_(중) + -01.00,하이드레이션,2026-07-29
A관(1공장),FRP_Color_Sph,Hapa M_Bam Brown_Dear Deer_(중) + -01.25,누수규격,2026-08-01
A관(1공장),FRP_Color_Sph,Hapa M_Bam Brown_Dear Deer_(중) + -01.25,접착,2026-07-31
A관(1공장),FRP_Color_Sph,Hapa M_Bam Brown_Dear Deer_(중) + -01.25,하이드레이션,2026-07-29
A관(1공장),FRP_Color_Sph,Hapa M_Bam Brown_Dear Deer_(중) + -01.75,누수규격,2026-08-01
A관(1공장),FRP_Color_Sph,Hapa M_Bam Brown_Dear Deer_(중) + -01.75,접착,2026-07-31
A관(1공장),FRP_Color_Sph,Hapa M_Bam Brown_Dear Deer_(중) + -01.75,하이드레이션,2026-07-29
A관(1공장),FRP_Color_Sph,Hapa M_Bam Brown_Dear Deer_(중) + -02.00,누수규격,2026-08-01
A관(1공장),FRP_Color_Sph,Hapa M_Bam Brown_Dear Deer_(중) + -02.00,접착,2026-07-31
A관(1공장),FRP_Color_Sph,Hapa M_Bam Brown_Dear Deer_(중) + -02.00,하이드레이션,2026-07-29
A관(1공장),FRP_Color_Sph,Hapa M_Bam Brown_Dear Deer_(중) + -02.25,누수규격,2026-08-01
A관(1공장),FRP_Color_Sph,Hapa M_Bam Brown_Dear Deer_(중) + -02.25,접착,2026-07-31
A관(1공장),FRP_Color_Sph,Hapa M_Bam Brown_Dear Deer_(중) + -02.25,하이드레이션,2026-07-29
A관(1공장),FRP_Color_Sph,Hapa M_Bam Brown_Dear Deer_(중) + -02.50,누수규격,2026-08-01
A관(1공장),FRP_Color_Sph,Hapa M_Bam Brown_Dear Deer_(중) + -02.50,접착,2026-07-31
A관(1공장),FRP_Color_Sph,Hapa M_Bam Brown_Dear Deer_(중) + -02.50,하이드레이션,2026-07-29
A관(1공장),FRP_Color_Sph,Hapa M_Bam Brown_Dear Deer_(중) + -03.00,누수규격,2026-08-01
A관(1공장),FRP_Color_Sph,Hapa M_Bam Brown_Dear Deer_(중) + -03.00,접착,2026-07-31
A관(1공장),FRP_Color_Sph,Hapa M_Bam Brown_Dear Deer_(중) + -03.00,하이드레이션,2026-07-29
A관(1공장),FRP_Color_Sph,Hapa M_Bam Brown_Dear Deer_(중) + -03.50,누수규격,2026-08-01
A관(1공장),FRP_Color_Sph,Hapa M_Bam Brown_Dear Deer_(중) + -03.50,접착,2026-07-31
A관(1공장),FRP_Color_Sph,Hapa M_Bam Brown_Dear Deer_(중) + -03.50,하이드레이션,2026-07-29
A관(1공장),FRP_Color_Sph,Hapa M_Bam Brown_Dear Deer_(중) + -04.25,누수규격,2026-08-01
A관(1공장),FRP_Color_Sph,Hapa M_Bam Brown_Dear Deer_(중) + -04.25,접착,2026-07-31
A관(1공장),FRP_Color_Sph,Hapa M_Bam Brown_Dear Deer_(중) + -04.25,하이드레이션,2026-07-29
A관(1공장),FRP_Color_Sph,Hapa M_Bam Brown_Dear Deer_(중) + -04.75,누수규격,2026-08-01
A관(1공장),FRP_Color_Sph,Hapa M_Bam Brown_Dear Deer_(중) + -04.75,접착,2026-07-31
A관(1공장),FRP_Color_Sph,Hapa M_Bam Brown_Dear Deer_(중) + -04.75,하이드레이션,2026-07-29
A관(1공장),FRP_Color_Sph,Hapa M_Bam Brown_Dear Deer_(중) + -05.00,누수규격,2026-08-01
A관(1공장),FRP_Color_Sph,Hapa M_Bam Brown_Dear Deer_(중) + -05.00,접착,2026-07-31
A관(1공장),FRP_Color_Sph,Hapa M_Bam Brown_Dear Deer_(중) + -05.00,하이드레이션,2026-07-29
A관(1공장),FRP_Color_Sph,Hapa M_Bam Brown_Dear Deer_(중) + -05.50,누수규격,2026-08-01
A관(1공장),FRP_Color_Sph,Hapa M_Bam Brown_Dear Deer_(중) + -05.50,접착,2026-07-31
A관(1공장),FRP_Color_Sph,Hapa M_Bam Brown_Dear Deer_(중) + -05.50,하이드레이션,2026-07-29
A관(1공장),FRP_Color_Sph,Hapa M_Bam Brown_Dear Deer_(중) + -06.00,누수규격,2026-08-01
A관(1공장),FRP_Color_Sph,Hapa M_Bam Brown_Dear Deer_(중) + -06.00,접착,2026-07-31
A관(1공장),FRP_Color_Sph,Hapa M_Bam Brown_Dear Deer_(중) + -06.00,하이드레이션,2026-07-29
A관(1공장),FRP_Color_Sph,Hapa M_First Love Kristin + -00.00,누수규격,2026-07-27
A관(1공장),FRP_Color_Sph,Hapa M_First Love Kristin + -00.00,접착,2026-07-26
A관(1공장),FRP_Color_Sph,Hapa M_First Love Kristin + -00.00,하이드레이션,2026-07-24
A관(1공장),FRP_Color_Sph,Hapa M_First Love Kristin + -01.50,누수규격,2026-07-27
A관(1공장),FRP_Color_Sph,Hapa M_First Love Kristin + -01.50,접착,2026-07-26
A관(1공장),FRP_Color_Sph,Hapa M_First Love Kristin + -01.50,하이드레이션,2026-07-24
A관(1공장),FRP_Color_Sph,Hapa M_First Love Kristin + -02.00,누수규격,2026-08-01
A관(1공장),FRP_Color_Sph,Hapa M_First Love Kristin + -02.00,접착,2026-07-31
A관(1공장),FRP_Color_Sph,Hapa M_First Love Kristin + -02.00,하이드레이션,2026-07-29
A관(1공장),FRP_Color_Sph,Hapa M_First Love Kristin + -02.50,누수규격,2026-08-01
A관(1공장),FRP_Color_Sph,Hapa M_First Love Kristin + -02.50,접착,2026-07-31
A관(1공장),FRP_Color_Sph,Hapa M_First Love Kristin + -02.50,하이드레이션,2026-07-29
A관(1공장),FRP_Color_Sph,Hapa M_First Love Kristin + -08.00,누수규격,2026-07-11
A관(1공장),FRP_Color_Sph,Hapa M_First Love Kristin + -08.00,접착,2026-07-10
A관(1공장),FRP_Color_Sph,Hapa M_First Love Kristin + -08.00,하이드레이션,2026-07-08
A관(1공장),FRP_Color_Sph,Hapa M_Glazed Kristin_Choco + -00.00,누수규격,2026-07-27
A관(1공장),FRP_Color_Sph,Hapa M_Glazed Kristin_Choco + -00.00,접착,2026-07-26
A관(1공장),FRP_Color_Sph,Hapa M_Glazed Kristin_Choco + -00.00,하이드레이션,2026-07-24
A관(1공장),FRP_Color_Sph,Hapa M_Glazed Kristin_Choco + -00.50,누수규격,2026-07-11
A관(1공장),FRP_Color_Sph,Hapa M_Glazed Kristin_Choco + -00.50,접착,2026-07-10
A관(1공장),FRP_Color_Sph,Hapa M_Glazed Kristin_Choco + -00.50,하이드레이션,2026-07-24
A관(1공장),FRP_Color_Sph,Hapa M_Glazed Kristin_Choco + -01.00,누수규격,2026-07-27
A관(1공장),FRP_Color_Sph,Hapa M_Glazed Kristin_Choco + -01.00,접착,2026-07-26
A관(1공장),FRP_Color_Sph,Hapa M_Glazed Kristin_Choco + -01.00,하이드레이션,2026-07-24
A관(1공장),FRP_Color_Sph,Hapa M_Glazed Kristin_Choco + -01.25,누수규격,2026-07-11
A관(1공장),FRP_Color_Sph,Hapa M_Glazed Kristin_Choco + -01.25,접착,2026-07-10
A관(1공장),FRP_Color_Sph,Hapa M_Glazed Kristin_Choco + -01.25,하이드레이션,2026-07-24
A관(1공장),FRP_Color_Sph,Hapa M_Glazed Kristin_Choco + -01.50,누수규격,2026-07-11
A관(1공장),FRP_Color_Sph,Hapa M_Glazed Kristin_Choco + -01.50,접착,2026-07-10
A관(1공장),FRP_Color_Sph,Hapa M_Glazed Kristin_Choco + -01.50,하이드레이션,2026-07-08
A관(1공장),FRP_Color_Sph,Hapa M_Glazed Kristin_Choco + -01.75,누수규격,2026-07-11
A관(1공장),FRP_Color_Sph,Hapa M_Glazed Kristin_Choco + -01.75,접착,2026-07-10
A관(1공장),FRP_Color_Sph,Hapa M_Glazed Kristin_Choco + -01.75,하이드레이션,2026-07-08
A관(1공장),FRP_Color_Sph,Hapa M_Glazed Kristin_Choco + -02.25,누수규격,2026-07-27
A관(1공장),FRP_Color_Sph,Hapa M_Glazed Kristin_Choco + -02.25,접착,2026-07-26
A관(1공장),FRP_Color_Sph,Hapa M_Glazed Kristin_Choco + -02.25,하이드레이션,2026-07-24
A관(1공장),FRP_Color_Sph,Hapa M_Glazed Kristin_Choco + -02.50,누수규격,2026-07-11
A관(1공장),FRP_Color_Sph,Hapa M_Glazed Kristin_Choco + -02.50,접착,2026-07-10
A관(1공장),FRP_Color_Sph,Hapa M_Glazed Kristin_Choco + -02.50,하이드레이션,2026-07-08
A관(1공장),FRP_Color_Sph,Hapa M_Glazed Kristin_Choco + -03.00,누수규격,2026-07-11
A관(1공장),FRP_Color_Sph,Hapa M_Glazed Kristin_Choco + -03.00,접착,2026-07-10
A관(1공장),FRP_Color_Sph,Hapa M_Glazed Kristin_Choco + -03.00,하이드레이션,2026-07-08
A관(1공장),FRP_Color_Sph,Hapa M_Glazed Kristin_Choco + -03.25,누수규격,2026-07-11
A관(1공장),FRP_Color_Sph,Hapa M_Glazed Kristin_Choco + -03.25,접착,2026-07-10
A관(1공장),FRP_Color_Sph,Hapa M_Glazed Kristin_Choco + -03.50,누수규격,2026-07-11
A관(1공장),FRP_Color_Sph,Hapa M_Glazed Kristin_Choco + -03.50,접착,2026-07-10
A관(1공장),FRP_Color_Sph,Hapa M_Glazed Kristin_Choco + -03.50,하이드레이션,2026-07-08
A관(1공장),FRP_Color_Sph,Hapa M_Glazed Kristin_Choco + -04.50,누수규격,2026-07-11
A관(1공장),FRP_Color_Sph,Hapa M_Glazed Kristin_Choco + -04.50,접착,2026-07-10
A관(1공장),FRP_Color_Sph,Hapa M_Glazed Kristin_Choco + -04.50,하이드레이션,2026-07-08
A관(1공장),FRP_Color_Sph,Hapa M_Glazed Kristin_Choco + -04.75,누수규격,2026-07-11
A관(1공장),FRP_Color_Sph,Hapa M_Glazed Kristin_Choco + -04.75,접착,2026-07-10
A관(1공장),FRP_Color_Sph,Hapa M_Glazed Kristin_Choco + -04.75,하이드레이션,2026-07-08
A관(1공장),FRP_Color_Sph,Hapa M_Glazed Kristin_Choco + -05.00,누수규격,2026-07-11
A관(1공장),FRP_Color_Sph,Hapa M_Glazed Kristin_Choco + -05.00,접착,2026-07-10
A관(1공장),FRP_Color_Sph,Hapa M_Glazed Kristin_Choco + -05.00,하이드레이션,2026-07-08
A관(1공장),FRP_Color_Sph,Hapa M_Glazed Kristin_Choco + -05.50,누수규격,2026-07-11
A관(1공장),FRP_Color_Sph,Hapa M_Glazed Kristin_Choco + -05.50,접착,2026-07-10
A관(1공장),FRP_Color_Sph,Hapa M_Glazed Kristin_Choco + -05.50,하이드레이션,2026-07-08
A관(1공장),FRP_Color_Sph,Hapa M_Glazed Kristin_Choco + -06.50,누수규격,2026-07-11
A관(1공장),FRP_Color_Sph,Hapa M_Glazed Kristin_Choco + -06.50,접착,2026-07-10
A관(1공장),FRP_Color_Sph,Hapa M_Glazed Kristin_Choco + -06.50,하이드레이션,2026-07-08
A관(1공장),FRP_Color_Sph,Hapa M_Glazed Kristin_Choco + -07.50,누수규격,2026-07-11
A관(1공장),FRP_Color_Sph,Hapa M_Glazed Kristin_Choco + -07.50,접착,2026-07-10
A관(1공장),FRP_Color_Sph,Hapa M_Glazed Kristin_Choco + -07.50,하이드레이션,2026-07-08
A관(1공장),FRP_Color_Sph,Hapa M_Gray_First Love Kristin + -00.00,누수규격,2026-07-27
A관(1공장),FRP_Color_Sph,Hapa M_Gray_First Love Kristin + -00.00,접착,2026-07-26
A관(1공장),FRP_Color_Sph,Hapa M_Gray_First Love Kristin + -00.00,하이드레이션,2026-07-24
A관(1공장),FRP_Color_Sph,Hapa M_Gray_First Love Kristin + -00.50,누수규격,2026-07-11
A관(1공장),FRP_Color_Sph,Hapa M_Gray_First Love Kristin + -00.50,접착,2026-07-10
A관(1공장),FRP_Color_Sph,Hapa M_Gray_First Love Kristin + -00.50,하이드레이션,2026-07-08
A관(1공장),FRP_Color_Sph,Hapa M_Gray_First Love Kristin + -01.25,누수규격,2026-07-11
A관(1공장),FRP_Color_Sph,Hapa M_Gray_First Love Kristin + -01.25,접착,2026-07-10
A관(1공장),FRP_Color_Sph,Hapa M_Gray_First Love Kristin + -01.25,하이드레이션,2026-07-08
A관(1공장),FRP_Color_Sph,Hapa M_Gray_First Love Kristin + -01.75,누수규격,2026-08-01
A관(1공장),FRP_Color_Sph,Hapa M_Gray_First Love Kristin + -01.75,접착,2026-07-31
A관(1공장),FRP_Color_Sph,Hapa M_Gray_First Love Kristin + -01.75,하이드레이션,2026-07-29
A관(1공장),FRP_Color_Sph,Hapa M_Gray_First Love Kristin + -02.00,누수규격,2026-08-01
A관(1공장),FRP_Color_Sph,Hapa M_Gray_First Love Kristin + -02.00,접착,2026-07-31
A관(1공장),FRP_Color_Sph,Hapa M_Gray_First Love Kristin + -02.00,하이드레이션,2026-07-29
A관(1공장),FRP_Color_Sph,Hapa M_Gray_First Love Kristin + -02.25,누수규격,2026-08-01
A관(1공장),FRP_Color_Sph,Hapa M_Gray_First Love Kristin + -02.25,접착,2026-07-31
A관(1공장),FRP_Color_Sph,Hapa M_Gray_First Love Kristin + -02.25,하이드레이션,2026-07-29
A관(1공장),FRP_Color_Sph,Hapa M_Gray_First Love Kristin + -02.50,누수규격,2026-08-01
A관(1공장),FRP_Color_Sph,Hapa M_Gray_First Love Kristin + -02.50,접착,2026-07-31
A관(1공장),FRP_Color_Sph,Hapa M_Gray_First Love Kristin + -02.50,하이드레이션,2026-07-29
A관(1공장),FRP_Color_Sph,Hapa M_Gray_First Love Kristin + -02.75,누수규격,2026-08-01
A관(1공장),FRP_Color_Sph,Hapa M_Gray_First Love Kristin + -02.75,접착,2026-07-31
A관(1공장),FRP_Color_Sph,Hapa M_Gray_First Love Kristin + -02.75,하이드레이션,2026-07-29
A관(1공장),FRP_Color_Sph,Hapa M_Gray_First Love Kristin + -03.00,누수규격,2026-07-11
A관(1공장),FRP_Color_Sph,Hapa M_Gray_First Love Kristin + -03.00,접착,2026-07-10
A관(1공장),FRP_Color_Sph,Hapa M_Gray_First Love Kristin + -03.00,하이드레이션,2026-07-08
A관(1공장),FRP_Color_Sph,Hapa M_Gray_First Love Kristin + -03.25,누수규격,2026-07-11
A관(1공장),FRP_Color_Sph,Hapa M_Gray_First Love Kristin + -03.25,접착,2026-07-10
A관(1공장),FRP_Color_Sph,Hapa M_Gray_First Love Kristin + -03.25,하이드레이션,2026-07-08
A관(1공장),FRP_Color_Sph,Hapa M_Gray_First Love Kristin + -03.50,누수규격,2026-08-01
A관(1공장),FRP_Color_Sph,Hapa M_Gray_First Love Kristin + -03.50,접착,2026-07-31
A관(1공장),FRP_Color_Sph,Hapa M_Gray_First Love Kristin + -03.50,하이드레이션,2026-07-29
A관(1공장),FRP_Color_Sph,Hapa M_Gray_First Love Kristin + -04.00,누수규격,2026-07-11
A관(1공장),FRP_Color_Sph,Hapa M_Gray_First Love Kristin + -04.00,접착,2026-07-10
A관(1공장),FRP_Color_Sph,Hapa M_Gray_First Love Kristin + -04.00,하이드레이션,2026-07-08
A관(1공장),FRP_Color_Sph,Hapa M_Gray_First Love Kristin + -04.25,누수규격,2026-08-01
A관(1공장),FRP_Color_Sph,Hapa M_Gray_First Love Kristin + -04.25,접착,2026-07-31
A관(1공장),FRP_Color_Sph,Hapa M_Gray_First Love Kristin + -04.25,하이드레이션,2026-07-29
A관(1공장),FRP_Color_Sph,Hapa M_Gray_First Love Kristin + -04.50,누수규격,2026-08-01
A관(1공장),FRP_Color_Sph,Hapa M_Gray_First Love Kristin + -04.50,접착,2026-07-31
A관(1공장),FRP_Color_Sph,Hapa M_Gray_First Love Kristin + -04.50,하이드레이션,2026-07-29
A관(1공장),FRP_Color_Sph,Hapa M_Gray_First Love Kristin + -05.00,누수규격,2026-07-11
A관(1공장),FRP_Color_Sph,Hapa M_Gray_First Love Kristin + -05.00,접착,2026-07-10
A관(1공장),FRP_Color_Sph,Hapa M_Gray_First Love Kristin + -05.00,하이드레이션,2026-07-08
A관(1공장),FRP_Color_Sph,Hapa M_Gray_First Love Kristin + -05.50,누수규격,2026-08-01
A관(1공장),FRP_Color_Sph,Hapa M_Gray_First Love Kristin + -05.50,접착,2026-07-31
A관(1공장),FRP_Color_Sph,Hapa M_Gray_First Love Kristin + -05.50,하이드레이션,2026-07-29
A관(1공장),FRP_Color_Sph,Hapa M_Gray_First Love Kristin + -06.00,누수규격,2026-07-27
A관(1공장),FRP_Color_Sph,Hapa M_Gray_First Love Kristin + -06.00,접착,2026-07-26
A관(1공장),FRP_Color_Sph,Hapa M_Gray_First Love Kristin + -06.00,하이드레이션,2026-07-24
A관(1공장),FRP_Color_Sph,Intensive 55_원형 + -05.00,누수규격,2026-07-30
A관(1공장),FRP_Color_Sph,Intensive 55_원형 + -05.00,접착,2026-07-29
A관(1공장),FRP_Color_Sph,Intensive 55_원형 + -05.00,하이드레이션,2026-07-27
A관(1공장),FRP_Color_Sph,KBS-C_원형 + -01.25,누수규격,2026-07-09
A관(1공장),FRP_Color_Sph,KBS-C_원형 + -01.25,접착,2026-07-08
A관(1공장),FRP_Color_Sph,KBS-C_원형 + -01.25,하이드레이션,2026-07-06
A관(1공장),FRP_Color_Sph,KBS-C_원형 + -01.75,누수규격,2026-07-09
A관(1공장),FRP_Color_Sph,KBS-C_원형 + -01.75,접착,2026-07-08
A관(1공장),FRP_Color_Sph,KBS-C_원형 + -01.75,하이드레이션,2026-07-06
A관(1공장),FRP_Color_Sph,KBS-C_원형 + -02.00,누수규격,2026-07-09
A관(1공장),FRP_Color_Sph,KBS-C_원형 + -02.00,접착,2026-07-08
A관(1공장),FRP_Color_Sph,KBS-C_원형 + -02.00,하이드레이션,2026-07-06
A관(1공장),FRP_Color_Sph,KBS-C_원형 + -03.00,누수규격,2026-07-09
A관(1공장),FRP_Color_Sph,KBS-C_원형 + -03.00,접착,2026-07-08
A관(1공장),FRP_Color_Sph,KBS-C_원형 + -03.00,하이드레이션,2026-07-06
A관(1공장),FRP_Color_Sph,KBS-C_원형 + -03.25,누수규격,2026-07-09
A관(1공장),FRP_Color_Sph,KBS-C_원형 + -03.25,접착,2026-07-08
A관(1공장),FRP_Color_Sph,KBS-C_원형 + -03.25,하이드레이션,2026-07-06
A관(1공장),FRP_Color_Sph,KBS-C_원형 + -03.50,누수규격,2026-07-09
A관(1공장),FRP_Color_Sph,KBS-C_원형 + -03.50,접착,2026-07-08
A관(1공장),FRP_Color_Sph,KBS-C_원형 + -03.50,하이드레이션,2026-07-06
A관(1공장),FRP_Color_Sph,KBS-C_원형 + -03.75,누수규격,2026-07-09
A관(1공장),FRP_Color_Sph,KBS-C_원형 + -03.75,접착,2026-07-08
A관(1공장),FRP_Color_Sph,KBS-C_원형 + -03.75,하이드레이션,2026-07-06
A관(1공장),FRP_Color_Sph,KBS-C_원형 + -08.00,누수규격,2026-07-09
A관(1공장),FRP_Color_Sph,KBS-C_원형 + -08.00,접착,2026-07-08
A관(1공장),FRP_Color_Sph,KBS-C_원형 + -08.00,하이드레이션,2026-07-06
A관(1공장),FRP_Color_Sph,KBS-C_원형 + -09.00,누수규격,2026-07-09
A관(1공장),FRP_Color_Sph,KBS-C_원형 + -09.00,접착,2026-07-08
A관(1공장),FRP_Color_Sph,KBS-C_원형 + -09.00,하이드레이션,2026-07-06
A관(1공장),FRP_Color_Sph,KBS-C_은캡 + -00.50,누수규격,2026-07-21
A관(1공장),FRP_Color_Sph,KBS-C_은캡 + -00.50,접착,2026-07-20
A관(1공장),FRP_Color_Sph,KBS-C_은캡 + -00.50,하이드레이션,2026-07-18
A관(1공장),FRP_Color_Sph,KBS-C_은캡 + -01.50,누수규격,2026-07-21
A관(1공장),FRP_Color_Sph,KBS-C_은캡 + -01.50,접착,2026-07-20
A관(1공장),FRP_Color_Sph,KBS-C_은캡 + -01.50,하이드레이션,2026-07-18
A관(1공장),FRP_Color_Sph,KBS-C_은캡 + -01.75,누수규격,2026-07-21
A관(1공장),FRP_Color_Sph,KBS-C_은캡 + -01.75,접착,2026-07-20
A관(1공장),FRP_Color_Sph,KBS-C_은캡 + -01.75,하이드레이션,2026-07-18
A관(1공장),FRP_Color_Sph,KBS-C_은캡 + -02.75,누수규격,2026-07-21
A관(1공장),FRP_Color_Sph,KBS-C_은캡 + -02.75,접착,2026-07-20
A관(1공장),FRP_Color_Sph,KBS-C_은캡 + -02.75,하이드레이션,2026-07-18
A관(1공장),FRP_Color_Sph,KBS-C_은캡 + -03.25,누수규격,2026-07-21
A관(1공장),FRP_Color_Sph,KBS-C_은캡 + -03.25,접착,2026-07-20
A관(1공장),FRP_Color_Sph,KBS-C_은캡 + -03.25,하이드레이션,2026-07-18
A관(1공장),FRP_Color_Sph,KBS-C_은캡 + -03.50,누수규격,2026-07-21
A관(1공장),FRP_Color_Sph,KBS-C_은캡 + -03.50,접착,2026-07-20
A관(1공장),FRP_Color_Sph,KBS-C_은캡 + -03.50,하이드레이션,2026-07-18
A관(1공장),FRP_Color_Sph,KBS-C_은캡 + -03.75,누수규격,2026-07-21
A관(1공장),FRP_Color_Sph,KBS-C_은캡 + -03.75,접착,2026-07-20
A관(1공장),FRP_Color_Sph,KBS-C_은캡 + -03.75,하이드레이션,2026-07-18
A관(1공장),FRP_Color_Sph,KBS-C_은캡 + -04.00,누수규격,2026-07-21
A관(1공장),FRP_Color_Sph,KBS-C_은캡 + -04.00,접착,2026-07-20
A관(1공장),FRP_Color_Sph,KBS-C_은캡 + -04.00,하이드레이션,2026-07-18
A관(1공장),FRP_Color_Sph,KBS-C_은캡 + -04.50,누수규격,2026-07-21
A관(1공장),FRP_Color_Sph,KBS-C_은캡 + -04.50,접착,2026-07-20
A관(1공장),FRP_Color_Sph,KBS-C_은캡 + -04.50,하이드레이션,2026-07-18
A관(1공장),FRP_Color_Sph,KBS-C_은캡 + -05.00,누수규격,2026-07-21
A관(1공장),FRP_Color_Sph,KBS-C_은캡 + -05.00,접착,2026-07-20
A관(1공장),FRP_Color_Sph,KBS-C_은캡 + -05.00,하이드레이션,2026-07-18
A관(1공장),FRP_Color_Sph,KBS-C_은캡 + -05.25,누수규격,2026-07-21
A관(1공장),FRP_Color_Sph,KBS-C_은캡 + -05.25,접착,2026-07-20
A관(1공장),FRP_Color_Sph,KBS-C_은캡 + -05.25,하이드레이션,2026-07-18
A관(1공장),FRP_Color_Sph,KBS-C_은캡 + -06.00,누수규격,2026-07-21
A관(1공장),FRP_Color_Sph,KBS-C_은캡 + -06.00,접착,2026-07-20
A관(1공장),FRP_Color_Sph,KBS-C_은캡 + -06.00,하이드레이션,2026-07-18
A관(1공장),FRP_Color_Sph,KBS-C_은캡 + -06.50,누수규격,2026-07-21
A관(1공장),FRP_Color_Sph,KBS-C_은캡 + -06.50,접착,2026-07-20
A관(1공장),FRP_Color_Sph,KBS-C_은캡 + -06.50,하이드레이션,2026-07-18
A관(1공장),FRP_Color_Sph,KBS-C_은캡 + -07.50,누수규격,2026-07-21
A관(1공장),FRP_Color_Sph,KBS-C_은캡 + -07.50,접착,2026-07-20
A관(1공장),FRP_Color_Sph,KBS-C_은캡 + -07.50,하이드레이션,2026-07-18
A관(1공장),FRP_Color_Sph,KBS-C_은캡 + -08.00,누수규격,2026-07-21
A관(1공장),FRP_Color_Sph,KBS-C_은캡 + -08.00,접착,2026-07-20
A관(1공장),FRP_Color_Sph,KBS-C_은캡 + -08.00,하이드레이션,2026-07-18
A관(1공장),FRP_Color_Sph,KBS-C_은캡 + -10.00,누수규격,2026-07-21
A관(1공장),FRP_Color_Sph,KBS-C_은캡 + -10.00,접착,2026-07-20
A관(1공장),FRP_Color_Sph,KBS-C_은캡 + -10.00,하이드레이션,2026-07-18
A관(1공장),FRP_Color_Sph,Lesieur Crazy_중사각 + -00.00,누수규격,2026-08-08
A관(1공장),FRP_Color_Sph,Lesieur Crazy_중사각 + -00.00,접착,2026-08-07
A관(1공장),FRP_Color_Sph,Lesieur Crazy_중사각 + -00.00,하이드레이션,2026-08-05
A관(1공장),FRP_Color_Sph,MG M_Glow Hazel_GLAM_(중) + -00.00,누수규격,2026-08-01
A관(1공장),FRP_Color_Sph,MG M_Glow Hazel_GLAM_(중) + -00.00,접착,2026-07-31
A관(1공장),FRP_Color_Sph,MG M_Glow Hazel_GLAM_(중) + -00.00,하이드레이션,2026-07-29
A관(1공장),FRP_Color_Sph,MG M_Glow Hazel_GLAM_(중) + -01.00,누수규격,2026-08-01
A관(1공장),FRP_Color_Sph,MG M_Glow Hazel_GLAM_(중) + -01.00,접착,2026-07-31
A관(1공장),FRP_Color_Sph,MG M_Glow Hazel_GLAM_(중) + -01.00,하이드레이션,2026-07-29
A관(1공장),FRP_Color_Sph,MG M_Glow Hazel_GLAM_(중) + -01.75,누수규격,2026-08-01
A관(1공장),FRP_Color_Sph,MG M_Glow Hazel_GLAM_(중) + -01.75,접착,2026-07-31
A관(1공장),FRP_Color_Sph,MG M_Glow Hazel_GLAM_(중) + -01.75,하이드레이션,2026-07-29
A관(1공장),FRP_Color_Sph,MG M_Glow Hazel_GLAM_(중) + -02.00,누수규격,2026-08-01
A관(1공장),FRP_Color_Sph,MG M_Glow Hazel_GLAM_(중) + -02.00,접착,2026-07-31
A관(1공장),FRP_Color_Sph,MG M_Glow Hazel_GLAM_(중) + -02.00,하이드레이션,2026-07-29
A관(1공장),FRP_Color_Sph,MG M_Glow Hazel_GLAM_(중) + -02.25,누수규격,2026-08-01
A관(1공장),FRP_Color_Sph,MG M_Glow Hazel_GLAM_(중) + -02.25,접착,2026-07-31
A관(1공장),FRP_Color_Sph,MG M_Glow Hazel_GLAM_(중) + -02.25,하이드레이션,2026-07-29
A관(1공장),FRP_Color_Sph,MG M_Glow Hazel_GLAM_(중) + -02.50,누수규격,2026-08-01
A관(1공장),FRP_Color_Sph,MG M_Glow Hazel_GLAM_(중) + -02.50,접착,2026-07-31
A관(1공장),FRP_Color_Sph,MG M_Glow Hazel_GLAM_(중) + -02.50,하이드레이션,2026-07-29
A관(1공장),FRP_Color_Sph,MG M_Glow Hazel_GLAM_(중) + -02.75,누수규격,2026-08-01
A관(1공장),FRP_Color_Sph,MG M_Glow Hazel_GLAM_(중) + -02.75,접착,2026-07-31
A관(1공장),FRP_Color_Sph,MG M_Glow Hazel_GLAM_(중) + -02.75,하이드레이션,2026-07-29
A관(1공장),FRP_Color_Sph,MG M_Glow Hazel_GLAM_(중) + -03.00,누수규격,2026-08-01
A관(1공장),FRP_Color_Sph,MG M_Glow Hazel_GLAM_(중) + -03.00,접착,2026-07-31
A관(1공장),FRP_Color_Sph,MG M_Glow Hazel_GLAM_(중) + -03.00,하이드레이션,2026-07-29
A관(1공장),FRP_Color_Sph,MG M_Glow Hazel_GLAM_(중) + -03.25,누수규격,2026-08-01
A관(1공장),FRP_Color_Sph,MG M_Glow Hazel_GLAM_(중) + -03.25,접착,2026-07-31
A관(1공장),FRP_Color_Sph,MG M_Glow Hazel_GLAM_(중) + -03.25,하이드레이션,2026-07-29
A관(1공장),FRP_Color_Sph,MG M_Glow Hazel_GLAM_(중) + -03.50,누수규격,2026-08-01
A관(1공장),FRP_Color_Sph,MG M_Glow Hazel_GLAM_(중) + -03.50,접착,2026-07-31
A관(1공장),FRP_Color_Sph,MG M_Glow Hazel_GLAM_(중) + -03.50,하이드레이션,2026-07-29
A관(1공장),FRP_Color_Sph,MG M_Glow Hazel_GLAM_(중) + -04.00,누수규격,2026-08-01
A관(1공장),FRP_Color_Sph,MG M_Glow Hazel_GLAM_(중) + -04.00,접착,2026-07-31
A관(1공장),FRP_Color_Sph,MG M_Glow Hazel_GLAM_(중) + -04.00,하이드레이션,2026-07-29
A관(1공장),FRP_Color_Sph,MG M_Glow Hazel_GLAM_(중) + -04.25,누수규격,2026-08-01
A관(1공장),FRP_Color_Sph,MG M_Glow Hazel_GLAM_(중) + -04.25,접착,2026-07-31
A관(1공장),FRP_Color_Sph,MG M_Glow Hazel_GLAM_(중) + -04.25,하이드레이션,2026-07-29
A관(1공장),FRP_Color_Sph,MG M_Glow Hazel_GLAM_(중) + -04.75,누수규격,2026-08-01
A관(1공장),FRP_Color_Sph,MG M_Glow Hazel_GLAM_(중) + -04.75,접착,2026-07-31
A관(1공장),FRP_Color_Sph,MG M_Glow Hazel_GLAM_(중) + -04.75,하이드레이션,2026-07-29
A관(1공장),FRP_Color_Sph,MG M_Glow Hazel_GLAM_(중) + -05.00,누수규격,2026-08-01
A관(1공장),FRP_Color_Sph,MG M_Glow Hazel_GLAM_(중) + -05.00,접착,2026-07-31
A관(1공장),FRP_Color_Sph,MG M_Glow Hazel_GLAM_(중) + -05.00,하이드레이션,2026-07-29
A관(1공장),FRP_Color_Sph,MG M_Glow Hazel_GLAM_(중) + -05.50,누수규격,2026-08-01
A관(1공장),FRP_Color_Sph,MG M_Glow Hazel_GLAM_(중) + -05.50,접착,2026-07-31
A관(1공장),FRP_Color_Sph,MG M_Glow Hazel_GLAM_(중) + -05.50,하이드레이션,2026-07-29
A관(1공장),FRP_Color_Sph,MG M_Perfect Brown_GLAM_(중) + -00.00,누수규격,2026-08-01
A관(1공장),FRP_Color_Sph,MG M_Perfect Brown_GLAM_(중) + -00.00,접착,2026-07-31
A관(1공장),FRP_Color_Sph,MG M_Perfect Brown_GLAM_(중) + -00.00,하이드레이션,2026-07-29
A관(1공장),FRP_Color_Sph,MG M_Perfect Brown_GLAM_(중) + -00.50,누수규격,2026-08-01
A관(1공장),FRP_Color_Sph,MG M_Perfect Brown_GLAM_(중) + -00.50,접착,2026-07-31
A관(1공장),FRP_Color_Sph,MG M_Perfect Brown_GLAM_(중) + -00.50,하이드레이션,2026-07-29
A관(1공장),FRP_Color_Sph,MG M_Perfect Brown_GLAM_(중) + -01.00,누수규격,2026-08-01
A관(1공장),FRP_Color_Sph,MG M_Perfect Brown_GLAM_(중) + -01.00,접착,2026-07-31
A관(1공장),FRP_Color_Sph,MG M_Perfect Brown_GLAM_(중) + -01.00,하이드레이션,2026-07-29
A관(1공장),FRP_Color_Sph,MG M_Perfect Brown_GLAM_(중) + -01.75,누수규격,2026-08-01
A관(1공장),FRP_Color_Sph,MG M_Perfect Brown_GLAM_(중) + -01.75,접착,2026-07-31
A관(1공장),FRP_Color_Sph,MG M_Perfect Brown_GLAM_(중) + -01.75,하이드레이션,2026-07-29
A관(1공장),FRP_Color_Sph,MG M_Perfect Brown_GLAM_(중) + -02.00,누수규격,2026-08-01
A관(1공장),FRP_Color_Sph,MG M_Perfect Brown_GLAM_(중) + -02.00,접착,2026-07-31
A관(1공장),FRP_Color_Sph,MG M_Perfect Brown_GLAM_(중) + -02.00,하이드레이션,2026-07-29
A관(1공장),FRP_Color_Sph,MG M_Perfect Brown_GLAM_(중) + -02.25,누수규격,2026-08-01
A관(1공장),FRP_Color_Sph,MG M_Perfect Brown_GLAM_(중) + -02.25,접착,2026-07-31
A관(1공장),FRP_Color_Sph,MG M_Perfect Brown_GLAM_(중) + -02.25,하이드레이션,2026-07-29
A관(1공장),FRP_Color_Sph,MG M_Perfect Brown_GLAM_(중) + -02.50,누수규격,2026-08-01
A관(1공장),FRP_Color_Sph,MG M_Perfect Brown_GLAM_(중) + -02.50,접착,2026-07-31
A관(1공장),FRP_Color_Sph,MG M_Perfect Brown_GLAM_(중) + -02.50,하이드레이션,2026-07-29
A관(1공장),FRP_Color_Sph,MG M_Perfect Brown_GLAM_(중) + -03.00,누수규격,2026-08-01
A관(1공장),FRP_Color_Sph,MG M_Perfect Brown_GLAM_(중) + -03.00,접착,2026-07-31
A관(1공장),FRP_Color_Sph,MG M_Perfect Brown_GLAM_(중) + -03.00,하이드레이션,2026-07-29
A관(1공장),FRP_Color_Sph,MG M_Perfect Brown_GLAM_(중) + -03.50,누수규격,2026-08-01
A관(1공장),FRP_Color_Sph,MG M_Perfect Brown_GLAM_(중) + -03.50,접착,2026-07-31
A관(1공장),FRP_Color_Sph,MG M_Perfect Brown_GLAM_(중) + -03.50,하이드레이션,2026-07-29
A관(1공장),FRP_Color_Sph,MG M_Perfect Brown_GLAM_(중) + -04.00,누수규격,2026-08-01
A관(1공장),FRP_Color_Sph,MG M_Perfect Brown_GLAM_(중) + -04.00,접착,2026-07-31
A관(1공장),FRP_Color_Sph,MG M_Perfect Brown_GLAM_(중) + -04.00,하이드레이션,2026-07-29
A관(1공장),FRP_Color_Sph,MG M_Perfect Brown_GLAM_(중) + -04.50,누수규격,2026-08-01
A관(1공장),FRP_Color_Sph,MG M_Perfect Brown_GLAM_(중) + -04.50,접착,2026-07-31
A관(1공장),FRP_Color_Sph,MG M_Perfect Brown_GLAM_(중) + -04.50,하이드레이션,2026-07-29
A관(1공장),FRP_Color_Sph,MG M_Perfect Brown_GLAM_(중) + -04.75,누수규격,2026-08-01
A관(1공장),FRP_Color_Sph,MG M_Perfect Brown_GLAM_(중) + -04.75,접착,2026-07-31
A관(1공장),FRP_Color_Sph,MG M_Perfect Brown_GLAM_(중) + -04.75,하이드레이션,2026-07-29
A관(1공장),FRP_Color_Sph,MG M_Perfect Brown_GLAM_(중) + -05.00,누수규격,2026-08-01
A관(1공장),FRP_Color_Sph,MG M_Perfect Brown_GLAM_(중) + -05.00,접착,2026-07-31
A관(1공장),FRP_Color_Sph,MG M_Perfect Brown_GLAM_(중) + -05.00,하이드레이션,2026-07-29
A관(1공장),FRP_Color_Sph,MG M_Perfect Brown_GLAM_(중) + -06.00,누수규격,2026-08-01
A관(1공장),FRP_Color_Sph,MG M_Perfect Brown_GLAM_(중) + -06.00,접착,2026-07-31
A관(1공장),FRP_Color_Sph,MG M_Perfect Brown_GLAM_(중) + -06.00,하이드레이션,2026-07-29
A관(1공장),FRP_Color_Sph,NewFusion_소사각 + -00.00,누수규격,2026-07-21
A관(1공장),FRP_Color_Sph,NewFusion_소사각 + -00.00,접착,2026-07-20
A관(1공장),FRP_Color_Sph,NewFusion_소사각 + -00.00,하이드레이션,2026-07-18
A관(1공장),FRP_Color_Sph,NewFusion_소사각 + -01.50,누수규격,2026-07-21
A관(1공장),FRP_Color_Sph,NewFusion_소사각 + -01.50,접착,2026-07-20
A관(1공장),FRP_Color_Sph,NewFusion_소사각 + -01.50,하이드레이션,2026-07-18
A관(1공장),FRP_Color_Sph,NewFusion_소사각 + -01.75,누수규격,2026-07-21
A관(1공장),FRP_Color_Sph,NewFusion_소사각 + -01.75,접착,2026-07-20
A관(1공장),FRP_Color_Sph,NewFusion_소사각 + -01.75,하이드레이션,2026-07-18
A관(1공장),FRP_Color_Sph,NewFusion_소사각 + -02.00,누수규격,2026-07-21
A관(1공장),FRP_Color_Sph,NewFusion_소사각 + -02.00,접착,2026-07-20
A관(1공장),FRP_Color_Sph,NewFusion_소사각 + -02.00,하이드레이션,2026-07-18
A관(1공장),FRP_Color_Sph,NewFusion_소사각 + -02.50,누수규격,2026-07-21
A관(1공장),FRP_Color_Sph,NewFusion_소사각 + -02.50,접착,2026-07-20
A관(1공장),FRP_Color_Sph,NewFusion_소사각 + -02.50,하이드레이션,2026-07-18
A관(1공장),FRP_Color_Sph,NewFusion_소사각 + -02.75,누수규격,2026-07-21
A관(1공장),FRP_Color_Sph,NewFusion_소사각 + -02.75,접착,2026-07-20
A관(1공장),FRP_Color_Sph,NewFusion_소사각 + -02.75,하이드레이션,2026-07-18
A관(1공장),FRP_Color_Sph,NewFusion_소사각 + -03.25,누수규격,2026-07-21
A관(1공장),FRP_Color_Sph,NewFusion_소사각 + -03.50,누수규격,2026-07-21
A관(1공장),FRP_Color_Sph,NewFusion_소사각 + -03.50,접착,2026-07-20
A관(1공장),FRP_Color_Sph,NewFusion_소사각 + -03.50,하이드레이션,2026-07-18
A관(1공장),FRP_Color_Sph,NewFusion_소사각 + -03.75,누수규격,2026-07-21
A관(1공장),FRP_Color_Sph,NewFusion_소사각 + -03.75,접착,2026-07-20
A관(1공장),FRP_Color_Sph,NewFusion_소사각 + -03.75,하이드레이션,2026-07-18
A관(1공장),FRP_Color_Sph,NewFusion_소사각 + -04.00,누수규격,2026-07-21
A관(1공장),FRP_Color_Sph,NewFusion_소사각 + -04.00,접착,2026-07-20
A관(1공장),FRP_Color_Sph,NewFusion_소사각 + -04.00,하이드레이션,2026-07-18
A관(1공장),FRP_Color_Sph,NewFusion_소사각 + -04.25,누수규격,2026-07-21
A관(1공장),FRP_Color_Sph,NewFusion_소사각 + -04.50,누수규격,2026-07-21
A관(1공장),FRP_Color_Sph,NewFusion_소사각 + -04.75,누수규격,2026-07-21
A관(1공장),FRP_Color_Sph,NewFusion_소사각 + -04.75,접착,2026-07-20
A관(1공장),FRP_Color_Sph,NewFusion_소사각 + -04.75,하이드레이션,2026-07-18
A관(1공장),FRP_Color_Sph,NewFusion_소사각 + -05.00,누수규격,2026-07-21
A관(1공장),FRP_Color_Sph,NewFusion_소사각 + -05.00,접착,2026-07-20
A관(1공장),FRP_Color_Sph,NewFusion_소사각 + -05.00,하이드레이션,2026-07-18
A관(1공장),FRP_Color_Sph,NewFusion_소사각 + -05.25,누수규격,2026-07-21
A관(1공장),FRP_Color_Sph,NewFusion_소사각 + -05.50,누수규격,2026-07-21
A관(1공장),FRP_Color_Sph,NewFusion_소사각 + -05.50,접착,2026-07-20
A관(1공장),FRP_Color_Sph,NewFusion_소사각 + -05.50,하이드레이션,2026-07-18
A관(1공장),FRP_Color_Sph,NewFusion_소사각 + -06.00,누수규격,2026-07-21
A관(1공장),FRP_Color_Sph,NewFusion_소사각 + -06.00,접착,2026-07-20
A관(1공장),FRP_Color_Sph,NewFusion_소사각 + -06.00,하이드레이션,2026-07-18
A관(1공장),FRP_Color_Sph,NewFusion_소사각 + -06.50,누수규격,2026-07-21
A관(1공장),FRP_Color_Sph,NewFusion_소사각 + -06.50,접착,2026-07-20
A관(1공장),FRP_Color_Sph,NewFusion_소사각 + -06.50,하이드레이션,2026-07-18
A관(1공장),FRP_Color_Sph,NewFusion_소사각 + -07.50,누수규격,2026-07-21
A관(1공장),FRP_Color_Sph,NewFusion_소사각 + -07.50,접착,2026-07-20
A관(1공장),FRP_Color_Sph,NewFusion_소사각 + -07.50,하이드레이션,2026-07-18
A관(1공장),FRP_Color_Sph,NewFusion_소사각 + -08.00,누수규격,2026-07-21
A관(1공장),FRP_Color_Sph,NewFusion_소사각 + -08.00,접착,2026-07-20
A관(1공장),FRP_Color_Sph,NewFusion_소사각 + -08.00,하이드레이션,2026-07-18
A관(1공장),FRP_Color_Sph,NewFusion_소사각 + -08.50,누수규격,2026-07-21
A관(1공장),FRP_Color_Sph,NewFusion_소사각 + -08.50,접착,2026-07-20
A관(1공장),FRP_Color_Sph,NewFusion_소사각 + -08.50,하이드레이션,2026-07-18
A관(1공장),FRP_Color_Sph,NewFusion_소사각 + -09.00,누수규격,2026-07-21
A관(1공장),FRP_Color_Sph,NewFusion_소사각 + -09.00,접착,2026-07-20
A관(1공장),FRP_Color_Sph,NewFusion_소사각 + -09.00,하이드레이션,2026-07-18
A관(1공장),FRP_Color_Sph,NewFusion_소사각 + -09.50,누수규격,2026-07-21
A관(1공장),FRP_Color_Sph,NewFusion_소사각 + -09.50,접착,2026-07-20
A관(1공장),FRP_Color_Sph,NewFusion_소사각 + -09.50,하이드레이션,2026-07-18
A관(1공장),FRP_Color_Sph,NewFusion_소사각 + -10.00,누수규격,2026-07-21
A관(1공장),FRP_Color_Sph,NewFusion_소사각 + -10.00,접착,2026-07-20
A관(1공장),FRP_Color_Sph,NewFusion_소사각 + -10.00,하이드레이션,2026-07-18
A관(1공장),FRP_Color_Sph,NewFusion_원형 + -00.00,누수규격,2026-07-09
A관(1공장),FRP_Color_Sph,NewFusion_원형 + -00.00,접착,2026-07-08
A관(1공장),FRP_Color_Sph,NewFusion_원형 + -00.00,하이드레이션,2026-07-06
A관(1공장),FRP_Color_Sph,NewFusion_원형 + -01.00,누수규격,2026-08-03
A관(1공장),FRP_Color_Sph,NewFusion_원형 + -01.00,접착,2026-08-02
A관(1공장),FRP_Color_Sph,NewFusion_원형 + -01.00,하이드레이션,2026-07-31
A관(1공장),FRP_Color_Sph,NewFusion_원형 + -01.25,누수규격,2026-08-01
A관(1공장),FRP_Color_Sph,NewFusion_원형 + -01.25,접착,2026-07-31
A관(1공장),FRP_Color_Sph,NewFusion_원형 + -01.25,하이드레이션,2026-07-29
A관(1공장),FRP_Color_Sph,NewFusion_원형 + -01.50,누수규격,2026-08-01
A관(1공장),FRP_Color_Sph,NewFusion_원형 + -01.50,접착,2026-07-31
A관(1공장),FRP_Color_Sph,NewFusion_원형 + -01.75,누수규격,2026-08-01
A관(1공장),FRP_Color_Sph,NewFusion_원형 + -01.75,접착,2026-07-31
A관(1공장),FRP_Color_Sph,NewFusion_원형 + -02.00,누수규격,2026-08-01
A관(1공장),FRP_Color_Sph,NewFusion_원형 + -02.00,접착,2026-07-31
A관(1공장),FRP_Color_Sph,NewFusion_원형 + -02.00,하이드레이션,2026-07-29
A관(1공장),FRP_Color_Sph,NewFusion_원형 + -02.25,누수규격,2026-08-01
A관(1공장),FRP_Color_Sph,NewFusion_원형 + -02.25,접착,2026-07-31
A관(1공장),FRP_Color_Sph,NewFusion_원형 + -02.25,하이드레이션,2026-07-29
A관(1공장),FRP_Color_Sph,NewFusion_원형 + -02.50,누수규격,2026-08-01
A관(1공장),FRP_Color_Sph,NewFusion_원형 + -02.50,접착,2026-07-31
A관(1공장),FRP_Color_Sph,NewFusion_원형 + -02.50,하이드레이션,2026-07-29
A관(1공장),FRP_Color_Sph,NewFusion_원형 + -02.75,누수규격,2026-08-01
A관(1공장),FRP_Color_Sph,NewFusion_원형 + -02.75,접착,2026-07-31
A관(1공장),FRP_Color_Sph,NewFusion_원형 + -02.75,하이드레이션,2026-07-29
A관(1공장),FRP_Color_Sph,NewFusion_원형 + -03.00,누수규격,2026-08-01
A관(1공장),FRP_Color_Sph,NewFusion_원형 + -03.00,접착,2026-07-31
A관(1공장),FRP_Color_Sph,NewFusion_원형 + -03.00,하이드레이션,2026-07-29
A관(1공장),FRP_Color_Sph,NewFusion_원형 + -03.25,누수규격,2026-08-01
A관(1공장),FRP_Color_Sph,NewFusion_원형 + -03.25,접착,2026-07-31
A관(1공장),FRP_Color_Sph,NewFusion_원형 + -03.25,하이드레이션,2026-07-29
A관(1공장),FRP_Color_Sph,NewFusion_원형 + -03.50,누수규격,2026-08-01
A관(1공장),FRP_Color_Sph,NewFusion_원형 + -03.50,접착,2026-07-31
A관(1공장),FRP_Color_Sph,NewFusion_원형 + -03.50,하이드레이션,2026-07-29
A관(1공장),FRP_Color_Sph,NewFusion_원형 + -03.75,누수규격,2026-08-01
A관(1공장),FRP_Color_Sph,NewFusion_원형 + -03.75,접착,2026-07-31
A관(1공장),FRP_Color_Sph,NewFusion_원형 + -03.75,하이드레이션,2026-07-29
A관(1공장),FRP_Color_Sph,NewFusion_원형 + -04.00,누수규격,2026-08-01
A관(1공장),FRP_Color_Sph,NewFusion_원형 + -04.00,접착,2026-07-31
A관(1공장),FRP_Color_Sph,NewFusion_원형 + -04.00,하이드레이션,2026-07-29
A관(1공장),FRP_Color_Sph,NewFusion_원형 + -04.25,누수규격,2026-08-01
A관(1공장),FRP_Color_Sph,NewFusion_원형 + -04.25,접착,2026-07-31
A관(1공장),FRP_Color_Sph,NewFusion_원형 + -04.25,하이드레이션,2026-07-29
A관(1공장),FRP_Color_Sph,NewFusion_원형 + -04.50,누수규격,2026-08-01
A관(1공장),FRP_Color_Sph,NewFusion_원형 + -04.50,접착,2026-07-31
A관(1공장),FRP_Color_Sph,NewFusion_원형 + -04.50,하이드레이션,2026-07-29
A관(1공장),FRP_Color_Sph,NewFusion_원형 + -04.75,누수규격,2026-08-01
A관(1공장),FRP_Color_Sph,NewFusion_원형 + -04.75,접착,2026-07-31
A관(1공장),FRP_Color_Sph,NewFusion_원형 + -04.75,하이드레이션,2026-07-29
A관(1공장),FRP_Color_Sph,NewFusion_원형 + -05.25,누수규격,2026-08-01
A관(1공장),FRP_Color_Sph,NewFusion_원형 + -05.25,접착,2026-07-31
A관(1공장),FRP_Color_Sph,NewFusion_원형 + -05.25,하이드레이션,2026-07-29
A관(1공장),FRP_Color_Sph,NewFusion_원형 + -05.50,누수규격,2026-07-06
A관(1공장),FRP_Color_Sph,NewFusion_원형 + -05.50,접착,2026-07-31
A관(1공장),FRP_Color_Sph,NewFusion_원형 + -05.50,하이드레이션,2026-07-29
A관(1공장),FRP_Color_Sph,NewFusion_원형 + -05.75,누수규격,2026-07-06
A관(1공장),FRP_Color_Sph,NewFusion_원형 + -05.75,접착,2026-07-05
A관(1공장),FRP_Color_Sph,NewFusion_원형 + -05.75,하이드레이션,2026-07-03
A관(1공장),FRP_Color_Sph,NewFusion_원형 + -06.00,누수규격,2026-07-06
A관(1공장),FRP_Color_Sph,NewFusion_원형 + -06.00,접착,2026-07-05
A관(1공장),FRP_Color_Sph,NewFusion_원형 + -06.00,하이드레이션,2026-07-03
A관(1공장),FRP_Color_Sph,NewFusion_중사각 + +00.25,누수규격,2026-07-23
A관(1공장),FRP_Color_Sph,NewFusion_중사각 + +00.25,접착,2026-07-22
A관(1공장),FRP_Color_Sph,NewFusion_중사각 + +00.50,누수규격,2026-07-23
A관(1공장),FRP_Color_Sph,NewFusion_중사각 + +00.50,접착,2026-07-22
A관(1공장),FRP_Color_Sph,NewFusion_중사각 + +00.75,누수규격,2026-07-23
A관(1공장),FRP_Color_Sph,NewFusion_중사각 + +00.75,접착,2026-07-22
A관(1공장),FRP_Color_Sph,NewFusion_중사각 + +00.75,하이드레이션,2026-07-20
A관(1공장),FRP_Color_Sph,NewFusion_중사각 + +01.00,누수규격,2026-07-23
A관(1공장),FRP_Color_Sph,NewFusion_중사각 + +01.00,접착,2026-07-22
A관(1공장),FRP_Color_Sph,NewFusion_중사각 + +01.25,누수규격,2026-07-23
A관(1공장),FRP_Color_Sph,NewFusion_중사각 + +01.25,접착,2026-07-22
A관(1공장),FRP_Color_Sph,NewFusion_중사각 + +01.25,하이드레이션,2026-07-20
A관(1공장),FRP_Color_Sph,NewFusion_중사각 + +01.50,누수규격,2026-07-23
A관(1공장),FRP_Color_Sph,NewFusion_중사각 + +01.50,접착,2026-07-22
A관(1공장),FRP_Color_Sph,NewFusion_중사각 + +01.75,누수규격,2026-07-23
A관(1공장),FRP_Color_Sph,NewFusion_중사각 + +01.75,접착,2026-07-22
A관(1공장),FRP_Color_Sph,NewFusion_중사각 + +01.75,하이드레이션,2026-07-20
A관(1공장),FRP_Color_Sph,NewFusion_중사각 + +02.25,누수규격,2026-07-23
A관(1공장),FRP_Color_Sph,NewFusion_중사각 + +02.25,접착,2026-07-22
A관(1공장),FRP_Color_Sph,NewFusion_중사각 + +02.75,누수규격,2026-07-23
A관(1공장),FRP_Color_Sph,NewFusion_중사각 + +02.75,접착,2026-07-22
A관(1공장),FRP_Color_Sph,NewFusion_중사각 + +03.00,누수규격,2026-07-23
A관(1공장),FRP_Color_Sph,NewFusion_중사각 + +03.00,접착,2026-07-22
A관(1공장),FRP_Color_Sph,NewFusion_중사각 + +03.00,하이드레이션,2026-07-20
A관(1공장),FRP_Color_Sph,NewFusion_중사각 + +03.25,누수규격,2026-07-23
A관(1공장),FRP_Color_Sph,NewFusion_중사각 + +03.25,접착,2026-07-22
A관(1공장),FRP_Color_Sph,NewFusion_중사각 + +03.50,누수규격,2026-07-23
A관(1공장),FRP_Color_Sph,NewFusion_중사각 + +03.50,접착,2026-07-22
A관(1공장),FRP_Color_Sph,NewFusion_중사각 + +03.75,누수규격,2026-07-23
A관(1공장),FRP_Color_Sph,NewFusion_중사각 + +03.75,접착,2026-07-22
A관(1공장),FRP_Color_Sph,NewFusion_중사각 + +03.75,하이드레이션,2026-07-20
A관(1공장),FRP_Color_Sph,NewFusion_중사각 + +04.00,누수규격,2026-07-23
A관(1공장),FRP_Color_Sph,NewFusion_중사각 + +04.00,접착,2026-07-22
A관(1공장),FRP_Color_Sph,NewFusion_중사각 + -00.25,누수규격,2026-07-23
A관(1공장),FRP_Color_Sph,NewFusion_중사각 + -00.25,접착,2026-07-22
A관(1공장),FRP_Color_Sph,NewFusion_중사각 + -00.25,하이드레이션,2026-07-20
A관(1공장),FRP_Color_Sph,NewFusion_중사각 + -00.50,누수규격,2026-07-23
A관(1공장),FRP_Color_Sph,NewFusion_중사각 + -00.50,접착,2026-07-22
A관(1공장),FRP_Color_Sph,NewFusion_중사각 + -00.75,누수규격,2026-07-23
A관(1공장),FRP_Color_Sph,NewFusion_중사각 + -00.75,접착,2026-07-22
A관(1공장),FRP_Color_Sph,NewFusion_중사각 + -01.00,누수규격,2026-07-23
A관(1공장),FRP_Color_Sph,NewFusion_중사각 + -01.00,접착,2026-07-22
A관(1공장),FRP_Color_Sph,NewFusion_중사각 + -01.00,하이드레이션,2026-07-20
A관(1공장),FRP_Color_Sph,NewFusion_중사각 + -01.25,누수규격,2026-07-23
A관(1공장),FRP_Color_Sph,NewFusion_중사각 + -01.25,접착,2026-07-22
A관(1공장),FRP_Color_Sph,NewFusion_중사각 + -01.50,누수규격,2026-07-23
A관(1공장),FRP_Color_Sph,NewFusion_중사각 + -01.50,접착,2026-07-22
A관(1공장),FRP_Color_Sph,NewFusion_중사각 + -01.75,누수규격,2026-07-23
A관(1공장),FRP_Color_Sph,NewFusion_중사각 + -01.75,접착,2026-07-22
A관(1공장),FRP_Color_Sph,NewFusion_중사각 + -01.75,하이드레이션,2026-07-20
A관(1공장),FRP_Color_Sph,NewFusion_중사각 + -02.00,누수규격,2026-07-23
A관(1공장),FRP_Color_Sph,NewFusion_중사각 + -02.00,접착,2026-07-22
A관(1공장),FRP_Color_Sph,NewFusion_중사각 + -02.00,하이드레이션,2026-07-20
A관(1공장),FRP_Color_Sph,NewFusion_중사각 + -02.25,누수규격,2026-07-23
A관(1공장),FRP_Color_Sph,NewFusion_중사각 + -02.25,접착,2026-07-22
A관(1공장),FRP_Color_Sph,NewFusion_중사각 + -02.50,누수규격,2026-07-23
A관(1공장),FRP_Color_Sph,NewFusion_중사각 + -02.50,접착,2026-07-22
A관(1공장),FRP_Color_Sph,NewFusion_중사각 + -02.50,하이드레이션,2026-07-20
A관(1공장),FRP_Color_Sph,NewFusion_중사각 + -02.75,누수규격,2026-07-23
A관(1공장),FRP_Color_Sph,NewFusion_중사각 + -02.75,접착,2026-07-22
A관(1공장),FRP_Color_Sph,NewFusion_중사각 + -02.75,하이드레이션,2026-07-20
A관(1공장),FRP_Color_Sph,NewFusion_중사각 + -03.00,누수규격,2026-07-23
A관(1공장),FRP_Color_Sph,NewFusion_중사각 + -03.00,접착,2026-07-22
A관(1공장),FRP_Color_Sph,NewFusion_중사각 + -03.25,누수규격,2026-07-23
A관(1공장),FRP_Color_Sph,NewFusion_중사각 + -03.25,접착,2026-07-22
A관(1공장),FRP_Color_Sph,NewFusion_중사각 + -03.50,누수규격,2026-07-23
A관(1공장),FRP_Color_Sph,NewFusion_중사각 + -03.50,접착,2026-07-22
A관(1공장),FRP_Color_Sph,NewFusion_중사각 + -03.50,하이드레이션,2026-07-20
A관(1공장),FRP_Color_Sph,NewFusion_중사각 + -03.75,누수규격,2026-07-23
A관(1공장),FRP_Color_Sph,NewFusion_중사각 + -03.75,접착,2026-07-22
A관(1공장),FRP_Color_Sph,NewFusion_중사각 + -04.00,누수규격,2026-07-23
A관(1공장),FRP_Color_Sph,NewFusion_중사각 + -04.00,접착,2026-07-22
A관(1공장),FRP_Color_Sph,NewFusion_중사각 + -04.00,하이드레이션,2026-07-20
A관(1공장),FRP_Color_Sph,NewFusion_중사각 + -04.25,누수규격,2026-07-23
A관(1공장),FRP_Color_Sph,NewFusion_중사각 + -04.25,접착,2026-07-22
A관(1공장),FRP_Color_Sph,NewFusion_중사각 + -04.25,하이드레이션,2026-07-20
A관(1공장),FRP_Color_Sph,NewFusion_중사각 + -04.50,누수규격,2026-07-23
A관(1공장),FRP_Color_Sph,NewFusion_중사각 + -04.50,접착,2026-07-22
A관(1공장),FRP_Color_Sph,NewFusion_중사각 + -04.50,하이드레이션,2026-07-20
A관(1공장),FRP_Color_Sph,NewFusion_중사각 + -04.75,누수규격,2026-07-23
A관(1공장),FRP_Color_Sph,NewFusion_중사각 + -04.75,접착,2026-07-22
A관(1공장),FRP_Color_Sph,NewFusion_중사각 + -05.00,누수규격,2026-07-23
A관(1공장),FRP_Color_Sph,NewFusion_중사각 + -05.00,접착,2026-07-22
A관(1공장),FRP_Color_Sph,NewFusion_중사각 + -05.25,누수규격,2026-07-23
A관(1공장),FRP_Color_Sph,NewFusion_중사각 + -05.25,접착,2026-07-22
A관(1공장),FRP_Color_Sph,NewFusion_중사각 + -05.50,누수규격,2026-07-23
A관(1공장),FRP_Color_Sph,NewFusion_중사각 + -05.50,접착,2026-07-22
A관(1공장),FRP_Color_Sph,NewFusion_중사각 + -05.75,누수규격,2026-07-23
A관(1공장),FRP_Color_Sph,NewFusion_중사각 + -05.75,접착,2026-07-22
A관(1공장),FRP_Color_Sph,NewFusion_중사각 + -06.00,누수규격,2026-07-23
A관(1공장),FRP_Color_Sph,NewFusion_중사각 + -06.00,접착,2026-07-22
A관(1공장),FRP_Color_Sph,NewFusion_중사각 + -07.00,누수규격,2026-07-23
A관(1공장),FRP_Color_Sph,NewFusion_중사각 + -07.00,접착,2026-07-22
A관(1공장),FRP_Color_Sph,NewFusion_중사각 + -08.00,누수규격,2026-07-23
A관(1공장),FRP_Color_Sph,NewFusion_중사각 + -08.00,접착,2026-07-22
A관(1공장),FRP_Color_Sph,NewFusion_중사각 + -08.00,하이드레이션,2026-07-20
A관(1공장),FRP_Color_Sph,Rainbow_원형 + -00.00,누수규격,2026-07-09
A관(1공장),FRP_Color_Sph,Rainbow_원형 + -00.00,접착,2026-07-08
A관(1공장),FRP_Color_Sph,Rainbow_원형 + -00.00,하이드레이션,2026-07-06
A관(1공장),FRP_Color_Sph,Rose_color_원형 + -00.00,누수규격,2026-08-01
A관(1공장),FRP_Color_Sph,Rose_color_원형 + -00.00,접착,2026-07-31
A관(1공장),FRP_Color_Sph,Rose_color_원형 + -00.00,하이드레이션,2026-07-29
A관(1공장),FRP_Color_Sph,Rose_color_원형 + -00.50,누수규격,2026-08-01
A관(1공장),FRP_Color_Sph,Rose_color_원형 + -00.50,접착,2026-07-31
A관(1공장),FRP_Color_Sph,Rose_color_원형 + -00.50,하이드레이션,2026-07-29
A관(1공장),FRP_Color_Sph,Rose_color_원형 + -01.50,누수규격,2026-08-01
A관(1공장),FRP_Color_Sph,Rose_color_원형 + -01.50,접착,2026-07-31
A관(1공장),FRP_Color_Sph,Rose_color_원형 + -01.50,하이드레이션,2026-07-29
A관(1공장),FRP_Color_Sph,Rose_color_원형 + -01.75,누수규격,2026-08-01
A관(1공장),FRP_Color_Sph,Rose_color_원형 + -01.75,접착,2026-07-31
A관(1공장),FRP_Color_Sph,Rose_color_원형 + -01.75,하이드레이션,2026-07-29
A관(1공장),FRP_Color_Sph,Rose_color_원형 + -02.25,누수규격,2026-08-01
A관(1공장),FRP_Color_Sph,Rose_color_원형 + -02.25,접착,2026-07-31
A관(1공장),FRP_Color_Sph,Rose_color_원형 + -02.25,하이드레이션,2026-07-29
A관(1공장),FRP_Color_Sph,Rose_color_원형 + -02.50,누수규격,2026-08-01
A관(1공장),FRP_Color_Sph,Rose_color_원형 + -02.50,접착,2026-07-31
A관(1공장),FRP_Color_Sph,Rose_color_원형 + -02.50,하이드레이션,2026-07-29
A관(1공장),FRP_Color_Sph,Rose_color_원형 + -02.75,누수규격,2026-08-01
A관(1공장),FRP_Color_Sph,Rose_color_원형 + -02.75,접착,2026-07-31
A관(1공장),FRP_Color_Sph,Rose_color_원형 + -02.75,하이드레이션,2026-07-29
A관(1공장),FRP_Color_Sph,Rose_color_원형 + -03.00,누수규격,2026-08-01
A관(1공장),FRP_Color_Sph,Rose_color_원형 + -03.00,접착,2026-07-31
A관(1공장),FRP_Color_Sph,Rose_color_원형 + -03.00,하이드레이션,2026-07-29
A관(1공장),FRP_Color_Sph,Rose_color_원형 + -03.25,누수규격,2026-08-01
A관(1공장),FRP_Color_Sph,Rose_color_원형 + -03.25,접착,2026-07-31
A관(1공장),FRP_Color_Sph,Rose_color_원형 + -03.25,하이드레이션,2026-07-29
A관(1공장),FRP_Color_Sph,Rose_color_원형 + -03.50,누수규격,2026-08-01
A관(1공장),FRP_Color_Sph,Rose_color_원형 + -03.50,접착,2026-07-31
A관(1공장),FRP_Color_Sph,Rose_color_원형 + -03.50,하이드레이션,2026-07-29
A관(1공장),FRP_Color_Sph,Rose_color_원형 + -04.00,누수규격,2026-08-01
A관(1공장),FRP_Color_Sph,Rose_color_원형 + -04.00,접착,2026-07-31
A관(1공장),FRP_Color_Sph,Rose_color_원형 + -04.00,하이드레이션,2026-07-29
A관(1공장),FRP_Color_Sph,Rose_color_원형 + -04.25,누수규격,2026-08-01
A관(1공장),FRP_Color_Sph,Rose_color_원형 + -04.25,접착,2026-07-31
A관(1공장),FRP_Color_Sph,Rose_color_원형 + -04.25,하이드레이션,2026-07-29
A관(1공장),FRP_Color_Sph,Rose_color_원형 + -04.50,누수규격,2026-08-01
A관(1공장),FRP_Color_Sph,Rose_color_원형 + -04.50,접착,2026-07-31
A관(1공장),FRP_Color_Sph,Rose_color_원형 + -04.50,하이드레이션,2026-07-29
A관(1공장),FRP_Color_Sph,Rose_color_원형 + -04.75,누수규격,2026-08-01
A관(1공장),FRP_Color_Sph,Rose_color_원형 + -04.75,접착,2026-07-31
A관(1공장),FRP_Color_Sph,Rose_color_원형 + -04.75,하이드레이션,2026-07-29
A관(1공장),FRP_Color_Sph,Rose_color_원형 + -05.25,누수규격,2026-08-01
A관(1공장),FRP_Color_Sph,Rose_color_원형 + -05.25,접착,2026-07-31
A관(1공장),FRP_Color_Sph,Rose_color_원형 + -05.25,하이드레이션,2026-07-29
A관(1공장),FRP_Color_Sph,Rose_color_원형 + -05.50,누수규격,2026-08-01
A관(1공장),FRP_Color_Sph,Rose_color_원형 + -05.50,접착,2026-07-31
A관(1공장),FRP_Color_Sph,Rose_color_원형 + -05.50,하이드레이션,2026-07-29
A관(1공장),FRP_Color_Sph,Rose_color_원형 + -05.75,누수규격,2026-08-01
A관(1공장),FRP_Color_Sph,Rose_color_원형 + -05.75,접착,2026-07-31
A관(1공장),FRP_Color_Sph,Rose_color_원형 + -05.75,하이드레이션,2026-07-29
A관(1공장),FRP_Color_Sph,Rose_color_원형 + -06.00,누수규격,2026-08-01
A관(1공장),FRP_Color_Sph,Rose_color_원형 + -06.00,접착,2026-07-31
A관(1공장),FRP_Color_Sph,Rose_color_원형 + -06.00,하이드레이션,2026-07-29
A관(1공장),FRP_M/F,HD-X55_소사각 + +00.75,누수규격,2026-07-23
A관(1공장),FRP_M/F,HD-X55_소사각 + +00.75,분리,2026-07-19
A관(1공장),FRP_M/F,HD-X55_소사각 + +00.75,사출,2026-07-18
A관(1공장),FRP_M/F,HD-X55_소사각 + +00.75,접착,2026-07-22
A관(1공장),FRP_M/F,HD-X55_소사각 + +00.75,하이드레이션,2026-07-20
A관(1공장),FRP_M/F,HD-X55_소사각 + -01.50,누수규격,2026-07-23
A관(1공장),FRP_M/F,HD-X55_소사각 + -01.50,분리,2026-07-19
A관(1공장),FRP_M/F,HD-X55_소사각 + -01.50,사출,2026-07-18
A관(1공장),FRP_M/F,HD-X55_소사각 + -01.50,접착,2026-07-22
A관(1공장),FRP_M/F,HD-X55_소사각 + -01.50,하이드레이션,2026-07-20
A관(1공장),FRP_M/F,HD-X55_소사각 + -01.75,누수규격,2026-07-23
A관(1공장),FRP_M/F,HD-X55_소사각 + -01.75,분리,2026-07-19
A관(1공장),FRP_M/F,HD-X55_소사각 + -01.75,사출,2026-07-18
A관(1공장),FRP_M/F,HD-X55_소사각 + -01.75,접착,2026-07-22
A관(1공장),FRP_M/F,HD-X55_소사각 + -01.75,하이드레이션,2026-07-20
A관(1공장),FRP_M/F,HD-X55_소사각 + -03.00,누수규격,2026-07-23
A관(1공장),FRP_M/F,HD-X55_소사각 + -03.00,접착,2026-07-22
A관(1공장),FRP_M/F,HD-X55_소사각 + -03.25,누수규격,2026-07-23
A관(1공장),FRP_M/F,HD-X55_소사각 + -03.25,접착,2026-07-22
A관(1공장),FRP_M/F,HD-X55_소사각 + -03.25,하이드레이션,2026-07-20
A관(1공장),FRP_M/F,HD-X55_소사각 + -03.50,누수규격,2026-07-23
A관(1공장),FRP_M/F,HD-X55_소사각 + -03.50,접착,2026-07-22
A관(1공장),FRP_M/F,HD-X55_소사각 + -03.50,하이드레이션,2026-07-20
A관(1공장),FRP_M/F,HD-X55_소사각 + -04.00,누수규격,2026-07-23
A관(1공장),FRP_M/F,HD-X55_소사각 + -04.00,접착,2026-07-22
A관(1공장),FRP_M/F,HD-X55_소사각 + -06.00,누수규격,2026-07-23
A관(1공장),FRP_M/F,HD-X55_소사각 + -06.00,접착,2026-07-22
A관(1공장),FRP_M/F,HD-X55_소사각 + -07.25,누수규격,2026-07-23
A관(1공장),FRP_M/F,HD-X55_소사각 + -07.25,접착,2026-07-22
A관(1공장),FRP_Sph,(NEW)S43-HD-Dry-14.2 + +02.25,분리,
A관(1공장),FRP_Sph,(NEW)S43-HD-Dry-14.2 + +02.25,사출,
A관(1공장),FRP_Sph,(NEW)S43-HD-Dry-14.2 + +02.75,분리,
A관(1공장),FRP_Sph,(NEW)S43-HD-Dry-14.2 + +02.75,사출,
A관(1공장),FRP_Sph,(NEW)S43-HD-Dry-14.2 + +03.25,분리,
A관(1공장),FRP_Sph,(NEW)S43-HD-Dry-14.2 + +03.25,사출,
A관(1공장),FRP_Sph,(NEW)S43-HD-Dry-14.2 + -00.00,분리,
A관(1공장),FRP_Sph,(NEW)S43-HD-Dry-14.2 + -00.00,사출,
A관(1공장),FRP_Sph,(NEW)S43-HD-Dry-14.2 + -00.50,분리,
A관(1공장),FRP_Sph,(NEW)S43-HD-Dry-14.2 + -00.50,사출,
A관(1공장),FRP_Sph,(NEW)S43-HD-Dry-14.2 + -01.00,분리,
A관(1공장),FRP_Sph,(NEW)S43-HD-Dry-14.2 + -01.00,사출,
A관(1공장),FRP_Sph,(NEW)S43-HD-Dry-14.2 + -01.75,분리,2026-07-24
A관(1공장),FRP_Sph,(NEW)S43-HD-Dry-14.2 + -01.75,사출,2026-07-23
A관(1공장),FRP_Sph,(NEW)S43-HD-Dry-14.2 + -02.00,분리,
A관(1공장),FRP_Sph,(NEW)S43-HD-Dry-14.2 + -02.00,사출,
A관(1공장),FRP_Sph,(NEW)S43-HD-Dry-14.2 + -02.50,분리,
A관(1공장),FRP_Sph,(NEW)S43-HD-Dry-14.2 + -02.50,사출,
A관(1공장),FRP_Sph,(NEW)S43-HD-Dry-14.2 + -04.00,분리,
A관(1공장),FRP_Sph,(NEW)S43-HD-Dry-14.2 + -04.00,사출,
A관(1공장),FRP_Sph,(NEW)S43-HD-Dry-14.2 + -04.50,분리,
A관(1공장),FRP_Sph,(NEW)S43-HD-Dry-14.2 + -04.50,사출,
A관(1공장),FRP_Sph,(NEW)S43-HD-Dry-14.2 + -04.75,분리,
A관(1공장),FRP_Sph,(NEW)S43-HD-Dry-14.2 + -04.75,사출,
A관(1공장),FRP_Sph,(NEW)S43-HD-Dry-14.2 + -05.00,분리,2026-07-19
A관(1공장),FRP_Sph,(NEW)S43-HD-Dry-14.2 + -05.00,사출,2026-07-18
A관(1공장),FRP_Sph,(NEW)S43-HD-Dry-14.2 + -05.50,분리,2026-07-24
A관(1공장),FRP_Sph,(NEW)S43-HD-Dry-14.2 + -05.50,사출,2026-07-23
A관(1공장),FRP_Sph,(NEW)S43-HD-Dry-14.2 + -06.50,분리,
A관(1공장),FRP_Sph,(NEW)S43-HD-Dry-14.2 + -06.50,사출,
A관(1공장),FRP_Sph,(NEW)S43-HD-Dry-14.2 + -08.00,분리,2026-07-13
A관(1공장),FRP_Sph,(NEW)S43-HD-Dry-14.4 + +04.00,분리,
A관(1공장),FRP_Sph,(NEW)S43-HD-Dry-14.4 + +04.00,사출,
A관(1공장),FRP_Sph,(NEW)S43-HD-Dry-14.4 + -00.00,분리,2026-07-24
A관(1공장),FRP_Sph,(NEW)S43-HD-Dry-14.4 + -00.00,사출,2026-07-23
A관(1공장),FRP_Sph,(NEW)S43-HD-Dry-14.4 + -03.00,분리,2026-07-24
A관(1공장),FRP_Sph,(NEW)S43-HD-Dry-14.4 + -03.00,사출,2026-07-23
A관(1공장),FRP_Sph,(NEW)S43-HD-Dry-14.4 + -03.50,분리,2026-07-24
A관(1공장),FRP_Sph,(NEW)S43-HD-Dry-14.4 + -03.50,사출,2026-07-23
A관(1공장),FRP_Sph,(NEW)S43-HD-Dry-14.4 + -04.50,분리,
A관(1공장),FRP_Sph,(NEW)S43-HD-Dry-14.4 + -04.50,사출,
A관(1공장),FRP_Sph,(NEW)S43-HD-Dry-14.4 + -06.00,분리,2026-07-24
A관(1공장),FRP_Sph,(NEW)S43-HD-Dry-14.4 + -06.00,사출,2026-07-23
A관(1공장),FRP_Sph,(NEW)S43-HD-Dry-14.4 + -07.00,분리,
A관(1공장),FRP_Sph,(NEW)S43-HD-Dry-14.4 + -07.00,사출,
A관(1공장),FRP_Sph,(UV)CS30_원형_8.60 + -01.00,누수규격,2026-08-31
A관(1공장),FRP_Sph,(UV)CS30_원형_8.60 + -01.00,접착,2026-08-30
A관(1공장),FRP_Sph,(UV)CS30_원형_8.60 + -01.00,하이드레이션,2026-08-28
A관(1공장),FRP_Sph,(UV)CS30_원형_8.60 + -01.50,누수규격,2026-08-31
A관(1공장),FRP_Sph,(UV)CS30_원형_8.60 + -01.50,접착,2026-08-30
A관(1공장),FRP_Sph,(UV)CS30_원형_8.60 + -01.50,하이드레이션,2026-08-28
A관(1공장),FRP_Sph,(UV)CS30_원형_8.60 + -02.00,누수규격,2026-08-31
A관(1공장),FRP_Sph,(UV)CS30_원형_8.60 + -02.00,접착,2026-08-30
A관(1공장),FRP_Sph,(UV)CS30_원형_8.60 + -02.00,하이드레이션,2026-08-28
A관(1공장),FRP_Sph,(UV)CS30_원형_8.60 + -02.50,누수규격,2026-08-31
A관(1공장),FRP_Sph,(UV)CS30_원형_8.60 + -02.50,접착,2026-08-30
A관(1공장),FRP_Sph,(UV)CS30_원형_8.60 + -02.50,하이드레이션,2026-08-28
A관(1공장),FRP_Sph,(UV)CS30_원형_8.60 + -03.00,누수규격,2026-08-31
A관(1공장),FRP_Sph,(UV)CS30_원형_8.60 + -03.00,접착,2026-08-30
A관(1공장),FRP_Sph,(UV)CS30_원형_8.60 + -03.00,하이드레이션,2026-08-28
A관(1공장),FRP_Sph,(UV)CS30_원형_8.60 + -03.25,누수규격,2026-08-31
A관(1공장),FRP_Sph,(UV)CS30_원형_8.60 + -03.25,접착,2026-08-30
A관(1공장),FRP_Sph,(UV)CS30_원형_8.60 + -03.25,하이드레이션,2026-08-28
A관(1공장),FRP_Sph,(UV)CS30_원형_8.60 + -03.50,누수규격,2026-08-31
A관(1공장),FRP_Sph,(UV)CS30_원형_8.60 + -03.50,접착,2026-08-30
A관(1공장),FRP_Sph,(UV)CS30_원형_8.60 + -03.50,하이드레이션,2026-08-28
A관(1공장),FRP_Sph,(UV)CS30_원형_8.60 + -04.00,누수규격,2026-08-31
A관(1공장),FRP_Sph,(UV)CS30_원형_8.60 + -04.00,접착,2026-08-30
A관(1공장),FRP_Sph,(UV)CS30_원형_8.60 + -04.00,하이드레이션,2026-08-28
A관(1공장),FRP_Sph,(UV)CS30_원형_8.60 + -04.50,누수규격,2026-08-31
A관(1공장),FRP_Sph,(UV)CS30_원형_8.60 + -04.50,접착,2026-08-30
A관(1공장),FRP_Sph,(UV)CS30_원형_8.60 + -04.50,하이드레이션,2026-08-28
A관(1공장),FRP_Sph,(UV)CS30_원형_8.60 + -04.75,누수규격,2026-08-31
A관(1공장),FRP_Sph,(UV)CS30_원형_8.60 + -04.75,접착,2026-08-30
A관(1공장),FRP_Sph,(UV)CS30_원형_8.60 + -04.75,하이드레이션,2026-08-28
A관(1공장),FRP_Sph,(UV)CS30_원형_8.60 + -05.50,누수규격,2026-08-31
A관(1공장),FRP_Sph,(UV)CS30_원형_8.60 + -05.50,접착,2026-08-30
A관(1공장),FRP_Sph,(UV)CS30_원형_8.60 + -05.50,하이드레이션,2026-08-28
A관(1공장),FRP_Sph,(UV)CS30_원형_8.60 + -06.00,누수규격,2026-08-31
A관(1공장),FRP_Sph,(UV)CS30_원형_8.60 + -06.00,접착,2026-08-30
A관(1공장),FRP_Sph,(UV)CS30_원형_8.60 + -06.00,하이드레이션,2026-08-28
A관(1공장),FRP_Sph,(UV)CS30_원형_8.60 + -06.50,누수규격,2026-08-31
A관(1공장),FRP_Sph,(UV)CS30_원형_8.60 + -06.50,접착,2026-08-30
A관(1공장),FRP_Sph,(UV)CS30_원형_8.60 + -06.50,하이드레이션,2026-08-28
A관(1공장),FRP_Sph,(UV)CS30_원형_8.60 + -07.00,누수규격,2026-08-31
A관(1공장),FRP_Sph,(UV)CS30_원형_8.60 + -07.00,접착,2026-08-30
A관(1공장),FRP_Sph,(UV)CS30_원형_8.60 + -07.00,하이드레이션,2026-08-28
A관(1공장),FRP_Sph,(UV)CS30_원형_8.60 + -07.50,누수규격,2026-08-31
A관(1공장),FRP_Sph,(UV)CS30_원형_8.60 + -07.50,접착,2026-08-30
A관(1공장),FRP_Sph,(UV)CS30_원형_8.60 + -07.50,하이드레이션,2026-08-28
A관(1공장),FRP_Sph,(UV)CS30_원형_8.60 + -11.00,누수규격,2026-08-31
A관(1공장),FRP_Sph,(UV)CS30_원형_8.60 + -11.00,접착,2026-08-30
A관(1공장),FRP_Sph,(UV)CS30_원형_8.60 + -11.00,하이드레이션,2026-08-28
A관(1공장),FRP_Sph,(UV)CS30_원형_8.60 + -12.00,누수규격,2026-08-31
A관(1공장),FRP_Sph,(UV)CS30_원형_8.60 + -12.00,접착,2026-08-30
A관(1공장),FRP_Sph,(UV)CS30_원형_8.60 + -12.00,하이드레이션,2026-08-28
A관(1공장),FRP_Sph,(UV_NEW)CS30_8.60 + -01.00,분리,2026-08-27
A관(1공장),FRP_Sph,(UV_NEW)CS30_8.60 + -01.00,사출,2026-08-26
A관(1공장),FRP_Sph,(UV_NEW)CS30_8.60 + -01.50,분리,2026-08-27
A관(1공장),FRP_Sph,(UV_NEW)CS30_8.60 + -01.50,사출,2026-08-26
A관(1공장),FRP_Sph,(UV_NEW)CS30_8.60 + -02.00,분리,2026-08-27
A관(1공장),FRP_Sph,(UV_NEW)CS30_8.60 + -02.00,사출,2026-08-26
A관(1공장),FRP_Sph,(UV_NEW)CS30_8.60 + -02.50,분리,2026-08-27
A관(1공장),FRP_Sph,(UV_NEW)CS30_8.60 + -02.50,사출,2026-08-26
A관(1공장),FRP_Sph,(UV_NEW)CS30_8.60 + -03.00,분리,2026-08-27
A관(1공장),FRP_Sph,(UV_NEW)CS30_8.60 + -03.00,사출,2026-08-26
A관(1공장),FRP_Sph,(UV_NEW)CS30_8.60 + -03.25,분리,2026-08-27
A관(1공장),FRP_Sph,(UV_NEW)CS30_8.60 + -03.25,사출,2026-08-26
A관(1공장),FRP_Sph,(UV_NEW)CS30_8.60 + -03.50,분리,2026-08-27
A관(1공장),FRP_Sph,(UV_NEW)CS30_8.60 + -03.50,사출,2026-08-26
A관(1공장),FRP_Sph,(UV_NEW)CS30_8.60 + -04.00,분리,2026-08-27
A관(1공장),FRP_Sph,(UV_NEW)CS30_8.60 + -04.00,사출,2026-08-26
A관(1공장),FRP_Sph,(UV_NEW)CS30_8.60 + -04.50,분리,2026-08-27
A관(1공장),FRP_Sph,(UV_NEW)CS30_8.60 + -04.50,사출,2026-08-26
A관(1공장),FRP_Sph,(UV_NEW)CS30_8.60 + -04.75,분리,2026-08-27
A관(1공장),FRP_Sph,(UV_NEW)CS30_8.60 + -04.75,사출,2026-08-26
A관(1공장),FRP_Sph,(UV_NEW)CS30_8.60 + -05.50,분리,2026-08-27
A관(1공장),FRP_Sph,(UV_NEW)CS30_8.60 + -05.50,사출,2026-08-26
A관(1공장),FRP_Sph,(UV_NEW)CS30_8.60 + -06.00,분리,2026-08-27
A관(1공장),FRP_Sph,(UV_NEW)CS30_8.60 + -06.00,사출,2026-08-26
A관(1공장),FRP_Sph,(UV_NEW)CS30_8.60 + -06.50,분리,2026-08-27
A관(1공장),FRP_Sph,(UV_NEW)CS30_8.60 + -06.50,사출,2026-08-26
A관(1공장),FRP_Sph,(UV_NEW)CS30_8.60 + -07.00,분리,2026-08-27
A관(1공장),FRP_Sph,(UV_NEW)CS30_8.60 + -07.00,사출,2026-08-26
A관(1공장),FRP_Sph,(UV_NEW)CS30_8.60 + -07.50,분리,2026-08-27
A관(1공장),FRP_Sph,(UV_NEW)CS30_8.60 + -07.50,사출,2026-08-26
A관(1공장),FRP_Sph,(UV_NEW)CS30_8.60 + -11.00,분리,2026-08-27
A관(1공장),FRP_Sph,(UV_NEW)CS30_8.60 + -11.00,사출,2026-08-26
A관(1공장),FRP_Sph,(UV_NEW)CS30_8.60 + -12.00,분리,2026-08-27
A관(1공장),FRP_Sph,(UV_NEW)CS30_8.60 + -12.00,사출,2026-08-26
A관(1공장),FRP_Sph,CS30-Dry + -03.00,사출,2026-07-23
A관(1공장),FRP_Sph,CS30_은캡_8.60 + -03.00,누수규격,2026-07-27
A관(1공장),FRP_Sph,CS30_은캡_8.60 + -03.00,접착,2026-07-26
A관(1공장),FRP_Sph,CS30_은캡_8.60 + -03.00,하이드레이션,2026-07-24
A관(1공장),FRP_Sph,Metha + -00.75,분리,2026-08-27
A관(1공장),FRP_Sph,Metha + -01.00,분리,2026-08-27
A관(1공장),FRP_Sph,Metha + -01.50,분리,2026-07-30
A관(1공장),FRP_Sph,Metha + -01.75,분리,2026-08-27
A관(1공장),FRP_Sph,Metha + -02.00,분리,2026-08-27
A관(1공장),FRP_Sph,Metha + -02.25,분리,2026-08-27
A관(1공장),FRP_Sph,Metha + -02.50,분리,2026-08-27
A관(1공장),FRP_Sph,Metha + -02.75,분리,2026-08-27
A관(1공장),FRP_Sph,Metha + -03.00,분리,2026-07-26
A관(1공장),FRP_Sph,Metha + -03.25,분리,2026-08-27
A관(1공장),FRP_Sph,Metha + -03.50,분리,2026-07-26
A관(1공장),FRP_Sph,Metha + -03.75,분리,2026-08-27
A관(1공장),FRP_Sph,Metha + -04.00,분리,2026-08-27
A관(1공장),FRP_Sph,Metha + -04.25,분리,2026-08-27
A관(1공장),FRP_Sph,Metha + -04.50,분리,2026-08-27
A관(1공장),FRP_Sph,Metha + -04.75,분리,2026-08-27
A관(1공장),FRP_Sph,Metha + -05.00,분리,2026-08-27
A관(1공장),FRP_Sph,Metha + -05.75,분리,2026-08-27
A관(1공장),FRP_Sph,Metha + -06.00,분리,2026-07-26
A관(1공장),FRP_Sph,Metha + -06.50,분리,2026-08-27
A관(1공장),FRP_Sph,Metha + -07.00,분리,2026-07-26
A관(1공장),FRP_Sph,Metha + -08.00,분리,2026-08-27
A관(1공장),FRP_Sph,Metha + -09.00,분리,2026-07-26
A관(1공장),FRP_Sph,Metha + -10.00,분리,2026-07-26
A관(1공장),FRP_Sph,Metha + -10.50,분리,2026-08-27
A관(1공장),FRP_Sph,Metha_55 + -00.75,사출,2026-08-26
A관(1공장),FRP_Sph,Metha_55 + -01.50,사출,2026-08-26
A관(1공장),FRP_Sph,Metha_55 + -01.75,사출,2026-08-26
A관(1공장),FRP_Sph,Metha_55 + -02.50,사출,2026-08-26
A관(1공장),FRP_Sph,Metha_55 + -02.75,사출,2026-08-26
A관(1공장),FRP_Sph,Metha_55 + -03.00,사출,2026-08-26
A관(1공장),FRP_Sph,Metha_55 + -03.25,사출,2026-08-26
A관(1공장),FRP_Sph,Metha_55 + -03.50,사출,2026-07-25
A관(1공장),FRP_Sph,Metha_55 + -03.75,사출,2026-08-26
A관(1공장),FRP_Sph,Metha_55 + -04.00,사출,2026-08-26
A관(1공장),FRP_Sph,Metha_55 + -04.25,사출,2026-08-26
A관(1공장),FRP_Sph,Metha_55 + -04.50,사출,2026-08-26
A관(1공장),FRP_Sph,Metha_55 + -04.75,사출,2026-08-26
A관(1공장),FRP_Sph,Metha_55 + -05.00,사출,2026-08-26
A관(1공장),FRP_Sph,Metha_55 + -05.75,사출,2026-08-26
A관(1공장),FRP_Sph,Metha_55 + -06.00,사출,2026-07-25
A관(1공장),FRP_Sph,Metha_55 + -06.50,사출,2026-08-26
A관(1공장),FRP_Sph,Metha_55 + -07.00,사출,2026-07-25
A관(1공장),FRP_Sph,Metha_55 + -08.00,사출,2026-08-26
A관(1공장),FRP_Sph,Metha_55 + -09.00,사출,2026-07-25
A관(1공장),FRP_Sph,Metha_55 + -10.00,사출,2026-07-25
A관(1공장),FRP_Sph,Metha_55 + -10.50,사출,2026-08-26
A관(1공장),FRP_Sph,Metha_55_금캡 + -01.25,누수규격,2026-07-30
A관(1공장),FRP_Sph,Metha_55_금캡 + -01.25,접착,2026-07-29
A관(1공장),FRP_Sph,Metha_55_금캡 + -03.00,누수규격,2026-07-30
A관(1공장),FRP_Sph,Metha_55_금캡 + -03.00,접착,2026-07-29
A관(1공장),FRP_Sph,Metha_55_금캡 + -03.00,하이드레이션,2026-07-27
A관(1공장),FRP_Sph,Metha_55_금캡 + -03.50,누수규격,2026-07-30
A관(1공장),FRP_Sph,Metha_55_금캡 + -03.50,접착,2026-07-29
A관(1공장),FRP_Sph,Metha_55_금캡 + -03.50,하이드레이션,2026-07-27
A관(1공장),FRP_Sph,Metha_55_금캡 + -06.00,누수규격,2026-07-30
A관(1공장),FRP_Sph,Metha_55_금캡 + -06.00,접착,2026-07-29
A관(1공장),FRP_Sph,Metha_55_금캡 + -06.00,하이드레이션,2026-07-27
A관(1공장),FRP_Sph,Metha_55_금캡 + -07.00,누수규격,2026-07-30
A관(1공장),FRP_Sph,Metha_55_금캡 + -07.00,접착,2026-07-29
A관(1공장),FRP_Sph,Metha_55_금캡 + -07.00,하이드레이션,2026-07-27
A관(1공장),FRP_Sph,Metha_55_금캡 + -09.00,누수규격,2026-07-30
A관(1공장),FRP_Sph,Metha_55_금캡 + -09.00,접착,2026-07-29
A관(1공장),FRP_Sph,Metha_55_금캡 + -09.00,하이드레이션,2026-07-27
A관(1공장),FRP_Sph,Metha_55_금캡 + -10.00,누수규격,2026-07-30
A관(1공장),FRP_Sph,Metha_55_금캡 + -10.00,접착,2026-07-29
A관(1공장),FRP_Sph,Metha_55_금캡 + -10.00,하이드레이션,2026-07-27
A관(1공장),FRP_Sph,Metha_55_소사각 + -00.75,누수규격,2026-08-31
A관(1공장),FRP_Sph,Metha_55_소사각 + -00.75,접착,2026-08-30
A관(1공장),FRP_Sph,Metha_55_소사각 + -00.75,하이드레이션,2026-08-28
A관(1공장),FRP_Sph,Metha_55_소사각 + -01.00,누수규격,2026-08-31
A관(1공장),FRP_Sph,Metha_55_소사각 + -01.00,접착,2026-08-30
A관(1공장),FRP_Sph,Metha_55_소사각 + -01.00,하이드레이션,2026-08-28
A관(1공장),FRP_Sph,Metha_55_소사각 + -01.25,누수규격,2026-08-31
A관(1공장),FRP_Sph,Metha_55_소사각 + -01.25,접착,2026-08-30
A관(1공장),FRP_Sph,Metha_55_소사각 + -01.50,누수규격,2026-08-03
A관(1공장),FRP_Sph,Metha_55_소사각 + -01.50,접착,2026-08-02
A관(1공장),FRP_Sph,Metha_55_소사각 + -01.50,하이드레이션,2026-07-31
A관(1공장),FRP_Sph,Metha_55_소사각 + -01.75,누수규격,2026-08-31
A관(1공장),FRP_Sph,Metha_55_소사각 + -01.75,접착,2026-08-30
A관(1공장),FRP_Sph,Metha_55_소사각 + -01.75,하이드레이션,2026-08-28
A관(1공장),FRP_Sph,Metha_55_소사각 + -02.00,누수규격,2026-08-31
A관(1공장),FRP_Sph,Metha_55_소사각 + -02.00,접착,2026-08-30
A관(1공장),FRP_Sph,Metha_55_소사각 + -02.00,하이드레이션,2026-08-28
A관(1공장),FRP_Sph,Metha_55_소사각 + -02.25,누수규격,2026-08-31
A관(1공장),FRP_Sph,Metha_55_소사각 + -02.25,접착,2026-08-30
A관(1공장),FRP_Sph,Metha_55_소사각 + -02.25,하이드레이션,2026-08-28
A관(1공장),FRP_Sph,Metha_55_소사각 + -02.50,누수규격,2026-08-31
A관(1공장),FRP_Sph,Metha_55_소사각 + -02.50,접착,2026-08-30
A관(1공장),FRP_Sph,Metha_55_소사각 + -02.50,하이드레이션,2026-08-28
A관(1공장),FRP_Sph,Metha_55_소사각 + -02.75,누수규격,2026-08-31
A관(1공장),FRP_Sph,Metha_55_소사각 + -02.75,접착,2026-08-30
A관(1공장),FRP_Sph,Metha_55_소사각 + -02.75,하이드레이션,2026-08-28
A관(1공장),FRP_Sph,Metha_55_소사각 + -03.00,누수규격,2026-08-31
A관(1공장),FRP_Sph,Metha_55_소사각 + -03.00,접착,2026-08-30
A관(1공장),FRP_Sph,Metha_55_소사각 + -03.00,하이드레이션,2026-08-28
A관(1공장),FRP_Sph,Metha_55_소사각 + -03.25,누수규격,2026-08-31
A관(1공장),FRP_Sph,Metha_55_소사각 + -03.25,접착,2026-08-30
A관(1공장),FRP_Sph,Metha_55_소사각 + -03.25,하이드레이션,2026-08-28
A관(1공장),FRP_Sph,Metha_55_소사각 + -03.50,누수규격,2026-08-31
A관(1공장),FRP_Sph,Metha_55_소사각 + -03.50,접착,2026-08-30
A관(1공장),FRP_Sph,Metha_55_소사각 + -03.50,하이드레이션,2026-08-28
A관(1공장),FRP_Sph,Metha_55_소사각 + -03.75,누수규격,2026-08-31
A관(1공장),FRP_Sph,Metha_55_소사각 + -03.75,접착,2026-08-30
A관(1공장),FRP_Sph,Metha_55_소사각 + -03.75,하이드레이션,2026-08-28
A관(1공장),FRP_Sph,Metha_55_소사각 + -04.00,누수규격,2026-08-31
A관(1공장),FRP_Sph,Metha_55_소사각 + -04.00,접착,2026-08-30
A관(1공장),FRP_Sph,Metha_55_소사각 + -04.00,하이드레이션,2026-08-28
A관(1공장),FRP_Sph,Metha_55_소사각 + -04.25,누수규격,2026-08-31
A관(1공장),FRP_Sph,Metha_55_소사각 + -04.25,접착,2026-08-30
A관(1공장),FRP_Sph,Metha_55_소사각 + -04.25,하이드레이션,2026-08-28
A관(1공장),FRP_Sph,Metha_55_소사각 + -04.50,누수규격,2026-08-31
A관(1공장),FRP_Sph,Metha_55_소사각 + -04.50,접착,2026-08-30
A관(1공장),FRP_Sph,Metha_55_소사각 + -04.50,하이드레이션,2026-08-28
A관(1공장),FRP_Sph,Metha_55_소사각 + -04.75,누수규격,2026-08-31
A관(1공장),FRP_Sph,Metha_55_소사각 + -04.75,접착,2026-08-30
A관(1공장),FRP_Sph,Metha_55_소사각 + -04.75,하이드레이션,2026-08-28
A관(1공장),FRP_Sph,Metha_55_소사각 + -05.00,누수규격,2026-08-31
A관(1공장),FRP_Sph,Metha_55_소사각 + -05.00,접착,2026-08-30
A관(1공장),FRP_Sph,Metha_55_소사각 + -05.00,하이드레이션,2026-08-28
A관(1공장),FRP_Sph,Metha_55_소사각 + -05.75,누수규격,2026-08-31
A관(1공장),FRP_Sph,Metha_55_소사각 + -05.75,접착,2026-08-30
A관(1공장),FRP_Sph,Metha_55_소사각 + -05.75,하이드레이션,2026-08-28
A관(1공장),FRP_Sph,Metha_55_소사각 + -06.00,누수규격,2026-08-31
A관(1공장),FRP_Sph,Metha_55_소사각 + -06.00,접착,2026-08-30
A관(1공장),FRP_Sph,Metha_55_소사각 + -06.00,하이드레이션,2026-08-28
A관(1공장),FRP_Sph,Metha_55_소사각 + -06.50,누수규격,2026-08-31
A관(1공장),FRP_Sph,Metha_55_소사각 + -06.50,접착,2026-08-30
A관(1공장),FRP_Sph,Metha_55_소사각 + -06.50,하이드레이션,2026-08-28
A관(1공장),FRP_Sph,Metha_55_소사각 + -09.00,누수규격,2026-08-31
A관(1공장),FRP_Sph,Metha_55_소사각 + -09.00,접착,2026-08-30
A관(1공장),FRP_Sph,Metha_55_소사각 + -09.00,하이드레이션,2026-08-28
A관(1공장),FRP_Sph,Metha_55_원형 + -08.00,누수규격,2026-08-31
A관(1공장),FRP_Sph,Metha_55_원형 + -08.00,접착,2026-08-30
A관(1공장),FRP_Sph,Metha_55_원형 + -08.00,하이드레이션,2026-08-28
A관(1공장),FRP_Sph,Metha_55_원형 + -10.50,누수규격,2026-08-31
A관(1공장),FRP_Sph,Metha_55_원형 + -10.50,접착,2026-08-30
A관(1공장),FRP_Sph,Metha_55_원형 + -10.50,하이드레이션,2026-08-28
A관(1공장),FRP_Sph,S38-2_Blue + -04.00,분리,2026-07-23
A관(1공장),FRP_Sph,S38-2_Blue + -04.00,사출,2026-07-22
A관(1공장),FRP_Sph,S38-2_Blue + -06.00,분리,2026-07-23
A관(1공장),FRP_Sph,S38-2_Blue + -06.00,사출,2026-07-22
A관(1공장),FRP_Sph,S38_은캡(BLUE TINT) + -04.00,누수규격,2026-07-27
A관(1공장),FRP_Sph,S38_은캡(BLUE TINT) + -04.00,접착,2026-07-26
A관(1공장),FRP_Sph,S38_은캡(BLUE TINT) + -04.00,하이드레이션,2026-07-24
A관(1공장),FRP_Sph,S38_은캡(BLUE TINT) + -06.00,누수규격,2026-07-27
A관(1공장),FRP_Sph,S38_은캡(BLUE TINT) + -06.00,접착,2026-07-26
A관(1공장),FRP_Sph,S38_은캡(BLUE TINT) + -06.00,하이드레이션,2026-07-24
A관(1공장),FRP_Sph,S55 + +00.25,분리,2026-08-27
A관(1공장),FRP_Sph,S55 + +00.50,분리,2026-08-27
A관(1공장),FRP_Sph,S55 + +00.75,분리,2026-08-27
A관(1공장),FRP_Sph,S55 + +01.00,분리,2026-08-27
A관(1공장),FRP_Sph,S55 + +01.25,분리,2026-08-27
A관(1공장),FRP_Sph,S55 + +03.00,분리,2026-08-27
A관(1공장),FRP_Sph,S55 + -00.75,분리,2026-08-27
A관(1공장),FRP_Sph,S55 + -01.00,분리,2026-07-14
A관(1공장),FRP_Sph,S55 + -03.00,분리,2026-08-27
A관(1공장),FRP_Sph,S55 + -05.00,분리,2026-08-27
A관(1공장),FRP_Sph,S55 + -06.00,분리,2026-07-30
A관(1공장),FRP_Sph,S55 + -06.50,분리,2026-07-30
A관(1공장),FRP_Sph,S55 + -07.50,분리,2026-07-30
A관(1공장),FRP_Sph,S55 + -08.00,분리,2026-07-30
A관(1공장),FRP_Sph,S55 + -08.50,분리,2026-07-30
A관(1공장),FRP_Sph,S55 + -09.00,분리,2026-08-27
A관(1공장),FRP_Sph,S55 + -09.50,분리,2026-08-27
A관(1공장),FRP_Sph,S55 + -12.00,분리,2026-07-30
A관(1공장),FRP_Sph,S55 + -14.00,분리,2026-07-30
A관(1공장),FRP_Sph,S55 + -15.00,분리,2026-08-22
A관(1공장),FRP_Sph,S55 + -16.00,분리,2026-07-30
A관(1공장),FRP_Sph,S55 + -17.00,분리,2026-08-27
A관(1공장),FRP_Sph,S55 + -18.00,분리,2026-08-27
A관(1공장),FRP_Sph,S55-Dry + -01.50,분리,
A관(1공장),FRP_Sph,S55-Dry + -02.00,분리,
A관(1공장),FRP_Sph,S55-Dry + -07.50,분리,
A관(1공장),FRP_Sph,S55-Dry + -09.00,분리,
A관(1공장),FRP_Sph,S55-Dry + -09.00,사출,
A관(1공장),FRP_Sph,S55_8.60 + +03.00,사출,2026-08-26
A관(1공장),FRP_Sph,S55_8.60 + -06.00,사출,2026-07-29
A관(1공장),FRP_Sph,S55_8.60 + -06.50,사출,2026-07-29
A관(1공장),FRP_Sph,S55_8.60 + -07.50,사출,2026-07-29
A관(1공장),FRP_Sph,S55_8.60 + -08.00,사출,2026-07-29
A관(1공장),FRP_Sph,S55_8.60 + -08.50,사출,2026-07-29
A관(1공장),FRP_Sph,S55_8.60 + -09.00,사출,2026-08-26
A관(1공장),FRP_Sph,S55_8.60 + -09.50,사출,2026-08-26
A관(1공장),FRP_Sph,S55_8.60 + -12.00,사출,2026-07-29
A관(1공장),FRP_Sph,S55_8.60 + -14.00,사출,2026-07-29
A관(1공장),FRP_Sph,S55_8.60 + -15.00,사출,2026-08-21
A관(1공장),FRP_Sph,S55_8.60 + -16.00,사출,2026-07-29
A관(1공장),FRP_Sph,S55_8.60 + -18.00,사출,2026-08-26
A관(1공장),FRP_Sph,S55_8.80 + +00.25,사출,2026-08-26
A관(1공장),FRP_Sph,S55_8.80 + +00.50,사출,2026-08-26
A관(1공장),FRP_Sph,S55_8.80 + +00.75,사출,2026-08-26
A관(1공장),FRP_Sph,S55_8.80 + +01.00,사출,2026-08-26
A관(1공장),FRP_Sph,S55_8.80 + +01.25,사출,2026-08-26
A관(1공장),FRP_Sph,S55_8.80 + -00.75,사출,2026-08-26
A관(1공장),FRP_Sph,S55_8.80 + -01.00,사출,2026-08-26
A관(1공장),FRP_Sph,S55_8.80 + -03.00,사출,2026-08-26
A관(1공장),FRP_Sph,S55_8.80 + -05.00,사출,2026-08-26
A관(1공장),FRP_Sph,S55_8.80 + -08.00,사출,2026-08-26
A관(1공장),FRP_Sph,S55_8.80 + -08.50,사출,2026-08-26
A관(1공장),FRP_Sph,S55_8.80 + -09.00,사출,2026-08-26
A관(1공장),FRP_Sph,S55_금캡 + -06.00,누수규격,2026-08-03
A관(1공장),FRP_Sph,S55_금캡 + -06.00,접착,2026-08-02
A관(1공장),FRP_Sph,S55_금캡 + -06.00,하이드레이션,2026-07-31
A관(1공장),FRP_Sph,S55_금캡 + -06.50,누수규격,2026-08-03
A관(1공장),FRP_Sph,S55_금캡 + -06.50,접착,2026-08-02
A관(1공장),FRP_Sph,S55_금캡 + -06.50,하이드레이션,2026-07-31
A관(1공장),FRP_Sph,S55_금캡 + -07.50,누수규격,2026-08-03
A관(1공장),FRP_Sph,S55_금캡 + -07.50,접착,2026-08-02
A관(1공장),FRP_Sph,S55_금캡 + -07.50,하이드레이션,2026-07-31
A관(1공장),FRP_Sph,S55_금캡 + -08.00,누수규격,2026-08-03
A관(1공장),FRP_Sph,S55_금캡 + -08.00,접착,2026-08-02
A관(1공장),FRP_Sph,S55_금캡 + -08.00,하이드레이션,2026-07-31
A관(1공장),FRP_Sph,S55_금캡 + -08.50,누수규격,2026-08-03
A관(1공장),FRP_Sph,S55_금캡 + -08.50,접착,2026-08-02
A관(1공장),FRP_Sph,S55_금캡 + -08.50,하이드레이션,2026-07-31
A관(1공장),FRP_Sph,S55_금캡 + -10.00,누수규격,2026-07-21
A관(1공장),FRP_Sph,S55_금캡 + -10.00,접착,2026-07-20
A관(1공장),FRP_Sph,S55_금캡 + -10.00,하이드레이션,2026-07-18
A관(1공장),FRP_Sph,S55_금캡 + -10.50,누수규격,2026-07-21
A관(1공장),FRP_Sph,S55_금캡 + -10.50,접착,2026-07-20
A관(1공장),FRP_Sph,S55_금캡 + -10.50,하이드레이션,2026-07-18
A관(1공장),FRP_Sph,S55_금캡 + -12.00,누수규격,2026-08-03
A관(1공장),FRP_Sph,S55_금캡 + -12.00,접착,2026-08-02
A관(1공장),FRP_Sph,S55_금캡 + -12.00,하이드레이션,2026-07-31
A관(1공장),FRP_Sph,S55_금캡 + -14.00,누수규격,2026-08-03
A관(1공장),FRP_Sph,S55_금캡 + -14.00,접착,2026-08-02
A관(1공장),FRP_Sph,S55_금캡 + -14.00,하이드레이션,2026-07-31
A관(1공장),FRP_Sph,S55_금캡 + -15.00,누수규격,2026-07-21
A관(1공장),FRP_Sph,S55_금캡 + -15.00,접착,2026-07-20
A관(1공장),FRP_Sph,S55_금캡 + -15.00,하이드레이션,2026-07-18
A관(1공장),FRP_Sph,S55_금캡 + -16.00,누수규격,2026-08-03
A관(1공장),FRP_Sph,S55_금캡 + -16.00,접착,2026-08-02
A관(1공장),FRP_Sph,S55_금캡 + -16.00,하이드레이션,2026-07-31
A관(1공장),FRP_Sph,S55_금캡 + -17.00,누수규격,2026-07-21
A관(1공장),FRP_Sph,S55_금캡 + -17.00,접착,2026-07-20
A관(1공장),FRP_Sph,S55_금캡 + -17.00,하이드레이션,2026-07-18
A관(1공장),FRP_Sph,S55_소사각 + +00.25,누수규격,2026-08-31
A관(1공장),FRP_Sph,S55_소사각 + +00.25,접착,2026-08-30
A관(1공장),FRP_Sph,S55_소사각 + +00.25,하이드레이션,2026-08-28
A관(1공장),FRP_Sph,S55_소사각 + +00.50,누수규격,2026-08-31
A관(1공장),FRP_Sph,S55_소사각 + +00.50,접착,2026-08-30
A관(1공장),FRP_Sph,S55_소사각 + +00.50,하이드레이션,2026-08-28
A관(1공장),FRP_Sph,S55_소사각 + +00.75,누수규격,2026-08-31
A관(1공장),FRP_Sph,S55_소사각 + +00.75,접착,2026-08-30
A관(1공장),FRP_Sph,S55_소사각 + +00.75,하이드레이션,2026-08-28
A관(1공장),FRP_Sph,S55_소사각 + +01.00,누수규격,2026-08-31
A관(1공장),FRP_Sph,S55_소사각 + +01.00,접착,2026-08-30
A관(1공장),FRP_Sph,S55_소사각 + +01.00,하이드레이션,2026-08-28
A관(1공장),FRP_Sph,S55_소사각 + +01.25,누수규격,2026-08-31
A관(1공장),FRP_Sph,S55_소사각 + +01.25,접착,2026-08-30
A관(1공장),FRP_Sph,S55_소사각 + +01.25,하이드레이션,2026-08-28
A관(1공장),FRP_Sph,S55_소사각 + +03.00,누수규격,2026-08-31
A관(1공장),FRP_Sph,S55_소사각 + +03.00,접착,2026-08-30
A관(1공장),FRP_Sph,S55_소사각 + +03.00,하이드레이션,2026-08-28
A관(1공장),FRP_Sph,S55_소사각 + -00.75,누수규격,2026-08-31
A관(1공장),FRP_Sph,S55_소사각 + -00.75,접착,2026-08-30
A관(1공장),FRP_Sph,S55_소사각 + -00.75,하이드레이션,2026-08-28
A관(1공장),FRP_Sph,S55_소사각 + -01.00,누수규격,2026-07-18
A관(1공장),FRP_Sph,S55_소사각 + -01.00,접착,2026-07-17
A관(1공장),FRP_Sph,S55_소사각 + -01.00,하이드레이션,2026-07-15
A관(1공장),FRP_Sph,S55_소사각 + -01.25,누수규격,2026-08-31
A관(1공장),FRP_Sph,S55_소사각 + -01.25,접착,2026-08-30
A관(1공장),FRP_Sph,S55_소사각 + -01.25,하이드레이션,2026-08-28
A관(1공장),FRP_Sph,S55_소사각 + -01.75,누수규격,2026-08-31
A관(1공장),FRP_Sph,S55_소사각 + -01.75,접착,2026-08-30
A관(1공장),FRP_Sph,S55_소사각 + -01.75,하이드레이션,2026-08-28
A관(1공장),FRP_Sph,S55_소사각 + -02.25,누수규격,2026-08-31
A관(1공장),FRP_Sph,S55_소사각 + -02.25,접착,2026-08-30
A관(1공장),FRP_Sph,S55_소사각 + -03.00,누수규격,2026-08-31
A관(1공장),FRP_Sph,S55_소사각 + -03.00,접착,2026-08-30
A관(1공장),FRP_Sph,S55_소사각 + -03.00,하이드레이션,2026-08-28
A관(1공장),FRP_Sph,S55_소사각 + -03.50,누수규격,2026-08-31
A관(1공장),FRP_Sph,S55_소사각 + -03.50,접착,2026-08-30
A관(1공장),FRP_Sph,S55_소사각 + -04.25,누수규격,2026-08-31
A관(1공장),FRP_Sph,S55_소사각 + -04.25,접착,2026-08-30
A관(1공장),FRP_Sph,S55_소사각 + -05.00,누수규격,2026-07-23
A관(1공장),FRP_Sph,S55_소사각 + -05.00,접착,2026-07-22
A관(1공장),FRP_Sph,S55_소사각 + -05.00,하이드레이션,2026-08-28
A관(1공장),FRP_Sph,S55_소사각 + -06.00,누수규격,2026-08-31
A관(1공장),FRP_Sph,S55_소사각 + -06.00,접착,2026-08-30
A관(1공장),FRP_Sph,S55_소사각 + -06.00,하이드레이션,2026-08-28
A관(1공장),FRP_Sph,S55_소사각 + -07.50,누수규격,2026-08-31
A관(1공장),FRP_Sph,S55_소사각 + -08.00,누수규격,2026-08-31
A관(1공장),FRP_Sph,S55_소사각 + -08.00,접착,2026-08-30
A관(1공장),FRP_Sph,S55_소사각 + -08.00,하이드레이션,2026-08-28
A관(1공장),FRP_Sph,S55_소사각 + -08.50,누수규격,2026-08-31
A관(1공장),FRP_Sph,S55_소사각 + -08.50,접착,2026-08-30
A관(1공장),FRP_Sph,S55_소사각 + -08.50,하이드레이션,2026-08-28
A관(1공장),FRP_Sph,S55_소사각 + -09.00,누수규격,2026-08-31
A관(1공장),FRP_Sph,S55_소사각 + -09.00,접착,2026-08-30
A관(1공장),FRP_Sph,S55_소사각 + -09.00,하이드레이션,2026-08-28
A관(1공장),FRP_Sph,S55_소사각 + -09.50,누수규격,2026-08-31
A관(1공장),FRP_Sph,S55_소사각 + -09.50,접착,2026-08-30
A관(1공장),FRP_Sph,S55_소사각 + -09.50,하이드레이션,2026-08-28
A관(1공장),FRP_Sph,S55_소사각 + -10.00,누수규격,2026-08-31
A관(1공장),FRP_Sph,S55_소사각 + -10.00,접착,2026-08-30
A관(1공장),FRP_Sph,S55_소사각 + -10.00,하이드레이션,2026-08-28
A관(1공장),FRP_Sph,S55_소사각 + -14.00,누수규격,2026-08-26
A관(1공장),FRP_Sph,S55_소사각 + -14.00,접착,2026-08-25
A관(1공장),FRP_Sph,S55_소사각 + -14.00,하이드레이션,2026-08-23
A관(1공장),FRP_Sph,S55_소사각 + -15.00,누수규격,2026-08-26
A관(1공장),FRP_Sph,S55_소사각 + -15.00,접착,2026-08-25
A관(1공장),FRP_Sph,S55_소사각 + -15.00,하이드레이션,2026-08-23
A관(1공장),FRP_Sph,S55_소사각 + -17.00,누수규격,2026-08-31
A관(1공장),FRP_Sph,S55_소사각 + -17.00,접착,2026-08-30
A관(1공장),FRP_Sph,S55_소사각 + -17.00,하이드레이션,2026-08-28
A관(1공장),FRP_Sph,S55_소사각 + -18.00,누수규격,2026-08-31
A관(1공장),FRP_Sph,S55_소사각 + -18.00,접착,2026-08-30
A관(1공장),FRP_Sph,S55_소사각 + -18.00,하이드레이션,2026-08-28
A관(1공장),FRP_Sph,S55_원형 + -01.50,누수규격,2026-08-31
A관(1공장),FRP_Sph,S55_원형 + -01.50,접착,2026-08-30
A관(1공장),FRP_Sph,S55_원형 + -01.50,하이드레이션,2026-08-28
A관(1공장),FRP_Sph,Sincere_2week UV_Clear + -01.75,사출,2026-08-26
A관(1공장),FRP_Sph,Sincere_2week UV_Clear + -02.25,사출,2026-08-26
A관(1공장),FRP_Sph,Sincere_2week UV_Clear + -02.50,사출,2026-08-26
A관(1공장),FRP_Sph,Sincere_2week UV_Clear + -02.75,사출,2026-08-26
A관(1공장),FRP_Sph,Sincere_2week UV_Clear + -03.00,사출,2026-08-26
A관(1공장),FRP_Sph,Sincere_2week UV_Clear + -04.00,사출,2026-08-26
A관(1공장),FRP_Sph,Sincere_2week UV_Clear + -04.25,사출,2026-08-26
A관(1공장),FRP_Sph,Sincere_2week UV_Clear + -04.75,사출,2026-08-26
A관(1공장),FRP_Sph,Sincere_2week UV_Clear + -05.75,사출,2026-08-26
A관(1공장),FRP_Sph,Sincere_2week UV_Clear + -06.00,사출,2026-08-26
A관(1공장),FRP_Sph,Sincere_2week UV_Clear + -06.50,사출,2026-08-26
A관(1공장),FRP_Sph,Sincere_2week UV_Clear + -07.00,사출,2026-08-26
A관(1공장),FRP_Sph,US55-2(M) + +02.50,분리,2026-08-27
A관(1공장),FRP_Sph,US55-2(M) + +02.50,사출,2026-08-26
A관(1공장),FRP_Sph,US55-2(M) + -02.00,분리,2026-08-27
A관(1공장),FRP_Sph,US55-2(M) + -02.00,사출,2026-08-26
A관(1공장),FRP_Sph,US55-2(M) + -02.50,분리,2026-08-27
A관(1공장),FRP_Sph,US55-2(M) + -02.50,사출,2026-08-26
A관(1공장),FRP_Sph,US55-2(M) + -03.50,분리,2026-08-27
A관(1공장),FRP_Sph,US55-2(M) + -03.50,사출,2026-08-26
A관(1공장),FRP_Sph,US55-2(M) + -04.25,분리,2026-08-27
A관(1공장),FRP_Sph,US55-2(M) + -04.25,사출,2026-08-26
A관(1공장),FRP_Sph,US55-2(M) + -04.50,분리,2026-08-27
A관(1공장),FRP_Sph,US55-2(M) + -04.50,사출,2026-08-26
A관(1공장),FRP_Sph,US55-2(M) + -05.00,분리,2026-08-27
A관(1공장),FRP_Sph,US55-2(M) + -05.00,사출,2026-08-26
A관(1공장),FRP_Sph,US55-2(M) + -06.00,분리,2026-08-27
A관(1공장),FRP_Sph,US55-2(M) + -06.00,사출,2026-08-26
A관(1공장),FRP_Sph,US55-2(M) + -06.50,분리,2026-08-27
A관(1공장),FRP_Sph,US55-2(M) + -06.50,사출,2026-08-26
A관(1공장),FRP_Sph,US55-2(M) + -14.00,분리,2026-08-27
A관(1공장),FRP_Sph,US55-2(M) + -14.00,사출,2026-08-26
A관(1공장),FRP_Sph,US55-2(M)_소사각 + +02.50,누수규격,2026-08-31
A관(1공장),FRP_Sph,US55-2(M)_소사각 + +02.50,접착,2026-08-30
A관(1공장),FRP_Sph,US55-2(M)_소사각 + +02.50,하이드레이션,2026-08-28
A관(1공장),FRP_Sph,US55-2(M)_소사각 + -02.00,누수규격,2026-08-31
A관(1공장),FRP_Sph,US55-2(M)_소사각 + -02.00,접착,2026-08-30
A관(1공장),FRP_Sph,US55-2(M)_소사각 + -02.00,하이드레이션,2026-08-28
A관(1공장),FRP_Sph,US55-2(M)_소사각 + -02.50,누수규격,2026-08-31
A관(1공장),FRP_Sph,US55-2(M)_소사각 + -02.50,접착,2026-08-30
A관(1공장),FRP_Sph,US55-2(M)_소사각 + -02.50,하이드레이션,2026-08-28
A관(1공장),FRP_Sph,US55-2(M)_소사각 + -04.25,누수규격,2026-08-31
A관(1공장),FRP_Sph,US55-2(M)_소사각 + -04.25,접착,2026-08-30
A관(1공장),FRP_Sph,US55-2(M)_소사각 + -04.25,하이드레이션,2026-08-28
A관(1공장),FRP_Sph,US55-2(M)_소사각 + -04.50,누수규격,2026-08-31
A관(1공장),FRP_Sph,US55-2(M)_소사각 + -04.50,접착,2026-08-30
A관(1공장),FRP_Sph,US55-2(M)_소사각 + -04.50,하이드레이션,2026-08-28
A관(1공장),FRP_Sph,US55-2(M)_소사각 + -05.00,누수규격,2026-08-31
A관(1공장),FRP_Sph,US55-2(M)_소사각 + -05.00,접착,2026-08-30
A관(1공장),FRP_Sph,US55-2(M)_소사각 + -05.00,하이드레이션,2026-08-28
A관(1공장),FRP_Sph,US55-2(M)_소사각 + -06.00,누수규격,2026-08-31
A관(1공장),FRP_Sph,US55-2(M)_소사각 + -06.00,접착,2026-08-30
A관(1공장),FRP_Sph,US55-2(M)_소사각 + -06.00,하이드레이션,2026-08-28
A관(1공장),FRP_Sph,US55-2(M)_소사각 + -06.50,누수규격,2026-08-31
A관(1공장),FRP_Sph,US55-2(M)_소사각 + -06.50,접착,2026-08-30
A관(1공장),FRP_Sph,US55-2(M)_소사각 + -06.50,하이드레이션,2026-08-28
A관(1공장),FRP_Sph,US55-2(M)_소사각 + -14.00,누수규격,2026-08-31
A관(1공장),FRP_Sph,US55-2(M)_소사각 + -14.00,접착,2026-08-30
A관(1공장),FRP_Sph,US55-2(M)_소사각 + -14.00,하이드레이션,2026-08-28
A관(1공장),FRP_Sph,US55-2(M)_중사각 + -03.50,누수규격,2026-08-31
A관(1공장),FRP_Sph,US55-2(M)_중사각 + -03.50,접착,2026-08-30
A관(1공장),FRP_Sph,US55-2(M)_중사각 + -03.50,하이드레이션,2026-08-28
A관(1공장),FRP_Toric,T38_(UV포함) + -02.50,분리,2026-07-23
A관(1공장),FRP_Toric,T38_(UV포함) + -02.50,사출,2026-07-22
A관(1공장),FRP_Toric,T38_(UV포함) + -06.00,분리,2026-07-23
A관(1공장),FRP_Toric,T38_(UV포함) + -06.00,사출,2026-07-22
A관(1공장),FRP_Toric,T38_(UV포함) + -08.50,분리,2026-07-23
A관(1공장),FRP_Toric,T38_금캡(UV포함) + -01.50,누수규격,2026-07-27
A관(1공장),FRP_Toric,T38_금캡(UV포함) + -01.50,접착,2026-07-26
A관(1공장),FRP_Toric,T38_금캡(UV포함) + -01.50,하이드레이션,2026-07-24
A관(1공장),FRP_Toric,T38_금캡(UV포함) + -02.50,누수규격,2026-07-27
A관(1공장),FRP_Toric,T38_금캡(UV포함) + -02.50,접착,2026-07-26
A관(1공장),FRP_Toric,T38_금캡(UV포함) + -02.50,하이드레이션,2026-07-24
A관(1공장),FRP_Toric,T38_금캡(UV포함) + -06.00,누수규격,2026-07-27
A관(1공장),FRP_Toric,T38_금캡(UV포함) + -06.00,접착,2026-07-26
A관(1공장),FRP_Toric,T38_금캡(UV포함) + -06.00,하이드레이션,2026-07-24
A관(1공장),FRP_Toric,T38_금캡(UV포함) + -08.50,누수규격,2026-07-27
A관(1공장),FRP_Toric,T38_금캡(UV포함) + -08.50,접착,2026-07-26
A관(1공장),FRP_Toric,T38_금캡(UV포함) + -08.50,하이드레이션,2026-07-24
A관(1공장),FRP_Toric,T55_소사각 + +00.25,누수규격,2026-08-31
A관(1공장),FRP_Toric,T55_소사각 + +00.25,분리,2026-08-27
A관(1공장),FRP_Toric,T55_소사각 + +00.25,사출,2026-08-26
A관(1공장),FRP_Toric,T55_소사각 + +00.25,접착,2026-08-30
A관(1공장),FRP_Toric,T55_소사각 + +00.25,하이드레이션,2026-08-28
A관(1공장),FRP_Toric,T55_소사각 + +00.50,누수규격,2026-07-18
A관(1공장),FRP_Toric,T55_소사각 + +00.50,분리,2026-07-14
A관(1공장),FRP_Toric,T55_소사각 + +00.50,접착,2026-07-17
A관(1공장),FRP_Toric,T55_소사각 + +00.50,하이드레이션,2026-07-15
A관(1공장),FRP_Toric,T55_소사각 + +00.75,누수규격,2026-08-31
A관(1공장),FRP_Toric,T55_소사각 + +00.75,분리,2026-08-27
A관(1공장),FRP_Toric,T55_소사각 + +00.75,사출,2026-08-26
A관(1공장),FRP_Toric,T55_소사각 + +00.75,접착,2026-08-30
A관(1공장),FRP_Toric,T55_소사각 + +00.75,하이드레이션,2026-08-28
A관(1공장),FRP_Toric,T55_소사각 + +01.00,누수규격,2026-08-09
A관(1공장),FRP_Toric,T55_소사각 + +01.00,분리,2026-08-05
A관(1공장),FRP_Toric,T55_소사각 + +01.00,사출,2026-08-04
A관(1공장),FRP_Toric,T55_소사각 + +01.00,접착,2026-08-08
A관(1공장),FRP_Toric,T55_소사각 + +01.00,하이드레이션,2026-08-06
A관(1공장),FRP_Toric,T55_소사각 + +01.25,누수규격,2026-08-31
A관(1공장),FRP_Toric,T55_소사각 + +01.25,분리,2026-08-27
A관(1공장),FRP_Toric,T55_소사각 + +01.25,사출,2026-08-26
A관(1공장),FRP_Toric,T55_소사각 + +01.25,접착,2026-08-30
A관(1공장),FRP_Toric,T55_소사각 + +01.25,하이드레이션,2026-08-28
A관(1공장),FRP_Toric,T55_소사각 + +01.50,누수규격,2026-08-09
A관(1공장),FRP_Toric,T55_소사각 + +01.50,분리,2026-08-05
A관(1공장),FRP_Toric,T55_소사각 + +01.50,사출,2026-08-04
A관(1공장),FRP_Toric,T55_소사각 + +01.50,접착,2026-08-08
A관(1공장),FRP_Toric,T55_소사각 + +01.50,하이드레이션,2026-08-06
A관(1공장),FRP_Toric,T55_소사각 + +01.75,누수규격,2026-07-18
A관(1공장),FRP_Toric,T55_소사각 + +01.75,분리,2026-07-14
A관(1공장),FRP_Toric,T55_소사각 + +01.75,사출,2026-08-26
A관(1공장),FRP_Toric,T55_소사각 + +01.75,접착,2026-07-17
A관(1공장),FRP_Toric,T55_소사각 + +01.75,하이드레이션,2026-07-15
A관(1공장),FRP_Toric,T55_소사각 + +02.00,누수규격,2026-08-31
A관(1공장),FRP_Toric,T55_소사각 + +02.00,분리,2026-08-27
A관(1공장),FRP_Toric,T55_소사각 + +02.00,사출,2026-08-26
A관(1공장),FRP_Toric,T55_소사각 + +02.00,접착,2026-08-30
A관(1공장),FRP_Toric,T55_소사각 + +02.00,하이드레이션,2026-08-28
A관(1공장),FRP_Toric,T55_소사각 + +02.50,누수규격,2026-08-09
A관(1공장),FRP_Toric,T55_소사각 + +02.50,분리,2026-08-05
A관(1공장),FRP_Toric,T55_소사각 + +02.50,사출,2026-08-04
A관(1공장),FRP_Toric,T55_소사각 + +02.50,접착,2026-08-08
A관(1공장),FRP_Toric,T55_소사각 + +02.50,하이드레이션,2026-08-06
A관(1공장),FRP_Toric,T55_소사각 + +03.00,누수규격,2026-08-09
A관(1공장),FRP_Toric,T55_소사각 + +03.00,분리,2026-08-05
A관(1공장),FRP_Toric,T55_소사각 + +03.00,접착,2026-08-08
A관(1공장),FRP_Toric,T55_소사각 + +03.00,하이드레이션,2026-08-06
A관(1공장),FRP_Toric,T55_소사각 + +03.25,누수규격,2026-08-31
A관(1공장),FRP_Toric,T55_소사각 + +03.25,분리,2026-08-27
A관(1공장),FRP_Toric,T55_소사각 + +03.25,사출,2026-08-26
A관(1공장),FRP_Toric,T55_소사각 + +03.25,접착,2026-08-30
A관(1공장),FRP_Toric,T55_소사각 + +03.25,하이드레이션,2026-08-28
A관(1공장),FRP_Toric,T55_소사각 + +03.75,누수규격,2026-08-31
A관(1공장),FRP_Toric,T55_소사각 + +03.75,분리,2026-08-27
A관(1공장),FRP_Toric,T55_소사각 + +03.75,접착,2026-08-30
A관(1공장),FRP_Toric,T55_소사각 + +03.75,하이드레이션,2026-08-28
A관(1공장),FRP_Toric,T55_소사각 + +05.00,누수규격,2026-08-31
A관(1공장),FRP_Toric,T55_소사각 + +05.00,분리,2026-08-27
A관(1공장),FRP_Toric,T55_소사각 + +05.00,사출,2026-08-26
A관(1공장),FRP_Toric,T55_소사각 + +05.00,접착,2026-08-30
A관(1공장),FRP_Toric,T55_소사각 + +05.00,하이드레이션,2026-08-28
A관(1공장),FRP_Toric,T55_소사각 + -00.00,누수규격,2026-07-18
A관(1공장),FRP_Toric,T55_소사각 + -00.00,분리,2026-07-14
A관(1공장),FRP_Toric,T55_소사각 + -00.00,사출,2026-07-13
A관(1공장),FRP_Toric,T55_소사각 + -00.00,접착,2026-07-17
A관(1공장),FRP_Toric,T55_소사각 + -00.00,하이드레이션,2026-07-15
A관(1공장),FRP_Toric,T55_소사각 + -00.25,누수규격,2026-08-31
A관(1공장),FRP_Toric,T55_소사각 + -00.25,분리,2026-08-27
A관(1공장),FRP_Toric,T55_소사각 + -00.25,사출,2026-08-26
A관(1공장),FRP_Toric,T55_소사각 + -00.25,접착,2026-08-30
A관(1공장),FRP_Toric,T55_소사각 + -00.25,하이드레이션,2026-08-28
A관(1공장),FRP_Toric,T55_소사각 + -00.50,누수규격,2026-08-31
A관(1공장),FRP_Toric,T55_소사각 + -00.50,분리,2026-08-27
A관(1공장),FRP_Toric,T55_소사각 + -00.50,사출,2026-08-26
A관(1공장),FRP_Toric,T55_소사각 + -00.50,접착,2026-08-30
A관(1공장),FRP_Toric,T55_소사각 + -00.50,하이드레이션,2026-08-28
A관(1공장),FRP_Toric,T55_소사각 + -00.75,누수규격,2026-07-09
A관(1공장),FRP_Toric,T55_소사각 + -00.75,분리,2026-07-05
A관(1공장),FRP_Toric,T55_소사각 + -00.75,사출,2026-07-13
A관(1공장),FRP_Toric,T55_소사각 + -00.75,접착,2026-07-08
A관(1공장),FRP_Toric,T55_소사각 + -00.75,하이드레이션,2026-07-06
A관(1공장),FRP_Toric,T55_소사각 + -01.00,누수규격,2026-07-18
A관(1공장),FRP_Toric,T55_소사각 + -01.00,분리,2026-07-14
A관(1공장),FRP_Toric,T55_소사각 + -01.00,사출,2026-07-13
A관(1공장),FRP_Toric,T55_소사각 + -01.00,접착,2026-07-17
A관(1공장),FRP_Toric,T55_소사각 + -01.00,하이드레이션,2026-07-15
A관(1공장),FRP_Toric,T55_소사각 + -01.25,누수규격,2026-07-18
A관(1공장),FRP_Toric,T55_소사각 + -01.25,분리,2026-07-14
A관(1공장),FRP_Toric,T55_소사각 + -01.25,사출,2026-08-26
A관(1공장),FRP_Toric,T55_소사각 + -01.25,접착,2026-07-17
A관(1공장),FRP_Toric,T55_소사각 + -01.25,하이드레이션,2026-07-15
A관(1공장),FRP_Toric,T55_소사각 + -01.50,누수규격,2026-08-31
A관(1공장),FRP_Toric,T55_소사각 + -01.50,분리,2026-08-27
A관(1공장),FRP_Toric,T55_소사각 + -01.50,사출,2026-08-26
A관(1공장),FRP_Toric,T55_소사각 + -01.50,접착,2026-08-30
A관(1공장),FRP_Toric,T55_소사각 + -01.50,하이드레이션,2026-08-28
A관(1공장),FRP_Toric,T55_소사각 + -01.75,누수규격,2026-07-18
A관(1공장),FRP_Toric,T55_소사각 + -01.75,분리,2026-07-14
A관(1공장),FRP_Toric,T55_소사각 + -01.75,사출,2026-08-26
A관(1공장),FRP_Toric,T55_소사각 + -01.75,접착,2026-07-17
A관(1공장),FRP_Toric,T55_소사각 + -01.75,하이드레이션,2026-07-15
A관(1공장),FRP_Toric,T55_소사각 + -02.00,누수규격,2026-08-31
A관(1공장),FRP_Toric,T55_소사각 + -02.00,분리,2026-08-27
A관(1공장),FRP_Toric,T55_소사각 + -02.00,사출,2026-08-26
A관(1공장),FRP_Toric,T55_소사각 + -02.00,접착,2026-08-30
A관(1공장),FRP_Toric,T55_소사각 + -02.00,하이드레이션,2026-08-28
A관(1공장),FRP_Toric,T55_소사각 + -02.25,누수규격,2026-08-31
A관(1공장),FRP_Toric,T55_소사각 + -02.25,분리,2026-08-27
A관(1공장),FRP_Toric,T55_소사각 + -02.25,사출,2026-08-26
A관(1공장),FRP_Toric,T55_소사각 + -02.25,접착,2026-08-30
A관(1공장),FRP_Toric,T55_소사각 + -02.25,하이드레이션,2026-08-28
A관(1공장),FRP_Toric,T55_소사각 + -02.50,누수규격,2026-08-31
A관(1공장),FRP_Toric,T55_소사각 + -02.50,분리,2026-08-27
A관(1공장),FRP_Toric,T55_소사각 + -02.50,사출,2026-08-26
A관(1공장),FRP_Toric,T55_소사각 + -02.50,접착,2026-08-30
A관(1공장),FRP_Toric,T55_소사각 + -02.50,하이드레이션,2026-08-28
A관(1공장),FRP_Toric,T55_소사각 + -02.75,누수규격,2026-07-18
A관(1공장),FRP_Toric,T55_소사각 + -02.75,분리,2026-07-14
A관(1공장),FRP_Toric,T55_소사각 + -02.75,사출,2026-08-26
A관(1공장),FRP_Toric,T55_소사각 + -02.75,접착,2026-07-17
A관(1공장),FRP_Toric,T55_소사각 + -02.75,하이드레이션,2026-07-15
A관(1공장),FRP_Toric,T55_소사각 + -03.00,누수규격,2026-08-31
A관(1공장),FRP_Toric,T55_소사각 + -03.00,분리,2026-08-27
A관(1공장),FRP_Toric,T55_소사각 + -03.00,사출,2026-08-26
A관(1공장),FRP_Toric,T55_소사각 + -03.00,접착,2026-08-30
A관(1공장),FRP_Toric,T55_소사각 + -03.00,하이드레이션,2026-08-28
A관(1공장),FRP_Toric,T55_소사각 + -03.25,누수규격,2026-08-31
A관(1공장),FRP_Toric,T55_소사각 + -03.25,분리,2026-08-27
A관(1공장),FRP_Toric,T55_소사각 + -03.25,사출,2026-08-26
A관(1공장),FRP_Toric,T55_소사각 + -03.25,접착,2026-08-30
A관(1공장),FRP_Toric,T55_소사각 + -03.25,하이드레이션,2026-08-28
A관(1공장),FRP_Toric,T55_소사각 + -03.50,누수규격,2026-07-18
A관(1공장),FRP_Toric,T55_소사각 + -03.50,분리,2026-07-14
A관(1공장),FRP_Toric,T55_소사각 + -03.50,사출,2026-07-13
A관(1공장),FRP_Toric,T55_소사각 + -03.50,접착,2026-07-17
A관(1공장),FRP_Toric,T55_소사각 + -03.50,하이드레이션,2026-07-15
A관(1공장),FRP_Toric,T55_소사각 + -03.75,누수규격,2026-07-19
A관(1공장),FRP_Toric,T55_소사각 + -03.75,분리,2026-07-15
A관(1공장),FRP_Toric,T55_소사각 + -03.75,사출,2026-08-26
A관(1공장),FRP_Toric,T55_소사각 + -03.75,접착,2026-07-18
A관(1공장),FRP_Toric,T55_소사각 + -03.75,하이드레이션,2026-07-16
A관(1공장),FRP_Toric,T55_소사각 + -04.00,누수규격,2026-07-18
A관(1공장),FRP_Toric,T55_소사각 + -04.00,분리,2026-07-14
A관(1공장),FRP_Toric,T55_소사각 + -04.00,사출,2026-07-13
A관(1공장),FRP_Toric,T55_소사각 + -04.00,접착,2026-07-17
A관(1공장),FRP_Toric,T55_소사각 + -04.00,하이드레이션,2026-07-15
A관(1공장),FRP_Toric,T55_소사각 + -04.25,누수규격,2026-08-31
A관(1공장),FRP_Toric,T55_소사각 + -04.25,분리,2026-08-27
A관(1공장),FRP_Toric,T55_소사각 + -04.25,사출,2026-08-26
A관(1공장),FRP_Toric,T55_소사각 + -04.25,접착,2026-08-30
A관(1공장),FRP_Toric,T55_소사각 + -04.25,하이드레이션,2026-08-28
A관(1공장),FRP_Toric,T55_소사각 + -04.50,누수규격,2026-07-18
A관(1공장),FRP_Toric,T55_소사각 + -04.50,분리,2026-07-14
A관(1공장),FRP_Toric,T55_소사각 + -04.50,사출,2026-07-13
A관(1공장),FRP_Toric,T55_소사각 + -04.50,접착,2026-07-17
A관(1공장),FRP_Toric,T55_소사각 + -04.50,하이드레이션,2026-07-15
A관(1공장),FRP_Toric,T55_소사각 + -04.75,누수규격,2026-07-18
A관(1공장),FRP_Toric,T55_소사각 + -04.75,분리,2026-07-14
A관(1공장),FRP_Toric,T55_소사각 + -04.75,사출,2026-08-26
A관(1공장),FRP_Toric,T55_소사각 + -04.75,접착,2026-07-17
A관(1공장),FRP_Toric,T55_소사각 + -04.75,하이드레이션,2026-07-15
A관(1공장),FRP_Toric,T55_소사각 + -05.00,누수규격,2026-08-31
A관(1공장),FRP_Toric,T55_소사각 + -05.00,분리,2026-08-27
A관(1공장),FRP_Toric,T55_소사각 + -05.00,사출,2026-08-26
A관(1공장),FRP_Toric,T55_소사각 + -05.00,접착,2026-08-30
A관(1공장),FRP_Toric,T55_소사각 + -05.00,하이드레이션,2026-08-28
A관(1공장),FRP_Toric,T55_소사각 + -05.25,누수규격,2026-08-31
A관(1공장),FRP_Toric,T55_소사각 + -05.25,분리,2026-08-27
A관(1공장),FRP_Toric,T55_소사각 + -05.25,사출,2026-08-26
A관(1공장),FRP_Toric,T55_소사각 + -05.25,접착,2026-08-30
A관(1공장),FRP_Toric,T55_소사각 + -05.25,하이드레이션,2026-08-28
A관(1공장),FRP_Toric,T55_소사각 + -05.50,누수규격,2026-08-31
A관(1공장),FRP_Toric,T55_소사각 + -05.50,분리,2026-08-27
A관(1공장),FRP_Toric,T55_소사각 + -05.50,사출,2026-08-26
A관(1공장),FRP_Toric,T55_소사각 + -05.50,접착,2026-08-30
A관(1공장),FRP_Toric,T55_소사각 + -05.50,하이드레이션,2026-08-28
A관(1공장),FRP_Toric,T55_소사각 + -05.75,누수규격,2026-08-31
A관(1공장),FRP_Toric,T55_소사각 + -05.75,분리,2026-08-27
A관(1공장),FRP_Toric,T55_소사각 + -05.75,접착,2026-08-30
A관(1공장),FRP_Toric,T55_소사각 + -05.75,하이드레이션,2026-08-28
A관(1공장),FRP_Toric,T55_소사각 + -06.00,누수규격,2026-08-31
A관(1공장),FRP_Toric,T55_소사각 + -06.00,분리,2026-08-27
A관(1공장),FRP_Toric,T55_소사각 + -06.00,접착,2026-08-30
A관(1공장),FRP_Toric,T55_소사각 + -06.00,하이드레이션,2026-08-28
A관(1공장),FRP_Toric,T55_소사각 + -06.25,누수규격,2026-08-31
A관(1공장),FRP_Toric,T55_소사각 + -06.25,분리,2026-08-27
A관(1공장),FRP_Toric,T55_소사각 + -06.25,사출,2026-08-26
A관(1공장),FRP_Toric,T55_소사각 + -06.25,접착,2026-08-30
A관(1공장),FRP_Toric,T55_소사각 + -06.25,하이드레이션,2026-08-28
A관(1공장),FRP_Toric,T55_소사각 + -06.50,누수규격,2026-07-18
A관(1공장),FRP_Toric,T55_소사각 + -06.50,분리,2026-07-14
A관(1공장),FRP_Toric,T55_소사각 + -06.50,접착,2026-07-17
A관(1공장),FRP_Toric,T55_소사각 + -06.50,하이드레이션,2026-07-15
A관(1공장),FRP_Toric,T55_소사각 + -07.50,누수규격,2026-08-31
A관(1공장),FRP_Toric,T55_소사각 + -07.50,분리,2026-08-27
A관(1공장),FRP_Toric,T55_소사각 + -07.50,접착,2026-08-30
A관(1공장),FRP_Toric,T55_소사각 + -07.50,하이드레이션,2026-08-28
A관(1공장),FRP_Toric,T55_소사각 + -08.00,누수규격,2026-07-18
A관(1공장),FRP_Toric,T55_소사각 + -08.00,분리,2026-07-14
A관(1공장),FRP_Toric,T55_소사각 + -08.00,사출,2026-07-13
A관(1공장),FRP_Toric,T55_소사각 + -08.00,접착,2026-07-17
A관(1공장),FRP_Toric,T55_소사각 + -08.00,하이드레이션,2026-07-15
A관(1공장),FRP_Toric,T55_소사각 + -08.50,누수규격,2026-08-31
A관(1공장),FRP_Toric,T55_소사각 + -08.50,분리,2026-08-27
A관(1공장),FRP_Toric,T55_소사각 + -08.50,접착,2026-08-30
A관(1공장),FRP_Toric,T55_소사각 + -08.50,하이드레이션,2026-08-28
A관(1공장),FRP_Toric,T55_소사각 + -09.00,누수규격,2026-08-31
A관(1공장),FRP_Toric,T55_소사각 + -09.00,분리,2026-08-27
A관(1공장),FRP_Toric,T55_소사각 + -09.00,사출,2026-08-26
A관(1공장),FRP_Toric,T55_소사각 + -09.00,접착,2026-08-30
A관(1공장),FRP_Toric,T55_소사각 + -09.00,하이드레이션,2026-08-28
A관(1공장),FRP_Toric,T55_소사각 + -09.50,누수규격,2026-08-31
A관(1공장),FRP_Toric,T55_소사각 + -09.50,분리,2026-08-27
A관(1공장),FRP_Toric,T55_소사각 + -09.50,사출,2026-08-26
A관(1공장),FRP_Toric,T55_소사각 + -09.50,접착,2026-08-30
A관(1공장),FRP_Toric,T55_소사각 + -09.50,하이드레이션,2026-08-28
A관(1공장),FRP_Toric,T55_소사각 + -10.00,누수규격,2026-08-31
A관(1공장),FRP_Toric,T55_소사각 + -10.00,분리,2026-08-27
A관(1공장),FRP_Toric,T55_소사각 + -10.00,사출,2026-08-26
A관(1공장),FRP_Toric,T55_소사각 + -10.00,접착,2026-08-30
A관(1공장),FRP_Toric,T55_소사각 + -10.00,하이드레이션,2026-08-28
A관(1공장),Si_1-Day_M/F,O2O2_Multifocal_K2_SMD + +01.75,분리,2026-07-05
A관(1공장),Si_1-Day_M/F,O2O2_Multifocal_K2_SMD + +01.75,사출,2026-07-04
A관(1공장),Si_1-Day_M/F,O2O2_Multifocal_K2_SMD + +02.25,분리,2026-07-14
A관(1공장),Si_1-Day_M/F,O2O2_Multifocal_K2_SMD + +02.25,사출,2026-07-13
A관(1공장),Si_1-Day_M/F,O2O2_Multifocal_K2_SMD + +02.50,분리,2026-07-14
A관(1공장),Si_1-Day_M/F,O2O2_Multifocal_K2_SMD + +02.50,사출,2026-07-13
A관(1공장),Si_1-Day_M/F,O2O2_Multifocal_K2_SMD + -05.00,분리,2026-07-14
A관(1공장),Si_1-Day_Toric,O2O2 D_UV_Toric_SMD + +00.50,분리,2026-08-27
A관(1공장),Si_1-Day_Toric,O2O2 D_UV_Toric_SMD + +00.50,사출,2026-08-26
A관(1공장),Si_1-Day_Toric,O2O2 D_UV_Toric_SMD + +00.75,분리,2026-08-27
A관(1공장),Si_1-Day_Toric,O2O2 D_UV_Toric_SMD + +00.75,사출,2026-08-26
A관(1공장),Si_1-Day_Toric,O2O2 D_UV_Toric_SMD + +02.75,분리,2026-08-27
A관(1공장),Si_1-Day_Toric,O2O2 D_UV_Toric_SMD + +02.75,사출,2026-08-26
A관(1공장),Si_1-Day_Toric,O2O2 D_UV_Toric_SMD + -00.00,분리,2026-08-27
A관(1공장),Si_1-Day_Toric,O2O2 D_UV_Toric_SMD + -00.00,사출,2026-08-26
A관(1공장),Si_1-Day_Toric,O2O2 D_UV_Toric_SMD + -00.25,분리,2026-08-27
A관(1공장),Si_1-Day_Toric,O2O2 D_UV_Toric_SMD + -00.50,분리,2026-08-27
A관(1공장),Si_1-Day_Toric,O2O2 D_UV_Toric_SMD + -00.50,사출,2026-08-26
A관(1공장),Si_1-Day_Toric,O2O2 D_UV_Toric_SMD + -00.75,분리,2026-08-27
A관(1공장),Si_1-Day_Toric,O2O2 D_UV_Toric_SMD + -00.75,사출,2026-08-26
A관(1공장),Si_1-Day_Toric,O2O2 D_UV_Toric_SMD + -01.00,분리,2026-08-27
A관(1공장),Si_1-Day_Toric,O2O2 D_UV_Toric_SMD + -01.00,사출,2026-08-26
A관(1공장),Si_1-Day_Toric,O2O2 D_UV_Toric_SMD + -01.25,분리,2026-08-27
A관(1공장),Si_1-Day_Toric,O2O2 D_UV_Toric_SMD + -01.25,사출,2026-08-26
A관(1공장),Si_1-Day_Toric,O2O2 D_UV_Toric_SMD + -01.50,분리,2026-08-27
A관(1공장),Si_1-Day_Toric,O2O2 D_UV_Toric_SMD + -01.50,사출,2026-07-22
A관(1공장),Si_1-Day_Toric,O2O2 D_UV_Toric_SMD + -01.75,분리,2026-08-27
A관(1공장),Si_1-Day_Toric,O2O2 D_UV_Toric_SMD + -01.75,사출,2026-08-26
A관(1공장),Si_1-Day_Toric,O2O2 D_UV_Toric_SMD + -02.00,분리,2026-08-27
A관(1공장),Si_1-Day_Toric,O2O2 D_UV_Toric_SMD + -02.25,분리,2026-07-26
A관(1공장),Si_1-Day_Toric,O2O2 D_UV_Toric_SMD + -02.25,사출,2026-07-25
A관(1공장),Si_1-Day_Toric,O2O2 D_UV_Toric_SMD + -02.50,분리,2026-08-02
A관(1공장),Si_1-Day_Toric,O2O2 D_UV_Toric_SMD + -02.50,사출,2026-08-01
A관(1공장),Si_1-Day_Toric,O2O2 D_UV_Toric_SMD + -02.75,분리,2026-07-22
A관(1공장),Si_1-Day_Toric,O2O2 D_UV_Toric_SMD + -02.75,사출,2026-07-21
A관(1공장),Si_1-Day_Toric,O2O2 D_UV_Toric_SMD + -03.00,분리,2026-08-14
A관(1공장),Si_1-Day_Toric,O2O2 D_UV_Toric_SMD + -03.00,사출,2026-08-13
A관(1공장),Si_1-Day_Toric,O2O2 D_UV_Toric_SMD + -03.50,분리,2026-08-27
A관(1공장),Si_1-Day_Toric,O2O2 D_UV_Toric_SMD + -03.75,분리,2026-08-27
A관(1공장),Si_1-Day_Toric,O2O2 D_UV_Toric_SMD + -03.75,사출,2026-08-02
A관(1공장),Si_1-Day_Toric,O2O2 D_UV_Toric_SMD + -04.00,분리,2026-08-27
A관(1공장),Si_1-Day_Toric,O2O2 D_UV_Toric_SMD + -04.00,사출,2026-08-26
A관(1공장),Si_1-Day_Toric,O2O2 D_UV_Toric_SMD + -04.25,분리,2026-08-27
A관(1공장),Si_1-Day_Toric,O2O2 D_UV_Toric_SMD + -04.25,사출,2026-08-26
A관(1공장),Si_1-Day_Toric,O2O2 D_UV_Toric_SMD + -04.50,분리,2026-08-27
A관(1공장),Si_1-Day_Toric,O2O2 D_UV_Toric_SMD + -04.75,분리,2026-08-02
A관(1공장),Si_1-Day_Toric,O2O2 D_UV_Toric_SMD + -05.00,분리,2026-08-27
A관(1공장),Si_1-Day_Toric,O2O2 D_UV_Toric_SMD + -05.25,분리,2026-08-27
A관(1공장),Si_1-Day_Toric,O2O2 D_UV_Toric_SMD + -05.25,사출,2026-08-26
A관(1공장),Si_1-Day_Toric,O2O2 D_UV_Toric_SMD + -05.50,분리,2026-08-27
A관(1공장),Si_1-Day_Toric,O2O2 D_UV_Toric_SMD + -05.75,분리,2026-08-27
A관(1공장),Si_1-Day_Toric,O2O2 D_UV_Toric_SMD + -05.75,사출,2026-08-26
A관(1공장),Si_1-Day_Toric,O2O2 D_UV_Toric_SMD + -06.00,분리,2026-07-26
A관(1공장),Si_1-Day_Toric,O2O2 D_UV_Toric_SMD + -06.00,사출,2026-08-26
A관(1공장),Si_1-Day_Toric,O2O2 D_UV_Toric_SMD + -06.50,분리,2026-08-27
A관(1공장),Si_1-Day_Toric,O2O2 D_UV_Toric_SMD + -06.50,사출,2026-08-26
A관(1공장),Si_1-Day_Toric,O2O2 D_UV_Toric_SMD + -07.00,분리,2026-08-27
A관(1공장),Si_1-Day_Toric,O2O2 D_UV_Toric_SMD + -07.00,사출,2026-08-26
A관(1공장),Si_1-Day_Toric,O2O2 D_UV_Toric_SMD + -07.50,분리,2026-08-27
A관(1공장),Si_1-Day_Toric,O2O2 D_UV_Toric_SMD + -07.50,사출,2026-08-26
A관(1공장),Si_1-Day_Toric,O2O2 D_UV_Toric_SMD + -08.00,분리,2026-08-27
A관(1공장),Si_1-Day_Toric,O2O2 D_UV_Toric_SMD + -08.00,사출,2026-08-26
A관(1공장),Si_1-Day_Toric,O2O2 D_UV_Toric_SMD + -08.50,분리,2026-08-27
A관(1공장),Si_1-Day_Toric,O2O2 D_UV_Toric_SMD + -08.50,사출,2026-08-26
A관(1공장),Si_1-Day_Toric,O2O2 D_UV_Toric_SMD + -09.00,분리,2026-08-27
A관(1공장),Si_1-Day_Toric,O2O2 D_UV_Toric_SMD + -09.00,사출,2026-08-26
A관(1공장),Si_1-Day_Toric,O2O2 D_UV_Toric_SMD + -09.50,분리,2026-07-22
A관(1공장),Si_1-Day_Toric,O2O2 D_UV_Toric_SMD + -09.50,사출,2026-07-21
A관(1공장),Si_1-Day_Toric,O2O2 D_UV_Toric_SMD + -10.00,분리,2026-08-27
A관(1공장),Si_1-Day_Toric,O2O2 D_UV_Toric_SMD + -10.00,사출,2026-08-26
A관(1공장),Si_1-Day_Toric,O2O2 D_UV_Toric_SMD + -10.50,분리,2026-08-27
A관(1공장),Si_1-Day_Toric,O2O2 D_UV_Toric_SMD + -10.50,사출,2026-08-26
A관(1공장),Si_1-Day_Toric,O2O2 D_UV_Toric_SMD + -11.00,분리,2026-07-26
A관(1공장),Si_1-Day_Toric,O2O2 D_UV_Toric_SMD + -11.00,사출,2026-07-25
A관(1공장),Si_1-Day_Toric,O2O2 D_UV_Toric_SMD + -12.00,분리,2026-08-27
A관(1공장),Si_1-Day_Toric,O2O2 D_UV_Toric_SMD + -12.00,사출,2026-08-26
A관(1공장),Si_FRP_Color_Sph,O2O2 M_Natural Chocolat EX_(중) + -03.25,누수규격,2026-07-27
A관(1공장),Si_FRP_Color_Sph,O2O2 M_Natural Chocolat EX_(중) + -03.25,접착,2026-07-26
A관(1공장),Si_FRP_Color_Sph,O2O2 M_Natural Chocolat EX_(중) + -03.25,하이드레이션,2026-07-24
A관(1공장),Si_FRP_Color_Sph,O2O2 M_Natural Chocolat EX_(중) + -05.00,누수규격,2026-07-27
A관(1공장),Si_FRP_Color_Sph,O2O2 M_Natural Chocolat EX_(중) + -05.00,접착,2026-07-26
A관(1공장),Si_FRP_Color_Sph,O2O2 M_Natural Chocolat EX_(중) + -05.00,하이드레이션,2026-07-24
A관(1공장),Si_FRP_Color_Sph,O2O2 M_Natural Chocolat EX_(중) + -05.50,누수규격,2026-07-27
A관(1공장),Si_FRP_Color_Sph,O2O2 M_Natural Chocolat EX_(중) + -05.50,접착,2026-07-26
A관(1공장),Si_FRP_Color_Sph,O2O2 M_Natural Chocolat EX_(중) + -05.50,하이드레이션,2026-07-24
A관(1공장),Si_FRP_Color_Sph,O2O2 M_Natural Chocolat EX_(중) + -06.50,누수규격,2026-07-27
A관(1공장),Si_FRP_Color_Sph,O2O2 M_Natural Chocolat EX_(중) + -06.50,접착,2026-07-26
A관(1공장),Si_FRP_Color_Sph,O2O2 M_Natural Chocolat EX_(중) + -06.50,하이드레이션,2026-07-24
A관(1공장),Si_FRP_M/F,O2O2 M_Multifocal(Dk70)_K2_SMD_(소) + +01.50,누수규격,2026-07-09
A관(1공장),Si_FRP_M/F,O2O2 M_Multifocal(Dk70)_K2_SMD_(소) + +01.75,누수규격,2026-07-09
A관(1공장),Si_FRP_M/F,O2O2 M_Multifocal(Dk70)_K2_SMD_(소) + +01.75,접착,2026-07-08
A관(1공장),Si_FRP_M/F,O2O2 M_Multifocal(Dk70)_K2_SMD_(소) + +01.75,하이드레이션,2026-07-06
A관(1공장),Si_FRP_M/F,O2O2 M_Multifocal(Dk70)_K2_SMD_(소) + +02.25,누수규격,2026-07-18
A관(1공장),Si_FRP_M/F,O2O2 M_Multifocal(Dk70)_K2_SMD_(소) + +02.25,접착,2026-07-17
A관(1공장),Si_FRP_M/F,O2O2 M_Multifocal(Dk70)_K2_SMD_(소) + +02.25,하이드레이션,2026-07-15
A관(1공장),Si_FRP_M/F,O2O2 M_Multifocal(Dk70)_K2_SMD_(소) + +02.50,누수규격,2026-07-18
A관(1공장),Si_FRP_M/F,O2O2 M_Multifocal(Dk70)_K2_SMD_(소) + +02.50,접착,2026-07-17
A관(1공장),Si_FRP_M/F,O2O2 M_Multifocal(Dk70)_K2_SMD_(소) + +02.50,하이드레이션,2026-07-15
A관(1공장),Si_FRP_M/F,O2O2 M_Multifocal(Dk70)_K2_SMD_(소) + -04.75,누수규격,2026-07-10
A관(1공장),Si_FRP_M/F,O2O2 M_Multifocal(Dk70)_K2_SMD_(소) + -04.75,접착,2026-07-09
A관(1공장),Si_FRP_M/F,O2O2 M_Multifocal(Dk70)_K2_SMD_(소) + -04.75,하이드레이션,2026-07-07
A관(1공장),Si_FRP_M/F,O2O2 M_Multifocal(Dk70)_K2_SMD_(소) + -05.00,누수규격,2026-07-18
A관(1공장),Si_FRP_M/F,O2O2 M_Multifocal(Dk70)_K2_SMD_(소) + -05.00,접착,2026-07-17
A관(1공장),Si_FRP_M/F,O2O2 M_Multifocal(Dk70)_K2_SMD_(소) + -05.00,하이드레이션,2026-07-15
A관(1공장),Si_FRP_M/F,Silicone relax + +00.25,분리,2026-08-27
A관(1공장),Si_FRP_M/F,Silicone relax + +00.25,사출,2026-08-26
A관(1공장),Si_FRP_M/F,Silicone relax + +00.50,분리,2026-08-27
A관(1공장),Si_FRP_M/F,Silicone relax + +00.50,사출,2026-08-26
A관(1공장),Si_FRP_M/F,Silicone relax + +00.75,분리,2026-08-27
A관(1공장),Si_FRP_M/F,Silicone relax + +00.75,사출,2026-08-26
A관(1공장),Si_FRP_M/F,Silicone relax + +02.50,분리,2026-08-27
A관(1공장),Si_FRP_M/F,Silicone relax + +02.50,사출,2026-08-26
A관(1공장),Si_FRP_M/F,Silicone relax + -00.25,분리,2026-08-27
A관(1공장),Si_FRP_M/F,Silicone relax + -00.25,사출,2026-08-26
A관(1공장),Si_FRP_M/F,Silicone relax_소사각 + +00.25,누수규격,2026-08-31
A관(1공장),Si_FRP_M/F,Silicone relax_소사각 + +00.25,접착,2026-08-30
A관(1공장),Si_FRP_M/F,Silicone relax_소사각 + +00.25,하이드레이션,2026-08-28
A관(1공장),Si_FRP_M/F,Silicone relax_소사각 + +00.50,누수규격,2026-08-31
A관(1공장),Si_FRP_M/F,Silicone relax_소사각 + +00.50,접착,2026-08-30
A관(1공장),Si_FRP_M/F,Silicone relax_소사각 + +00.50,하이드레이션,2026-08-28
A관(1공장),Si_FRP_M/F,Silicone relax_소사각 + +00.75,누수규격,2026-08-31
A관(1공장),Si_FRP_M/F,Silicone relax_소사각 + +00.75,접착,2026-08-30
A관(1공장),Si_FRP_M/F,Silicone relax_소사각 + +00.75,하이드레이션,2026-08-28
A관(1공장),Si_FRP_M/F,Silicone relax_소사각 + +01.00,누수규격,2026-08-31
A관(1공장),Si_FRP_M/F,Silicone relax_소사각 + +01.00,접착,2026-08-30
A관(1공장),Si_FRP_M/F,Silicone relax_소사각 + +01.00,하이드레이션,2026-08-28
A관(1공장),Si_FRP_M/F,Silicone relax_소사각 + +02.50,누수규격,2026-08-31
A관(1공장),Si_FRP_M/F,Silicone relax_소사각 + +02.50,접착,2026-08-30
A관(1공장),Si_FRP_M/F,Silicone relax_소사각 + +02.50,하이드레이션,2026-08-28
A관(1공장),Si_FRP_M/F,Silicone relax_소사각 + -00.25,누수규격,2026-08-31
A관(1공장),Si_FRP_M/F,Silicone relax_소사각 + -00.25,접착,2026-08-30
A관(1공장),Si_FRP_M/F,Silicone relax_소사각 + -00.25,하이드레이션,2026-08-28
A관(1공장),Si_FRP_M/F,Silicone relax_소사각 + -05.50,누수규격,2026-08-31
A관(1공장),Si_FRP_M/F,Silicone relax_소사각 + -05.50,접착,2026-08-30
A관(1공장),Si_FRP_M/F,Silicone relax_소사각 + -05.50,하이드레이션,2026-08-28
A관(1공장),Si_FRP_Toric,O2O2 M_UV_Toric_(소) + +00.50,누수규격,2026-08-31
A관(1공장),Si_FRP_Toric,O2O2 M_UV_Toric_(소) + +00.50,접착,2026-08-30
A관(1공장),Si_FRP_Toric,O2O2 M_UV_Toric_(소) + +00.50,하이드레이션,2026-08-28
A관(1공장),Si_FRP_Toric,O2O2 M_UV_Toric_(소) + +00.75,누수규격,2026-08-31
A관(1공장),Si_FRP_Toric,O2O2 M_UV_Toric_(소) + +00.75,접착,2026-08-30
A관(1공장),Si_FRP_Toric,O2O2 M_UV_Toric_(소) + +00.75,하이드레이션,2026-08-28
A관(1공장),Si_FRP_Toric,O2O2 M_UV_Toric_(소) + +02.50,누수규격,2026-08-31
A관(1공장),Si_FRP_Toric,O2O2 M_UV_Toric_(소) + +02.50,접착,2026-08-30
A관(1공장),Si_FRP_Toric,O2O2 M_UV_Toric_(소) + +02.50,하이드레이션,2026-08-28
A관(1공장),Si_FRP_Toric,O2O2 M_UV_Toric_(소) + +02.75,누수규격,2026-08-31
A관(1공장),Si_FRP_Toric,O2O2 M_UV_Toric_(소) + +02.75,접착,2026-08-30
A관(1공장),Si_FRP_Toric,O2O2 M_UV_Toric_(소) + +02.75,하이드레이션,2026-08-28
A관(1공장),Si_FRP_Toric,O2O2 M_UV_Toric_(소) + -00.00,누수규격,2026-08-31
A관(1공장),Si_FRP_Toric,O2O2 M_UV_Toric_(소) + -00.00,접착,2026-08-30
A관(1공장),Si_FRP_Toric,O2O2 M_UV_Toric_(소) + -00.00,하이드레이션,2026-08-28
A관(1공장),Si_FRP_Toric,O2O2 M_UV_Toric_(소) + -00.25,누수규격,2026-08-31
A관(1공장),Si_FRP_Toric,O2O2 M_UV_Toric_(소) + -00.25,접착,2026-08-30
A관(1공장),Si_FRP_Toric,O2O2 M_UV_Toric_(소) + -00.25,하이드레이션,2026-08-28
A관(1공장),Si_FRP_Toric,O2O2 M_UV_Toric_(소) + -00.50,누수규격,2026-08-31
A관(1공장),Si_FRP_Toric,O2O2 M_UV_Toric_(소) + -00.50,접착,2026-08-30
A관(1공장),Si_FRP_Toric,O2O2 M_UV_Toric_(소) + -00.50,하이드레이션,2026-08-28
A관(1공장),Si_FRP_Toric,O2O2 M_UV_Toric_(소) + -00.75,누수규격,2026-08-31
A관(1공장),Si_FRP_Toric,O2O2 M_UV_Toric_(소) + -00.75,접착,2026-08-30
A관(1공장),Si_FRP_Toric,O2O2 M_UV_Toric_(소) + -00.75,하이드레이션,2026-08-28
A관(1공장),Si_FRP_Toric,O2O2 M_UV_Toric_(소) + -01.00,누수규격,2026-08-31
A관(1공장),Si_FRP_Toric,O2O2 M_UV_Toric_(소) + -01.00,접착,2026-08-30
A관(1공장),Si_FRP_Toric,O2O2 M_UV_Toric_(소) + -01.00,하이드레이션,2026-08-28
A관(1공장),Si_FRP_Toric,O2O2 M_UV_Toric_(소) + -01.25,누수규격,2026-08-31
A관(1공장),Si_FRP_Toric,O2O2 M_UV_Toric_(소) + -01.25,접착,2026-08-30
A관(1공장),Si_FRP_Toric,O2O2 M_UV_Toric_(소) + -01.25,하이드레이션,2026-08-28
A관(1공장),Si_FRP_Toric,O2O2 M_UV_Toric_(소) + -01.50,누수규격,2026-08-31
A관(1공장),Si_FRP_Toric,O2O2 M_UV_Toric_(소) + -01.50,접착,2026-08-30
A관(1공장),Si_FRP_Toric,O2O2 M_UV_Toric_(소) + -01.50,하이드레이션,2026-08-28
A관(1공장),Si_FRP_Toric,O2O2 M_UV_Toric_(소) + -01.75,누수규격,2026-08-31
A관(1공장),Si_FRP_Toric,O2O2 M_UV_Toric_(소) + -01.75,접착,2026-08-30
A관(1공장),Si_FRP_Toric,O2O2 M_UV_Toric_(소) + -01.75,하이드레이션,2026-08-28
A관(1공장),Si_FRP_Toric,O2O2 M_UV_Toric_(소) + -02.00,누수규격,2026-08-31
A관(1공장),Si_FRP_Toric,O2O2 M_UV_Toric_(소) + -02.00,접착,2026-08-30
A관(1공장),Si_FRP_Toric,O2O2 M_UV_Toric_(소) + -02.00,하이드레이션,2026-08-28
A관(1공장),Si_FRP_Toric,O2O2 M_UV_Toric_(소) + -02.25,누수규격,2026-08-31
A관(1공장),Si_FRP_Toric,O2O2 M_UV_Toric_(소) + -02.25,접착,2026-08-30
A관(1공장),Si_FRP_Toric,O2O2 M_UV_Toric_(소) + -02.25,하이드레이션,2026-08-28
A관(1공장),Si_FRP_Toric,O2O2 M_UV_Toric_(소) + -02.50,누수규격,2026-08-31
A관(1공장),Si_FRP_Toric,O2O2 M_UV_Toric_(소) + -02.50,접착,2026-08-30
A관(1공장),Si_FRP_Toric,O2O2 M_UV_Toric_(소) + -02.50,하이드레이션,2026-08-28
A관(1공장),Si_FRP_Toric,O2O2 M_UV_Toric_(소) + -02.75,누수규격,2026-08-31
A관(1공장),Si_FRP_Toric,O2O2 M_UV_Toric_(소) + -02.75,접착,2026-08-30
A관(1공장),Si_FRP_Toric,O2O2 M_UV_Toric_(소) + -02.75,하이드레이션,2026-08-28
A관(1공장),Si_FRP_Toric,O2O2 M_UV_Toric_(소) + -03.00,누수규격,2026-08-31
A관(1공장),Si_FRP_Toric,O2O2 M_UV_Toric_(소) + -03.00,접착,2026-08-30
A관(1공장),Si_FRP_Toric,O2O2 M_UV_Toric_(소) + -03.00,하이드레이션,2026-08-28
A관(1공장),Si_FRP_Toric,O2O2 M_UV_Toric_(소) + -03.50,누수규격,2026-08-31
A관(1공장),Si_FRP_Toric,O2O2 M_UV_Toric_(소) + -03.50,접착,2026-08-30
A관(1공장),Si_FRP_Toric,O2O2 M_UV_Toric_(소) + -03.50,하이드레이션,2026-08-28
A관(1공장),Si_FRP_Toric,O2O2 M_UV_Toric_(소) + -03.75,누수규격,2026-08-31
A관(1공장),Si_FRP_Toric,O2O2 M_UV_Toric_(소) + -03.75,접착,2026-08-30
A관(1공장),Si_FRP_Toric,O2O2 M_UV_Toric_(소) + -03.75,하이드레이션,2026-08-28
A관(1공장),Si_FRP_Toric,O2O2 M_UV_Toric_(소) + -04.00,누수규격,2026-08-31
A관(1공장),Si_FRP_Toric,O2O2 M_UV_Toric_(소) + -04.00,접착,2026-08-30
A관(1공장),Si_FRP_Toric,O2O2 M_UV_Toric_(소) + -04.00,하이드레이션,2026-08-28
A관(1공장),Si_FRP_Toric,O2O2 M_UV_Toric_(소) + -04.25,누수규격,2026-08-31
A관(1공장),Si_FRP_Toric,O2O2 M_UV_Toric_(소) + -04.25,접착,2026-08-30
A관(1공장),Si_FRP_Toric,O2O2 M_UV_Toric_(소) + -04.25,하이드레이션,2026-08-28
A관(1공장),Si_FRP_Toric,O2O2 M_UV_Toric_(소) + -04.50,누수규격,2026-08-31
A관(1공장),Si_FRP_Toric,O2O2 M_UV_Toric_(소) + -04.50,접착,2026-08-30
A관(1공장),Si_FRP_Toric,O2O2 M_UV_Toric_(소) + -04.50,하이드레이션,2026-08-28
A관(1공장),Si_FRP_Toric,O2O2 M_UV_Toric_(소) + -04.75,누수규격,2026-08-31
A관(1공장),Si_FRP_Toric,O2O2 M_UV_Toric_(소) + -04.75,접착,2026-08-30
A관(1공장),Si_FRP_Toric,O2O2 M_UV_Toric_(소) + -05.00,누수규격,2026-08-31
A관(1공장),Si_FRP_Toric,O2O2 M_UV_Toric_(소) + -05.00,접착,2026-08-30
A관(1공장),Si_FRP_Toric,O2O2 M_UV_Toric_(소) + -05.00,하이드레이션,2026-08-28
A관(1공장),Si_FRP_Toric,O2O2 M_UV_Toric_(소) + -05.25,누수규격,2026-08-31
A관(1공장),Si_FRP_Toric,O2O2 M_UV_Toric_(소) + -05.25,접착,2026-08-30
A관(1공장),Si_FRP_Toric,O2O2 M_UV_Toric_(소) + -05.25,하이드레이션,2026-08-28
A관(1공장),Si_FRP_Toric,O2O2 M_UV_Toric_(소) + -05.50,누수규격,2026-08-31
A관(1공장),Si_FRP_Toric,O2O2 M_UV_Toric_(소) + -05.50,접착,2026-08-30
A관(1공장),Si_FRP_Toric,O2O2 M_UV_Toric_(소) + -05.50,하이드레이션,2026-08-28
A관(1공장),Si_FRP_Toric,O2O2 M_UV_Toric_(소) + -05.75,누수규격,2026-08-31
A관(1공장),Si_FRP_Toric,O2O2 M_UV_Toric_(소) + -05.75,접착,2026-08-30
A관(1공장),Si_FRP_Toric,O2O2 M_UV_Toric_(소) + -05.75,하이드레이션,2026-08-28
A관(1공장),Si_FRP_Toric,O2O2 M_UV_Toric_(소) + -06.00,누수규격,2026-08-31
A관(1공장),Si_FRP_Toric,O2O2 M_UV_Toric_(소) + -06.00,접착,2026-08-30
A관(1공장),Si_FRP_Toric,O2O2 M_UV_Toric_(소) + -06.00,하이드레이션,2026-08-28
A관(1공장),Si_FRP_Toric,O2O2 M_UV_Toric_(소) + -06.50,누수규격,2026-08-31
A관(1공장),Si_FRP_Toric,O2O2 M_UV_Toric_(소) + -06.50,접착,2026-08-30
A관(1공장),Si_FRP_Toric,O2O2 M_UV_Toric_(소) + -06.50,하이드레이션,2026-08-28
A관(1공장),Si_FRP_Toric,O2O2 M_UV_Toric_(소) + -07.00,누수규격,2026-08-31
A관(1공장),Si_FRP_Toric,O2O2 M_UV_Toric_(소) + -07.00,접착,2026-08-30
A관(1공장),Si_FRP_Toric,O2O2 M_UV_Toric_(소) + -07.00,하이드레이션,2026-08-28
A관(1공장),Si_FRP_Toric,O2O2 M_UV_Toric_(소) + -07.50,누수규격,2026-08-31
A관(1공장),Si_FRP_Toric,O2O2 M_UV_Toric_(소) + -07.50,접착,2026-08-30
A관(1공장),Si_FRP_Toric,O2O2 M_UV_Toric_(소) + -07.50,하이드레이션,2026-08-28
A관(1공장),Si_FRP_Toric,O2O2 M_UV_Toric_(소) + -08.00,누수규격,2026-08-31
A관(1공장),Si_FRP_Toric,O2O2 M_UV_Toric_(소) + -08.00,접착,2026-08-30
A관(1공장),Si_FRP_Toric,O2O2 M_UV_Toric_(소) + -08.00,하이드레이션,2026-08-28
A관(1공장),Si_FRP_Toric,O2O2 M_UV_Toric_(소) + -08.50,누수규격,2026-08-31
A관(1공장),Si_FRP_Toric,O2O2 M_UV_Toric_(소) + -08.50,접착,2026-08-30
A관(1공장),Si_FRP_Toric,O2O2 M_UV_Toric_(소) + -08.50,하이드레이션,2026-08-28
A관(1공장),Si_FRP_Toric,O2O2 M_UV_Toric_(소) + -09.00,누수규격,2026-08-31
A관(1공장),Si_FRP_Toric,O2O2 M_UV_Toric_(소) + -09.00,접착,2026-08-30
A관(1공장),Si_FRP_Toric,O2O2 M_UV_Toric_(소) + -09.00,하이드레이션,2026-08-28
A관(1공장),Si_FRP_Toric,O2O2 M_UV_Toric_(소) + -09.50,누수규격,2026-08-31
A관(1공장),Si_FRP_Toric,O2O2 M_UV_Toric_(소) + -09.50,접착,2026-08-30
A관(1공장),Si_FRP_Toric,O2O2 M_UV_Toric_(소) + -09.50,하이드레이션,2026-08-28
A관(1공장),Si_FRP_Toric,O2O2 M_UV_Toric_(소) + -10.00,누수규격,2026-08-31
A관(1공장),Si_FRP_Toric,O2O2 M_UV_Toric_(소) + -10.00,접착,2026-08-30
A관(1공장),Si_FRP_Toric,O2O2 M_UV_Toric_(소) + -10.00,하이드레이션,2026-08-28
A관(1공장),Si_FRP_Toric,O2O2 M_UV_Toric_(소) + -10.50,누수규격,2026-08-31
A관(1공장),Si_FRP_Toric,O2O2 M_UV_Toric_(소) + -10.50,접착,2026-08-30
A관(1공장),Si_FRP_Toric,O2O2 M_UV_Toric_(소) + -10.50,하이드레이션,2026-08-28
A관(1공장),Si_FRP_Toric,O2O2 M_UV_Toric_(소) + -11.00,누수규격,2026-08-31
A관(1공장),Si_FRP_Toric,O2O2 M_UV_Toric_(소) + -11.00,접착,2026-08-30
A관(1공장),Si_FRP_Toric,O2O2 M_UV_Toric_(소) + -11.00,하이드레이션,2026-08-28
A관(1공장),Si_FRP_Toric,O2O2 M_UV_Toric_(소) + -12.00,누수규격,2026-08-31
A관(1공장),Si_FRP_Toric,O2O2 M_UV_Toric_(소) + -12.00,접착,2026-08-30
A관(1공장),Si_FRP_Toric,O2O2 M_UV_Toric_(소) + -12.00,하이드레이션,2026-08-28
A관(1공장),Si_FRP_Toric,O2O2 M_UV_Toric_SMD_(소) + -00.25,누수규격,2026-07-30
A관(1공장),Si_FRP_Toric,O2O2 M_UV_Toric_SMD_(소) + -00.25,접착,2026-07-29
A관(1공장),Si_FRP_Toric,O2O2 M_UV_Toric_SMD_(소) + -00.25,하이드레이션,2026-07-27
A관(1공장),Si_FRP_Toric,O2O2 M_UV_Toric_SMD_(소) + -00.50,누수규격,2026-07-26
A관(1공장),Si_FRP_Toric,O2O2 M_UV_Toric_SMD_(소) + -00.50,접착,2026-07-25
A관(1공장),Si_FRP_Toric,O2O2 M_UV_Toric_SMD_(소) + -00.50,하이드레이션,2026-08-15
A관(1공장),Si_FRP_Toric,O2O2 M_UV_Toric_SMD_(소) + -01.25,누수규격,2026-07-30
A관(1공장),Si_FRP_Toric,O2O2 M_UV_Toric_SMD_(소) + -01.25,접착,2026-07-29
A관(1공장),Si_FRP_Toric,O2O2 M_UV_Toric_SMD_(소) + -01.50,누수규격,2026-07-26
A관(1공장),Si_FRP_Toric,O2O2 M_UV_Toric_SMD_(소) + -01.50,접착,2026-07-25
A관(1공장),Si_FRP_Toric,O2O2 M_UV_Toric_SMD_(소) + -01.50,하이드레이션,2026-07-23
A관(1공장),Si_FRP_Toric,O2O2 M_UV_Toric_SMD_(소) + -01.75,누수규격,2026-07-26
A관(1공장),Si_FRP_Toric,O2O2 M_UV_Toric_SMD_(소) + -01.75,접착,2026-07-25
A관(1공장),Si_FRP_Toric,O2O2 M_UV_Toric_SMD_(소) + -01.75,하이드레이션,2026-07-23
A관(1공장),Si_FRP_Toric,O2O2 M_UV_Toric_SMD_(소) + -02.00,누수규격,2026-07-26
A관(1공장),Si_FRP_Toric,O2O2 M_UV_Toric_SMD_(소) + -02.00,접착,2026-07-25
A관(1공장),Si_FRP_Toric,O2O2 M_UV_Toric_SMD_(소) + -02.00,하이드레이션,2026-07-23
A관(1공장),Si_FRP_Toric,O2O2 M_UV_Toric_SMD_(소) + -02.25,누수규격,2026-07-30
A관(1공장),Si_FRP_Toric,O2O2 M_UV_Toric_SMD_(소) + -02.25,접착,2026-07-29
A관(1공장),Si_FRP_Toric,O2O2 M_UV_Toric_SMD_(소) + -02.25,하이드레이션,2026-07-27
A관(1공장),Si_FRP_Toric,O2O2 M_UV_Toric_SMD_(소) + -02.50,누수규격,2026-07-30
A관(1공장),Si_FRP_Toric,O2O2 M_UV_Toric_SMD_(소) + -02.50,접착,2026-07-29
A관(1공장),Si_FRP_Toric,O2O2 M_UV_Toric_SMD_(소) + -02.50,하이드레이션,2026-08-03
A관(1공장),Si_FRP_Toric,O2O2 M_UV_Toric_SMD_(소) + -02.75,누수규격,2026-07-26
A관(1공장),Si_FRP_Toric,O2O2 M_UV_Toric_SMD_(소) + -02.75,접착,2026-07-25
A관(1공장),Si_FRP_Toric,O2O2 M_UV_Toric_SMD_(소) + -02.75,하이드레이션,2026-07-23
A관(1공장),Si_FRP_Toric,O2O2 M_UV_Toric_SMD_(소) + -03.00,누수규격,2026-07-26
A관(1공장),Si_FRP_Toric,O2O2 M_UV_Toric_SMD_(소) + -03.00,접착,2026-07-29
A관(1공장),Si_FRP_Toric,O2O2 M_UV_Toric_SMD_(소) + -03.00,하이드레이션,2026-08-15
A관(1공장),Si_FRP_Toric,O2O2 M_UV_Toric_SMD_(소) + -03.25,누수규격,2026-07-30
A관(1공장),Si_FRP_Toric,O2O2 M_UV_Toric_SMD_(소) + -03.25,접착,2026-07-29
A관(1공장),Si_FRP_Toric,O2O2 M_UV_Toric_SMD_(소) + -03.50,누수규격,2026-07-26
A관(1공장),Si_FRP_Toric,O2O2 M_UV_Toric_SMD_(소) + -03.50,접착,2026-07-25
A관(1공장),Si_FRP_Toric,O2O2 M_UV_Toric_SMD_(소) + -03.75,누수규격,2026-07-26
A관(1공장),Si_FRP_Toric,O2O2 M_UV_Toric_SMD_(소) + -03.75,접착,2026-07-25
A관(1공장),Si_FRP_Toric,O2O2 M_UV_Toric_SMD_(소) + -03.75,하이드레이션,2026-08-03
A관(1공장),Si_FRP_Toric,O2O2 M_UV_Toric_SMD_(소) + -04.00,누수규격,2026-07-30
A관(1공장),Si_FRP_Toric,O2O2 M_UV_Toric_SMD_(소) + -04.00,접착,2026-07-29
A관(1공장),Si_FRP_Toric,O2O2 M_UV_Toric_SMD_(소) + -04.75,누수규격,2026-07-26
A관(1공장),Si_FRP_Toric,O2O2 M_UV_Toric_SMD_(소) + -04.75,접착,2026-07-25
A관(1공장),Si_FRP_Toric,O2O2 M_UV_Toric_SMD_(소) + -04.75,하이드레이션,2026-08-03
A관(1공장),Si_FRP_Toric,O2O2 M_UV_Toric_SMD_(소) + -05.25,누수규격,2026-07-30
A관(1공장),Si_FRP_Toric,O2O2 M_UV_Toric_SMD_(소) + -05.25,접착,2026-07-29
A관(1공장),Si_FRP_Toric,O2O2 M_UV_Toric_SMD_(소) + -06.00,누수규격,2026-07-30
A관(1공장),Si_FRP_Toric,O2O2 M_UV_Toric_SMD_(소) + -06.00,접착,2026-07-29
A관(1공장),Si_FRP_Toric,O2O2 M_UV_Toric_SMD_(소) + -06.00,하이드레이션,2026-07-27
A관(1공장),Si_FRP_Toric,O2O2 M_UV_Toric_SMD_(소) + -09.50,누수규격,2026-07-26
A관(1공장),Si_FRP_Toric,O2O2 M_UV_Toric_SMD_(소) + -09.50,접착,2026-07-25
A관(1공장),Si_FRP_Toric,O2O2 M_UV_Toric_SMD_(소) + -09.50,하이드레이션,2026-07-23
A관(1공장),Si_FRP_Toric,O2O2 M_UV_Toric_SMD_(소) + -10.00,누수규격,2026-07-26
A관(1공장),Si_FRP_Toric,O2O2 M_UV_Toric_SMD_(소) + -10.00,접착,2026-07-25
A관(1공장),Si_FRP_Toric,O2O2 M_UV_Toric_SMD_(소) + -11.00,누수규격,2026-07-26
A관(1공장),Si_FRP_Toric,O2O2 M_UV_Toric_SMD_(소) + -11.00,접착,2026-07-25
A관(1공장),Si_FRP_Toric,O2O2 M_UV_Toric_SMD_(소) + -11.00,하이드레이션,2026-07-27
C관(2공장),1-Day_Color_Sph,1-Day_iris_Blue Moon + -08.50,누수규격,2026-07-27
C관(2공장),1-Day_Color_Sph,1-Day_iris_Blue Moon + -08.50,분리,2026-07-23
C관(2공장),1-Day_Color_Sph,1-Day_iris_Blue Moon + -08.50,사출,2026-07-22
C관(2공장),1-Day_Color_Sph,1-Day_iris_Blue Moon + -08.50,접착,2026-07-26
C관(2공장),1-Day_Color_Sph,1-Day_iris_Blue Moon + -08.50,하이드레이션,2026-07-24
C관(2공장),1-Day_Color_Sph,1-Day_iris_JazzBlack + -00.00,누수규격,2026-07-27
C관(2공장),1-Day_Color_Sph,1-Day_iris_JazzBlack + -00.00,분리,2026-07-23
C관(2공장),1-Day_Color_Sph,1-Day_iris_JazzBlack + -00.00,사출,2026-07-22
C관(2공장),1-Day_Color_Sph,1-Day_iris_JazzBlack + -00.00,접착,2026-07-26
C관(2공장),1-Day_Color_Sph,1-Day_iris_JazzBlack + -00.00,하이드레이션,2026-07-24
C관(2공장),1-Day_Color_Sph,1-Day_iris_JazzBlack + -00.50,누수규격,2026-07-27
C관(2공장),1-Day_Color_Sph,1-Day_iris_JazzBlack + -00.50,분리,2026-07-23
C관(2공장),1-Day_Color_Sph,1-Day_iris_JazzBlack + -00.50,사출,2026-07-22
C관(2공장),1-Day_Color_Sph,1-Day_iris_JazzBlack + -00.50,접착,2026-07-26
C관(2공장),1-Day_Color_Sph,1-Day_iris_JazzBlack + -00.50,하이드레이션,2026-07-24
C관(2공장),1-Day_Color_Sph,1-Day_iris_JazzBlack + -01.25,누수규격,2026-07-27
C관(2공장),1-Day_Color_Sph,1-Day_iris_JazzBlack + -01.25,분리,2026-07-23
C관(2공장),1-Day_Color_Sph,1-Day_iris_JazzBlack + -01.25,사출,2026-07-22
C관(2공장),1-Day_Color_Sph,1-Day_iris_JazzBlack + -01.25,접착,2026-07-26
C관(2공장),1-Day_Color_Sph,1-Day_iris_JazzBlack + -01.25,하이드레이션,2026-07-24
C관(2공장),1-Day_Color_Sph,1-Day_iris_JazzBlack + -02.00,누수규격,2026-07-27
C관(2공장),1-Day_Color_Sph,1-Day_iris_JazzBlack + -02.00,분리,2026-07-23
C관(2공장),1-Day_Color_Sph,1-Day_iris_JazzBlack + -02.00,사출,2026-07-22
C관(2공장),1-Day_Color_Sph,1-Day_iris_JazzBlack + -02.00,접착,2026-07-26
C관(2공장),1-Day_Color_Sph,1-Day_iris_JazzBlack + -02.00,하이드레이션,2026-07-24
C관(2공장),1-Day_Color_Sph,1-Day_iris_JazzBlack + -02.25,누수규격,2026-07-27
C관(2공장),1-Day_Color_Sph,1-Day_iris_JazzBlack + -02.25,분리,2026-07-23
C관(2공장),1-Day_Color_Sph,1-Day_iris_JazzBlack + -02.25,사출,2026-07-22
C관(2공장),1-Day_Color_Sph,1-Day_iris_JazzBlack + -02.25,접착,2026-07-26
C관(2공장),1-Day_Color_Sph,1-Day_iris_JazzBlack + -02.25,하이드레이션,2026-07-24
C관(2공장),1-Day_Color_Sph,1-Day_iris_JazzBlack + -02.50,누수규격,2026-07-27
C관(2공장),1-Day_Color_Sph,1-Day_iris_JazzBlack + -02.50,분리,2026-07-23
C관(2공장),1-Day_Color_Sph,1-Day_iris_JazzBlack + -02.50,사출,2026-07-22
C관(2공장),1-Day_Color_Sph,1-Day_iris_JazzBlack + -02.50,접착,2026-07-26
C관(2공장),1-Day_Color_Sph,1-Day_iris_JazzBlack + -02.50,하이드레이션,2026-07-24
C관(2공장),1-Day_Color_Sph,1-Day_iris_JazzBlack + -02.75,누수규격,2026-07-27
C관(2공장),1-Day_Color_Sph,1-Day_iris_JazzBlack + -02.75,분리,2026-07-23
C관(2공장),1-Day_Color_Sph,1-Day_iris_JazzBlack + -02.75,사출,2026-07-22
C관(2공장),1-Day_Color_Sph,1-Day_iris_JazzBlack + -02.75,접착,2026-07-26
C관(2공장),1-Day_Color_Sph,1-Day_iris_JazzBlack + -02.75,하이드레이션,2026-07-24
C관(2공장),1-Day_Color_Sph,1-Day_iris_JazzBlack + -03.00,누수규격,2026-07-27
C관(2공장),1-Day_Color_Sph,1-Day_iris_JazzBlack + -03.00,분리,2026-07-23
C관(2공장),1-Day_Color_Sph,1-Day_iris_JazzBlack + -03.00,사출,2026-07-22
C관(2공장),1-Day_Color_Sph,1-Day_iris_JazzBlack + -03.00,접착,2026-07-26
C관(2공장),1-Day_Color_Sph,1-Day_iris_JazzBlack + -03.00,하이드레이션,2026-07-24
C관(2공장),1-Day_Color_Sph,1-Day_iris_JazzBlack + -03.25,누수규격,2026-07-27
C관(2공장),1-Day_Color_Sph,1-Day_iris_JazzBlack + -03.25,분리,2026-07-19
C관(2공장),1-Day_Color_Sph,1-Day_iris_JazzBlack + -03.25,사출,2026-07-18
C관(2공장),1-Day_Color_Sph,1-Day_iris_JazzBlack + -03.25,접착,2026-07-26
C관(2공장),1-Day_Color_Sph,1-Day_iris_JazzBlack + -03.25,하이드레이션,2026-07-24
C관(2공장),1-Day_Color_Sph,1-Day_iris_JazzBlack + -03.75,누수규격,2026-07-27
C관(2공장),1-Day_Color_Sph,1-Day_iris_JazzBlack + -03.75,분리,2026-07-23
C관(2공장),1-Day_Color_Sph,1-Day_iris_JazzBlack + -03.75,사출,2026-07-22
C관(2공장),1-Day_Color_Sph,1-Day_iris_JazzBlack + -03.75,접착,2026-07-26
C관(2공장),1-Day_Color_Sph,1-Day_iris_JazzBlack + -03.75,하이드레이션,2026-07-24
C관(2공장),1-Day_Color_Sph,1-Day_iris_JazzBlack + -04.00,누수규격,2026-07-27
C관(2공장),1-Day_Color_Sph,1-Day_iris_JazzBlack + -04.00,분리,2026-07-23
C관(2공장),1-Day_Color_Sph,1-Day_iris_JazzBlack + -04.00,사출,2026-07-22
C관(2공장),1-Day_Color_Sph,1-Day_iris_JazzBlack + -04.00,접착,2026-07-26
C관(2공장),1-Day_Color_Sph,1-Day_iris_JazzBlack + -04.00,하이드레이션,2026-07-24
C관(2공장),1-Day_Color_Sph,1-Day_iris_JazzBlack + -04.25,분리,2026-07-21
C관(2공장),1-Day_Color_Sph,1-Day_iris_JazzBlack + -05.00,누수규격,2026-07-27
C관(2공장),1-Day_Color_Sph,1-Day_iris_JazzBlack + -05.00,분리,2026-07-23
C관(2공장),1-Day_Color_Sph,1-Day_iris_JazzBlack + -05.00,사출,2026-07-22
C관(2공장),1-Day_Color_Sph,1-Day_iris_JazzBlack + -05.00,접착,2026-07-26
C관(2공장),1-Day_Color_Sph,1-Day_iris_JazzBlack + -05.00,하이드레이션,2026-07-24
C관(2공장),1-Day_Color_Sph,1-Day_iris_JazzBlack + -05.50,누수규격,2026-07-27
C관(2공장),1-Day_Color_Sph,1-Day_iris_JazzBlack + -05.50,분리,2026-07-23
C관(2공장),1-Day_Color_Sph,1-Day_iris_JazzBlack + -05.50,사출,2026-07-22
C관(2공장),1-Day_Color_Sph,1-Day_iris_JazzBlack + -05.50,접착,2026-07-26
C관(2공장),1-Day_Color_Sph,1-Day_iris_JazzBlack + -05.50,하이드레이션,2026-07-24
C관(2공장),1-Day_Color_Sph,1-Day_iris_JazzBlack + -08.50,누수규격,2026-07-27
C관(2공장),1-Day_Color_Sph,1-Day_iris_JazzBlack + -08.50,분리,2026-07-23
C관(2공장),1-Day_Color_Sph,1-Day_iris_JazzBlack + -08.50,접착,2026-07-26
C관(2공장),1-Day_Color_Sph,1-Day_iris_JazzBlack + -08.50,하이드레이션,2026-07-24
C관(2공장),1-Day_Color_Sph,1-Day_iris_JazzBlack + -09.00,누수규격,2026-07-27
C관(2공장),1-Day_Color_Sph,1-Day_iris_JazzBlack + -09.00,접착,2026-07-26
C관(2공장),1-Day_Color_Sph,1-Day_iris_Latin + -00.00,누수규격,2026-07-27
C관(2공장),1-Day_Color_Sph,1-Day_iris_Latin + -00.00,분리,2026-07-23
C관(2공장),1-Day_Color_Sph,1-Day_iris_Latin + -00.00,사출,2026-07-22
C관(2공장),1-Day_Color_Sph,1-Day_iris_Latin + -00.00,접착,2026-07-26
C관(2공장),1-Day_Color_Sph,1-Day_iris_Latin + -00.00,하이드레이션,2026-07-24
C관(2공장),1-Day_Color_Sph,1-Day_iris_Latin + -00.50,누수규격,2026-07-27
C관(2공장),1-Day_Color_Sph,1-Day_iris_Latin + -00.50,분리,2026-07-23
C관(2공장),1-Day_Color_Sph,1-Day_iris_Latin + -00.50,사출,2026-07-22
C관(2공장),1-Day_Color_Sph,1-Day_iris_Latin + -00.50,접착,2026-07-26
C관(2공장),1-Day_Color_Sph,1-Day_iris_Latin + -00.50,하이드레이션,2026-07-24
C관(2공장),1-Day_Color_Sph,1-Day_iris_Latin + -01.00,누수규격,2026-07-27
C관(2공장),1-Day_Color_Sph,1-Day_iris_Latin + -01.00,분리,2026-07-23
C관(2공장),1-Day_Color_Sph,1-Day_iris_Latin + -01.00,사출,2026-07-22
C관(2공장),1-Day_Color_Sph,1-Day_iris_Latin + -01.00,접착,2026-07-26
C관(2공장),1-Day_Color_Sph,1-Day_iris_Latin + -01.00,하이드레이션,2026-07-24
C관(2공장),1-Day_Color_Sph,1-Day_iris_Latin + -01.25,누수규격,2026-07-27
C관(2공장),1-Day_Color_Sph,1-Day_iris_Latin + -01.25,분리,2026-07-23
C관(2공장),1-Day_Color_Sph,1-Day_iris_Latin + -01.25,사출,2026-07-22
C관(2공장),1-Day_Color_Sph,1-Day_iris_Latin + -01.25,접착,2026-07-26
C관(2공장),1-Day_Color_Sph,1-Day_iris_Latin + -01.25,하이드레이션,2026-07-24
C관(2공장),1-Day_Color_Sph,1-Day_iris_Latin + -01.50,누수규격,2026-07-27
C관(2공장),1-Day_Color_Sph,1-Day_iris_Latin + -01.50,분리,2026-07-23
C관(2공장),1-Day_Color_Sph,1-Day_iris_Latin + -01.50,사출,2026-07-22
C관(2공장),1-Day_Color_Sph,1-Day_iris_Latin + -01.50,접착,2026-07-26
C관(2공장),1-Day_Color_Sph,1-Day_iris_Latin + -01.50,하이드레이션,2026-07-24
C관(2공장),1-Day_Color_Sph,1-Day_iris_Latin + -02.25,누수규격,2026-07-27
C관(2공장),1-Day_Color_Sph,1-Day_iris_Latin + -02.25,분리,2026-07-23
C관(2공장),1-Day_Color_Sph,1-Day_iris_Latin + -02.25,사출,2026-07-22
C관(2공장),1-Day_Color_Sph,1-Day_iris_Latin + -02.25,접착,2026-07-26
C관(2공장),1-Day_Color_Sph,1-Day_iris_Latin + -02.25,하이드레이션,2026-07-24
C관(2공장),1-Day_Color_Sph,1-Day_iris_Latin + -02.50,누수규격,2026-07-27
C관(2공장),1-Day_Color_Sph,1-Day_iris_Latin + -02.50,분리,2026-07-23
C관(2공장),1-Day_Color_Sph,1-Day_iris_Latin + -02.50,사출,2026-07-22
C관(2공장),1-Day_Color_Sph,1-Day_iris_Latin + -02.50,접착,2026-07-26
C관(2공장),1-Day_Color_Sph,1-Day_iris_Latin + -02.50,하이드레이션,2026-07-24
C관(2공장),1-Day_Color_Sph,1-Day_iris_Latin + -03.75,누수규격,2026-07-27
C관(2공장),1-Day_Color_Sph,1-Day_iris_Latin + -03.75,분리,2026-07-23
C관(2공장),1-Day_Color_Sph,1-Day_iris_Latin + -03.75,사출,2026-07-22
C관(2공장),1-Day_Color_Sph,1-Day_iris_Latin + -03.75,접착,2026-07-26
C관(2공장),1-Day_Color_Sph,1-Day_iris_Latin + -03.75,하이드레이션,2026-07-24
C관(2공장),1-Day_Color_Sph,1-Day_iris_Latin + -04.75,누수규격,2026-07-27
C관(2공장),1-Day_Color_Sph,1-Day_iris_Latin + -04.75,분리,2026-07-23
C관(2공장),1-Day_Color_Sph,1-Day_iris_Latin + -04.75,사출,2026-07-22
C관(2공장),1-Day_Color_Sph,1-Day_iris_Latin + -04.75,접착,2026-07-26
C관(2공장),1-Day_Color_Sph,1-Day_iris_Latin + -04.75,하이드레이션,2026-07-24
C관(2공장),1-Day_Color_Sph,1-Day_iris_Latin + -05.00,누수규격,2026-07-27
C관(2공장),1-Day_Color_Sph,1-Day_iris_Latin + -05.00,분리,2026-07-23
C관(2공장),1-Day_Color_Sph,1-Day_iris_Latin + -05.00,사출,2026-07-22
C관(2공장),1-Day_Color_Sph,1-Day_iris_Latin + -05.00,접착,2026-07-26
C관(2공장),1-Day_Color_Sph,1-Day_iris_Latin + -05.00,하이드레이션,2026-07-24
C관(2공장),1-Day_Color_Sph,1-Day_iris_Latin + -06.00,누수규격,2026-07-27
C관(2공장),1-Day_Color_Sph,1-Day_iris_Latin + -06.00,분리,2026-07-23
C관(2공장),1-Day_Color_Sph,1-Day_iris_Latin + -06.00,사출,2026-07-22
C관(2공장),1-Day_Color_Sph,1-Day_iris_Latin + -06.00,접착,2026-07-26
C관(2공장),1-Day_Color_Sph,1-Day_iris_Latin + -06.00,하이드레이션,2026-07-24
C관(2공장),1-Day_Color_Sph,1-Day_iris_Latin + -09.00,누수규격,2026-07-27
C관(2공장),1-Day_Color_Sph,1-Day_iris_Latin + -09.00,분리,2026-07-23
C관(2공장),1-Day_Color_Sph,1-Day_iris_Latin + -09.00,사출,2026-07-22
C관(2공장),1-Day_Color_Sph,1-Day_iris_Latin + -09.00,접착,2026-07-26
C관(2공장),1-Day_Color_Sph,1-Day_iris_Latin + -09.00,하이드레이션,2026-07-24
C관(2공장),1-Day_Color_Sph,1-Day_iris_Rhapsody + -00.00,누수규격,2026-07-11
C관(2공장),1-Day_Color_Sph,1-Day_iris_Rhapsody + -00.00,분리,2026-07-07
C관(2공장),1-Day_Color_Sph,1-Day_iris_Rhapsody + -00.00,사출,2026-07-06
C관(2공장),1-Day_Color_Sph,1-Day_iris_Rhapsody + -00.00,접착,2026-07-10
C관(2공장),1-Day_Color_Sph,1-Day_iris_Rhapsody + -00.00,하이드레이션,2026-07-08
C관(2공장),1-Day_Color_Sph,1-Day_iris_Rhapsody + -00.50,누수규격,2026-07-26
C관(2공장),1-Day_Color_Sph,1-Day_iris_Rhapsody + -00.50,분리,2026-07-22
C관(2공장),1-Day_Color_Sph,1-Day_iris_Rhapsody + -00.50,사출,2026-07-21
C관(2공장),1-Day_Color_Sph,1-Day_iris_Rhapsody + -00.50,접착,2026-07-25
C관(2공장),1-Day_Color_Sph,1-Day_iris_Rhapsody + -00.50,하이드레이션,2026-07-23
C관(2공장),1-Day_Color_Sph,1-Day_iris_Rhapsody + -00.75,누수규격,2026-07-26
C관(2공장),1-Day_Color_Sph,1-Day_iris_Rhapsody + -00.75,분리,2026-07-22
C관(2공장),1-Day_Color_Sph,1-Day_iris_Rhapsody + -00.75,사출,2026-07-21
C관(2공장),1-Day_Color_Sph,1-Day_iris_Rhapsody + -00.75,접착,2026-07-25
C관(2공장),1-Day_Color_Sph,1-Day_iris_Rhapsody + -00.75,하이드레이션,2026-07-23
C관(2공장),1-Day_Color_Sph,1-Day_iris_Rhapsody + -01.00,누수규격,2026-07-26
C관(2공장),1-Day_Color_Sph,1-Day_iris_Rhapsody + -01.00,분리,2026-07-22
C관(2공장),1-Day_Color_Sph,1-Day_iris_Rhapsody + -01.00,사출,2026-07-21
C관(2공장),1-Day_Color_Sph,1-Day_iris_Rhapsody + -01.00,접착,2026-07-25
C관(2공장),1-Day_Color_Sph,1-Day_iris_Rhapsody + -01.00,하이드레이션,2026-07-23
C관(2공장),1-Day_Color_Sph,1-Day_iris_Rhapsody + -01.25,누수규격,2026-07-26
C관(2공장),1-Day_Color_Sph,1-Day_iris_Rhapsody + -01.25,분리,2026-07-22
C관(2공장),1-Day_Color_Sph,1-Day_iris_Rhapsody + -01.25,사출,2026-07-21
C관(2공장),1-Day_Color_Sph,1-Day_iris_Rhapsody + -01.25,접착,2026-07-25
C관(2공장),1-Day_Color_Sph,1-Day_iris_Rhapsody + -01.25,하이드레이션,2026-07-23
C관(2공장),1-Day_Color_Sph,1-Day_iris_Rhapsody + -01.75,누수규격,2026-07-26
C관(2공장),1-Day_Color_Sph,1-Day_iris_Rhapsody + -01.75,분리,2026-07-22
C관(2공장),1-Day_Color_Sph,1-Day_iris_Rhapsody + -01.75,사출,2026-07-21
C관(2공장),1-Day_Color_Sph,1-Day_iris_Rhapsody + -01.75,접착,2026-07-25
C관(2공장),1-Day_Color_Sph,1-Day_iris_Rhapsody + -01.75,하이드레이션,2026-07-23
C관(2공장),1-Day_Color_Sph,1-Day_iris_Rhapsody + -02.00,누수규격,2026-07-26
C관(2공장),1-Day_Color_Sph,1-Day_iris_Rhapsody + -02.00,분리,2026-07-22
C관(2공장),1-Day_Color_Sph,1-Day_iris_Rhapsody + -02.00,사출,2026-07-21
C관(2공장),1-Day_Color_Sph,1-Day_iris_Rhapsody + -02.00,접착,2026-07-25
C관(2공장),1-Day_Color_Sph,1-Day_iris_Rhapsody + -02.00,하이드레이션,2026-07-23
C관(2공장),1-Day_Color_Sph,1-Day_iris_Rhapsody + -02.25,누수규격,2026-07-11
C관(2공장),1-Day_Color_Sph,1-Day_iris_Rhapsody + -02.25,분리,2026-07-07
C관(2공장),1-Day_Color_Sph,1-Day_iris_Rhapsody + -02.25,사출,2026-07-06
C관(2공장),1-Day_Color_Sph,1-Day_iris_Rhapsody + -02.25,접착,2026-07-10
C관(2공장),1-Day_Color_Sph,1-Day_iris_Rhapsody + -02.25,하이드레이션,2026-07-08
C관(2공장),1-Day_Color_Sph,1-Day_iris_Rhapsody + -02.50,누수규격,2026-07-11
C관(2공장),1-Day_Color_Sph,1-Day_iris_Rhapsody + -02.50,분리,2026-07-07
C관(2공장),1-Day_Color_Sph,1-Day_iris_Rhapsody + -02.50,사출,2026-07-06
C관(2공장),1-Day_Color_Sph,1-Day_iris_Rhapsody + -02.50,접착,2026-07-10
C관(2공장),1-Day_Color_Sph,1-Day_iris_Rhapsody + -02.50,하이드레이션,2026-07-08
C관(2공장),1-Day_Color_Sph,1-Day_iris_Rhapsody + -02.75,누수규격,2026-07-26
C관(2공장),1-Day_Color_Sph,1-Day_iris_Rhapsody + -02.75,분리,2026-07-22
C관(2공장),1-Day_Color_Sph,1-Day_iris_Rhapsody + -02.75,사출,2026-07-21
C관(2공장),1-Day_Color_Sph,1-Day_iris_Rhapsody + -02.75,접착,2026-07-25
C관(2공장),1-Day_Color_Sph,1-Day_iris_Rhapsody + -02.75,하이드레이션,2026-07-23
C관(2공장),1-Day_Color_Sph,1-Day_iris_Rhapsody + -03.00,누수규격,2026-07-26
C관(2공장),1-Day_Color_Sph,1-Day_iris_Rhapsody + -03.00,분리,2026-07-22
C관(2공장),1-Day_Color_Sph,1-Day_iris_Rhapsody + -03.00,사출,2026-07-21
C관(2공장),1-Day_Color_Sph,1-Day_iris_Rhapsody + -03.00,접착,2026-07-25
C관(2공장),1-Day_Color_Sph,1-Day_iris_Rhapsody + -03.00,하이드레이션,2026-07-23
C관(2공장),1-Day_Color_Sph,1-Day_iris_Rhapsody + -03.25,누수규격,2026-07-26
C관(2공장),1-Day_Color_Sph,1-Day_iris_Rhapsody + -03.25,접착,2026-07-25
C관(2공장),1-Day_Color_Sph,1-Day_iris_Rhapsody + -03.25,하이드레이션,2026-07-23
C관(2공장),1-Day_Color_Sph,1-Day_iris_Rhapsody + -03.50,누수규격,2026-07-11
C관(2공장),1-Day_Color_Sph,1-Day_iris_Rhapsody + -03.50,분리,2026-07-07
C관(2공장),1-Day_Color_Sph,1-Day_iris_Rhapsody + -03.50,사출,2026-07-21
C관(2공장),1-Day_Color_Sph,1-Day_iris_Rhapsody + -03.50,접착,2026-07-10
C관(2공장),1-Day_Color_Sph,1-Day_iris_Rhapsody + -03.50,하이드레이션,2026-07-08
C관(2공장),1-Day_Color_Sph,1-Day_iris_Rhapsody + -03.75,누수규격,2026-07-26
C관(2공장),1-Day_Color_Sph,1-Day_iris_Rhapsody + -03.75,분리,2026-07-22
C관(2공장),1-Day_Color_Sph,1-Day_iris_Rhapsody + -03.75,사출,2026-07-21
C관(2공장),1-Day_Color_Sph,1-Day_iris_Rhapsody + -03.75,접착,2026-07-25
C관(2공장),1-Day_Color_Sph,1-Day_iris_Rhapsody + -03.75,하이드레이션,2026-07-23
C관(2공장),1-Day_Color_Sph,1-Day_iris_Rhapsody + -04.00,누수규격,2026-07-26
C관(2공장),1-Day_Color_Sph,1-Day_iris_Rhapsody + -04.00,분리,2026-07-22
C관(2공장),1-Day_Color_Sph,1-Day_iris_Rhapsody + -04.00,사출,2026-07-21
C관(2공장),1-Day_Color_Sph,1-Day_iris_Rhapsody + -04.00,접착,2026-07-25
C관(2공장),1-Day_Color_Sph,1-Day_iris_Rhapsody + -04.00,하이드레이션,2026-07-23
C관(2공장),1-Day_Color_Sph,1-Day_iris_Rhapsody + -04.50,누수규격,2026-07-26
C관(2공장),1-Day_Color_Sph,1-Day_iris_Rhapsody + -04.50,분리,2026-07-22
C관(2공장),1-Day_Color_Sph,1-Day_iris_Rhapsody + -04.50,사출,2026-07-21
C관(2공장),1-Day_Color_Sph,1-Day_iris_Rhapsody + -04.50,접착,2026-07-25
C관(2공장),1-Day_Color_Sph,1-Day_iris_Rhapsody + -04.50,하이드레이션,2026-07-23
C관(2공장),1-Day_Color_Sph,1-Day_iris_Rhapsody + -04.75,누수규격,2026-07-11
C관(2공장),1-Day_Color_Sph,1-Day_iris_Rhapsody + -04.75,분리,2026-07-07
C관(2공장),1-Day_Color_Sph,1-Day_iris_Rhapsody + -04.75,사출,2026-07-06
C관(2공장),1-Day_Color_Sph,1-Day_iris_Rhapsody + -04.75,접착,2026-07-10
C관(2공장),1-Day_Color_Sph,1-Day_iris_Rhapsody + -04.75,하이드레이션,2026-07-08
C관(2공장),1-Day_Color_Sph,1-Day_iris_Rhapsody + -05.50,누수규격,2026-07-26
C관(2공장),1-Day_Color_Sph,1-Day_iris_Rhapsody + -05.50,분리,2026-07-22
C관(2공장),1-Day_Color_Sph,1-Day_iris_Rhapsody + -05.50,사출,2026-07-21
C관(2공장),1-Day_Color_Sph,1-Day_iris_Rhapsody + -05.50,접착,2026-07-25
C관(2공장),1-Day_Color_Sph,1-Day_iris_Rhapsody + -05.50,하이드레이션,2026-07-23
C관(2공장),1-Day_Color_Sph,1-Day_iris_Rhapsody + -06.00,누수규격,2026-07-26
C관(2공장),1-Day_Color_Sph,1-Day_iris_Rhapsody + -06.00,분리,2026-07-22
C관(2공장),1-Day_Color_Sph,1-Day_iris_Rhapsody + -06.00,사출,2026-07-21
C관(2공장),1-Day_Color_Sph,1-Day_iris_Rhapsody + -06.00,접착,2026-07-25
C관(2공장),1-Day_Color_Sph,1-Day_iris_Rhapsody + -06.00,하이드레이션,2026-07-23
C관(2공장),1-Day_Color_Sph,1-Day_iris_Rhapsody + -07.00,분리,2026-08-05
C관(2공장),1-Day_Color_Sph,1-Day_iris_Rhapsody + -07.00,사출,2026-08-04
C관(2공장),1-Day_Color_Sph,1-Day_iris_Rhapsody + -08.50,누수규격,2026-07-26
C관(2공장),1-Day_Color_Sph,1-Day_iris_Rhapsody + -08.50,분리,2026-07-22
C관(2공장),1-Day_Color_Sph,1-Day_iris_Rhapsody + -08.50,사출,2026-07-21
C관(2공장),1-Day_Color_Sph,1-Day_iris_Rhapsody + -08.50,접착,2026-07-25
C관(2공장),1-Day_Color_Sph,1-Day_iris_Rhapsody + -08.50,하이드레이션,2026-07-23
C관(2공장),1-Day_Color_Sph,1-Day_iris_Rhapsody + -10.00,누수규격,2026-07-26
C관(2공장),1-Day_Color_Sph,1-Day_iris_Rhapsody + -10.00,분리,2026-07-22
C관(2공장),1-Day_Color_Sph,1-Day_iris_Rhapsody + -10.00,사출,2026-07-21
C관(2공장),1-Day_Color_Sph,1-Day_iris_Rhapsody + -10.00,접착,2026-07-25
C관(2공장),1-Day_Color_Sph,1-Day_iris_Rhapsody + -10.00,하이드레이션,2026-07-23
C관(2공장),1-Day_Color_Sph,1-Day_iris_SoulBrown + -00.00,누수규격,2026-07-26
C관(2공장),1-Day_Color_Sph,1-Day_iris_SoulBrown + -00.00,분리,2026-07-22
C관(2공장),1-Day_Color_Sph,1-Day_iris_SoulBrown + -00.00,사출,2026-07-21
C관(2공장),1-Day_Color_Sph,1-Day_iris_SoulBrown + -00.00,접착,2026-07-25
C관(2공장),1-Day_Color_Sph,1-Day_iris_SoulBrown + -00.00,하이드레이션,2026-07-23
C관(2공장),1-Day_Color_Sph,1-Day_iris_SoulBrown + -00.50,누수규격,2026-07-11
C관(2공장),1-Day_Color_Sph,1-Day_iris_SoulBrown + -00.50,분리,2026-07-22
C관(2공장),1-Day_Color_Sph,1-Day_iris_SoulBrown + -00.50,사출,2026-07-21
C관(2공장),1-Day_Color_Sph,1-Day_iris_SoulBrown + -00.50,접착,2026-07-10
C관(2공장),1-Day_Color_Sph,1-Day_iris_SoulBrown + -00.50,하이드레이션,2026-07-08
C관(2공장),1-Day_Color_Sph,1-Day_iris_SoulBrown + -01.00,누수규격,2026-07-11
C관(2공장),1-Day_Color_Sph,1-Day_iris_SoulBrown + -01.00,분리,2026-07-07
C관(2공장),1-Day_Color_Sph,1-Day_iris_SoulBrown + -01.00,사출,2026-07-06
C관(2공장),1-Day_Color_Sph,1-Day_iris_SoulBrown + -01.00,접착,2026-07-10
C관(2공장),1-Day_Color_Sph,1-Day_iris_SoulBrown + -01.00,하이드레이션,2026-07-08
C관(2공장),1-Day_Color_Sph,1-Day_iris_SoulBrown + -01.25,누수규격,2026-07-11
C관(2공장),1-Day_Color_Sph,1-Day_iris_SoulBrown + -01.25,분리,2026-07-07
C관(2공장),1-Day_Color_Sph,1-Day_iris_SoulBrown + -01.25,사출,2026-07-06
C관(2공장),1-Day_Color_Sph,1-Day_iris_SoulBrown + -01.25,접착,2026-07-10
C관(2공장),1-Day_Color_Sph,1-Day_iris_SoulBrown + -01.25,하이드레이션,2026-07-08
C관(2공장),1-Day_Color_Sph,1-Day_iris_SoulBrown + -01.50,누수규격,2026-07-11
C관(2공장),1-Day_Color_Sph,1-Day_iris_SoulBrown + -01.50,분리,2026-07-07
C관(2공장),1-Day_Color_Sph,1-Day_iris_SoulBrown + -01.50,사출,2026-07-06
C관(2공장),1-Day_Color_Sph,1-Day_iris_SoulBrown + -01.50,접착,2026-07-10
C관(2공장),1-Day_Color_Sph,1-Day_iris_SoulBrown + -01.50,하이드레이션,2026-07-08
C관(2공장),1-Day_Color_Sph,1-Day_iris_SoulBrown + -01.75,누수규격,2026-07-11
C관(2공장),1-Day_Color_Sph,1-Day_iris_SoulBrown + -01.75,분리,2026-07-07
C관(2공장),1-Day_Color_Sph,1-Day_iris_SoulBrown + -01.75,사출,2026-07-06
C관(2공장),1-Day_Color_Sph,1-Day_iris_SoulBrown + -01.75,접착,2026-07-10
C관(2공장),1-Day_Color_Sph,1-Day_iris_SoulBrown + -01.75,하이드레이션,2026-07-08
C관(2공장),1-Day_Color_Sph,1-Day_iris_SoulBrown + -02.00,누수규격,2026-07-11
C관(2공장),1-Day_Color_Sph,1-Day_iris_SoulBrown + -02.00,분리,2026-07-07
C관(2공장),1-Day_Color_Sph,1-Day_iris_SoulBrown + -02.00,사출,2026-07-06
C관(2공장),1-Day_Color_Sph,1-Day_iris_SoulBrown + -02.00,접착,2026-07-10
C관(2공장),1-Day_Color_Sph,1-Day_iris_SoulBrown + -02.00,하이드레이션,2026-07-08
C관(2공장),1-Day_Color_Sph,1-Day_iris_SoulBrown + -02.25,누수규격,2026-07-11
C관(2공장),1-Day_Color_Sph,1-Day_iris_SoulBrown + -02.25,분리,2026-07-07
C관(2공장),1-Day_Color_Sph,1-Day_iris_SoulBrown + -02.25,사출,2026-07-06
C관(2공장),1-Day_Color_Sph,1-Day_iris_SoulBrown + -02.25,접착,2026-07-10
C관(2공장),1-Day_Color_Sph,1-Day_iris_SoulBrown + -02.25,하이드레이션,2026-07-08
C관(2공장),1-Day_Color_Sph,1-Day_iris_SoulBrown + -02.50,누수규격,2026-07-11
C관(2공장),1-Day_Color_Sph,1-Day_iris_SoulBrown + -02.50,분리,2026-07-07
C관(2공장),1-Day_Color_Sph,1-Day_iris_SoulBrown + -02.50,사출,2026-07-06
C관(2공장),1-Day_Color_Sph,1-Day_iris_SoulBrown + -02.50,접착,2026-07-10
C관(2공장),1-Day_Color_Sph,1-Day_iris_SoulBrown + -02.50,하이드레이션,2026-07-08
C관(2공장),1-Day_Color_Sph,1-Day_iris_SoulBrown + -02.75,누수규격,2026-07-11
C관(2공장),1-Day_Color_Sph,1-Day_iris_SoulBrown + -02.75,분리,2026-07-07
C관(2공장),1-Day_Color_Sph,1-Day_iris_SoulBrown + -02.75,사출,2026-07-06
C관(2공장),1-Day_Color_Sph,1-Day_iris_SoulBrown + -02.75,접착,2026-07-10
C관(2공장),1-Day_Color_Sph,1-Day_iris_SoulBrown + -02.75,하이드레이션,2026-07-08
C관(2공장),1-Day_Color_Sph,1-Day_iris_SoulBrown + -03.00,누수규격,2026-07-11
C관(2공장),1-Day_Color_Sph,1-Day_iris_SoulBrown + -03.00,분리,2026-07-07
C관(2공장),1-Day_Color_Sph,1-Day_iris_SoulBrown + -03.00,사출,2026-07-06
C관(2공장),1-Day_Color_Sph,1-Day_iris_SoulBrown + -03.00,접착,2026-07-10
C관(2공장),1-Day_Color_Sph,1-Day_iris_SoulBrown + -03.00,하이드레이션,2026-07-08
C관(2공장),1-Day_Color_Sph,1-Day_iris_SoulBrown + -03.50,누수규격,2026-07-11
C관(2공장),1-Day_Color_Sph,1-Day_iris_SoulBrown + -03.50,분리,2026-07-07
C관(2공장),1-Day_Color_Sph,1-Day_iris_SoulBrown + -03.50,사출,2026-07-06
C관(2공장),1-Day_Color_Sph,1-Day_iris_SoulBrown + -03.50,접착,2026-07-10
C관(2공장),1-Day_Color_Sph,1-Day_iris_SoulBrown + -03.50,하이드레이션,2026-07-08
C관(2공장),1-Day_Color_Sph,1-Day_iris_SoulBrown + -04.25,누수규격,2026-07-11
C관(2공장),1-Day_Color_Sph,1-Day_iris_SoulBrown + -04.25,분리,2026-07-07
C관(2공장),1-Day_Color_Sph,1-Day_iris_SoulBrown + -04.25,사출,2026-07-06
C관(2공장),1-Day_Color_Sph,1-Day_iris_SoulBrown + -04.25,접착,2026-07-10
C관(2공장),1-Day_Color_Sph,1-Day_iris_SoulBrown + -04.25,하이드레이션,2026-07-08
C관(2공장),1-Day_Color_Sph,1-Day_iris_SoulBrown + -04.50,누수규격,2026-07-11
C관(2공장),1-Day_Color_Sph,1-Day_iris_SoulBrown + -04.50,분리,2026-07-07
C관(2공장),1-Day_Color_Sph,1-Day_iris_SoulBrown + -04.50,사출,2026-07-06
C관(2공장),1-Day_Color_Sph,1-Day_iris_SoulBrown + -04.50,접착,2026-07-10
C관(2공장),1-Day_Color_Sph,1-Day_iris_SoulBrown + -04.50,하이드레이션,2026-07-08
C관(2공장),1-Day_Color_Sph,1-Day_iris_SoulBrown + -04.75,누수규격,2026-07-11
C관(2공장),1-Day_Color_Sph,1-Day_iris_SoulBrown + -04.75,분리,2026-07-07
C관(2공장),1-Day_Color_Sph,1-Day_iris_SoulBrown + -04.75,사출,2026-07-06
C관(2공장),1-Day_Color_Sph,1-Day_iris_SoulBrown + -04.75,접착,2026-07-10
C관(2공장),1-Day_Color_Sph,1-Day_iris_SoulBrown + -04.75,하이드레이션,2026-07-08
C관(2공장),1-Day_Color_Sph,1-Day_iris_SoulBrown + -05.00,누수규격,2026-07-11
C관(2공장),1-Day_Color_Sph,1-Day_iris_SoulBrown + -05.00,분리,2026-07-07
C관(2공장),1-Day_Color_Sph,1-Day_iris_SoulBrown + -05.00,사출,2026-07-06
C관(2공장),1-Day_Color_Sph,1-Day_iris_SoulBrown + -05.00,접착,2026-07-10
C관(2공장),1-Day_Color_Sph,1-Day_iris_SoulBrown + -05.00,하이드레이션,2026-07-08
C관(2공장),1-Day_Color_Sph,1-Day_iris_SoulBrown + -05.25,누수규격,2026-07-11
C관(2공장),1-Day_Color_Sph,1-Day_iris_SoulBrown + -05.25,분리,2026-07-07
C관(2공장),1-Day_Color_Sph,1-Day_iris_SoulBrown + -05.25,사출,2026-07-06
C관(2공장),1-Day_Color_Sph,1-Day_iris_SoulBrown + -05.25,접착,2026-07-10
C관(2공장),1-Day_Color_Sph,1-Day_iris_SoulBrown + -05.25,하이드레이션,2026-07-08
C관(2공장),1-Day_Color_Sph,1-Day_iris_SoulBrown + -05.50,누수규격,2026-07-11
C관(2공장),1-Day_Color_Sph,1-Day_iris_SoulBrown + -05.50,분리,2026-07-07
C관(2공장),1-Day_Color_Sph,1-Day_iris_SoulBrown + -05.50,사출,2026-07-06
C관(2공장),1-Day_Color_Sph,1-Day_iris_SoulBrown + -05.50,접착,2026-07-10
C관(2공장),1-Day_Color_Sph,1-Day_iris_SoulBrown + -05.50,하이드레이션,2026-07-08
C관(2공장),1-Day_Color_Sph,1-Day_iris_SoulBrown + -05.75,누수규격,2026-07-11
C관(2공장),1-Day_Color_Sph,1-Day_iris_SoulBrown + -05.75,분리,2026-07-07
C관(2공장),1-Day_Color_Sph,1-Day_iris_SoulBrown + -05.75,사출,2026-07-06
C관(2공장),1-Day_Color_Sph,1-Day_iris_SoulBrown + -05.75,접착,2026-07-10
C관(2공장),1-Day_Color_Sph,1-Day_iris_SoulBrown + -05.75,하이드레이션,2026-07-08
C관(2공장),1-Day_Color_Sph,1-Day_iris_SoulBrown + -06.00,누수규격,2026-07-11
C관(2공장),1-Day_Color_Sph,1-Day_iris_SoulBrown + -06.00,분리,2026-07-07
C관(2공장),1-Day_Color_Sph,1-Day_iris_SoulBrown + -06.00,사출,2026-07-06
C관(2공장),1-Day_Color_Sph,1-Day_iris_SoulBrown + -06.00,접착,2026-07-10
C관(2공장),1-Day_Color_Sph,1-Day_iris_SoulBrown + -06.00,하이드레이션,2026-07-08
C관(2공장),1-Day_Color_Sph,1-Day_iris_SoulBrown + -06.50,누수규격,2026-07-11
C관(2공장),1-Day_Color_Sph,1-Day_iris_SoulBrown + -06.50,분리,2026-07-07
C관(2공장),1-Day_Color_Sph,1-Day_iris_SoulBrown + -06.50,사출,2026-07-06
C관(2공장),1-Day_Color_Sph,1-Day_iris_SoulBrown + -06.50,접착,2026-07-10
C관(2공장),1-Day_Color_Sph,1-Day_iris_SoulBrown + -06.50,하이드레이션,2026-07-08
C관(2공장),1-Day_Color_Sph,1-Day_iris_SoulBrown + -09.00,누수규격,2026-07-26
C관(2공장),1-Day_Color_Sph,1-Day_iris_SoulBrown + -09.00,분리,2026-07-22
C관(2공장),1-Day_Color_Sph,1-Day_iris_SoulBrown + -09.00,사출,2026-07-21
C관(2공장),1-Day_Color_Sph,1-Day_iris_SoulBrown + -09.00,접착,2026-07-25
C관(2공장),1-Day_Color_Sph,1-Day_iris_SoulBrown + -09.00,하이드레이션,2026-07-23
C관(2공장),1-Day_Color_Sph,1-Day_iris_Suzy Brown + -00.00,누수규격,2026-07-27
C관(2공장),1-Day_Color_Sph,1-Day_iris_Suzy Brown + -00.00,분리,2026-07-23
C관(2공장),1-Day_Color_Sph,1-Day_iris_Suzy Brown + -00.00,사출,2026-07-22
C관(2공장),1-Day_Color_Sph,1-Day_iris_Suzy Brown + -00.00,접착,2026-07-26
C관(2공장),1-Day_Color_Sph,1-Day_iris_Suzy Brown + -00.00,하이드레이션,2026-07-24
C관(2공장),1-Day_Color_Sph,1-Day_iris_Suzy Brown + -01.00,누수규격,2026-07-27
C관(2공장),1-Day_Color_Sph,1-Day_iris_Suzy Brown + -01.00,분리,2026-07-23
C관(2공장),1-Day_Color_Sph,1-Day_iris_Suzy Brown + -01.00,사출,2026-07-22
C관(2공장),1-Day_Color_Sph,1-Day_iris_Suzy Brown + -01.00,접착,2026-07-26
C관(2공장),1-Day_Color_Sph,1-Day_iris_Suzy Brown + -01.00,하이드레이션,2026-07-24
C관(2공장),1-Day_Color_Sph,1-Day_iris_Suzy Brown + -02.00,누수규격,2026-07-27
C관(2공장),1-Day_Color_Sph,1-Day_iris_Suzy Brown + -02.00,분리,2026-07-23
C관(2공장),1-Day_Color_Sph,1-Day_iris_Suzy Brown + -02.00,사출,2026-07-22
C관(2공장),1-Day_Color_Sph,1-Day_iris_Suzy Brown + -02.00,접착,2026-07-26
C관(2공장),1-Day_Color_Sph,1-Day_iris_Suzy Brown + -02.00,하이드레이션,2026-07-24
C관(2공장),1-Day_Color_Sph,1-Day_iris_Suzy Brown + -02.25,누수규격,2026-07-27
C관(2공장),1-Day_Color_Sph,1-Day_iris_Suzy Brown + -02.25,접착,2026-07-26
C관(2공장),1-Day_Color_Sph,1-Day_iris_Suzy Brown + -02.25,하이드레이션,2026-07-24
C관(2공장),1-Day_Color_Sph,1-Day_iris_Suzy Brown + -02.50,누수규격,2026-07-27
C관(2공장),1-Day_Color_Sph,1-Day_iris_Suzy Brown + -02.50,분리,2026-07-23
C관(2공장),1-Day_Color_Sph,1-Day_iris_Suzy Brown + -02.50,사출,2026-07-22
C관(2공장),1-Day_Color_Sph,1-Day_iris_Suzy Brown + -02.50,접착,2026-07-26
C관(2공장),1-Day_Color_Sph,1-Day_iris_Suzy Brown + -02.50,하이드레이션,2026-07-24
C관(2공장),1-Day_Color_Sph,1-Day_iris_Suzy Brown + -02.75,누수규격,2026-07-27
C관(2공장),1-Day_Color_Sph,1-Day_iris_Suzy Brown + -02.75,분리,2026-07-23
C관(2공장),1-Day_Color_Sph,1-Day_iris_Suzy Brown + -02.75,사출,2026-07-22
C관(2공장),1-Day_Color_Sph,1-Day_iris_Suzy Brown + -02.75,접착,2026-07-26
C관(2공장),1-Day_Color_Sph,1-Day_iris_Suzy Brown + -02.75,하이드레이션,2026-07-24
C관(2공장),1-Day_Color_Sph,1-Day_iris_Suzy Brown + -03.50,누수규격,2026-07-27
C관(2공장),1-Day_Color_Sph,1-Day_iris_Suzy Brown + -03.50,분리,2026-07-23
C관(2공장),1-Day_Color_Sph,1-Day_iris_Suzy Brown + -03.50,사출,2026-07-22
C관(2공장),1-Day_Color_Sph,1-Day_iris_Suzy Brown + -03.50,접착,2026-07-26
C관(2공장),1-Day_Color_Sph,1-Day_iris_Suzy Brown + -03.50,하이드레이션,2026-07-24
C관(2공장),1-Day_Color_Sph,1-Day_iris_Suzy Brown + -05.00,누수규격,2026-07-27
C관(2공장),1-Day_Color_Sph,1-Day_iris_Suzy Brown + -05.00,분리,2026-07-23
C관(2공장),1-Day_Color_Sph,1-Day_iris_Suzy Brown + -05.00,사출,2026-07-22
C관(2공장),1-Day_Color_Sph,1-Day_iris_Suzy Brown + -05.00,접착,2026-07-26
C관(2공장),1-Day_Color_Sph,1-Day_iris_Suzy Brown + -05.00,하이드레이션,2026-07-24
C관(2공장),1-Day_Color_Sph,1-Day_iris_Suzy Brown + -05.75,누수규격,2026-07-27
C관(2공장),1-Day_Color_Sph,1-Day_iris_Suzy Brown + -05.75,분리,2026-07-23
C관(2공장),1-Day_Color_Sph,1-Day_iris_Suzy Brown + -05.75,사출,2026-07-22
C관(2공장),1-Day_Color_Sph,1-Day_iris_Suzy Brown + -05.75,접착,2026-07-26
C관(2공장),1-Day_Color_Sph,1-Day_iris_Suzy Brown + -05.75,하이드레이션,2026-07-24
C관(2공장),1-Day_Color_Sph,1-Day_iris_Suzy Brown + -06.00,누수규격,2026-07-27
C관(2공장),1-Day_Color_Sph,1-Day_iris_Suzy Brown + -06.00,분리,2026-07-23
C관(2공장),1-Day_Color_Sph,1-Day_iris_Suzy Brown + -06.00,사출,2026-07-22
C관(2공장),1-Day_Color_Sph,1-Day_iris_Suzy Brown + -06.00,접착,2026-07-26
C관(2공장),1-Day_Color_Sph,1-Day_iris_Suzy Brown + -06.00,하이드레이션,2026-07-24
C관(2공장),1-Day_Color_Sph,1-Day_iris_Suzy Brown + -07.50,누수규격,2026-07-27
C관(2공장),1-Day_Color_Sph,1-Day_iris_Suzy Brown + -07.50,분리,2026-07-23
C관(2공장),1-Day_Color_Sph,1-Day_iris_Suzy Brown + -07.50,사출,2026-07-22
C관(2공장),1-Day_Color_Sph,1-Day_iris_Suzy Brown + -07.50,접착,2026-07-26
C관(2공장),1-Day_Color_Sph,1-Day_iris_Suzy Brown + -07.50,하이드레이션,2026-07-24
C관(2공장),1-Day_Color_Sph,1-Day_iris_Suzy Brown + -08.00,누수규격,2026-07-27
C관(2공장),1-Day_Color_Sph,1-Day_iris_Suzy Brown + -08.00,분리,2026-07-23
C관(2공장),1-Day_Color_Sph,1-Day_iris_Suzy Brown + -08.00,사출,2026-07-22
C관(2공장),1-Day_Color_Sph,1-Day_iris_Suzy Brown + -08.00,접착,2026-07-26
C관(2공장),1-Day_Color_Sph,1-Day_iris_Suzy Brown + -08.00,하이드레이션,2026-07-24
C관(2공장),1-Day_Color_Sph,1-Day_iris_Suzy Gray + -00.00,누수규격,2026-07-11
C관(2공장),1-Day_Color_Sph,1-Day_iris_Suzy Gray + -00.00,분리,2026-07-07
C관(2공장),1-Day_Color_Sph,1-Day_iris_Suzy Gray + -00.00,사출,2026-07-06
C관(2공장),1-Day_Color_Sph,1-Day_iris_Suzy Gray + -00.00,접착,2026-07-10
C관(2공장),1-Day_Color_Sph,1-Day_iris_Suzy Gray + -00.00,하이드레이션,2026-07-08
C관(2공장),1-Day_Color_Sph,1-Day_iris_Suzy Gray + -00.50,누수규격,2026-07-11
C관(2공장),1-Day_Color_Sph,1-Day_iris_Suzy Gray + -00.50,분리,2026-07-07
C관(2공장),1-Day_Color_Sph,1-Day_iris_Suzy Gray + -00.50,사출,2026-07-06
C관(2공장),1-Day_Color_Sph,1-Day_iris_Suzy Gray + -00.50,접착,2026-07-10
C관(2공장),1-Day_Color_Sph,1-Day_iris_Suzy Gray + -00.50,하이드레이션,2026-07-08
C관(2공장),1-Day_Color_Sph,1-Day_iris_Suzy Gray + -01.00,누수규격,2026-07-11
C관(2공장),1-Day_Color_Sph,1-Day_iris_Suzy Gray + -01.00,분리,2026-07-07
C관(2공장),1-Day_Color_Sph,1-Day_iris_Suzy Gray + -01.00,사출,2026-07-06
C관(2공장),1-Day_Color_Sph,1-Day_iris_Suzy Gray + -01.00,접착,2026-07-10
C관(2공장),1-Day_Color_Sph,1-Day_iris_Suzy Gray + -01.00,하이드레이션,2026-07-08
C관(2공장),1-Day_Color_Sph,1-Day_iris_Suzy Gray + -01.75,누수규격,2026-07-26
C관(2공장),1-Day_Color_Sph,1-Day_iris_Suzy Gray + -02.00,누수규격,2026-07-11
C관(2공장),1-Day_Color_Sph,1-Day_iris_Suzy Gray + -02.00,분리,2026-07-07
C관(2공장),1-Day_Color_Sph,1-Day_iris_Suzy Gray + -02.00,사출,2026-07-06
C관(2공장),1-Day_Color_Sph,1-Day_iris_Suzy Gray + -02.00,접착,2026-07-10
C관(2공장),1-Day_Color_Sph,1-Day_iris_Suzy Gray + -02.00,하이드레이션,2026-07-08
C관(2공장),1-Day_Color_Sph,1-Day_iris_Suzy Gray + -02.25,누수규격,2026-07-11
C관(2공장),1-Day_Color_Sph,1-Day_iris_Suzy Gray + -02.25,분리,2026-07-07
C관(2공장),1-Day_Color_Sph,1-Day_iris_Suzy Gray + -02.25,사출,2026-07-06
C관(2공장),1-Day_Color_Sph,1-Day_iris_Suzy Gray + -02.25,접착,2026-07-10
C관(2공장),1-Day_Color_Sph,1-Day_iris_Suzy Gray + -02.25,하이드레이션,2026-07-08
C관(2공장),1-Day_Color_Sph,1-Day_iris_Suzy Gray + -02.50,누수규격,2026-07-11
C관(2공장),1-Day_Color_Sph,1-Day_iris_Suzy Gray + -02.50,분리,2026-07-07
C관(2공장),1-Day_Color_Sph,1-Day_iris_Suzy Gray + -02.50,사출,2026-07-06
C관(2공장),1-Day_Color_Sph,1-Day_iris_Suzy Gray + -02.50,접착,2026-07-10
C관(2공장),1-Day_Color_Sph,1-Day_iris_Suzy Gray + -02.50,하이드레이션,2026-07-08
C관(2공장),1-Day_Color_Sph,1-Day_iris_Suzy Gray + -02.75,누수규격,2026-07-11
C관(2공장),1-Day_Color_Sph,1-Day_iris_Suzy Gray + -02.75,분리,2026-07-07
C관(2공장),1-Day_Color_Sph,1-Day_iris_Suzy Gray + -02.75,사출,2026-07-06
C관(2공장),1-Day_Color_Sph,1-Day_iris_Suzy Gray + -02.75,접착,2026-07-10
C관(2공장),1-Day_Color_Sph,1-Day_iris_Suzy Gray + -02.75,하이드레이션,2026-07-08
C관(2공장),1-Day_Color_Sph,1-Day_iris_Suzy Gray + -03.00,누수규격,2026-07-11
C관(2공장),1-Day_Color_Sph,1-Day_iris_Suzy Gray + -03.00,분리,2026-07-07
C관(2공장),1-Day_Color_Sph,1-Day_iris_Suzy Gray + -03.00,사출,2026-07-06
C관(2공장),1-Day_Color_Sph,1-Day_iris_Suzy Gray + -03.00,접착,2026-07-10
C관(2공장),1-Day_Color_Sph,1-Day_iris_Suzy Gray + -03.00,하이드레이션,2026-07-08
C관(2공장),1-Day_Color_Sph,1-Day_iris_Suzy Gray + -03.25,누수규격,2026-07-11
C관(2공장),1-Day_Color_Sph,1-Day_iris_Suzy Gray + -03.25,분리,2026-07-22
C관(2공장),1-Day_Color_Sph,1-Day_iris_Suzy Gray + -03.25,사출,2026-07-21
C관(2공장),1-Day_Color_Sph,1-Day_iris_Suzy Gray + -03.25,접착,2026-07-10
C관(2공장),1-Day_Color_Sph,1-Day_iris_Suzy Gray + -03.25,하이드레이션,2026-07-23
C관(2공장),1-Day_Color_Sph,1-Day_iris_Suzy Gray + -03.50,누수규격,2026-07-11
C관(2공장),1-Day_Color_Sph,1-Day_iris_Suzy Gray + -03.50,분리,2026-07-07
C관(2공장),1-Day_Color_Sph,1-Day_iris_Suzy Gray + -03.50,사출,2026-07-06
C관(2공장),1-Day_Color_Sph,1-Day_iris_Suzy Gray + -03.50,접착,2026-07-10
C관(2공장),1-Day_Color_Sph,1-Day_iris_Suzy Gray + -03.50,하이드레이션,2026-07-08
C관(2공장),1-Day_Color_Sph,1-Day_iris_Suzy Gray + -03.75,누수규격,2026-07-11
C관(2공장),1-Day_Color_Sph,1-Day_iris_Suzy Gray + -03.75,분리,2026-07-07
C관(2공장),1-Day_Color_Sph,1-Day_iris_Suzy Gray + -03.75,사출,2026-07-06
C관(2공장),1-Day_Color_Sph,1-Day_iris_Suzy Gray + -03.75,접착,2026-07-10
C관(2공장),1-Day_Color_Sph,1-Day_iris_Suzy Gray + -03.75,하이드레이션,2026-07-08
C관(2공장),1-Day_Color_Sph,1-Day_iris_Suzy Gray + -04.25,누수규격,2026-07-11
C관(2공장),1-Day_Color_Sph,1-Day_iris_Suzy Gray + -04.25,분리,2026-07-07
C관(2공장),1-Day_Color_Sph,1-Day_iris_Suzy Gray + -04.25,사출,2026-07-06
C관(2공장),1-Day_Color_Sph,1-Day_iris_Suzy Gray + -04.25,접착,2026-07-10
C관(2공장),1-Day_Color_Sph,1-Day_iris_Suzy Gray + -04.25,하이드레이션,2026-07-08
C관(2공장),1-Day_Color_Sph,1-Day_iris_Suzy Gray + -04.50,누수규격,2026-07-11
C관(2공장),1-Day_Color_Sph,1-Day_iris_Suzy Gray + -04.50,분리,2026-07-22
C관(2공장),1-Day_Color_Sph,1-Day_iris_Suzy Gray + -04.50,사출,2026-07-21
C관(2공장),1-Day_Color_Sph,1-Day_iris_Suzy Gray + -04.50,접착,2026-07-10
C관(2공장),1-Day_Color_Sph,1-Day_iris_Suzy Gray + -04.50,하이드레이션,2026-07-23
C관(2공장),1-Day_Color_Sph,1-Day_iris_Suzy Gray + -05.00,누수규격,2026-07-11
C관(2공장),1-Day_Color_Sph,1-Day_iris_Suzy Gray + -05.00,분리,2026-07-07
C관(2공장),1-Day_Color_Sph,1-Day_iris_Suzy Gray + -05.00,접착,2026-07-10
C관(2공장),1-Day_Color_Sph,1-Day_iris_Suzy Gray + -05.00,하이드레이션,2026-07-08
C관(2공장),1-Day_Color_Sph,1-Day_iris_Suzy Gray + -05.50,누수규격,2026-07-11
C관(2공장),1-Day_Color_Sph,1-Day_iris_Suzy Gray + -05.50,분리,2026-07-07
C관(2공장),1-Day_Color_Sph,1-Day_iris_Suzy Gray + -05.50,사출,2026-07-06
C관(2공장),1-Day_Color_Sph,1-Day_iris_Suzy Gray + -05.50,접착,2026-07-10
C관(2공장),1-Day_Color_Sph,1-Day_iris_Suzy Gray + -05.50,하이드레이션,2026-07-08
C관(2공장),1-Day_Color_Sph,1-Day_iris_Suzy Gray + -06.00,누수규격,2026-07-11
C관(2공장),1-Day_Color_Sph,1-Day_iris_Suzy Gray + -06.00,분리,2026-07-07
C관(2공장),1-Day_Color_Sph,1-Day_iris_Suzy Gray + -06.00,사출,2026-07-06
C관(2공장),1-Day_Color_Sph,1-Day_iris_Suzy Gray + -06.00,접착,2026-07-10
C관(2공장),1-Day_Color_Sph,1-Day_iris_Suzy Gray + -06.00,하이드레이션,2026-07-08
C관(2공장),1-Day_Color_Sph,1-Day_iris_Suzy Gray + -06.50,누수규격,2026-07-11
C관(2공장),1-Day_Color_Sph,1-Day_iris_Suzy Gray + -06.50,분리,2026-07-07
C관(2공장),1-Day_Color_Sph,1-Day_iris_Suzy Gray + -06.50,사출,2026-07-06
C관(2공장),1-Day_Color_Sph,1-Day_iris_Suzy Gray + -06.50,접착,2026-07-10
C관(2공장),1-Day_Color_Sph,1-Day_iris_Suzy Gray + -06.50,하이드레이션,2026-07-08
C관(2공장),1-Day_Color_Sph,1-Day_iris_Suzy Gray + -09.00,누수규격,2026-07-11
C관(2공장),1-Day_Color_Sph,1-Day_iris_Suzy Gray + -09.00,분리,2026-07-07
C관(2공장),1-Day_Color_Sph,1-Day_iris_Suzy Gray + -09.00,사출,2026-07-06
C관(2공장),1-Day_Color_Sph,1-Day_iris_Suzy Gray + -09.00,접착,2026-07-10
C관(2공장),1-Day_Color_Sph,1-Day_iris_Suzy Gray + -09.00,하이드레이션,2026-07-08
C관(2공장),1-Day_Color_Sph,ALICIA BROWN(근시) + -00.00,분리,2026-07-21
C관(2공장),1-Day_Color_Sph,ALICIA BROWN(근시) + -00.00,사출,2026-07-20
C관(2공장),1-Day_Color_Sph,ALICIA BROWN(근시) + -00.50,분리,2026-07-21
C관(2공장),1-Day_Color_Sph,ALICIA BROWN(근시) + -00.50,사출,2026-07-20
C관(2공장),1-Day_Color_Sph,ALICIA BROWN(근시) + -00.75,분리,2026-07-21
C관(2공장),1-Day_Color_Sph,ALICIA BROWN(근시) + -00.75,사출,2026-07-20
C관(2공장),1-Day_Color_Sph,ALICIA BROWN(근시) + -01.00,분리,2026-07-21
C관(2공장),1-Day_Color_Sph,ALICIA BROWN(근시) + -01.00,사출,2026-07-20
C관(2공장),1-Day_Color_Sph,ALICIA BROWN(근시) + -01.25,분리,2026-07-21
C관(2공장),1-Day_Color_Sph,ALICIA BROWN(근시) + -01.25,사출,2026-07-20
C관(2공장),1-Day_Color_Sph,ALICIA BROWN(근시) + -01.50,분리,2026-07-21
C관(2공장),1-Day_Color_Sph,ALICIA BROWN(근시) + -01.50,사출,2026-07-20
C관(2공장),1-Day_Color_Sph,ALICIA BROWN(근시) + -01.75,분리,2026-07-21
C관(2공장),1-Day_Color_Sph,ALICIA BROWN(근시) + -01.75,사출,2026-07-20
C관(2공장),1-Day_Color_Sph,ALICIA BROWN(근시) + -02.25,분리,2026-07-21
C관(2공장),1-Day_Color_Sph,ALICIA BROWN(근시) + -02.25,사출,2026-07-20
C관(2공장),1-Day_Color_Sph,ALICIA BROWN(근시) + -02.75,분리,2026-07-21
C관(2공장),1-Day_Color_Sph,ALICIA BROWN(근시) + -02.75,사출,2026-07-20
C관(2공장),1-Day_Color_Sph,ALICIA BROWN(근시) + -03.50,분리,2026-07-21
C관(2공장),1-Day_Color_Sph,ALICIA BROWN(근시) + -03.50,사출,2026-07-20
C관(2공장),1-Day_Color_Sph,ALICIA BROWN(근시) + -05.00,분리,2026-07-21
C관(2공장),1-Day_Color_Sph,ALICIA BROWN(근시) + -05.00,사출,2026-07-20
C관(2공장),1-Day_Color_Sph,ALICIA BROWN(근시) + -05.25,누수규격,2026-07-26
C관(2공장),1-Day_Color_Sph,ALICIA BROWN(근시) + -05.25,분리,2026-07-22
C관(2공장),1-Day_Color_Sph,ALICIA BROWN(근시) + -05.25,사출,2026-07-21
C관(2공장),1-Day_Color_Sph,ALICIA BROWN(근시) + -05.25,접착,2026-07-25
C관(2공장),1-Day_Color_Sph,ALICIA BROWN(근시) + -05.25,하이드레이션,2026-07-23
C관(2공장),1-Day_Color_Sph,ALICIA BROWN(근시) + -05.50,누수규격,2026-07-26
C관(2공장),1-Day_Color_Sph,ALICIA BROWN(근시) + -05.50,분리,2026-07-22
C관(2공장),1-Day_Color_Sph,ALICIA BROWN(근시) + -05.50,사출,2026-07-21
C관(2공장),1-Day_Color_Sph,ALICIA BROWN(근시) + -05.50,접착,2026-07-25
C관(2공장),1-Day_Color_Sph,ALICIA BROWN(근시) + -05.50,하이드레이션,2026-07-23
C관(2공장),1-Day_Color_Sph,ALICIA BROWN(근시) + -06.00,분리,2026-07-21
C관(2공장),1-Day_Color_Sph,ALICIA BROWN(근시) + -06.00,사출,2026-07-20
C관(2공장),1-Day_Color_Sph,ALICIA BROWN(근시) + -07.00,누수규격,2026-07-26
C관(2공장),1-Day_Color_Sph,ALICIA BROWN(근시) + -07.00,분리,2026-07-22
C관(2공장),1-Day_Color_Sph,ALICIA BROWN(근시) + -07.00,사출,2026-07-21
C관(2공장),1-Day_Color_Sph,ALICIA BROWN(근시) + -07.00,접착,2026-07-25
C관(2공장),1-Day_Color_Sph,ALICIA BROWN(근시) + -07.00,하이드레이션,2026-07-23
C관(2공장),1-Day_Color_Sph,ALICIA BROWN(근시) + -08.00,분리,2026-07-21
C관(2공장),1-Day_Color_Sph,ALICIA BROWN(근시) + -08.00,사출,2026-07-20
C관(2공장),1-Day_Color_Sph,ALICIA BROWN(근시) + -09.00,누수규격,2026-07-26
C관(2공장),1-Day_Color_Sph,ALICIA BROWN(근시) + -09.00,분리,2026-07-22
C관(2공장),1-Day_Color_Sph,ALICIA BROWN(근시) + -09.00,사출,2026-07-21
C관(2공장),1-Day_Color_Sph,ALICIA BROWN(근시) + -09.00,접착,2026-07-25
C관(2공장),1-Day_Color_Sph,ALICIA BROWN(근시) + -09.00,하이드레이션,2026-07-23
C관(2공장),1-Day_Color_Sph,Alcon D_Allure Blue_W3C + -00.00,분리,2026-07-23
C관(2공장),1-Day_Color_Sph,Alcon D_Allure Blue_W3C + -00.00,사출,2026-07-22
C관(2공장),1-Day_Color_Sph,Alcon D_Allure Blue_W3C + -01.50,분리,2026-07-28
C관(2공장),1-Day_Color_Sph,Alcon D_Allure Blue_W3C + -01.50,사출,2026-07-27
C관(2공장),1-Day_Color_Sph,Alcon D_Allure Blue_W3C(KR) + -00.00,누수규격,2026-07-27
C관(2공장),1-Day_Color_Sph,Alcon D_Allure Blue_W3C(KR) + -00.00,접착,2026-07-26
C관(2공장),1-Day_Color_Sph,Alcon D_Allure Blue_W3C(KR) + -00.00,하이드레이션,2026-07-24
C관(2공장),1-Day_Color_Sph,Alcon D_Allure Blue_W3C(KR) + -01.50,누수규격,2026-08-01
C관(2공장),1-Day_Color_Sph,Alcon D_Allure Blue_W3C(KR) + -01.50,접착,2026-07-31
C관(2공장),1-Day_Color_Sph,Alcon D_Allure Blue_W3C(KR) + -01.50,하이드레이션,2026-07-29
C관(2공장),1-Day_Color_Sph,Alcon D_Allure Blue_W3C(KR) + -02.25,누수규격,2026-07-18
C관(2공장),1-Day_Color_Sph,Alcon D_Allure Blue_W3C(KR) + -03.50,누수규격,2026-07-18
C관(2공장),1-Day_Color_Sph,Alcon D_Allure Blue_W3C(KR) + -06.00,누수규격,2026-07-18
C관(2공장),1-Day_Color_Sph,Alcon D_Allure Grey_W3C + -00.00,분리,2026-07-23
C관(2공장),1-Day_Color_Sph,Alcon D_Allure Grey_W3C + -00.00,사출,2026-07-22
C관(2공장),1-Day_Color_Sph,Alcon D_Allure Grey_W3C + -01.00,분리,2026-07-23
C관(2공장),1-Day_Color_Sph,Alcon D_Allure Grey_W3C + -01.00,사출,2026-07-22
C관(2공장),1-Day_Color_Sph,Alcon D_Allure Grey_W3C + -01.25,분리,2026-07-28
C관(2공장),1-Day_Color_Sph,Alcon D_Allure Grey_W3C + -01.25,사출,2026-07-27
C관(2공장),1-Day_Color_Sph,Alcon D_Allure Grey_W3C + -01.50,분리,2026-07-23
C관(2공장),1-Day_Color_Sph,Alcon D_Allure Grey_W3C + -01.50,사출,2026-07-22
C관(2공장),1-Day_Color_Sph,Alcon D_Allure Grey_W3C + -01.75,분리,2026-07-23
C관(2공장),1-Day_Color_Sph,Alcon D_Allure Grey_W3C + -01.75,사출,2026-07-22
C관(2공장),1-Day_Color_Sph,Alcon D_Allure Grey_W3C + -02.00,분리,2026-07-28
C관(2공장),1-Day_Color_Sph,Alcon D_Allure Grey_W3C + -02.00,사출,2026-07-27
C관(2공장),1-Day_Color_Sph,Alcon D_Allure Grey_W3C + -02.50,분리,2026-07-23
C관(2공장),1-Day_Color_Sph,Alcon D_Allure Grey_W3C + -02.50,사출,2026-07-22
C관(2공장),1-Day_Color_Sph,Alcon D_Allure Grey_W3C + -02.75,분리,2026-07-26
C관(2공장),1-Day_Color_Sph,Alcon D_Allure Grey_W3C + -03.00,분리,2026-07-28
C관(2공장),1-Day_Color_Sph,Alcon D_Allure Grey_W3C + -03.00,사출,2026-07-27
C관(2공장),1-Day_Color_Sph,Alcon D_Allure Grey_W3C + -03.25,분리,2026-07-28
C관(2공장),1-Day_Color_Sph,Alcon D_Allure Grey_W3C + -03.25,사출,2026-07-27
C관(2공장),1-Day_Color_Sph,Alcon D_Allure Grey_W3C + -04.25,분리,2026-07-28
C관(2공장),1-Day_Color_Sph,Alcon D_Allure Grey_W3C + -04.25,사출,2026-07-27
C관(2공장),1-Day_Color_Sph,Alcon D_Allure Grey_W3C + -04.50,분리,2026-07-23
C관(2공장),1-Day_Color_Sph,Alcon D_Allure Grey_W3C + -04.50,사출,2026-07-22
C관(2공장),1-Day_Color_Sph,Alcon D_Allure Grey_W3C + -04.75,분리,2026-07-28
C관(2공장),1-Day_Color_Sph,Alcon D_Allure Grey_W3C + -04.75,사출,2026-07-27
C관(2공장),1-Day_Color_Sph,Alcon D_Allure Grey_W3C + -05.00,분리,2026-07-28
C관(2공장),1-Day_Color_Sph,Alcon D_Allure Grey_W3C + -05.00,사출,2026-07-27
C관(2공장),1-Day_Color_Sph,Alcon D_Allure Grey_W3C + -05.50,분리,2026-07-26
C관(2공장),1-Day_Color_Sph,Alcon D_Allure Grey_W3C + -06.00,분리,2026-07-28
C관(2공장),1-Day_Color_Sph,Alcon D_Allure Grey_W3C + -06.00,사출,2026-07-27
C관(2공장),1-Day_Color_Sph,Alcon D_Allure Grey_W3C + -06.50,분리,2026-07-23
C관(2공장),1-Day_Color_Sph,Alcon D_Allure Grey_W3C + -06.50,사출,2026-07-22
C관(2공장),1-Day_Color_Sph,Alcon D_Allure Grey_W3C(APAC) + -00.00,누수규격,2026-08-01
C관(2공장),1-Day_Color_Sph,Alcon D_Allure Grey_W3C(APAC) + -00.00,접착,2026-07-31
C관(2공장),1-Day_Color_Sph,Alcon D_Allure Grey_W3C(APAC) + -00.00,하이드레이션,2026-07-29
C관(2공장),1-Day_Color_Sph,Alcon D_Allure Grey_W3C(APAC) + -02.50,누수규격,2026-08-01
C관(2공장),1-Day_Color_Sph,Alcon D_Allure Grey_W3C(APAC) + -02.50,접착,2026-07-31
C관(2공장),1-Day_Color_Sph,Alcon D_Allure Grey_W3C(APAC) + -02.50,하이드레이션,2026-07-29
C관(2공장),1-Day_Color_Sph,Alcon D_Allure Grey_W3C(APAC) + -02.75,누수규격,2026-07-30
C관(2공장),1-Day_Color_Sph,Alcon D_Allure Grey_W3C(APAC) + -02.75,접착,2026-07-29
C관(2공장),1-Day_Color_Sph,Alcon D_Allure Grey_W3C(APAC) + -02.75,하이드레이션,2026-07-27
C관(2공장),1-Day_Color_Sph,Alcon D_Allure Grey_W3C(APAC) + -05.50,누수규격,2026-07-30
C관(2공장),1-Day_Color_Sph,Alcon D_Allure Grey_W3C(APAC) + -05.50,접착,2026-07-29
C관(2공장),1-Day_Color_Sph,Alcon D_Allure Grey_W3C(APAC) + -05.50,하이드레이션,2026-07-27
C관(2공장),1-Day_Color_Sph,Alcon D_Allure Grey_W3C(KR) + -00.00,누수규격,2026-07-27
C관(2공장),1-Day_Color_Sph,Alcon D_Allure Grey_W3C(KR) + -00.00,접착,2026-07-26
C관(2공장),1-Day_Color_Sph,Alcon D_Allure Grey_W3C(KR) + -00.00,하이드레이션,2026-07-24
C관(2공장),1-Day_Color_Sph,Alcon D_Allure Grey_W3C(KR) + -01.00,누수규격,2026-07-27
C관(2공장),1-Day_Color_Sph,Alcon D_Allure Grey_W3C(KR) + -01.00,접착,2026-07-26
C관(2공장),1-Day_Color_Sph,Alcon D_Allure Grey_W3C(KR) + -01.00,하이드레이션,2026-07-24
C관(2공장),1-Day_Color_Sph,Alcon D_Allure Grey_W3C(KR) + -01.25,누수규격,2026-08-01
C관(2공장),1-Day_Color_Sph,Alcon D_Allure Grey_W3C(KR) + -01.25,접착,2026-07-31
C관(2공장),1-Day_Color_Sph,Alcon D_Allure Grey_W3C(KR) + -01.25,하이드레이션,2026-07-29
C관(2공장),1-Day_Color_Sph,Alcon D_Allure Grey_W3C(KR) + -01.50,누수규격,2026-07-27
C관(2공장),1-Day_Color_Sph,Alcon D_Allure Grey_W3C(KR) + -01.50,접착,2026-07-26
C관(2공장),1-Day_Color_Sph,Alcon D_Allure Grey_W3C(KR) + -01.50,하이드레이션,2026-07-24
C관(2공장),1-Day_Color_Sph,Alcon D_Allure Grey_W3C(KR) + -01.75,누수규격,2026-07-27
C관(2공장),1-Day_Color_Sph,Alcon D_Allure Grey_W3C(KR) + -01.75,접착,2026-07-26
C관(2공장),1-Day_Color_Sph,Alcon D_Allure Grey_W3C(KR) + -01.75,하이드레이션,2026-07-24
C관(2공장),1-Day_Color_Sph,Alcon D_Allure Grey_W3C(KR) + -02.00,누수규격,2026-08-01
C관(2공장),1-Day_Color_Sph,Alcon D_Allure Grey_W3C(KR) + -02.00,접착,2026-07-31
C관(2공장),1-Day_Color_Sph,Alcon D_Allure Grey_W3C(KR) + -02.00,하이드레이션,2026-07-29
C관(2공장),1-Day_Color_Sph,Alcon D_Allure Grey_W3C(KR) + -02.50,누수규격,2026-07-27
C관(2공장),1-Day_Color_Sph,Alcon D_Allure Grey_W3C(KR) + -02.50,접착,2026-07-26
C관(2공장),1-Day_Color_Sph,Alcon D_Allure Grey_W3C(KR) + -02.50,하이드레이션,2026-07-24
C관(2공장),1-Day_Color_Sph,Alcon D_Allure Grey_W3C(KR) + -03.00,누수규격,2026-08-01
C관(2공장),1-Day_Color_Sph,Alcon D_Allure Grey_W3C(KR) + -03.00,접착,2026-07-31
C관(2공장),1-Day_Color_Sph,Alcon D_Allure Grey_W3C(KR) + -03.00,하이드레이션,2026-07-29
C관(2공장),1-Day_Color_Sph,Alcon D_Allure Grey_W3C(KR) + -03.25,누수규격,2026-08-01
C관(2공장),1-Day_Color_Sph,Alcon D_Allure Grey_W3C(KR) + -03.25,접착,2026-07-31
C관(2공장),1-Day_Color_Sph,Alcon D_Allure Grey_W3C(KR) + -03.25,하이드레이션,2026-07-29
C관(2공장),1-Day_Color_Sph,Alcon D_Allure Grey_W3C(KR) + -04.25,누수규격,2026-08-01
C관(2공장),1-Day_Color_Sph,Alcon D_Allure Grey_W3C(KR) + -04.25,접착,2026-07-31
C관(2공장),1-Day_Color_Sph,Alcon D_Allure Grey_W3C(KR) + -04.25,하이드레이션,2026-07-29
C관(2공장),1-Day_Color_Sph,Alcon D_Allure Grey_W3C(KR) + -04.50,누수규격,2026-07-27
C관(2공장),1-Day_Color_Sph,Alcon D_Allure Grey_W3C(KR) + -04.50,접착,2026-07-26
C관(2공장),1-Day_Color_Sph,Alcon D_Allure Grey_W3C(KR) + -04.50,하이드레이션,2026-07-24
C관(2공장),1-Day_Color_Sph,Alcon D_Allure Grey_W3C(KR) + -04.75,누수규격,2026-08-01
C관(2공장),1-Day_Color_Sph,Alcon D_Allure Grey_W3C(KR) + -04.75,접착,2026-07-31
C관(2공장),1-Day_Color_Sph,Alcon D_Allure Grey_W3C(KR) + -04.75,하이드레이션,2026-07-29
C관(2공장),1-Day_Color_Sph,Alcon D_Allure Grey_W3C(KR) + -05.00,누수규격,2026-08-01
C관(2공장),1-Day_Color_Sph,Alcon D_Allure Grey_W3C(KR) + -05.00,접착,2026-07-31
C관(2공장),1-Day_Color_Sph,Alcon D_Allure Grey_W3C(KR) + -05.00,하이드레이션,2026-07-29
C관(2공장),1-Day_Color_Sph,Alcon D_Allure Grey_W3C(KR) + -06.00,누수규격,2026-08-01
C관(2공장),1-Day_Color_Sph,Alcon D_Allure Grey_W3C(KR) + -06.00,접착,2026-07-31
C관(2공장),1-Day_Color_Sph,Alcon D_Allure Grey_W3C(KR) + -06.00,하이드레이션,2026-07-29
C관(2공장),1-Day_Color_Sph,Alcon D_Allure Grey_W3C(KR) + -06.50,누수규격,2026-07-27
C관(2공장),1-Day_Color_Sph,Alcon D_Allure Grey_W3C(KR) + -06.50,접착,2026-07-26
C관(2공장),1-Day_Color_Sph,Alcon D_Allure Grey_W3C(KR) + -06.50,하이드레이션,2026-07-24
C관(2공장),1-Day_Color_Sph,Alcon D_Allure Grey_W3C(KR) + -08.00,누수규격,2026-07-18
C관(2공장),1-Day_Color_Sph,Alcon D_Allure Grey_W3C(KR) + -08.00,접착,2026-07-17
C관(2공장),1-Day_Color_Sph,Alcon D_Allure Grey_W3C(KR) + -08.00,하이드레이션,2026-07-15
C관(2공장),1-Day_Color_Sph,Alcon D_Allure Hazel_W3C + -01.00,분리,2026-07-23
C관(2공장),1-Day_Color_Sph,Alcon D_Allure Hazel_W3C + -01.00,사출,2026-07-22
C관(2공장),1-Day_Color_Sph,Alcon D_Allure Hazel_W3C + -01.75,분리,2026-07-28
C관(2공장),1-Day_Color_Sph,Alcon D_Allure Hazel_W3C + -01.75,사출,2026-07-27
C관(2공장),1-Day_Color_Sph,Alcon D_Allure Hazel_W3C + -02.25,분리,2026-07-28
C관(2공장),1-Day_Color_Sph,Alcon D_Allure Hazel_W3C + -02.25,사출,2026-07-27
C관(2공장),1-Day_Color_Sph,Alcon D_Allure Hazel_W3C + -03.00,분리,2026-07-26
C관(2공장),1-Day_Color_Sph,Alcon D_Allure Hazel_W3C + -03.00,사출,2026-07-25
C관(2공장),1-Day_Color_Sph,Alcon D_Allure Hazel_W3C + -03.25,분리,2026-07-28
C관(2공장),1-Day_Color_Sph,Alcon D_Allure Hazel_W3C + -03.25,사출,2026-07-27
C관(2공장),1-Day_Color_Sph,Alcon D_Allure Hazel_W3C + -04.00,분리,2026-07-28
C관(2공장),1-Day_Color_Sph,Alcon D_Allure Hazel_W3C + -04.00,사출,2026-07-27
C관(2공장),1-Day_Color_Sph,Alcon D_Allure Hazel_W3C + -04.25,분리,2026-07-28
C관(2공장),1-Day_Color_Sph,Alcon D_Allure Hazel_W3C + -04.25,사출,2026-07-27
C관(2공장),1-Day_Color_Sph,Alcon D_Allure Hazel_W3C + -04.75,분리,2026-07-28
C관(2공장),1-Day_Color_Sph,Alcon D_Allure Hazel_W3C + -04.75,사출,2026-07-27
C관(2공장),1-Day_Color_Sph,Alcon D_Allure Hazel_W3C + -06.00,분리,2026-07-23
C관(2공장),1-Day_Color_Sph,Alcon D_Allure Hazel_W3C + -06.00,사출,2026-07-22
C관(2공장),1-Day_Color_Sph,Alcon D_Allure Hazel_W3C(APAC) + -03.00,누수규격,2026-07-30
C관(2공장),1-Day_Color_Sph,Alcon D_Allure Hazel_W3C(APAC) + -03.00,접착,2026-07-29
C관(2공장),1-Day_Color_Sph,Alcon D_Allure Hazel_W3C(APAC) + -03.00,하이드레이션,2026-07-27
C관(2공장),1-Day_Color_Sph,Alcon D_Allure Hazel_W3C(APAC) + -04.75,누수규격,2026-08-01
C관(2공장),1-Day_Color_Sph,Alcon D_Allure Hazel_W3C(APAC) + -04.75,접착,2026-07-31
C관(2공장),1-Day_Color_Sph,Alcon D_Allure Hazel_W3C(APAC) + -04.75,하이드레이션,2026-07-29
C관(2공장),1-Day_Color_Sph,Alcon D_Allure Hazel_W3C(KR) + -01.00,누수규격,2026-07-27
C관(2공장),1-Day_Color_Sph,Alcon D_Allure Hazel_W3C(KR) + -01.00,접착,2026-07-26
C관(2공장),1-Day_Color_Sph,Alcon D_Allure Hazel_W3C(KR) + -01.00,하이드레이션,2026-07-24
C관(2공장),1-Day_Color_Sph,Alcon D_Allure Hazel_W3C(KR) + -01.75,누수규격,2026-08-01
C관(2공장),1-Day_Color_Sph,Alcon D_Allure Hazel_W3C(KR) + -01.75,접착,2026-07-31
C관(2공장),1-Day_Color_Sph,Alcon D_Allure Hazel_W3C(KR) + -01.75,하이드레이션,2026-07-29
C관(2공장),1-Day_Color_Sph,Alcon D_Allure Hazel_W3C(KR) + -02.25,누수규격,2026-08-01
C관(2공장),1-Day_Color_Sph,Alcon D_Allure Hazel_W3C(KR) + -02.25,접착,2026-07-31
C관(2공장),1-Day_Color_Sph,Alcon D_Allure Hazel_W3C(KR) + -02.25,하이드레이션,2026-07-29
C관(2공장),1-Day_Color_Sph,Alcon D_Allure Hazel_W3C(KR) + -03.25,누수규격,2026-08-01
C관(2공장),1-Day_Color_Sph,Alcon D_Allure Hazel_W3C(KR) + -03.25,접착,2026-07-31
C관(2공장),1-Day_Color_Sph,Alcon D_Allure Hazel_W3C(KR) + -03.25,하이드레이션,2026-07-29
C관(2공장),1-Day_Color_Sph,Alcon D_Allure Hazel_W3C(KR) + -04.00,누수규격,2026-08-01
C관(2공장),1-Day_Color_Sph,Alcon D_Allure Hazel_W3C(KR) + -04.00,접착,2026-07-31
C관(2공장),1-Day_Color_Sph,Alcon D_Allure Hazel_W3C(KR) + -04.00,하이드레이션,2026-07-29
C관(2공장),1-Day_Color_Sph,Alcon D_Allure Hazel_W3C(KR) + -04.25,누수규격,2026-08-01
C관(2공장),1-Day_Color_Sph,Alcon D_Allure Hazel_W3C(KR) + -04.25,접착,2026-07-31
C관(2공장),1-Day_Color_Sph,Alcon D_Allure Hazel_W3C(KR) + -04.25,하이드레이션,2026-07-29
C관(2공장),1-Day_Color_Sph,Alcon D_Allure Hazel_W3C(KR) + -06.00,누수규격,2026-07-27
C관(2공장),1-Day_Color_Sph,Alcon D_Allure Hazel_W3C(KR) + -06.00,접착,2026-07-26
C관(2공장),1-Day_Color_Sph,Alcon D_Allure Hazel_W3C(KR) + -06.00,하이드레이션,2026-07-24
C관(2공장),1-Day_Color_Sph,Alcon D_Chic Caramel_W4 + -00.00,분리,2026-07-14
C관(2공장),1-Day_Color_Sph,Alcon D_Chic Caramel_W4 + -00.00,사출,2026-07-13
C관(2공장),1-Day_Color_Sph,Alcon D_Chic Caramel_W4 + -03.50,분리,2026-07-28
C관(2공장),1-Day_Color_Sph,Alcon D_Chic Caramel_W4 + -03.75,분리,2026-07-28
C관(2공장),1-Day_Color_Sph,Alcon D_Chic Caramel_W4 + -05.00,분리,2026-07-23
C관(2공장),1-Day_Color_Sph,Alcon D_Chic Caramel_W4 + -05.00,사출,2026-07-27
C관(2공장),1-Day_Color_Sph,Alcon D_Chic Caramel_W4 + -06.00,분리,2026-07-28
C관(2공장),1-Day_Color_Sph,Alcon D_Chic Caramel_W4(APAC) + -00.00,누수규격,2026-07-30
C관(2공장),1-Day_Color_Sph,Alcon D_Chic Caramel_W4(APAC) + -00.00,접착,2026-07-29
C관(2공장),1-Day_Color_Sph,Alcon D_Chic Caramel_W4(APAC) + -00.00,하이드레이션,2026-07-27
C관(2공장),1-Day_Color_Sph,Alcon D_Chic Caramel_W4(APAC) + -02.50,누수규격,2026-07-30
C관(2공장),1-Day_Color_Sph,Alcon D_Chic Caramel_W4(APAC) + -03.00,누수규격,2026-08-01
C관(2공장),1-Day_Color_Sph,Alcon D_Chic Caramel_W4(APAC) + -03.00,접착,2026-07-31
C관(2공장),1-Day_Color_Sph,Alcon D_Chic Caramel_W4(APAC) + -03.50,누수규격,2026-08-01
C관(2공장),1-Day_Color_Sph,Alcon D_Chic Caramel_W4(APAC) + -03.50,접착,2026-07-31
C관(2공장),1-Day_Color_Sph,Alcon D_Chic Caramel_W4(APAC) + -03.50,하이드레이션,2026-07-29
C관(2공장),1-Day_Color_Sph,Alcon D_Chic Caramel_W4(APAC) + -03.75,누수규격,2026-08-01
C관(2공장),1-Day_Color_Sph,Alcon D_Chic Caramel_W4(APAC) + -03.75,접착,2026-07-31
C관(2공장),1-Day_Color_Sph,Alcon D_Chic Caramel_W4(APAC) + -03.75,하이드레이션,2026-07-29
C관(2공장),1-Day_Color_Sph,Alcon D_Chic Caramel_W4(APAC) + -04.50,누수규격,2026-08-01
C관(2공장),1-Day_Color_Sph,Alcon D_Chic Caramel_W4(APAC) + -04.50,접착,2026-07-31
C관(2공장),1-Day_Color_Sph,Alcon D_Chic Caramel_W4(APAC) + -05.00,누수규격,2026-07-30
C관(2공장),1-Day_Color_Sph,Alcon D_Chic Caramel_W4(APAC) + -05.00,접착,2026-07-29
C관(2공장),1-Day_Color_Sph,Alcon D_Chic Caramel_W4(APAC) + -05.00,하이드레이션,2026-07-27
C관(2공장),1-Day_Color_Sph,Alcon D_Chic Caramel_W4(APAC) + -06.00,누수규격,2026-07-30
C관(2공장),1-Day_Color_Sph,Alcon D_Chic Caramel_W4(APAC) + -06.00,접착,2026-07-31
C관(2공장),1-Day_Color_Sph,Alcon D_Chic Caramel_W4(APAC) + -06.00,하이드레이션,2026-07-29
C관(2공장),1-Day_Color_Sph,Alcon D_Chic Caramel_W4(APAC) + -07.00,누수규격,2026-07-30
C관(2공장),1-Day_Color_Sph,Alcon D_Chic Caramel_W4(KR) + -00.00,누수규격,2026-07-18
C관(2공장),1-Day_Color_Sph,Alcon D_Chic Caramel_W4(KR) + -00.00,접착,2026-07-17
C관(2공장),1-Day_Color_Sph,Alcon D_Chic Caramel_W4(KR) + -00.00,하이드레이션,2026-07-15
C관(2공장),1-Day_Color_Sph,Alcon D_Chic Caramel_W4(KR) + -01.50,누수규격,2026-07-18
C관(2공장),1-Day_Color_Sph,Alcon D_Chic Caramel_W4(KR) + -02.50,누수규격,2026-07-27
C관(2공장),1-Day_Color_Sph,Alcon D_Chic Caramel_W4(KR) + -04.00,누수규격,2026-07-27
C관(2공장),1-Day_Color_Sph,Alcon D_Chic Caramel_W4(KR) + -04.00,접착,2026-07-26
C관(2공장),1-Day_Color_Sph,Alcon D_Chic Caramel_W4(KR) + -05.00,누수규격,2026-07-27
C관(2공장),1-Day_Color_Sph,Alcon D_Chic Caramel_W4(KR) + -05.00,접착,2026-07-26
C관(2공장),1-Day_Color_Sph,Alcon D_Chic Caramel_W4(KR) + -05.00,하이드레이션,2026-07-24
C관(2공장),1-Day_Color_Sph,Alcon D_Chic Caramel_W4(KR) + -06.50,누수규격,2026-07-18
C관(2공장),1-Day_Color_Sph,Alcon D_Jewel Black_W3 + -00.50,분리,2026-07-28
C관(2공장),1-Day_Color_Sph,Alcon D_Jewel Black_W3 + -00.50,사출,2026-07-27
C관(2공장),1-Day_Color_Sph,Alcon D_Jewel Black_W3 + -01.50,분리,2026-07-23
C관(2공장),1-Day_Color_Sph,Alcon D_Jewel Black_W3 + -01.50,사출,2026-07-22
C관(2공장),1-Day_Color_Sph,Alcon D_Jewel Black_W3 + -01.75,분리,2026-07-23
C관(2공장),1-Day_Color_Sph,Alcon D_Jewel Black_W3 + -01.75,사출,2026-07-22
C관(2공장),1-Day_Color_Sph,Alcon D_Jewel Black_W3 + -03.00,분리,2026-07-28
C관(2공장),1-Day_Color_Sph,Alcon D_Jewel Black_W3 + -03.00,사출,2026-07-27
C관(2공장),1-Day_Color_Sph,Alcon D_Jewel Black_W3 + -03.50,분리,2026-07-23
C관(2공장),1-Day_Color_Sph,Alcon D_Jewel Black_W3 + -03.50,사출,2026-07-22
C관(2공장),1-Day_Color_Sph,Alcon D_Jewel Black_W3 + -04.00,분리,2026-07-28
C관(2공장),1-Day_Color_Sph,Alcon D_Jewel Black_W3 + -04.00,사출,2026-07-27
C관(2공장),1-Day_Color_Sph,Alcon D_Jewel Black_W3 + -05.00,분리,2026-07-28
C관(2공장),1-Day_Color_Sph,Alcon D_Jewel Black_W3 + -05.00,사출,2026-07-27
C관(2공장),1-Day_Color_Sph,Alcon D_Jewel Black_W3 + -05.50,분리,2026-07-28
C관(2공장),1-Day_Color_Sph,Alcon D_Jewel Black_W3 + -05.50,사출,2026-07-27
C관(2공장),1-Day_Color_Sph,Alcon D_Jewel Black_W3 + -06.50,분리,2026-07-28
C관(2공장),1-Day_Color_Sph,Alcon D_Jewel Black_W3 + -06.50,사출,2026-07-27
C관(2공장),1-Day_Color_Sph,Alcon D_Jewel Black_W3 + -08.50,분리,2026-07-28
C관(2공장),1-Day_Color_Sph,Alcon D_Jewel Black_W3 + -08.50,사출,2026-07-27
C관(2공장),1-Day_Color_Sph,Alcon D_Jewel Black_W3 + -10.00,분리,2026-07-28
C관(2공장),1-Day_Color_Sph,Alcon D_Jewel Black_W3 + -10.00,사출,2026-07-27
C관(2공장),1-Day_Color_Sph,Alcon D_Jewel Black_W3(APAC) + -08.50,누수규격,2026-08-01
C관(2공장),1-Day_Color_Sph,Alcon D_Jewel Black_W3(APAC) + -08.50,접착,2026-07-31
C관(2공장),1-Day_Color_Sph,Alcon D_Jewel Black_W3(APAC) + -08.50,하이드레이션,2026-07-29
C관(2공장),1-Day_Color_Sph,Alcon D_Jewel Black_W3(APAC) + -10.00,누수규격,2026-08-01
C관(2공장),1-Day_Color_Sph,Alcon D_Jewel Black_W3(APAC) + -10.00,접착,2026-07-31
C관(2공장),1-Day_Color_Sph,Alcon D_Jewel Black_W3(APAC) + -10.00,하이드레이션,2026-07-29
C관(2공장),1-Day_Color_Sph,Alcon D_Jewel Black_W3(KR) + -00.00,누수규격,2026-07-27
C관(2공장),1-Day_Color_Sph,Alcon D_Jewel Black_W3(KR) + -00.50,누수규격,2026-08-01
C관(2공장),1-Day_Color_Sph,Alcon D_Jewel Black_W3(KR) + -00.50,접착,2026-07-31
C관(2공장),1-Day_Color_Sph,Alcon D_Jewel Black_W3(KR) + -00.50,하이드레이션,2026-07-29
C관(2공장),1-Day_Color_Sph,Alcon D_Jewel Black_W3(KR) + -01.50,누수규격,2026-07-27
C관(2공장),1-Day_Color_Sph,Alcon D_Jewel Black_W3(KR) + -01.50,접착,2026-07-26
C관(2공장),1-Day_Color_Sph,Alcon D_Jewel Black_W3(KR) + -01.50,하이드레이션,2026-07-24
C관(2공장),1-Day_Color_Sph,Alcon D_Jewel Black_W3(KR) + -01.75,누수규격,2026-07-27
C관(2공장),1-Day_Color_Sph,Alcon D_Jewel Black_W3(KR) + -01.75,접착,2026-07-26
C관(2공장),1-Day_Color_Sph,Alcon D_Jewel Black_W3(KR) + -01.75,하이드레이션,2026-07-24
C관(2공장),1-Day_Color_Sph,Alcon D_Jewel Black_W3(KR) + -03.00,누수규격,2026-08-01
C관(2공장),1-Day_Color_Sph,Alcon D_Jewel Black_W3(KR) + -03.00,접착,2026-07-31
C관(2공장),1-Day_Color_Sph,Alcon D_Jewel Black_W3(KR) + -03.00,하이드레이션,2026-07-29
C관(2공장),1-Day_Color_Sph,Alcon D_Jewel Black_W3(KR) + -03.50,누수규격,2026-07-27
C관(2공장),1-Day_Color_Sph,Alcon D_Jewel Black_W3(KR) + -03.50,접착,2026-07-26
C관(2공장),1-Day_Color_Sph,Alcon D_Jewel Black_W3(KR) + -03.50,하이드레이션,2026-07-24
C관(2공장),1-Day_Color_Sph,Alcon D_Jewel Black_W3(KR) + -04.00,누수규격,2026-08-01
C관(2공장),1-Day_Color_Sph,Alcon D_Jewel Black_W3(KR) + -04.00,접착,2026-07-31
C관(2공장),1-Day_Color_Sph,Alcon D_Jewel Black_W3(KR) + -04.00,하이드레이션,2026-07-29
C관(2공장),1-Day_Color_Sph,Alcon D_Jewel Black_W3(KR) + -05.00,누수규격,2026-08-01
C관(2공장),1-Day_Color_Sph,Alcon D_Jewel Black_W3(KR) + -05.00,접착,2026-07-31
C관(2공장),1-Day_Color_Sph,Alcon D_Jewel Black_W3(KR) + -05.00,하이드레이션,2026-07-29
C관(2공장),1-Day_Color_Sph,Alcon D_Jewel Black_W3(KR) + -05.50,누수규격,2026-08-01
C관(2공장),1-Day_Color_Sph,Alcon D_Jewel Black_W3(KR) + -05.50,접착,2026-07-31
C관(2공장),1-Day_Color_Sph,Alcon D_Jewel Black_W3(KR) + -05.50,하이드레이션,2026-07-29
C관(2공장),1-Day_Color_Sph,Alcon D_Jewel Black_W3(KR) + -06.50,누수규격,2026-08-01
C관(2공장),1-Day_Color_Sph,Alcon D_Jewel Black_W3(KR) + -06.50,접착,2026-07-31
C관(2공장),1-Day_Color_Sph,Alcon D_Jewel Black_W3(KR) + -06.50,하이드레이션,2026-07-29
C관(2공장),1-Day_Color_Sph,Alcon D_Jewel Gold_W3 + -01.50,분리,2026-07-23
C관(2공장),1-Day_Color_Sph,Alcon D_Jewel Gold_W3 + -01.50,사출,2026-07-22
C관(2공장),1-Day_Color_Sph,Alcon D_Jewel Gold_W3 + -03.25,분리,2026-07-28
C관(2공장),1-Day_Color_Sph,Alcon D_Jewel Gold_W3 + -03.25,사출,2026-07-27
C관(2공장),1-Day_Color_Sph,Alcon D_Jewel Gold_W3 + -04.00,분리,2026-07-23
C관(2공장),1-Day_Color_Sph,Alcon D_Jewel Gold_W3 + -04.00,사출,2026-07-22
C관(2공장),1-Day_Color_Sph,Alcon D_Jewel Gold_W3 + -04.25,분리,2026-07-23
C관(2공장),1-Day_Color_Sph,Alcon D_Jewel Gold_W3 + -04.25,사출,2026-07-22
C관(2공장),1-Day_Color_Sph,Alcon D_Jewel Gold_W3 + -05.00,분리,2026-07-28
C관(2공장),1-Day_Color_Sph,Alcon D_Jewel Gold_W3 + -05.00,사출,2026-07-27
C관(2공장),1-Day_Color_Sph,Alcon D_Jewel Gold_W3 + -05.50,분리,2026-07-23
C관(2공장),1-Day_Color_Sph,Alcon D_Jewel Gold_W3 + -05.50,사출,2026-07-22
C관(2공장),1-Day_Color_Sph,Alcon D_Jewel Gold_W3 + -06.00,분리,2026-07-23
C관(2공장),1-Day_Color_Sph,Alcon D_Jewel Gold_W3 + -06.00,사출,2026-07-22
C관(2공장),1-Day_Color_Sph,Alcon D_Jewel Gold_W3 + -06.50,분리,2026-07-28
C관(2공장),1-Day_Color_Sph,Alcon D_Jewel Gold_W3 + -06.50,사출,2026-07-27
C관(2공장),1-Day_Color_Sph,Alcon D_Jewel Gold_W3(APAC) + -00.00,누수규격,2026-08-01
C관(2공장),1-Day_Color_Sph,Alcon D_Jewel Gold_W3(KR) + -00.00,누수규격,2026-07-27
C관(2공장),1-Day_Color_Sph,Alcon D_Jewel Gold_W3(KR) + -01.50,누수규격,2026-07-27
C관(2공장),1-Day_Color_Sph,Alcon D_Jewel Gold_W3(KR) + -01.50,접착,2026-07-26
C관(2공장),1-Day_Color_Sph,Alcon D_Jewel Gold_W3(KR) + -01.50,하이드레이션,2026-07-24
C관(2공장),1-Day_Color_Sph,Alcon D_Jewel Gold_W3(KR) + -03.25,누수규격,2026-08-01
C관(2공장),1-Day_Color_Sph,Alcon D_Jewel Gold_W3(KR) + -03.25,접착,2026-07-31
C관(2공장),1-Day_Color_Sph,Alcon D_Jewel Gold_W3(KR) + -03.25,하이드레이션,2026-07-29
C관(2공장),1-Day_Color_Sph,Alcon D_Jewel Gold_W3(KR) + -04.00,누수규격,2026-07-27
C관(2공장),1-Day_Color_Sph,Alcon D_Jewel Gold_W3(KR) + -04.00,접착,2026-07-26
C관(2공장),1-Day_Color_Sph,Alcon D_Jewel Gold_W3(KR) + -04.00,하이드레이션,2026-07-24
C관(2공장),1-Day_Color_Sph,Alcon D_Jewel Gold_W3(KR) + -04.25,누수규격,2026-07-27
C관(2공장),1-Day_Color_Sph,Alcon D_Jewel Gold_W3(KR) + -04.25,접착,2026-07-26
C관(2공장),1-Day_Color_Sph,Alcon D_Jewel Gold_W3(KR) + -04.25,하이드레이션,2026-07-24
C관(2공장),1-Day_Color_Sph,Alcon D_Jewel Gold_W3(KR) + -05.00,누수규격,2026-08-01
C관(2공장),1-Day_Color_Sph,Alcon D_Jewel Gold_W3(KR) + -05.00,접착,2026-07-31
C관(2공장),1-Day_Color_Sph,Alcon D_Jewel Gold_W3(KR) + -05.00,하이드레이션,2026-07-29
C관(2공장),1-Day_Color_Sph,Alcon D_Jewel Gold_W3(KR) + -05.50,누수규격,2026-07-27
C관(2공장),1-Day_Color_Sph,Alcon D_Jewel Gold_W3(KR) + -05.50,접착,2026-07-26
C관(2공장),1-Day_Color_Sph,Alcon D_Jewel Gold_W3(KR) + -05.50,하이드레이션,2026-07-24
C관(2공장),1-Day_Color_Sph,Alcon D_Jewel Gold_W3(KR) + -06.00,누수규격,2026-07-27
C관(2공장),1-Day_Color_Sph,Alcon D_Jewel Gold_W3(KR) + -06.00,접착,2026-07-26
C관(2공장),1-Day_Color_Sph,Alcon D_Jewel Gold_W3(KR) + -06.00,하이드레이션,2026-07-24
C관(2공장),1-Day_Color_Sph,Alcon D_Jewel Gold_W3(KR) + -06.50,누수규격,2026-08-01
C관(2공장),1-Day_Color_Sph,Alcon D_Jewel Gold_W3(KR) + -06.50,접착,2026-07-31
C관(2공장),1-Day_Color_Sph,Alcon D_Jewel Gold_W3(KR) + -06.50,하이드레이션,2026-07-29
C관(2공장),1-Day_Color_Sph,BELLA D_Ash Brown + -00.00,분리,2026-07-28
C관(2공장),1-Day_Color_Sph,BELLA D_Ash Brown + -00.00,사출,2026-07-27
C관(2공장),1-Day_Color_Sph,BELLA D_Ash Brown + -01.00,분리,2026-07-28
C관(2공장),1-Day_Color_Sph,BELLA D_Ash Brown + -01.00,사출,2026-07-27
C관(2공장),1-Day_Color_Sph,BELLA D_Ash Brown + -01.25,분리,2026-07-28
C관(2공장),1-Day_Color_Sph,BELLA D_Ash Brown + -01.25,사출,2026-07-27
C관(2공장),1-Day_Color_Sph,BELLA D_Ash Brown + -01.50,분리,2026-07-28
C관(2공장),1-Day_Color_Sph,BELLA D_Ash Brown + -01.50,사출,2026-07-27
C관(2공장),1-Day_Color_Sph,BELLA D_Ash Brown + -02.00,분리,2026-07-28
C관(2공장),1-Day_Color_Sph,BELLA D_Ash Brown + -02.00,사출,2026-07-27
C관(2공장),1-Day_Color_Sph,BELLA D_Ash Brown + -03.75,분리,2026-07-28
C관(2공장),1-Day_Color_Sph,BELLA D_Ash Brown + -03.75,사출,2026-07-27
C관(2공장),1-Day_Color_Sph,BELLA D_Ash Brown + -04.00,분리,2026-07-28
C관(2공장),1-Day_Color_Sph,BELLA D_Ash Brown + -04.00,사출,2026-07-27
C관(2공장),1-Day_Color_Sph,BELLA D_Ash Brown(8년) + -00.00,누수규격,2026-08-01
C관(2공장),1-Day_Color_Sph,BELLA D_Ash Brown(8년) + -00.00,접착,2026-07-31
C관(2공장),1-Day_Color_Sph,BELLA D_Ash Brown(8년) + -00.00,하이드레이션,2026-07-29
C관(2공장),1-Day_Color_Sph,BELLA D_Ash Brown(8년) + -01.00,누수규격,2026-08-01
C관(2공장),1-Day_Color_Sph,BELLA D_Ash Brown(8년) + -01.00,접착,2026-07-31
C관(2공장),1-Day_Color_Sph,BELLA D_Ash Brown(8년) + -01.00,하이드레이션,2026-07-29
C관(2공장),1-Day_Color_Sph,BELLA D_Ash Brown(8년) + -01.25,누수규격,2026-08-01
C관(2공장),1-Day_Color_Sph,BELLA D_Ash Brown(8년) + -01.25,접착,2026-07-31
C관(2공장),1-Day_Color_Sph,BELLA D_Ash Brown(8년) + -01.25,하이드레이션,2026-07-29
C관(2공장),1-Day_Color_Sph,BELLA D_Ash Brown(8년) + -01.50,누수규격,2026-08-01
C관(2공장),1-Day_Color_Sph,BELLA D_Ash Brown(8년) + -01.50,접착,2026-07-31
C관(2공장),1-Day_Color_Sph,BELLA D_Ash Brown(8년) + -01.50,하이드레이션,2026-07-29
C관(2공장),1-Day_Color_Sph,BELLA D_Ash Brown(8년) + -02.00,누수규격,2026-08-01
C관(2공장),1-Day_Color_Sph,BELLA D_Ash Brown(8년) + -02.00,접착,2026-07-31
C관(2공장),1-Day_Color_Sph,BELLA D_Ash Brown(8년) + -02.00,하이드레이션,2026-07-29
C관(2공장),1-Day_Color_Sph,BELLA D_Ash Brown(8년) + -03.75,누수규격,2026-08-01
C관(2공장),1-Day_Color_Sph,BELLA D_Ash Brown(8년) + -03.75,접착,2026-07-31
C관(2공장),1-Day_Color_Sph,BELLA D_Ash Brown(8년) + -03.75,하이드레이션,2026-07-29
C관(2공장),1-Day_Color_Sph,BELLA D_Ash Brown(8년) + -04.00,누수규격,2026-08-01
C관(2공장),1-Day_Color_Sph,BELLA D_Ash Brown(8년) + -04.00,접착,2026-07-31
C관(2공장),1-Day_Color_Sph,BELLA D_Ash Brown(8년) + -04.00,하이드레이션,2026-07-29
C관(2공장),1-Day_Color_Sph,BELLA D_EARTH 55% + -00.00,누수규격,2026-08-01
C관(2공장),1-Day_Color_Sph,BELLA D_EARTH 55% + -00.00,분리,2026-07-28
C관(2공장),1-Day_Color_Sph,BELLA D_EARTH 55% + -00.00,사출,2026-07-27
C관(2공장),1-Day_Color_Sph,BELLA D_EARTH 55% + -00.00,접착,2026-07-31
C관(2공장),1-Day_Color_Sph,BELLA D_EARTH 55% + -00.00,하이드레이션,2026-07-29
C관(2공장),1-Day_Color_Sph,BELLA D_MARS 55% + -00.00,누수규격,2026-08-01
C관(2공장),1-Day_Color_Sph,BELLA D_MARS 55% + -00.00,분리,2026-07-28
C관(2공장),1-Day_Color_Sph,BELLA D_MARS 55% + -00.00,사출,2026-07-27
C관(2공장),1-Day_Color_Sph,BELLA D_MARS 55% + -00.00,접착,2026-07-31
C관(2공장),1-Day_Color_Sph,BELLA D_MARS 55% + -00.00,하이드레이션,2026-07-29
C관(2공장),1-Day_Color_Sph,BELLA D_MARS 55% + -00.75,누수규격,2026-08-01
C관(2공장),1-Day_Color_Sph,BELLA D_MARS 55% + -00.75,분리,2026-07-28
C관(2공장),1-Day_Color_Sph,BELLA D_MARS 55% + -00.75,사출,2026-07-27
C관(2공장),1-Day_Color_Sph,BELLA D_MARS 55% + -00.75,접착,2026-07-31
C관(2공장),1-Day_Color_Sph,BELLA D_MARS 55% + -00.75,하이드레이션,2026-07-29
C관(2공장),1-Day_Color_Sph,BELLA D_MARS 55% + -01.25,누수규격,2026-08-01
C관(2공장),1-Day_Color_Sph,BELLA D_MARS 55% + -01.25,분리,2026-07-28
C관(2공장),1-Day_Color_Sph,BELLA D_MARS 55% + -01.25,사출,2026-07-27
C관(2공장),1-Day_Color_Sph,BELLA D_MARS 55% + -01.25,접착,2026-07-31
C관(2공장),1-Day_Color_Sph,BELLA D_MARS 55% + -01.25,하이드레이션,2026-07-29
C관(2공장),1-Day_Color_Sph,BELLA D_MARS 55% + -02.50,누수규격,2026-08-01
C관(2공장),1-Day_Color_Sph,BELLA D_MARS 55% + -02.50,분리,2026-07-28
C관(2공장),1-Day_Color_Sph,BELLA D_MARS 55% + -02.50,사출,2026-07-27
C관(2공장),1-Day_Color_Sph,BELLA D_MARS 55% + -02.50,접착,2026-07-31
C관(2공장),1-Day_Color_Sph,BELLA D_MARS 55% + -02.50,하이드레이션,2026-07-29
C관(2공장),1-Day_Color_Sph,BELLA D_Rosewood + -00.00,분리,2026-07-28
C관(2공장),1-Day_Color_Sph,BELLA D_Rosewood + -00.00,사출,2026-07-27
C관(2공장),1-Day_Color_Sph,BELLA D_Rosewood + -00.75,분리,2026-07-28
C관(2공장),1-Day_Color_Sph,BELLA D_Rosewood + -00.75,사출,2026-07-27
C관(2공장),1-Day_Color_Sph,BELLA D_Rosewood + -01.00,분리,2026-07-28
C관(2공장),1-Day_Color_Sph,BELLA D_Rosewood + -01.00,사출,2026-07-27
C관(2공장),1-Day_Color_Sph,BELLA D_Rosewood + -01.25,분리,2026-07-28
C관(2공장),1-Day_Color_Sph,BELLA D_Rosewood + -01.25,사출,2026-07-27
C관(2공장),1-Day_Color_Sph,BELLA D_Rosewood + -01.50,분리,2026-07-28
C관(2공장),1-Day_Color_Sph,BELLA D_Rosewood + -01.50,사출,2026-07-27
C관(2공장),1-Day_Color_Sph,BELLA D_Rosewood + -02.00,분리,2026-07-28
C관(2공장),1-Day_Color_Sph,BELLA D_Rosewood + -02.00,사출,2026-07-27
C관(2공장),1-Day_Color_Sph,BELLA D_Rosewood + -02.25,분리,2026-07-28
C관(2공장),1-Day_Color_Sph,BELLA D_Rosewood + -02.25,사출,2026-07-27
C관(2공장),1-Day_Color_Sph,BELLA D_Rosewood + -05.00,분리,2026-07-28
C관(2공장),1-Day_Color_Sph,BELLA D_Rosewood + -05.00,사출,2026-07-27
C관(2공장),1-Day_Color_Sph,BELLA D_Rosewood(8년) + -00.00,누수규격,2026-08-01
C관(2공장),1-Day_Color_Sph,BELLA D_Rosewood(8년) + -00.00,접착,2026-07-31
C관(2공장),1-Day_Color_Sph,BELLA D_Rosewood(8년) + -00.00,하이드레이션,2026-07-29
C관(2공장),1-Day_Color_Sph,BELLA D_Rosewood(8년) + -00.75,누수규격,2026-08-01
C관(2공장),1-Day_Color_Sph,BELLA D_Rosewood(8년) + -00.75,접착,2026-07-31
C관(2공장),1-Day_Color_Sph,BELLA D_Rosewood(8년) + -00.75,하이드레이션,2026-07-29
C관(2공장),1-Day_Color_Sph,BELLA D_Rosewood(8년) + -01.00,누수규격,2026-08-01
C관(2공장),1-Day_Color_Sph,BELLA D_Rosewood(8년) + -01.00,접착,2026-07-31
C관(2공장),1-Day_Color_Sph,BELLA D_Rosewood(8년) + -01.00,하이드레이션,2026-07-29
C관(2공장),1-Day_Color_Sph,BELLA D_Rosewood(8년) + -01.25,누수규격,2026-08-01
C관(2공장),1-Day_Color_Sph,BELLA D_Rosewood(8년) + -01.25,접착,2026-07-31
C관(2공장),1-Day_Color_Sph,BELLA D_Rosewood(8년) + -01.25,하이드레이션,2026-07-29
C관(2공장),1-Day_Color_Sph,BELLA D_Rosewood(8년) + -01.50,누수규격,2026-08-01
C관(2공장),1-Day_Color_Sph,BELLA D_Rosewood(8년) + -01.50,접착,2026-07-31
C관(2공장),1-Day_Color_Sph,BELLA D_Rosewood(8년) + -01.50,하이드레이션,2026-07-29
C관(2공장),1-Day_Color_Sph,BELLA D_Rosewood(8년) + -02.00,누수규격,2026-08-01
C관(2공장),1-Day_Color_Sph,BELLA D_Rosewood(8년) + -02.00,접착,2026-07-31
C관(2공장),1-Day_Color_Sph,BELLA D_Rosewood(8년) + -02.00,하이드레이션,2026-07-29
C관(2공장),1-Day_Color_Sph,BELLA D_Rosewood(8년) + -02.25,누수규격,2026-08-01
C관(2공장),1-Day_Color_Sph,BELLA D_Rosewood(8년) + -02.25,접착,2026-07-31
C관(2공장),1-Day_Color_Sph,BELLA D_Rosewood(8년) + -02.25,하이드레이션,2026-07-29
C관(2공장),1-Day_Color_Sph,BELLA D_Rosewood(8년) + -05.00,누수규격,2026-08-01
C관(2공장),1-Day_Color_Sph,BELLA D_Rosewood(8년) + -05.00,접착,2026-07-31
C관(2공장),1-Day_Color_Sph,BELLA D_Rosewood(8년) + -05.00,하이드레이션,2026-07-29
C관(2공장),1-Day_Color_Sph,BELLA D_VENUS 55% + -00.00,누수규격,2026-08-01
C관(2공장),1-Day_Color_Sph,BELLA D_VENUS 55% + -00.00,분리,2026-07-28
C관(2공장),1-Day_Color_Sph,BELLA D_VENUS 55% + -00.00,사출,2026-07-27
C관(2공장),1-Day_Color_Sph,BELLA D_VENUS 55% + -00.00,접착,2026-07-31
C관(2공장),1-Day_Color_Sph,BELLA D_VENUS 55% + -00.00,하이드레이션,2026-07-29
C관(2공장),1-Day_Color_Sph,BELLA D_VENUS 55% + -02.25,누수규격,2026-08-01
C관(2공장),1-Day_Color_Sph,BELLA D_VENUS 55% + -02.25,분리,2026-07-28
C관(2공장),1-Day_Color_Sph,BELLA D_VENUS 55% + -02.25,사출,2026-07-27
C관(2공장),1-Day_Color_Sph,BELLA D_VENUS 55% + -02.25,접착,2026-07-31
C관(2공장),1-Day_Color_Sph,BELLA D_VENUS 55% + -02.25,하이드레이션,2026-07-29
C관(2공장),1-Day_Color_Sph,BELLA D_VENUS 55% + -03.00,누수규격,2026-08-01
C관(2공장),1-Day_Color_Sph,BELLA D_VENUS 55% + -03.00,분리,2026-07-28
C관(2공장),1-Day_Color_Sph,BELLA D_VENUS 55% + -03.00,사출,2026-07-27
C관(2공장),1-Day_Color_Sph,BELLA D_VENUS 55% + -03.00,접착,2026-07-31
C관(2공장),1-Day_Color_Sph,BELLA D_VENUS 55% + -03.00,하이드레이션,2026-07-29
C관(2공장),1-Day_Color_Sph,BELLA D_VENUS 55% + -04.00,누수규격,2026-08-01
C관(2공장),1-Day_Color_Sph,BELLA D_VENUS 55% + -04.00,분리,2026-07-28
C관(2공장),1-Day_Color_Sph,BELLA D_VENUS 55% + -04.00,사출,2026-07-27
C관(2공장),1-Day_Color_Sph,BELLA D_VENUS 55% + -04.00,접착,2026-07-31
C관(2공장),1-Day_Color_Sph,BELLA D_VENUS 55% + -04.00,하이드레이션,2026-07-29
C관(2공장),1-Day_Color_Sph,BELLA_1-Day_Almond Brown + -00.00,분리,2026-07-28
C관(2공장),1-Day_Color_Sph,BELLA_1-Day_Almond Brown + -00.00,사출,2026-07-27
C관(2공장),1-Day_Color_Sph,BELLA_1-Day_Almond Brown + -02.00,분리,2026-07-28
C관(2공장),1-Day_Color_Sph,BELLA_1-Day_Almond Brown + -02.00,사출,2026-07-27
C관(2공장),1-Day_Color_Sph,BELLA_1-Day_Almond Brown + -02.75,분리,2026-07-28
C관(2공장),1-Day_Color_Sph,BELLA_1-Day_Almond Brown + -02.75,사출,2026-07-27
C관(2공장),1-Day_Color_Sph,BELLA_1-Day_Almond Brown + -03.25,분리,2026-07-28
C관(2공장),1-Day_Color_Sph,BELLA_1-Day_Almond Brown + -03.25,사출,2026-07-27
C관(2공장),1-Day_Color_Sph,BELLA_1-Day_Almond Brown + -03.75,분리,2026-07-28
C관(2공장),1-Day_Color_Sph,BELLA_1-Day_Almond Brown + -03.75,사출,2026-07-27
C관(2공장),1-Day_Color_Sph,BELLA_1-Day_Almond Brown(8년) + -00.00,누수규격,2026-08-01
C관(2공장),1-Day_Color_Sph,BELLA_1-Day_Almond Brown(8년) + -00.00,접착,2026-07-31
C관(2공장),1-Day_Color_Sph,BELLA_1-Day_Almond Brown(8년) + -00.00,하이드레이션,2026-07-29
C관(2공장),1-Day_Color_Sph,BELLA_1-Day_Almond Brown(8년) + -02.00,누수규격,2026-08-01
C관(2공장),1-Day_Color_Sph,BELLA_1-Day_Almond Brown(8년) + -02.00,접착,2026-07-31
C관(2공장),1-Day_Color_Sph,BELLA_1-Day_Almond Brown(8년) + -02.00,하이드레이션,2026-07-29
C관(2공장),1-Day_Color_Sph,BELLA_1-Day_Almond Brown(8년) + -02.75,누수규격,2026-08-01
C관(2공장),1-Day_Color_Sph,BELLA_1-Day_Almond Brown(8년) + -02.75,접착,2026-07-31
C관(2공장),1-Day_Color_Sph,BELLA_1-Day_Almond Brown(8년) + -02.75,하이드레이션,2026-07-29
C관(2공장),1-Day_Color_Sph,BELLA_1-Day_Almond Brown(8년) + -03.25,누수규격,2026-08-01
C관(2공장),1-Day_Color_Sph,BELLA_1-Day_Almond Brown(8년) + -03.25,접착,2026-07-31
C관(2공장),1-Day_Color_Sph,BELLA_1-Day_Almond Brown(8년) + -03.25,하이드레이션,2026-07-29
C관(2공장),1-Day_Color_Sph,BELLA_1-Day_Almond Brown(8년) + -03.75,누수규격,2026-08-01
C관(2공장),1-Day_Color_Sph,BELLA_1-Day_Almond Brown(8년) + -03.75,접착,2026-07-31
C관(2공장),1-Day_Color_Sph,BELLA_1-Day_Almond Brown(8년) + -03.75,하이드레이션,2026-07-29
C관(2공장),1-Day_Color_Sph,BELLA_1-Day_Hazel Honey + -00.00,분리,2026-07-28
C관(2공장),1-Day_Color_Sph,BELLA_1-Day_Hazel Honey + -00.00,사출,2026-07-27
C관(2공장),1-Day_Color_Sph,BELLA_1-Day_Hazel Honey + -00.75,분리,2026-07-28
C관(2공장),1-Day_Color_Sph,BELLA_1-Day_Hazel Honey + -00.75,사출,2026-07-27
C관(2공장),1-Day_Color_Sph,BELLA_1-Day_Hazel Honey + -01.00,분리,2026-07-28
C관(2공장),1-Day_Color_Sph,BELLA_1-Day_Hazel Honey + -01.00,사출,2026-07-27
C관(2공장),1-Day_Color_Sph,BELLA_1-Day_Hazel Honey + -01.75,분리,2026-07-28
C관(2공장),1-Day_Color_Sph,BELLA_1-Day_Hazel Honey + -01.75,사출,2026-07-27
C관(2공장),1-Day_Color_Sph,BELLA_1-Day_Hazel Honey + -02.00,분리,2026-07-28
C관(2공장),1-Day_Color_Sph,BELLA_1-Day_Hazel Honey + -02.00,사출,2026-07-27
C관(2공장),1-Day_Color_Sph,BELLA_1-Day_Hazel Honey + -02.25,분리,2026-07-28
C관(2공장),1-Day_Color_Sph,BELLA_1-Day_Hazel Honey + -02.25,사출,2026-07-27
C관(2공장),1-Day_Color_Sph,BELLA_1-Day_Hazel Honey + -05.00,분리,2026-07-28
C관(2공장),1-Day_Color_Sph,BELLA_1-Day_Hazel Honey + -05.00,사출,2026-07-27
C관(2공장),1-Day_Color_Sph,BELLA_1-Day_Hazel Honey + -05.50,분리,2026-07-28
C관(2공장),1-Day_Color_Sph,BELLA_1-Day_Hazel Honey + -05.50,사출,2026-07-27
C관(2공장),1-Day_Color_Sph,BELLA_1-Day_Hazel Honey + -06.00,분리,2026-07-28
C관(2공장),1-Day_Color_Sph,BELLA_1-Day_Hazel Honey + -06.00,사출,2026-07-27
C관(2공장),1-Day_Color_Sph,BELLA_1-Day_Hazel Honey(8년) + -00.00,누수규격,2026-08-01
C관(2공장),1-Day_Color_Sph,BELLA_1-Day_Hazel Honey(8년) + -00.00,접착,2026-07-31
C관(2공장),1-Day_Color_Sph,BELLA_1-Day_Hazel Honey(8년) + -00.00,하이드레이션,2026-07-29
C관(2공장),1-Day_Color_Sph,BELLA_1-Day_Hazel Honey(8년) + -00.75,누수규격,2026-08-01
C관(2공장),1-Day_Color_Sph,BELLA_1-Day_Hazel Honey(8년) + -00.75,접착,2026-07-31
C관(2공장),1-Day_Color_Sph,BELLA_1-Day_Hazel Honey(8년) + -00.75,하이드레이션,2026-07-29
C관(2공장),1-Day_Color_Sph,BELLA_1-Day_Hazel Honey(8년) + -01.00,누수규격,2026-08-01
C관(2공장),1-Day_Color_Sph,BELLA_1-Day_Hazel Honey(8년) + -01.00,접착,2026-07-31
C관(2공장),1-Day_Color_Sph,BELLA_1-Day_Hazel Honey(8년) + -01.00,하이드레이션,2026-07-29
C관(2공장),1-Day_Color_Sph,BELLA_1-Day_Hazel Honey(8년) + -01.75,누수규격,2026-08-01
C관(2공장),1-Day_Color_Sph,BELLA_1-Day_Hazel Honey(8년) + -01.75,접착,2026-07-31
C관(2공장),1-Day_Color_Sph,BELLA_1-Day_Hazel Honey(8년) + -01.75,하이드레이션,2026-07-29
C관(2공장),1-Day_Color_Sph,BELLA_1-Day_Hazel Honey(8년) + -02.00,누수규격,2026-08-01
C관(2공장),1-Day_Color_Sph,BELLA_1-Day_Hazel Honey(8년) + -02.00,접착,2026-07-31
C관(2공장),1-Day_Color_Sph,BELLA_1-Day_Hazel Honey(8년) + -02.00,하이드레이션,2026-07-29
C관(2공장),1-Day_Color_Sph,BELLA_1-Day_Hazel Honey(8년) + -02.25,누수규격,2026-08-01
C관(2공장),1-Day_Color_Sph,BELLA_1-Day_Hazel Honey(8년) + -02.25,접착,2026-07-31
C관(2공장),1-Day_Color_Sph,BELLA_1-Day_Hazel Honey(8년) + -02.25,하이드레이션,2026-07-29
C관(2공장),1-Day_Color_Sph,BELLA_1-Day_Hazel Honey(8년) + -05.00,누수규격,2026-08-01
C관(2공장),1-Day_Color_Sph,BELLA_1-Day_Hazel Honey(8년) + -05.00,접착,2026-07-31
C관(2공장),1-Day_Color_Sph,BELLA_1-Day_Hazel Honey(8년) + -05.00,하이드레이션,2026-07-29
C관(2공장),1-Day_Color_Sph,BELLA_1-Day_Hazel Honey(8년) + -05.50,누수규격,2026-08-01
C관(2공장),1-Day_Color_Sph,BELLA_1-Day_Hazel Honey(8년) + -05.50,접착,2026-07-31
C관(2공장),1-Day_Color_Sph,BELLA_1-Day_Hazel Honey(8년) + -05.50,하이드레이션,2026-07-29
C관(2공장),1-Day_Color_Sph,BELLA_1-Day_Hazel Honey(8년) + -06.00,누수규격,2026-08-01
C관(2공장),1-Day_Color_Sph,BELLA_1-Day_Hazel Honey(8년) + -06.00,접착,2026-07-31
C관(2공장),1-Day_Color_Sph,BELLA_1-Day_Hazel Honey(8년) + -06.00,하이드레이션,2026-07-29
C관(2공장),1-Day_Color_Sph,BELLA_1-Day_Platinum Grey + -00.00,분리,2026-07-28
C관(2공장),1-Day_Color_Sph,BELLA_1-Day_Platinum Grey + -00.00,사출,2026-07-27
C관(2공장),1-Day_Color_Sph,BELLA_1-Day_Platinum Grey + -02.00,분리,2026-07-28
C관(2공장),1-Day_Color_Sph,BELLA_1-Day_Platinum Grey + -02.00,사출,2026-07-27
C관(2공장),1-Day_Color_Sph,BELLA_1-Day_Platinum Grey + -03.00,분리,2026-07-28
C관(2공장),1-Day_Color_Sph,BELLA_1-Day_Platinum Grey + -03.00,사출,2026-07-27
C관(2공장),1-Day_Color_Sph,BELLA_1-Day_Platinum Grey + -03.50,분리,2026-07-28
C관(2공장),1-Day_Color_Sph,BELLA_1-Day_Platinum Grey + -03.50,사출,2026-07-27
C관(2공장),1-Day_Color_Sph,BELLA_1-Day_Platinum Grey + -03.75,분리,2026-07-28
C관(2공장),1-Day_Color_Sph,BELLA_1-Day_Platinum Grey + -03.75,사출,2026-07-27
C관(2공장),1-Day_Color_Sph,BELLA_1-Day_Platinum Grey + -04.00,분리,2026-07-28
C관(2공장),1-Day_Color_Sph,BELLA_1-Day_Platinum Grey + -04.00,사출,2026-07-27
C관(2공장),1-Day_Color_Sph,BELLA_1-Day_Platinum Grey(8년) + -00.00,누수규격,2026-08-01
C관(2공장),1-Day_Color_Sph,BELLA_1-Day_Platinum Grey(8년) + -00.00,접착,2026-07-31
C관(2공장),1-Day_Color_Sph,BELLA_1-Day_Platinum Grey(8년) + -00.00,하이드레이션,2026-07-29
C관(2공장),1-Day_Color_Sph,BELLA_1-Day_Platinum Grey(8년) + -02.00,누수규격,2026-08-01
C관(2공장),1-Day_Color_Sph,BELLA_1-Day_Platinum Grey(8년) + -02.00,접착,2026-07-31
C관(2공장),1-Day_Color_Sph,BELLA_1-Day_Platinum Grey(8년) + -02.00,하이드레이션,2026-07-29
C관(2공장),1-Day_Color_Sph,BELLA_1-Day_Platinum Grey(8년) + -03.00,누수규격,2026-08-01
C관(2공장),1-Day_Color_Sph,BELLA_1-Day_Platinum Grey(8년) + -03.00,접착,2026-07-31
C관(2공장),1-Day_Color_Sph,BELLA_1-Day_Platinum Grey(8년) + -03.00,하이드레이션,2026-07-29
C관(2공장),1-Day_Color_Sph,BELLA_1-Day_Platinum Grey(8년) + -03.50,누수규격,2026-08-01
C관(2공장),1-Day_Color_Sph,BELLA_1-Day_Platinum Grey(8년) + -03.50,접착,2026-07-31
C관(2공장),1-Day_Color_Sph,BELLA_1-Day_Platinum Grey(8년) + -03.50,하이드레이션,2026-07-29
C관(2공장),1-Day_Color_Sph,BELLA_1-Day_Platinum Grey(8년) + -03.75,누수규격,2026-08-01
C관(2공장),1-Day_Color_Sph,BELLA_1-Day_Platinum Grey(8년) + -03.75,접착,2026-07-31
C관(2공장),1-Day_Color_Sph,BELLA_1-Day_Platinum Grey(8년) + -03.75,하이드레이션,2026-07-29
C관(2공장),1-Day_Color_Sph,BELLA_1-Day_Platinum Grey(8년) + -04.00,누수규격,2026-08-01
C관(2공장),1-Day_Color_Sph,BELLA_1-Day_Platinum Grey(8년) + -04.00,접착,2026-07-31
C관(2공장),1-Day_Color_Sph,BELLA_1-Day_Platinum Grey(8년) + -04.00,하이드레이션,2026-07-29
C관(2공장),1-Day_Color_Sph,BELLA_Bluish Gray + -00.00,분리,2026-07-28
C관(2공장),1-Day_Color_Sph,BELLA_Bluish Gray + -00.00,사출,2026-07-27
C관(2공장),1-Day_Color_Sph,BELLA_Bluish Gray(8년) + -00.00,누수규격,2026-08-01
C관(2공장),1-Day_Color_Sph,BELLA_Bluish Gray(8년) + -00.00,접착,2026-07-31
C관(2공장),1-Day_Color_Sph,BELLA_Bluish Gray(8년) + -00.00,하이드레이션,2026-07-29
C관(2공장),1-Day_Color_Sph,BELLA_HAZEL BEIGE + -00.00,분리,2026-07-28
C관(2공장),1-Day_Color_Sph,BELLA_HAZEL BEIGE + -00.00,사출,2026-07-27
C관(2공장),1-Day_Color_Sph,BELLA_HAZEL BEIGE + -03.00,분리,2026-07-28
C관(2공장),1-Day_Color_Sph,BELLA_HAZEL BEIGE + -03.00,사출,2026-07-27
C관(2공장),1-Day_Color_Sph,BELLA_HAZEL BEIGE(8년) + -00.00,누수규격,2026-08-01
C관(2공장),1-Day_Color_Sph,BELLA_HAZEL BEIGE(8년) + -00.00,접착,2026-07-31
C관(2공장),1-Day_Color_Sph,BELLA_HAZEL BEIGE(8년) + -00.00,하이드레이션,2026-07-29
C관(2공장),1-Day_Color_Sph,BELLA_HAZEL BEIGE(8년) + -03.00,누수규격,2026-08-01
C관(2공장),1-Day_Color_Sph,BELLA_HAZEL BEIGE(8년) + -03.00,접착,2026-07-31
C관(2공장),1-Day_Color_Sph,BELLA_HAZEL BEIGE(8년) + -03.00,하이드레이션,2026-07-29
C관(2공장),1-Day_Color_Sph,BELLA_Ocean Blue + -00.00,분리,2026-07-28
C관(2공장),1-Day_Color_Sph,BELLA_Ocean Blue + -00.00,사출,2026-07-27
C관(2공장),1-Day_Color_Sph,BELLA_Ocean Blue + -01.00,분리,2026-07-28
C관(2공장),1-Day_Color_Sph,BELLA_Ocean Blue + -01.00,사출,2026-07-27
C관(2공장),1-Day_Color_Sph,BELLA_Ocean Blue + -01.25,분리,2026-07-28
C관(2공장),1-Day_Color_Sph,BELLA_Ocean Blue + -01.25,사출,2026-07-27
C관(2공장),1-Day_Color_Sph,BELLA_Ocean Blue + -02.50,분리,2026-07-28
C관(2공장),1-Day_Color_Sph,BELLA_Ocean Blue + -02.50,사출,2026-07-27
C관(2공장),1-Day_Color_Sph,BELLA_Ocean Blue + -02.75,분리,2026-07-28
C관(2공장),1-Day_Color_Sph,BELLA_Ocean Blue + -02.75,사출,2026-07-27
C관(2공장),1-Day_Color_Sph,BELLA_Ocean Blue + -03.50,분리,2026-07-28
C관(2공장),1-Day_Color_Sph,BELLA_Ocean Blue + -03.50,사출,2026-07-27
C관(2공장),1-Day_Color_Sph,BELLA_Ocean Blue(8년) + -00.00,누수규격,2026-08-01
C관(2공장),1-Day_Color_Sph,BELLA_Ocean Blue(8년) + -00.00,접착,2026-07-31
C관(2공장),1-Day_Color_Sph,BELLA_Ocean Blue(8년) + -00.00,하이드레이션,2026-07-29
C관(2공장),1-Day_Color_Sph,BELLA_Ocean Blue(8년) + -01.00,누수규격,2026-08-01
C관(2공장),1-Day_Color_Sph,BELLA_Ocean Blue(8년) + -01.00,접착,2026-07-31
C관(2공장),1-Day_Color_Sph,BELLA_Ocean Blue(8년) + -01.00,하이드레이션,2026-07-29
C관(2공장),1-Day_Color_Sph,BELLA_Ocean Blue(8년) + -01.25,누수규격,2026-08-01
C관(2공장),1-Day_Color_Sph,BELLA_Ocean Blue(8년) + -01.25,접착,2026-07-31
C관(2공장),1-Day_Color_Sph,BELLA_Ocean Blue(8년) + -01.25,하이드레이션,2026-07-29
C관(2공장),1-Day_Color_Sph,BELLA_Ocean Blue(8년) + -02.50,누수규격,2026-08-01
C관(2공장),1-Day_Color_Sph,BELLA_Ocean Blue(8년) + -02.50,접착,2026-07-31
C관(2공장),1-Day_Color_Sph,BELLA_Ocean Blue(8년) + -02.50,하이드레이션,2026-07-29
C관(2공장),1-Day_Color_Sph,BELLA_Ocean Blue(8년) + -02.75,누수규격,2026-08-01
C관(2공장),1-Day_Color_Sph,BELLA_Ocean Blue(8년) + -02.75,접착,2026-07-31
C관(2공장),1-Day_Color_Sph,BELLA_Ocean Blue(8년) + -02.75,하이드레이션,2026-07-29
C관(2공장),1-Day_Color_Sph,BELLA_Ocean Blue(8년) + -03.50,누수규격,2026-08-01
C관(2공장),1-Day_Color_Sph,BELLA_Ocean Blue(8년) + -03.50,접착,2026-07-31
C관(2공장),1-Day_Color_Sph,BELLA_Ocean Blue(8년) + -03.50,하이드레이션,2026-07-29
C관(2공장),1-Day_Color_Sph,BELLA_RADIANT HAZELNUT + -00.00,분리,2026-07-28
C관(2공장),1-Day_Color_Sph,BELLA_RADIANT HAZELNUT + -00.00,사출,2026-07-27
C관(2공장),1-Day_Color_Sph,BELLA_RADIANT HAZELNUT(8년) + -00.00,누수규격,2026-08-01
C관(2공장),1-Day_Color_Sph,BELLA_RADIANT HAZELNUT(8년) + -00.00,접착,2026-07-31
C관(2공장),1-Day_Color_Sph,BELLA_RADIANT HAZELNUT(8년) + -00.00,하이드레이션,2026-07-29
C관(2공장),1-Day_Color_Sph,Clalen D_Iris_Mocha Black + -07.50,누수규격,2026-07-27
C관(2공장),1-Day_Color_Sph,Clalen D_Iris_Mocha Black + -07.50,분리,2026-07-23
C관(2공장),1-Day_Color_Sph,Clalen D_Iris_Mocha Black + -07.50,사출,2026-07-22
C관(2공장),1-Day_Color_Sph,Clalen D_Iris_Mocha Black + -07.50,접착,2026-07-26
C관(2공장),1-Day_Color_Sph,Clalen D_Iris_Mocha Black + -07.50,하이드레이션,2026-07-24
C관(2공장),1-Day_Color_Sph,ClearBeige Mini UV 14.2 + -00.00,누수규격,2026-08-28
C관(2공장),1-Day_Color_Sph,ClearBeige Mini UV 14.2 + -00.00,분리,2026-08-24
C관(2공장),1-Day_Color_Sph,ClearBeige Mini UV 14.2 + -00.00,사출,2026-08-23
C관(2공장),1-Day_Color_Sph,ClearBeige Mini UV 14.2 + -00.00,접착,2026-08-27
C관(2공장),1-Day_Color_Sph,ClearBeige Mini UV 14.2 + -00.00,하이드레이션,2026-08-25
C관(2공장),1-Day_Color_Sph,ClearBeige Mini UV 14.2 + -01.75,누수규격,2026-08-28
C관(2공장),1-Day_Color_Sph,ClearBeige Mini UV 14.2 + -01.75,분리,2026-08-24
C관(2공장),1-Day_Color_Sph,ClearBeige Mini UV 14.2 + -01.75,사출,2026-08-23
C관(2공장),1-Day_Color_Sph,ClearBeige Mini UV 14.2 + -01.75,접착,2026-08-27
C관(2공장),1-Day_Color_Sph,ClearBeige Mini UV 14.2 + -01.75,하이드레이션,2026-08-25
C관(2공장),1-Day_Color_Sph,ClearBeige Mini UV 14.2 + -03.25,누수규격,2026-08-28
C관(2공장),1-Day_Color_Sph,ClearBeige Mini UV 14.2 + -03.25,분리,2026-08-24
C관(2공장),1-Day_Color_Sph,ClearBeige Mini UV 14.2 + -03.25,사출,2026-08-23
C관(2공장),1-Day_Color_Sph,ClearBeige Mini UV 14.2 + -03.25,접착,2026-08-27
C관(2공장),1-Day_Color_Sph,ClearBeige Mini UV 14.2 + -03.25,하이드레이션,2026-08-25
C관(2공장),1-Day_Color_Sph,ClearBeige Mini UV 14.2 + -03.50,누수규격,2026-08-28
C관(2공장),1-Day_Color_Sph,ClearBeige Mini UV 14.2 + -03.50,분리,2026-08-24
C관(2공장),1-Day_Color_Sph,ClearBeige Mini UV 14.2 + -03.50,사출,2026-08-23
C관(2공장),1-Day_Color_Sph,ClearBeige Mini UV 14.2 + -03.50,접착,2026-08-27
C관(2공장),1-Day_Color_Sph,ClearBeige Mini UV 14.2 + -03.50,하이드레이션,2026-08-25
C관(2공장),1-Day_Color_Sph,Coastal_JazzBlack(신형리드지) + -03.25,누수규격,2026-07-23
C관(2공장),1-Day_Color_Sph,Coastal_JazzBlack(신형리드지) + -03.25,접착,2026-07-22
C관(2공장),1-Day_Color_Sph,Coastal_JazzBlack(신형리드지) + -03.25,하이드레이션,2026-07-20
C관(2공장),1-Day_Color_Sph,Coastal_SoulBrown(신형리드지) + -01.25,누수규격,2026-07-23
C관(2공장),1-Day_Color_Sph,Coastal_SoulBrown(신형리드지) + -01.25,접착,2026-07-22
C관(2공장),1-Day_Color_Sph,Coastal_SoulBrown(신형리드지) + -01.25,하이드레이션,2026-07-20
C관(2공장),1-Day_Color_Sph,FGC D_Rhapsody_comfi 55% + -07.00,누수규격,2026-08-09
C관(2공장),1-Day_Color_Sph,FGC D_Rhapsody_comfi 55% + -07.00,접착,2026-08-08
C관(2공장),1-Day_Color_Sph,FGC D_Rhapsody_comfi 55% + -07.00,하이드레이션,2026-08-06
C관(2공장),1-Day_Color_Sph,Freedom380 + -02.50,누수규격,2026-07-27
C관(2공장),1-Day_Color_Sph,Freedom380 + -02.50,분리,2026-07-23
C관(2공장),1-Day_Color_Sph,Freedom380 + -02.50,사출,2026-07-22
C관(2공장),1-Day_Color_Sph,Freedom380 + -02.50,접착,2026-07-26
C관(2공장),1-Day_Color_Sph,Freedom380 + -02.50,하이드레이션,2026-07-24
C관(2공장),1-Day_Color_Sph,Freedom380 + -02.75,누수규격,2026-07-27
C관(2공장),1-Day_Color_Sph,Freedom380 + -02.75,분리,2026-07-23
C관(2공장),1-Day_Color_Sph,Freedom380 + -02.75,사출,2026-07-22
C관(2공장),1-Day_Color_Sph,Freedom380 + -02.75,접착,2026-07-26
C관(2공장),1-Day_Color_Sph,Freedom380 + -02.75,하이드레이션,2026-07-24
C관(2공장),1-Day_Color_Sph,Freedom380 + -03.00,누수규격,2026-07-27
C관(2공장),1-Day_Color_Sph,Freedom380 + -03.00,분리,2026-07-23
C관(2공장),1-Day_Color_Sph,Freedom380 + -03.00,사출,2026-07-22
C관(2공장),1-Day_Color_Sph,Freedom380 + -03.00,접착,2026-07-26
C관(2공장),1-Day_Color_Sph,Freedom380 + -03.00,하이드레이션,2026-07-24
C관(2공장),1-Day_Color_Sph,Freedom380 + -03.50,누수규격,2026-07-27
C관(2공장),1-Day_Color_Sph,Freedom380 + -03.50,분리,2026-07-23
C관(2공장),1-Day_Color_Sph,Freedom380 + -03.50,사출,2026-07-22
C관(2공장),1-Day_Color_Sph,Freedom380 + -03.50,접착,2026-07-26
C관(2공장),1-Day_Color_Sph,Freedom380 + -03.50,하이드레이션,2026-07-24
C관(2공장),1-Day_Color_Sph,Freedom380 + -04.25,누수규격,2026-07-27
C관(2공장),1-Day_Color_Sph,Freedom380 + -04.25,분리,2026-07-23
C관(2공장),1-Day_Color_Sph,Freedom380 + -04.25,사출,2026-07-22
C관(2공장),1-Day_Color_Sph,Freedom380 + -04.25,접착,2026-07-26
C관(2공장),1-Day_Color_Sph,Freedom380 + -04.25,하이드레이션,2026-07-24
C관(2공장),1-Day_Color_Sph,Freedom380 + -05.00,누수규격,2026-07-27
C관(2공장),1-Day_Color_Sph,Freedom380 + -05.00,분리,2026-07-23
C관(2공장),1-Day_Color_Sph,Freedom380 + -05.00,사출,2026-07-22
C관(2공장),1-Day_Color_Sph,Freedom380 + -05.00,접착,2026-07-26
C관(2공장),1-Day_Color_Sph,Freedom380 + -05.00,하이드레이션,2026-07-24
C관(2공장),1-Day_Color_Sph,Freedom380 + -05.50,누수규격,2026-07-27
C관(2공장),1-Day_Color_Sph,Freedom380 + -05.50,분리,2026-07-23
C관(2공장),1-Day_Color_Sph,Freedom380 + -05.50,사출,2026-07-22
C관(2공장),1-Day_Color_Sph,Freedom380 + -05.50,접착,2026-07-26
C관(2공장),1-Day_Color_Sph,Freedom380 + -05.50,하이드레이션,2026-07-24
C관(2공장),1-Day_Color_Sph,Gemhour D_Lia Choco_Keira + -00.00,누수규격,2026-07-24
C관(2공장),1-Day_Color_Sph,Gemhour D_Lia Choco_Keira + -00.00,분리,2026-07-20
C관(2공장),1-Day_Color_Sph,Gemhour D_Lia Choco_Keira + -00.00,접착,2026-07-23
C관(2공장),1-Day_Color_Sph,Gemhour D_Lia Choco_Keira + -00.00,하이드레이션,2026-07-21
C관(2공장),1-Day_Color_Sph,Gemhour D_Lia Choco_Keira + -01.25,누수규격,2026-07-24
C관(2공장),1-Day_Color_Sph,Gemhour D_Lia Choco_Keira + -01.25,분리,2026-07-20
C관(2공장),1-Day_Color_Sph,Gemhour D_Lia Choco_Keira + -01.25,접착,2026-07-23
C관(2공장),1-Day_Color_Sph,Gemhour D_Lia Choco_Keira + -01.25,하이드레이션,2026-07-21
C관(2공장),1-Day_Color_Sph,HAPA(PIA) D_Sugar High Kristin Ash Choco 14.2_55% UV + -00.00,누수규격,2026-07-16
C관(2공장),1-Day_Color_Sph,HAPA(PIA) D_Sugar High Kristin Ash Choco 14.2_55% UV + -00.00,분리,2026-07-12
C관(2공장),1-Day_Color_Sph,HAPA(PIA) D_Sugar High Kristin Ash Choco 14.2_55% UV + -00.00,사출,2026-07-11
C관(2공장),1-Day_Color_Sph,HAPA(PIA) D_Sugar High Kristin Ash Choco 14.2_55% UV + -00.00,접착,2026-07-15
C관(2공장),1-Day_Color_Sph,HAPA(PIA) D_Sugar High Kristin Ash Choco 14.2_55% UV + -00.00,하이드레이션,2026-07-13
C관(2공장),1-Day_Color_Sph,HAPA(PIA) D_Sugar High Kristin Beige 14.2_55% UV + -02.75,누수규격,2026-07-16
C관(2공장),1-Day_Color_Sph,HAPA(PIA) D_Sugar High Kristin Beige 14.2_55% UV + -02.75,접착,2026-07-15
C관(2공장),1-Day_Color_Sph,HAPA(PIA) D_Sugar High Kristin Beige 14.2_55% UV + -04.75,누수규격,2026-07-16
C관(2공장),1-Day_Color_Sph,HAPA(PIA) D_Sugar High Kristin Beige 14.2_55% UV + -04.75,접착,2026-07-15
C관(2공장),1-Day_Color_Sph,HOYA_Olive ash(Noble Ash) + -00.00,누수규격,2026-07-13
C관(2공장),1-Day_Color_Sph,HOYA_Olive ash(Noble Ash) + -00.00,접착,2026-07-12
C관(2공장),1-Day_Color_Sph,Hapa D_Antique Brown_Secretive + -00.00,누수규격,2026-07-10
C관(2공장),1-Day_Color_Sph,Hapa D_Antique Brown_Secretive + -00.00,분리,2026-07-06
C관(2공장),1-Day_Color_Sph,Hapa D_Antique Brown_Secretive + -00.00,사출,2026-07-05
C관(2공장),1-Day_Color_Sph,Hapa D_Antique Brown_Secretive + -00.00,접착,2026-07-09
C관(2공장),1-Day_Color_Sph,Hapa D_Antique Brown_Secretive + -00.00,하이드레이션,2026-07-07
C관(2공장),1-Day_Color_Sph,Hapa D_Antique Brown_Secretive + -04.00,누수규격,2026-07-10
C관(2공장),1-Day_Color_Sph,Hapa D_Antique Brown_Secretive + -04.00,분리,2026-07-06
C관(2공장),1-Day_Color_Sph,Hapa D_Antique Brown_Secretive + -04.00,접착,2026-07-09
C관(2공장),1-Day_Color_Sph,Hapa D_Antique Brown_Secretive + -04.00,하이드레이션,2026-07-07
C관(2공장),1-Day_Color_Sph,Hapa D_Antique Brown_Secretive + -04.25,누수규격,2026-07-10
C관(2공장),1-Day_Color_Sph,Hapa D_Antique Brown_Secretive + -04.25,분리,2026-07-06
C관(2공장),1-Day_Color_Sph,Hapa D_Antique Brown_Secretive + -04.25,사출,2026-07-05
C관(2공장),1-Day_Color_Sph,Hapa D_Antique Brown_Secretive + -04.25,접착,2026-07-09
C관(2공장),1-Day_Color_Sph,Hapa D_Antique Brown_Secretive + -04.25,하이드레이션,2026-07-07
C관(2공장),1-Day_Color_Sph,Hapa D_Antique Brown_Secretive + -05.00,누수규격,2026-07-10
C관(2공장),1-Day_Color_Sph,Hapa D_Antique Brown_Secretive + -05.00,분리,2026-07-06
C관(2공장),1-Day_Color_Sph,Hapa D_Antique Brown_Secretive + -05.00,사출,2026-07-05
C관(2공장),1-Day_Color_Sph,Hapa D_Antique Brown_Secretive + -05.00,접착,2026-07-09
C관(2공장),1-Day_Color_Sph,Hapa D_Antique Brown_Secretive + -05.00,하이드레이션,2026-07-07
C관(2공장),1-Day_Color_Sph,Hapa D_Crush Brown_Secretive + -02.50,누수규격,2026-07-10
C관(2공장),1-Day_Color_Sph,Hapa D_Crush Brown_Secretive + -02.50,분리,2026-07-06
C관(2공장),1-Day_Color_Sph,Hapa D_Crush Brown_Secretive + -02.50,사출,2026-07-05
C관(2공장),1-Day_Color_Sph,Hapa D_Crush Brown_Secretive + -02.50,접착,2026-07-09
C관(2공장),1-Day_Color_Sph,Hapa D_Crush Brown_Secretive + -02.50,하이드레이션,2026-07-07
C관(2공장),1-Day_Color_Sph,Hapa D_Crush Brown_Secretive + -03.00,누수규격,2026-07-10
C관(2공장),1-Day_Color_Sph,Hapa D_Crush Brown_Secretive + -03.00,분리,2026-07-06
C관(2공장),1-Day_Color_Sph,Hapa D_Crush Brown_Secretive + -03.00,사출,2026-07-05
C관(2공장),1-Day_Color_Sph,Hapa D_Crush Brown_Secretive + -03.00,접착,2026-07-09
C관(2공장),1-Day_Color_Sph,Hapa D_Crush Brown_Secretive + -03.00,하이드레이션,2026-07-07
C관(2공장),1-Day_Color_Sph,Hapa D_Crush Brown_Secretive + -04.00,누수규격,2026-07-10
C관(2공장),1-Day_Color_Sph,Hapa D_Crush Brown_Secretive + -04.00,분리,2026-07-06
C관(2공장),1-Day_Color_Sph,Hapa D_Crush Brown_Secretive + -04.00,사출,2026-07-05
C관(2공장),1-Day_Color_Sph,Hapa D_Crush Brown_Secretive + -04.00,접착,2026-07-09
C관(2공장),1-Day_Color_Sph,Hapa D_Crush Brown_Secretive + -04.00,하이드레이션,2026-07-07
C관(2공장),1-Day_Color_Sph,Hapa D_Crush Brown_Secretive + -04.25,누수규격,2026-07-10
C관(2공장),1-Day_Color_Sph,Hapa D_Crush Brown_Secretive + -04.25,분리,2026-07-06
C관(2공장),1-Day_Color_Sph,Hapa D_Crush Brown_Secretive + -04.25,접착,2026-07-09
C관(2공장),1-Day_Color_Sph,Hapa D_Crush Brown_Secretive + -04.25,하이드레이션,2026-07-07
C관(2공장),1-Day_Color_Sph,Hapa D_Crush Brown_Secretive + -05.00,누수규격,2026-07-10
C관(2공장),1-Day_Color_Sph,Hapa D_Crush Brown_Secretive + -05.00,분리,2026-07-06
C관(2공장),1-Day_Color_Sph,Hapa D_Crush Brown_Secretive + -05.00,사출,2026-07-05
C관(2공장),1-Day_Color_Sph,Hapa D_Crush Brown_Secretive + -05.00,접착,2026-07-09
C관(2공장),1-Day_Color_Sph,Hapa D_Crush Brown_Secretive + -05.00,하이드레이션,2026-07-07
C관(2공장),1-Day_Color_Sph,Hapa D_Crush Brown_Secretive + -05.50,누수규격,2026-07-10
C관(2공장),1-Day_Color_Sph,Hapa D_Crush Brown_Secretive + -05.50,분리,2026-07-06
C관(2공장),1-Day_Color_Sph,Hapa D_Crush Brown_Secretive + -05.50,사출,2026-07-05
C관(2공장),1-Day_Color_Sph,Hapa D_Crush Brown_Secretive + -05.50,접착,2026-07-09
C관(2공장),1-Day_Color_Sph,Hapa D_Crush Brown_Secretive + -05.50,하이드레이션,2026-07-07
C관(2공장),1-Day_Color_Sph,Hapakristin D_CREME BROWN_Secretive Kristin + -00.00,누수규격,2026-07-10
C관(2공장),1-Day_Color_Sph,Hapakristin D_CREME BROWN_Secretive Kristin + -00.00,분리,2026-07-06
C관(2공장),1-Day_Color_Sph,Hapakristin D_CREME BROWN_Secretive Kristin + -00.00,사출,2026-07-05
C관(2공장),1-Day_Color_Sph,Hapakristin D_CREME BROWN_Secretive Kristin + -00.00,접착,2026-07-09
C관(2공장),1-Day_Color_Sph,Hapakristin D_CREME BROWN_Secretive Kristin + -00.00,하이드레이션,2026-07-07
C관(2공장),1-Day_Color_Sph,Hapakristin D_CREME BROWN_Secretive Kristin + -00.50,누수규격,2026-07-10
C관(2공장),1-Day_Color_Sph,Hapakristin D_CREME BROWN_Secretive Kristin + -00.50,접착,2026-07-09
C관(2공장),1-Day_Color_Sph,Hapakristin D_CREME BROWN_Secretive Kristin + -00.50,하이드레이션,2026-07-07
C관(2공장),1-Day_Color_Sph,Hapakristin D_CREME BROWN_Secretive Kristin + -01.25,누수규격,2026-07-10
C관(2공장),1-Day_Color_Sph,Hapakristin D_CREME BROWN_Secretive Kristin + -01.25,접착,2026-07-09
C관(2공장),1-Day_Color_Sph,Hapakristin D_CREME BROWN_Secretive Kristin + -01.25,하이드레이션,2026-07-07
C관(2공장),1-Day_Color_Sph,Hapakristin D_CREME BROWN_Secretive Kristin + -01.75,누수규격,2026-07-10
C관(2공장),1-Day_Color_Sph,Hapakristin D_CREME BROWN_Secretive Kristin + -01.75,접착,2026-07-09
C관(2공장),1-Day_Color_Sph,Hapakristin D_CREME BROWN_Secretive Kristin + -01.75,하이드레이션,2026-07-07
C관(2공장),1-Day_Color_Sph,Hapakristin D_CREME BROWN_Secretive Kristin + -02.00,누수규격,2026-07-10
C관(2공장),1-Day_Color_Sph,Hapakristin D_CREME BROWN_Secretive Kristin + -02.00,분리,2026-07-06
C관(2공장),1-Day_Color_Sph,Hapakristin D_CREME BROWN_Secretive Kristin + -02.00,사출,2026-07-05
C관(2공장),1-Day_Color_Sph,Hapakristin D_CREME BROWN_Secretive Kristin + -02.00,접착,2026-07-09
C관(2공장),1-Day_Color_Sph,Hapakristin D_CREME BROWN_Secretive Kristin + -02.00,하이드레이션,2026-07-07
C관(2공장),1-Day_Color_Sph,Hapakristin D_CREME BROWN_Secretive Kristin + -02.50,누수규격,2026-07-10
C관(2공장),1-Day_Color_Sph,Hapakristin D_CREME BROWN_Secretive Kristin + -02.50,분리,2026-07-06
C관(2공장),1-Day_Color_Sph,Hapakristin D_CREME BROWN_Secretive Kristin + -02.50,사출,2026-07-05
C관(2공장),1-Day_Color_Sph,Hapakristin D_CREME BROWN_Secretive Kristin + -02.50,접착,2026-07-09
C관(2공장),1-Day_Color_Sph,Hapakristin D_CREME BROWN_Secretive Kristin + -02.50,하이드레이션,2026-07-07
C관(2공장),1-Day_Color_Sph,Hapakristin D_CREME BROWN_Secretive Kristin + -02.75,누수규격,2026-07-10
C관(2공장),1-Day_Color_Sph,Hapakristin D_CREME BROWN_Secretive Kristin + -02.75,접착,2026-07-09
C관(2공장),1-Day_Color_Sph,Hapakristin D_CREME BROWN_Secretive Kristin + -02.75,하이드레이션,2026-07-07
C관(2공장),1-Day_Color_Sph,Hapakristin D_CREME BROWN_Secretive Kristin + -03.00,누수규격,2026-07-10
C관(2공장),1-Day_Color_Sph,Hapakristin D_CREME BROWN_Secretive Kristin + -03.00,분리,2026-07-06
C관(2공장),1-Day_Color_Sph,Hapakristin D_CREME BROWN_Secretive Kristin + -03.00,접착,2026-07-09
C관(2공장),1-Day_Color_Sph,Hapakristin D_CREME BROWN_Secretive Kristin + -03.00,하이드레이션,2026-07-07
C관(2공장),1-Day_Color_Sph,Hapakristin D_CREME BROWN_Secretive Kristin + -03.50,누수규격,2026-07-10
C관(2공장),1-Day_Color_Sph,Hapakristin D_CREME BROWN_Secretive Kristin + -03.50,접착,2026-07-09
C관(2공장),1-Day_Color_Sph,Hapakristin D_CREME BROWN_Secretive Kristin + -03.50,하이드레이션,2026-07-07
C관(2공장),1-Day_Color_Sph,Hapakristin D_CREME BROWN_Secretive Kristin + -04.25,누수규격,2026-07-10
C관(2공장),1-Day_Color_Sph,Hapakristin D_CREME BROWN_Secretive Kristin + -04.25,접착,2026-07-09
C관(2공장),1-Day_Color_Sph,Hapakristin D_CREME BROWN_Secretive Kristin + -04.25,하이드레이션,2026-07-07
C관(2공장),1-Day_Color_Sph,Hapakristin D_CREME BROWN_Secretive Kristin + -05.00,누수규격,2026-07-10
C관(2공장),1-Day_Color_Sph,Hapakristin D_CREME BROWN_Secretive Kristin + -05.00,분리,2026-07-06
C관(2공장),1-Day_Color_Sph,Hapakristin D_CREME BROWN_Secretive Kristin + -05.00,사출,2026-07-05
C관(2공장),1-Day_Color_Sph,Hapakristin D_CREME BROWN_Secretive Kristin + -05.00,접착,2026-07-09
C관(2공장),1-Day_Color_Sph,Hapakristin D_CREME BROWN_Secretive Kristin + -05.00,하이드레이션,2026-07-07
C관(2공장),1-Day_Color_Sph,Hapakristin D_CREME BROWN_Secretive Kristin + -05.50,누수규격,2026-07-10
C관(2공장),1-Day_Color_Sph,Hapakristin D_CREME BROWN_Secretive Kristin + -05.50,분리,2026-07-06
C관(2공장),1-Day_Color_Sph,Hapakristin D_CREME BROWN_Secretive Kristin + -05.50,사출,2026-07-05
C관(2공장),1-Day_Color_Sph,Hapakristin D_CREME BROWN_Secretive Kristin + -05.50,접착,2026-07-09
C관(2공장),1-Day_Color_Sph,Hapakristin D_CREME BROWN_Secretive Kristin + -05.50,하이드레이션,2026-07-07
C관(2공장),1-Day_Color_Sph,Hapakristin D_DUSK BROWN_Secretive Kristin + -01.50,누수규격,2026-07-10
C관(2공장),1-Day_Color_Sph,Hapakristin D_DUSK BROWN_Secretive Kristin + -01.50,접착,2026-07-09
C관(2공장),1-Day_Color_Sph,Hapakristin D_DUSK BROWN_Secretive Kristin + -01.50,하이드레이션,2026-07-07
C관(2공장),1-Day_Color_Sph,Hapakristin D_DUSK BROWN_Secretive Kristin + -02.00,누수규격,2026-07-10
C관(2공장),1-Day_Color_Sph,Hapakristin D_DUSK BROWN_Secretive Kristin + -02.00,분리,2026-07-06
C관(2공장),1-Day_Color_Sph,Hapakristin D_DUSK BROWN_Secretive Kristin + -02.00,사출,2026-07-05
C관(2공장),1-Day_Color_Sph,Hapakristin D_DUSK BROWN_Secretive Kristin + -02.00,접착,2026-07-09
C관(2공장),1-Day_Color_Sph,Hapakristin D_DUSK BROWN_Secretive Kristin + -02.00,하이드레이션,2026-07-07
C관(2공장),1-Day_Color_Sph,Hapakristin D_DUSK BROWN_Secretive Kristin + -02.75,누수규격,2026-07-10
C관(2공장),1-Day_Color_Sph,Hapakristin D_DUSK BROWN_Secretive Kristin + -02.75,접착,2026-07-09
C관(2공장),1-Day_Color_Sph,Hapakristin D_DUSK BROWN_Secretive Kristin + -02.75,하이드레이션,2026-07-07
C관(2공장),1-Day_Color_Sph,Hapakristin D_DUSK BROWN_Secretive Kristin + -04.00,누수규격,2026-07-10
C관(2공장),1-Day_Color_Sph,Hapakristin D_DUSK BROWN_Secretive Kristin + -04.00,분리,2026-07-06
C관(2공장),1-Day_Color_Sph,Hapakristin D_DUSK BROWN_Secretive Kristin + -04.00,사출,2026-07-05
C관(2공장),1-Day_Color_Sph,Hapakristin D_DUSK BROWN_Secretive Kristin + -04.00,접착,2026-07-09
C관(2공장),1-Day_Color_Sph,Hapakristin D_DUSK BROWN_Secretive Kristin + -04.00,하이드레이션,2026-07-07
C관(2공장),1-Day_Color_Sph,Hapakristin D_Quiet Kristin Glow Black + -00.00,누수규격,2026-07-10
C관(2공장),1-Day_Color_Sph,Hapakristin D_Quiet Kristin Glow Black + -00.00,분리,2026-07-06
C관(2공장),1-Day_Color_Sph,Hapakristin D_Quiet Kristin Glow Black + -00.00,사출,2026-07-05
C관(2공장),1-Day_Color_Sph,Hapakristin D_Quiet Kristin Glow Black + -00.00,접착,2026-07-09
C관(2공장),1-Day_Color_Sph,Hapakristin D_Quiet Kristin Glow Black + -00.00,하이드레이션,2026-07-07
C관(2공장),1-Day_Color_Sph,Hapakristin D_Quiet Kristin Glow Black + -00.50,누수규격,2026-07-10
C관(2공장),1-Day_Color_Sph,Hapakristin D_Quiet Kristin Glow Black + -00.50,분리,2026-07-06
C관(2공장),1-Day_Color_Sph,Hapakristin D_Quiet Kristin Glow Black + -00.50,사출,2026-07-05
C관(2공장),1-Day_Color_Sph,Hapakristin D_Quiet Kristin Glow Black + -00.50,접착,2026-07-09
C관(2공장),1-Day_Color_Sph,Hapakristin D_Quiet Kristin Glow Black + -00.50,하이드레이션,2026-07-07
C관(2공장),1-Day_Color_Sph,Hapakristin D_Quiet Kristin Glow Black + -01.00,누수규격,2026-07-10
C관(2공장),1-Day_Color_Sph,Hapakristin D_Quiet Kristin Glow Black + -01.00,분리,2026-07-06
C관(2공장),1-Day_Color_Sph,Hapakristin D_Quiet Kristin Glow Black + -01.00,사출,2026-07-05
C관(2공장),1-Day_Color_Sph,Hapakristin D_Quiet Kristin Glow Black + -01.00,접착,2026-07-09
C관(2공장),1-Day_Color_Sph,Hapakristin D_Quiet Kristin Glow Black + -01.00,하이드레이션,2026-07-07
C관(2공장),1-Day_Color_Sph,Hapakristin D_Quiet Kristin Glow Black + -01.25,누수규격,2026-07-10
C관(2공장),1-Day_Color_Sph,Hapakristin D_Quiet Kristin Glow Black + -01.25,분리,2026-07-06
C관(2공장),1-Day_Color_Sph,Hapakristin D_Quiet Kristin Glow Black + -01.25,사출,2026-07-05
C관(2공장),1-Day_Color_Sph,Hapakristin D_Quiet Kristin Glow Black + -01.25,접착,2026-07-09
C관(2공장),1-Day_Color_Sph,Hapakristin D_Quiet Kristin Glow Black + -01.25,하이드레이션,2026-07-07
C관(2공장),1-Day_Color_Sph,Hapakristin D_Quiet Kristin Glow Black + -01.50,누수규격,2026-07-10
C관(2공장),1-Day_Color_Sph,Hapakristin D_Quiet Kristin Glow Black + -01.50,분리,2026-07-06
C관(2공장),1-Day_Color_Sph,Hapakristin D_Quiet Kristin Glow Black + -01.50,사출,2026-07-05
C관(2공장),1-Day_Color_Sph,Hapakristin D_Quiet Kristin Glow Black + -01.50,접착,2026-07-09
C관(2공장),1-Day_Color_Sph,Hapakristin D_Quiet Kristin Glow Black + -01.50,하이드레이션,2026-07-07
C관(2공장),1-Day_Color_Sph,Hapakristin D_Quiet Kristin Glow Black + -01.75,누수규격,2026-07-10
C관(2공장),1-Day_Color_Sph,Hapakristin D_Quiet Kristin Glow Black + -01.75,분리,2026-07-06
C관(2공장),1-Day_Color_Sph,Hapakristin D_Quiet Kristin Glow Black + -01.75,사출,2026-07-05
C관(2공장),1-Day_Color_Sph,Hapakristin D_Quiet Kristin Glow Black + -01.75,접착,2026-07-09
C관(2공장),1-Day_Color_Sph,Hapakristin D_Quiet Kristin Glow Black + -01.75,하이드레이션,2026-07-07
C관(2공장),1-Day_Color_Sph,Hapakristin D_Quiet Kristin Glow Black + -02.00,누수규격,2026-07-10
C관(2공장),1-Day_Color_Sph,Hapakristin D_Quiet Kristin Glow Black + -02.00,분리,2026-07-06
C관(2공장),1-Day_Color_Sph,Hapakristin D_Quiet Kristin Glow Black + -02.00,사출,2026-07-05
C관(2공장),1-Day_Color_Sph,Hapakristin D_Quiet Kristin Glow Black + -02.00,접착,2026-07-09
C관(2공장),1-Day_Color_Sph,Hapakristin D_Quiet Kristin Glow Black + -02.00,하이드레이션,2026-07-07
C관(2공장),1-Day_Color_Sph,Hapakristin D_Quiet Kristin Glow Black + -02.25,누수규격,2026-07-10
C관(2공장),1-Day_Color_Sph,Hapakristin D_Quiet Kristin Glow Black + -02.25,분리,2026-07-06
C관(2공장),1-Day_Color_Sph,Hapakristin D_Quiet Kristin Glow Black + -02.25,사출,2026-07-05
C관(2공장),1-Day_Color_Sph,Hapakristin D_Quiet Kristin Glow Black + -02.25,접착,2026-07-09
C관(2공장),1-Day_Color_Sph,Hapakristin D_Quiet Kristin Glow Black + -02.25,하이드레이션,2026-07-07
C관(2공장),1-Day_Color_Sph,Hapakristin D_Quiet Kristin Glow Black + -02.50,누수규격,2026-07-10
C관(2공장),1-Day_Color_Sph,Hapakristin D_Quiet Kristin Glow Black + -02.50,분리,2026-07-06
C관(2공장),1-Day_Color_Sph,Hapakristin D_Quiet Kristin Glow Black + -02.50,사출,2026-07-05
C관(2공장),1-Day_Color_Sph,Hapakristin D_Quiet Kristin Glow Black + -02.50,접착,2026-07-09
C관(2공장),1-Day_Color_Sph,Hapakristin D_Quiet Kristin Glow Black + -02.50,하이드레이션,2026-07-07
C관(2공장),1-Day_Color_Sph,Hapakristin D_Quiet Kristin Glow Black + -02.75,누수규격,2026-07-10
C관(2공장),1-Day_Color_Sph,Hapakristin D_Quiet Kristin Glow Black + -02.75,분리,2026-07-06
C관(2공장),1-Day_Color_Sph,Hapakristin D_Quiet Kristin Glow Black + -02.75,사출,2026-07-05
C관(2공장),1-Day_Color_Sph,Hapakristin D_Quiet Kristin Glow Black + -02.75,접착,2026-07-09
C관(2공장),1-Day_Color_Sph,Hapakristin D_Quiet Kristin Glow Black + -02.75,하이드레이션,2026-07-07
C관(2공장),1-Day_Color_Sph,Hapakristin D_Quiet Kristin Glow Black + -03.00,누수규격,2026-07-10
C관(2공장),1-Day_Color_Sph,Hapakristin D_Quiet Kristin Glow Black + -03.00,분리,2026-07-06
C관(2공장),1-Day_Color_Sph,Hapakristin D_Quiet Kristin Glow Black + -03.00,사출,2026-07-05
C관(2공장),1-Day_Color_Sph,Hapakristin D_Quiet Kristin Glow Black + -03.00,접착,2026-07-09
C관(2공장),1-Day_Color_Sph,Hapakristin D_Quiet Kristin Glow Black + -03.00,하이드레이션,2026-07-07
C관(2공장),1-Day_Color_Sph,Hapakristin D_Quiet Kristin Glow Black + -03.25,누수규격,2026-07-10
C관(2공장),1-Day_Color_Sph,Hapakristin D_Quiet Kristin Glow Black + -03.25,분리,2026-07-06
C관(2공장),1-Day_Color_Sph,Hapakristin D_Quiet Kristin Glow Black + -03.25,사출,2026-07-05
C관(2공장),1-Day_Color_Sph,Hapakristin D_Quiet Kristin Glow Black + -03.25,접착,2026-07-09
C관(2공장),1-Day_Color_Sph,Hapakristin D_Quiet Kristin Glow Black + -03.25,하이드레이션,2026-07-07
C관(2공장),1-Day_Color_Sph,Hapakristin D_Quiet Kristin Glow Black + -03.50,누수규격,2026-07-10
C관(2공장),1-Day_Color_Sph,Hapakristin D_Quiet Kristin Glow Black + -03.50,분리,2026-07-06
C관(2공장),1-Day_Color_Sph,Hapakristin D_Quiet Kristin Glow Black + -03.50,사출,2026-07-05
C관(2공장),1-Day_Color_Sph,Hapakristin D_Quiet Kristin Glow Black + -03.50,접착,2026-07-09
C관(2공장),1-Day_Color_Sph,Hapakristin D_Quiet Kristin Glow Black + -03.50,하이드레이션,2026-07-07
C관(2공장),1-Day_Color_Sph,Hapakristin D_Quiet Kristin Glow Black + -03.75,누수규격,2026-07-10
C관(2공장),1-Day_Color_Sph,Hapakristin D_Quiet Kristin Glow Black + -03.75,분리,2026-07-06
C관(2공장),1-Day_Color_Sph,Hapakristin D_Quiet Kristin Glow Black + -03.75,사출,2026-07-05
C관(2공장),1-Day_Color_Sph,Hapakristin D_Quiet Kristin Glow Black + -03.75,접착,2026-07-09
C관(2공장),1-Day_Color_Sph,Hapakristin D_Quiet Kristin Glow Black + -03.75,하이드레이션,2026-07-07
C관(2공장),1-Day_Color_Sph,Hapakristin D_Quiet Kristin Glow Black + -04.00,누수규격,2026-07-10
C관(2공장),1-Day_Color_Sph,Hapakristin D_Quiet Kristin Glow Black + -04.00,분리,2026-07-06
C관(2공장),1-Day_Color_Sph,Hapakristin D_Quiet Kristin Glow Black + -04.00,사출,2026-07-05
C관(2공장),1-Day_Color_Sph,Hapakristin D_Quiet Kristin Glow Black + -04.00,접착,2026-07-09
C관(2공장),1-Day_Color_Sph,Hapakristin D_Quiet Kristin Glow Black + -04.00,하이드레이션,2026-07-07
C관(2공장),1-Day_Color_Sph,Hapakristin D_Quiet Kristin Glow Black + -04.25,누수규격,2026-07-10
C관(2공장),1-Day_Color_Sph,Hapakristin D_Quiet Kristin Glow Black + -04.25,분리,2026-07-06
C관(2공장),1-Day_Color_Sph,Hapakristin D_Quiet Kristin Glow Black + -04.25,사출,2026-07-05
C관(2공장),1-Day_Color_Sph,Hapakristin D_Quiet Kristin Glow Black + -04.25,접착,2026-07-09
C관(2공장),1-Day_Color_Sph,Hapakristin D_Quiet Kristin Glow Black + -04.25,하이드레이션,2026-07-07
C관(2공장),1-Day_Color_Sph,Hapakristin D_Quiet Kristin Glow Black + -04.50,누수규격,2026-07-10
C관(2공장),1-Day_Color_Sph,Hapakristin D_Quiet Kristin Glow Black + -04.50,분리,2026-07-06
C관(2공장),1-Day_Color_Sph,Hapakristin D_Quiet Kristin Glow Black + -04.50,사출,2026-07-05
C관(2공장),1-Day_Color_Sph,Hapakristin D_Quiet Kristin Glow Black + -04.50,접착,2026-07-09
C관(2공장),1-Day_Color_Sph,Hapakristin D_Quiet Kristin Glow Black + -04.50,하이드레이션,2026-07-07
C관(2공장),1-Day_Color_Sph,Hapakristin D_Quiet Kristin Glow Black + -04.75,누수규격,2026-07-10
C관(2공장),1-Day_Color_Sph,Hapakristin D_Quiet Kristin Glow Black + -04.75,분리,2026-07-06
C관(2공장),1-Day_Color_Sph,Hapakristin D_Quiet Kristin Glow Black + -04.75,사출,2026-07-05
C관(2공장),1-Day_Color_Sph,Hapakristin D_Quiet Kristin Glow Black + -04.75,접착,2026-07-09
C관(2공장),1-Day_Color_Sph,Hapakristin D_Quiet Kristin Glow Black + -04.75,하이드레이션,2026-07-07
C관(2공장),1-Day_Color_Sph,Hapakristin D_Quiet Kristin Glow Black + -05.00,누수규격,2026-07-10
C관(2공장),1-Day_Color_Sph,Hapakristin D_Quiet Kristin Glow Black + -05.00,분리,2026-07-06
C관(2공장),1-Day_Color_Sph,Hapakristin D_Quiet Kristin Glow Black + -05.00,사출,2026-07-05
C관(2공장),1-Day_Color_Sph,Hapakristin D_Quiet Kristin Glow Black + -05.00,접착,2026-07-09
C관(2공장),1-Day_Color_Sph,Hapakristin D_Quiet Kristin Glow Black + -05.00,하이드레이션,2026-07-07
C관(2공장),1-Day_Color_Sph,Hapakristin D_Quiet Kristin Glow Black + -05.50,누수규격,2026-07-10
C관(2공장),1-Day_Color_Sph,Hapakristin D_Quiet Kristin Glow Black + -05.50,분리,2026-07-06
C관(2공장),1-Day_Color_Sph,Hapakristin D_Quiet Kristin Glow Black + -05.50,사출,2026-07-05
C관(2공장),1-Day_Color_Sph,Hapakristin D_Quiet Kristin Glow Black + -05.50,접착,2026-07-09
C관(2공장),1-Day_Color_Sph,Hapakristin D_Quiet Kristin Glow Black + -05.50,하이드레이션,2026-07-07
C관(2공장),1-Day_Color_Sph,Hapakristin D_Quiet Kristin Glow Black + -06.00,누수규격,2026-07-10
C관(2공장),1-Day_Color_Sph,Hapakristin D_Quiet Kristin Glow Black + -06.00,분리,2026-07-06
C관(2공장),1-Day_Color_Sph,Hapakristin D_Quiet Kristin Glow Black + -06.00,사출,2026-07-05
C관(2공장),1-Day_Color_Sph,Hapakristin D_Quiet Kristin Glow Black + -06.00,접착,2026-07-09
C관(2공장),1-Day_Color_Sph,Hapakristin D_Quiet Kristin Glow Black + -06.00,하이드레이션,2026-07-07
C관(2공장),1-Day_Color_Sph,Hapakristin D_Quiet Kristin Glow Black + -06.50,누수규격,2026-07-10
C관(2공장),1-Day_Color_Sph,Hapakristin D_Quiet Kristin Glow Black + -06.50,분리,2026-07-06
C관(2공장),1-Day_Color_Sph,Hapakristin D_Quiet Kristin Glow Black + -06.50,사출,2026-07-05
C관(2공장),1-Day_Color_Sph,Hapakristin D_Quiet Kristin Glow Black + -06.50,접착,2026-07-09
C관(2공장),1-Day_Color_Sph,Hapakristin D_Quiet Kristin Glow Black + -06.50,하이드레이션,2026-07-07
C관(2공장),1-Day_Color_Sph,Hapakristin D_Quiet Kristin Glow Black + -07.00,누수규격,2026-07-10
C관(2공장),1-Day_Color_Sph,Hapakristin D_Quiet Kristin Glow Black + -07.00,분리,2026-07-06
C관(2공장),1-Day_Color_Sph,Hapakristin D_Quiet Kristin Glow Black + -07.00,사출,2026-07-05
C관(2공장),1-Day_Color_Sph,Hapakristin D_Quiet Kristin Glow Black + -07.00,접착,2026-07-09
C관(2공장),1-Day_Color_Sph,Hapakristin D_Quiet Kristin Glow Black + -07.00,하이드레이션,2026-07-07
C관(2공장),1-Day_Color_Sph,Hapakristin D_Quiet Kristin Glow Black + -07.50,누수규격,2026-07-10
C관(2공장),1-Day_Color_Sph,Hapakristin D_Quiet Kristin Glow Black + -07.50,분리,2026-07-06
C관(2공장),1-Day_Color_Sph,Hapakristin D_Quiet Kristin Glow Black + -07.50,사출,2026-07-05
C관(2공장),1-Day_Color_Sph,Hapakristin D_Quiet Kristin Glow Black + -07.50,접착,2026-07-09
C관(2공장),1-Day_Color_Sph,Hapakristin D_Quiet Kristin Glow Black + -07.50,하이드레이션,2026-07-07
C관(2공장),1-Day_Color_Sph,Hapakristin D_Quiet Kristin Glow Black + -08.00,누수규격,2026-07-10
C관(2공장),1-Day_Color_Sph,Hapakristin D_Quiet Kristin Glow Black + -08.00,분리,2026-07-06
C관(2공장),1-Day_Color_Sph,Hapakristin D_Quiet Kristin Glow Black + -08.00,사출,2026-07-05
C관(2공장),1-Day_Color_Sph,Hapakristin D_Quiet Kristin Glow Black + -08.00,접착,2026-07-09
C관(2공장),1-Day_Color_Sph,Hapakristin D_Quiet Kristin Glow Black + -08.00,하이드레이션,2026-07-07
C관(2공장),1-Day_Color_Sph,Hapakristin D_Quiet Kristin Glow Brown + -00.00,누수규격,2026-07-24
C관(2공장),1-Day_Color_Sph,Hapakristin D_Quiet Kristin Glow Brown + -00.00,분리,2026-07-20
C관(2공장),1-Day_Color_Sph,Hapakristin D_Quiet Kristin Glow Brown + -00.00,사출,2026-07-19
C관(2공장),1-Day_Color_Sph,Hapakristin D_Quiet Kristin Glow Brown + -00.00,접착,2026-07-23
C관(2공장),1-Day_Color_Sph,Hapakristin D_Quiet Kristin Glow Brown + -00.00,하이드레이션,2026-07-21
C관(2공장),1-Day_Color_Sph,Hapakristin D_Quiet Kristin Glow Brown + -02.50,누수규격,2026-07-24
C관(2공장),1-Day_Color_Sph,Hapakristin D_Quiet Kristin Glow Brown + -02.50,접착,2026-07-23
C관(2공장),1-Day_Color_Sph,Hapakristin D_Quiet Kristin Glow Brown + -03.00,누수규격,2026-07-24
C관(2공장),1-Day_Color_Sph,Hapakristin D_Quiet Kristin Glow Brown + -03.00,분리,2026-07-20
C관(2공장),1-Day_Color_Sph,Hapakristin D_Quiet Kristin Glow Brown + -03.00,접착,2026-07-23
C관(2공장),1-Day_Color_Sph,Hapakristin D_Quiet Kristin Glow Brown + -03.00,하이드레이션,2026-07-21
C관(2공장),1-Day_Color_Sph,Hapakristin D_Quiet Kristin Glow Brown + -05.50,누수규격,2026-07-24
C관(2공장),1-Day_Color_Sph,Hapakristin D_Quiet Kristin Glow Brown + -05.50,분리,2026-07-20
C관(2공장),1-Day_Color_Sph,Hapakristin D_Quiet Kristin Glow Brown + -05.50,접착,2026-07-23
C관(2공장),1-Day_Color_Sph,Hapakristin D_Quiet Kristin Glow Brown + -05.50,하이드레이션,2026-07-21
C관(2공장),1-Day_Color_Sph,Hapakristin D_Quiet Kristin Glow Brown + -07.00,누수규격,2026-07-24
C관(2공장),1-Day_Color_Sph,Hapakristin D_Quiet Kristin Glow Brown + -07.00,접착,2026-07-23
C관(2공장),1-Day_Color_Sph,Hapakristin D_Quiet Kristin Glow Brown + -07.00,하이드레이션,2026-07-21
C관(2공장),1-Day_Color_Sph,Hapakristin D_Quiet Kristin Glow Brown + -07.50,누수규격,2026-07-24
C관(2공장),1-Day_Color_Sph,Hapakristin D_Quiet Kristin Glow Brown + -07.50,접착,2026-07-23
C관(2공장),1-Day_Color_Sph,Hapakristin D_Quiet Kristin Glow Brown + -07.50,하이드레이션,2026-07-21
C관(2공장),1-Day_Color_Sph,Hapakristin D_Quiet Kristin Glow Brown + -08.00,누수규격,2026-07-24
C관(2공장),1-Day_Color_Sph,Hapakristin D_Quiet Kristin Glow Brown + -08.00,분리,2026-07-20
C관(2공장),1-Day_Color_Sph,Hapakristin D_Quiet Kristin Glow Brown + -08.00,접착,2026-07-23
C관(2공장),1-Day_Color_Sph,Hapakristin D_Quiet Kristin Glow Brown + -08.00,하이드레이션,2026-07-21
C관(2공장),1-Day_Color_Sph,Layala_Alicia Brown + -00.00,누수규격,2026-07-25
C관(2공장),1-Day_Color_Sph,Layala_Alicia Brown + -00.00,접착,2026-07-24
C관(2공장),1-Day_Color_Sph,Layala_Alicia Brown + -00.00,하이드레이션,2026-07-22
C관(2공장),1-Day_Color_Sph,Layala_Alicia Brown + -00.50,누수규격,2026-07-25
C관(2공장),1-Day_Color_Sph,Layala_Alicia Brown + -00.50,접착,2026-07-24
C관(2공장),1-Day_Color_Sph,Layala_Alicia Brown + -00.50,하이드레이션,2026-07-22
C관(2공장),1-Day_Color_Sph,Layala_Alicia Brown + -00.75,누수규격,2026-07-25
C관(2공장),1-Day_Color_Sph,Layala_Alicia Brown + -00.75,접착,2026-07-24
C관(2공장),1-Day_Color_Sph,Layala_Alicia Brown + -00.75,하이드레이션,2026-07-22
C관(2공장),1-Day_Color_Sph,Layala_Alicia Brown + -01.00,누수규격,2026-07-25
C관(2공장),1-Day_Color_Sph,Layala_Alicia Brown + -01.00,접착,2026-07-24
C관(2공장),1-Day_Color_Sph,Layala_Alicia Brown + -01.00,하이드레이션,2026-07-22
C관(2공장),1-Day_Color_Sph,Layala_Alicia Brown + -01.25,누수규격,2026-07-25
C관(2공장),1-Day_Color_Sph,Layala_Alicia Brown + -01.25,접착,2026-07-24
C관(2공장),1-Day_Color_Sph,Layala_Alicia Brown + -01.25,하이드레이션,2026-07-22
C관(2공장),1-Day_Color_Sph,Layala_Alicia Brown + -01.50,누수규격,2026-07-25
C관(2공장),1-Day_Color_Sph,Layala_Alicia Brown + -01.50,접착,2026-07-24
C관(2공장),1-Day_Color_Sph,Layala_Alicia Brown + -01.50,하이드레이션,2026-07-22
C관(2공장),1-Day_Color_Sph,Layala_Alicia Brown + -01.75,누수규격,2026-07-25
C관(2공장),1-Day_Color_Sph,Layala_Alicia Brown + -01.75,접착,2026-07-24
C관(2공장),1-Day_Color_Sph,Layala_Alicia Brown + -01.75,하이드레이션,2026-07-22
C관(2공장),1-Day_Color_Sph,Layala_Alicia Brown + -02.25,누수규격,2026-07-25
C관(2공장),1-Day_Color_Sph,Layala_Alicia Brown + -02.25,접착,2026-07-24
C관(2공장),1-Day_Color_Sph,Layala_Alicia Brown + -02.25,하이드레이션,2026-07-22
C관(2공장),1-Day_Color_Sph,Layala_Alicia Brown + -02.75,누수규격,2026-07-25
C관(2공장),1-Day_Color_Sph,Layala_Alicia Brown + -02.75,접착,2026-07-24
C관(2공장),1-Day_Color_Sph,Layala_Alicia Brown + -02.75,하이드레이션,2026-07-22
C관(2공장),1-Day_Color_Sph,Layala_Alicia Brown + -03.50,누수규격,2026-07-25
C관(2공장),1-Day_Color_Sph,Layala_Alicia Brown + -03.50,접착,2026-07-24
C관(2공장),1-Day_Color_Sph,Layala_Alicia Brown + -03.50,하이드레이션,2026-07-22
C관(2공장),1-Day_Color_Sph,Layala_Alicia Brown + -05.00,누수규격,2026-07-25
C관(2공장),1-Day_Color_Sph,Layala_Alicia Brown + -05.00,접착,2026-07-24
C관(2공장),1-Day_Color_Sph,Layala_Alicia Brown + -05.00,하이드레이션,2026-07-22
C관(2공장),1-Day_Color_Sph,Layala_Alicia Brown + -06.00,누수규격,2026-07-25
C관(2공장),1-Day_Color_Sph,Layala_Alicia Brown + -06.00,접착,2026-07-24
C관(2공장),1-Day_Color_Sph,Layala_Alicia Brown + -06.00,하이드레이션,2026-07-22
C관(2공장),1-Day_Color_Sph,Layala_Alicia Brown + -08.00,누수규격,2026-07-25
C관(2공장),1-Day_Color_Sph,Layala_Alicia Brown + -08.00,접착,2026-07-24
C관(2공장),1-Day_Color_Sph,Layala_Alicia Brown + -08.00,하이드레이션,2026-07-22
C관(2공장),1-Day_Color_Sph,Layala_Jazz Black + -01.00,누수규격,2026-07-25
C관(2공장),1-Day_Color_Sph,Layala_Jazz Black + -01.00,접착,2026-07-24
C관(2공장),1-Day_Color_Sph,Layala_Jazz Black + -04.25,누수규격,2026-07-25
C관(2공장),1-Day_Color_Sph,Layala_Jazz Black + -04.25,접착,2026-07-24
C관(2공장),1-Day_Color_Sph,Layala_Jazz Black + -04.25,하이드레이션,2026-07-22
C관(2공장),1-Day_Color_Sph,Layala_Jazz Black + -05.75,누수규격,2026-07-25
C관(2공장),1-Day_Color_Sph,Layala_Jazz Black + -05.75,접착,2026-07-24
C관(2공장),1-Day_Color_Sph,Lighly Rose Beige(렌즈타운) + -00.00,누수규격,2026-07-13
C관(2공장),1-Day_Color_Sph,Lighly Rose Beige(렌즈타운) + -00.00,접착,2026-07-12
C관(2공장),1-Day_Color_Sph,Lighly Rose Gray(렌즈타운) + -01.75,누수규격,2026-07-13
C관(2공장),1-Day_Color_Sph,Lighly Rose Gray(렌즈타운) + -01.75,분리,2026-07-09
C관(2공장),1-Day_Color_Sph,Lighly Rose Gray(렌즈타운) + -01.75,사출,2026-07-08
C관(2공장),1-Day_Color_Sph,Lighly Rose Gray(렌즈타운) + -01.75,접착,2026-07-12
C관(2공장),1-Day_Color_Sph,Lighly Rose Gray(렌즈타운) + -01.75,하이드레이션,2026-07-10
C관(2공장),1-Day_Color_Sph,Lighly Rose Gray(렌즈타운) + -02.00,누수규격,2026-07-13
C관(2공장),1-Day_Color_Sph,Lighly Rose Gray(렌즈타운) + -02.00,분리,2026-07-09
C관(2공장),1-Day_Color_Sph,Lighly Rose Gray(렌즈타운) + -02.00,사출,2026-07-08
C관(2공장),1-Day_Color_Sph,Lighly Rose Gray(렌즈타운) + -02.00,접착,2026-07-12
C관(2공장),1-Day_Color_Sph,Lighly Rose Gray(렌즈타운) + -02.00,하이드레이션,2026-07-10
C관(2공장),1-Day_Color_Sph,Lighly Rose Gray(렌즈타운) + -02.50,누수규격,2026-07-13
C관(2공장),1-Day_Color_Sph,Lighly Rose Gray(렌즈타운) + -02.50,분리,2026-07-09
C관(2공장),1-Day_Color_Sph,Lighly Rose Gray(렌즈타운) + -02.50,사출,2026-07-08
C관(2공장),1-Day_Color_Sph,Lighly Rose Gray(렌즈타운) + -02.50,접착,2026-07-12
C관(2공장),1-Day_Color_Sph,Lighly Rose Gray(렌즈타운) + -02.50,하이드레이션,2026-07-10
C관(2공장),1-Day_Color_Sph,PIA D_Cherish Brown_55% UV 14.2 + -00.00,누수규격,2026-07-16
C관(2공장),1-Day_Color_Sph,PIA D_Cherish Brown_55% UV 14.2 + -00.00,분리,2026-07-12
C관(2공장),1-Day_Color_Sph,PIA D_Cherish Brown_55% UV 14.2 + -00.00,사출,2026-07-11
C관(2공장),1-Day_Color_Sph,PIA D_Cherish Brown_55% UV 14.2 + -00.00,접착,2026-07-15
C관(2공장),1-Day_Color_Sph,PIA D_Cherish Brown_55% UV 14.2 + -00.00,하이드레이션,2026-07-13
C관(2공장),1-Day_Color_Sph,PIA D_Cherish Brown_55% UV 14.2 + -01.75,누수규격,2026-07-16
C관(2공장),1-Day_Color_Sph,PIA D_Cherish Brown_55% UV 14.2 + -01.75,분리,2026-07-12
C관(2공장),1-Day_Color_Sph,PIA D_Cherish Brown_55% UV 14.2 + -01.75,사출,2026-07-11
C관(2공장),1-Day_Color_Sph,PIA D_Cherish Brown_55% UV 14.2 + -01.75,접착,2026-07-15
C관(2공장),1-Day_Color_Sph,PIA D_Cherish Brown_55% UV 14.2 + -01.75,하이드레이션,2026-07-13
C관(2공장),1-Day_Color_Sph,PIA D_Cherish Brown_55% UV 14.2 + -02.25,누수규격,2026-07-16
C관(2공장),1-Day_Color_Sph,PIA D_Cherish Brown_55% UV 14.2 + -02.25,분리,2026-07-12
C관(2공장),1-Day_Color_Sph,PIA D_Cherish Brown_55% UV 14.2 + -02.25,사출,2026-07-11
C관(2공장),1-Day_Color_Sph,PIA D_Cherish Brown_55% UV 14.2 + -02.25,접착,2026-07-15
C관(2공장),1-Day_Color_Sph,PIA D_Cherish Brown_55% UV 14.2 + -02.25,하이드레이션,2026-07-13
C관(2공장),1-Day_Color_Sph,PIA D_Cherish Brown_55% UV 14.2 + -02.50,누수규격,2026-07-16
C관(2공장),1-Day_Color_Sph,PIA D_Cherish Brown_55% UV 14.2 + -02.50,분리,2026-07-12
C관(2공장),1-Day_Color_Sph,PIA D_Cherish Brown_55% UV 14.2 + -02.50,사출,2026-07-11
C관(2공장),1-Day_Color_Sph,PIA D_Cherish Brown_55% UV 14.2 + -02.50,접착,2026-07-15
C관(2공장),1-Day_Color_Sph,PIA D_Cherish Brown_55% UV 14.2 + -02.50,하이드레이션,2026-07-13
C관(2공장),1-Day_Color_Sph,PIA D_Cherish Brown_55% UV 14.2 + -02.75,누수규격,2026-07-16
C관(2공장),1-Day_Color_Sph,PIA D_Cherish Brown_55% UV 14.2 + -02.75,분리,2026-07-12
C관(2공장),1-Day_Color_Sph,PIA D_Cherish Brown_55% UV 14.2 + -02.75,사출,2026-07-11
C관(2공장),1-Day_Color_Sph,PIA D_Cherish Brown_55% UV 14.2 + -02.75,접착,2026-07-15
C관(2공장),1-Day_Color_Sph,PIA D_Cherish Brown_55% UV 14.2 + -02.75,하이드레이션,2026-07-13
C관(2공장),1-Day_Color_Sph,PIA D_Cherish Brown_55% UV 14.2 + -03.00,누수규격,2026-07-16
C관(2공장),1-Day_Color_Sph,PIA D_Cherish Brown_55% UV 14.2 + -03.00,분리,2026-07-12
C관(2공장),1-Day_Color_Sph,PIA D_Cherish Brown_55% UV 14.2 + -03.00,사출,2026-07-11
C관(2공장),1-Day_Color_Sph,PIA D_Cherish Brown_55% UV 14.2 + -03.00,접착,2026-07-15
C관(2공장),1-Day_Color_Sph,PIA D_Cherish Brown_55% UV 14.2 + -03.00,하이드레이션,2026-07-13
C관(2공장),1-Day_Color_Sph,PIA D_Cherish Brown_55% UV 14.2 + -04.00,누수규격,2026-07-16
C관(2공장),1-Day_Color_Sph,PIA D_Cherish Brown_55% UV 14.2 + -04.00,분리,2026-07-12
C관(2공장),1-Day_Color_Sph,PIA D_Cherish Brown_55% UV 14.2 + -04.00,사출,2026-07-11
C관(2공장),1-Day_Color_Sph,PIA D_Cherish Brown_55% UV 14.2 + -04.00,접착,2026-07-15
C관(2공장),1-Day_Color_Sph,PIA D_Cherish Brown_55% UV 14.2 + -04.00,하이드레이션,2026-07-13
C관(2공장),1-Day_Color_Sph,PIA D_Cherish Brown_55% UV 14.2 + -05.00,누수규격,2026-07-16
C관(2공장),1-Day_Color_Sph,PIA D_Cherish Brown_55% UV 14.2 + -05.00,분리,2026-07-12
C관(2공장),1-Day_Color_Sph,PIA D_Cherish Brown_55% UV 14.2 + -05.00,사출,2026-07-11
C관(2공장),1-Day_Color_Sph,PIA D_Cherish Brown_55% UV 14.2 + -05.00,접착,2026-07-15
C관(2공장),1-Day_Color_Sph,PIA D_Cherish Brown_55% UV 14.2 + -05.00,하이드레이션,2026-07-13
C관(2공장),1-Day_Color_Sph,PIA D_Cherish Brown_55% UV 14.2 + -05.25,누수규격,2026-07-16
C관(2공장),1-Day_Color_Sph,PIA D_Cherish Brown_55% UV 14.2 + -05.25,분리,2026-07-12
C관(2공장),1-Day_Color_Sph,PIA D_Cherish Brown_55% UV 14.2 + -05.25,사출,2026-07-11
C관(2공장),1-Day_Color_Sph,PIA D_Cherish Brown_55% UV 14.2 + -05.25,접착,2026-07-15
C관(2공장),1-Day_Color_Sph,PIA D_Cherish Brown_55% UV 14.2 + -05.25,하이드레이션,2026-07-13
C관(2공장),1-Day_Color_Sph,PIA D_Cream Beige_14.4 + -08.50,누수규격,2026-07-16
C관(2공장),1-Day_Color_Sph,PIA D_Cream Beige_14.4 + -08.50,분리,2026-07-12
C관(2공장),1-Day_Color_Sph,PIA D_Cream Beige_14.4 + -08.50,사출,2026-07-11
C관(2공장),1-Day_Color_Sph,PIA D_Cream Beige_14.4 + -08.50,접착,2026-07-15
C관(2공장),1-Day_Color_Sph,PIA D_Cream Beige_14.4 + -08.50,하이드레이션,2026-07-13
C관(2공장),1-Day_Color_Sph,PIA D_Fruit Punch Neo_55% UV + -03.00,누수규격,2026-07-16
C관(2공장),1-Day_Color_Sph,PIA D_Fruit Punch Neo_55% UV + -03.00,분리,2026-07-12
C관(2공장),1-Day_Color_Sph,PIA D_Fruit Punch Neo_55% UV + -03.00,사출,2026-07-11
C관(2공장),1-Day_Color_Sph,PIA D_Fruit Punch Neo_55% UV + -03.00,접착,2026-07-15
C관(2공장),1-Day_Color_Sph,PIA D_Fruit Punch Neo_55% UV + -03.00,하이드레이션,2026-07-13
C관(2공장),1-Day_Color_Sph,PIA D_GRAY TRAP_55% UV 14.5 + -00.00,누수규격,2026-07-21
C관(2공장),1-Day_Color_Sph,PIA D_GRAY TRAP_55% UV 14.5 + -00.00,분리,2026-07-17
C관(2공장),1-Day_Color_Sph,PIA D_GRAY TRAP_55% UV 14.5 + -00.00,사출,2026-07-16
C관(2공장),1-Day_Color_Sph,PIA D_GRAY TRAP_55% UV 14.5 + -00.00,접착,2026-07-20
C관(2공장),1-Day_Color_Sph,PIA D_GRAY TRAP_55% UV 14.5 + -00.00,하이드레이션,2026-07-18
C관(2공장),1-Day_Color_Sph,PIA D_GRAY TRAP_55% UV 14.5 + -00.75,누수규격,2026-07-21
C관(2공장),1-Day_Color_Sph,PIA D_GRAY TRAP_55% UV 14.5 + -00.75,분리,2026-07-17
C관(2공장),1-Day_Color_Sph,PIA D_GRAY TRAP_55% UV 14.5 + -00.75,사출,2026-07-16
C관(2공장),1-Day_Color_Sph,PIA D_GRAY TRAP_55% UV 14.5 + -00.75,접착,2026-07-20
C관(2공장),1-Day_Color_Sph,PIA D_GRAY TRAP_55% UV 14.5 + -00.75,하이드레이션,2026-07-18
C관(2공장),1-Day_Color_Sph,PIA D_GRAY TRAP_55% UV 14.5 + -01.00,누수규격,2026-07-21
C관(2공장),1-Day_Color_Sph,PIA D_GRAY TRAP_55% UV 14.5 + -01.00,분리,2026-07-17
C관(2공장),1-Day_Color_Sph,PIA D_GRAY TRAP_55% UV 14.5 + -01.00,사출,2026-07-16
C관(2공장),1-Day_Color_Sph,PIA D_GRAY TRAP_55% UV 14.5 + -01.00,접착,2026-07-20
C관(2공장),1-Day_Color_Sph,PIA D_GRAY TRAP_55% UV 14.5 + -01.00,하이드레이션,2026-07-18
C관(2공장),1-Day_Color_Sph,PIA D_GRAY TRAP_55% UV 14.5 + -01.25,누수규격,2026-07-21
C관(2공장),1-Day_Color_Sph,PIA D_GRAY TRAP_55% UV 14.5 + -01.25,분리,2026-07-17
C관(2공장),1-Day_Color_Sph,PIA D_GRAY TRAP_55% UV 14.5 + -01.25,사출,2026-07-16
C관(2공장),1-Day_Color_Sph,PIA D_GRAY TRAP_55% UV 14.5 + -01.25,접착,2026-07-20
C관(2공장),1-Day_Color_Sph,PIA D_GRAY TRAP_55% UV 14.5 + -01.25,하이드레이션,2026-07-18
C관(2공장),1-Day_Color_Sph,PIA D_GRAY TRAP_55% UV 14.5 + -01.50,누수규격,2026-07-21
C관(2공장),1-Day_Color_Sph,PIA D_GRAY TRAP_55% UV 14.5 + -01.50,분리,2026-07-17
C관(2공장),1-Day_Color_Sph,PIA D_GRAY TRAP_55% UV 14.5 + -01.50,사출,2026-07-16
C관(2공장),1-Day_Color_Sph,PIA D_GRAY TRAP_55% UV 14.5 + -01.50,접착,2026-07-20
C관(2공장),1-Day_Color_Sph,PIA D_GRAY TRAP_55% UV 14.5 + -01.50,하이드레이션,2026-07-18
C관(2공장),1-Day_Color_Sph,PIA D_GRAY TRAP_55% UV 14.5 + -01.75,누수규격,2026-07-21
C관(2공장),1-Day_Color_Sph,PIA D_GRAY TRAP_55% UV 14.5 + -01.75,분리,2026-07-17
C관(2공장),1-Day_Color_Sph,PIA D_GRAY TRAP_55% UV 14.5 + -01.75,사출,2026-07-16
C관(2공장),1-Day_Color_Sph,PIA D_GRAY TRAP_55% UV 14.5 + -01.75,접착,2026-07-20
C관(2공장),1-Day_Color_Sph,PIA D_GRAY TRAP_55% UV 14.5 + -01.75,하이드레이션,2026-07-18
C관(2공장),1-Day_Color_Sph,PIA D_GRAY TRAP_55% UV 14.5 + -02.00,누수규격,2026-07-21
C관(2공장),1-Day_Color_Sph,PIA D_GRAY TRAP_55% UV 14.5 + -02.00,분리,2026-07-17
C관(2공장),1-Day_Color_Sph,PIA D_GRAY TRAP_55% UV 14.5 + -02.00,사출,2026-07-16
C관(2공장),1-Day_Color_Sph,PIA D_GRAY TRAP_55% UV 14.5 + -02.00,접착,2026-07-20
C관(2공장),1-Day_Color_Sph,PIA D_GRAY TRAP_55% UV 14.5 + -02.00,하이드레이션,2026-07-18
C관(2공장),1-Day_Color_Sph,PIA D_GRAY TRAP_55% UV 14.5 + -02.25,누수규격,2026-07-21
C관(2공장),1-Day_Color_Sph,PIA D_GRAY TRAP_55% UV 14.5 + -02.25,분리,2026-07-17
C관(2공장),1-Day_Color_Sph,PIA D_GRAY TRAP_55% UV 14.5 + -02.25,사출,2026-07-16
C관(2공장),1-Day_Color_Sph,PIA D_GRAY TRAP_55% UV 14.5 + -02.25,접착,2026-07-20
C관(2공장),1-Day_Color_Sph,PIA D_GRAY TRAP_55% UV 14.5 + -02.25,하이드레이션,2026-07-18
C관(2공장),1-Day_Color_Sph,PIA D_GRAY TRAP_55% UV 14.5 + -02.50,누수규격,2026-07-21
C관(2공장),1-Day_Color_Sph,PIA D_GRAY TRAP_55% UV 14.5 + -02.50,분리,2026-07-17
C관(2공장),1-Day_Color_Sph,PIA D_GRAY TRAP_55% UV 14.5 + -02.50,사출,2026-07-16
C관(2공장),1-Day_Color_Sph,PIA D_GRAY TRAP_55% UV 14.5 + -02.50,접착,2026-07-20
C관(2공장),1-Day_Color_Sph,PIA D_GRAY TRAP_55% UV 14.5 + -02.50,하이드레이션,2026-07-18
C관(2공장),1-Day_Color_Sph,PIA D_GRAY TRAP_55% UV 14.5 + -02.75,누수규격,2026-07-21
C관(2공장),1-Day_Color_Sph,PIA D_GRAY TRAP_55% UV 14.5 + -02.75,분리,2026-07-17
C관(2공장),1-Day_Color_Sph,PIA D_GRAY TRAP_55% UV 14.5 + -02.75,사출,2026-07-16
C관(2공장),1-Day_Color_Sph,PIA D_GRAY TRAP_55% UV 14.5 + -02.75,접착,2026-07-20
C관(2공장),1-Day_Color_Sph,PIA D_GRAY TRAP_55% UV 14.5 + -02.75,하이드레이션,2026-07-18
C관(2공장),1-Day_Color_Sph,PIA D_GRAY TRAP_55% UV 14.5 + -03.00,누수규격,2026-07-21
C관(2공장),1-Day_Color_Sph,PIA D_GRAY TRAP_55% UV 14.5 + -03.00,분리,2026-07-17
C관(2공장),1-Day_Color_Sph,PIA D_GRAY TRAP_55% UV 14.5 + -03.00,사출,2026-07-16
C관(2공장),1-Day_Color_Sph,PIA D_GRAY TRAP_55% UV 14.5 + -03.00,접착,2026-07-20
C관(2공장),1-Day_Color_Sph,PIA D_GRAY TRAP_55% UV 14.5 + -03.00,하이드레이션,2026-07-18
C관(2공장),1-Day_Color_Sph,PIA D_GRAY TRAP_55% UV 14.5 + -03.25,누수규격,2026-07-21
C관(2공장),1-Day_Color_Sph,PIA D_GRAY TRAP_55% UV 14.5 + -03.25,분리,2026-07-17
C관(2공장),1-Day_Color_Sph,PIA D_GRAY TRAP_55% UV 14.5 + -03.25,사출,2026-07-16
C관(2공장),1-Day_Color_Sph,PIA D_GRAY TRAP_55% UV 14.5 + -03.25,접착,2026-07-20
C관(2공장),1-Day_Color_Sph,PIA D_GRAY TRAP_55% UV 14.5 + -03.25,하이드레이션,2026-07-18
C관(2공장),1-Day_Color_Sph,PIA D_GRAY TRAP_55% UV 14.5 + -03.50,누수규격,2026-07-21
C관(2공장),1-Day_Color_Sph,PIA D_GRAY TRAP_55% UV 14.5 + -03.50,분리,2026-07-17
C관(2공장),1-Day_Color_Sph,PIA D_GRAY TRAP_55% UV 14.5 + -03.50,사출,2026-07-16
C관(2공장),1-Day_Color_Sph,PIA D_GRAY TRAP_55% UV 14.5 + -03.50,접착,2026-07-20
C관(2공장),1-Day_Color_Sph,PIA D_GRAY TRAP_55% UV 14.5 + -03.50,하이드레이션,2026-07-18
C관(2공장),1-Day_Color_Sph,PIA D_GRAY TRAP_55% UV 14.5 + -03.75,누수규격,2026-07-21
C관(2공장),1-Day_Color_Sph,PIA D_GRAY TRAP_55% UV 14.5 + -03.75,분리,2026-07-17
C관(2공장),1-Day_Color_Sph,PIA D_GRAY TRAP_55% UV 14.5 + -03.75,사출,2026-07-16
C관(2공장),1-Day_Color_Sph,PIA D_GRAY TRAP_55% UV 14.5 + -03.75,접착,2026-07-20
C관(2공장),1-Day_Color_Sph,PIA D_GRAY TRAP_55% UV 14.5 + -03.75,하이드레이션,2026-07-18
C관(2공장),1-Day_Color_Sph,PIA D_GRAY TRAP_55% UV 14.5 + -04.00,누수규격,2026-07-21
C관(2공장),1-Day_Color_Sph,PIA D_GRAY TRAP_55% UV 14.5 + -04.00,분리,2026-07-17
C관(2공장),1-Day_Color_Sph,PIA D_GRAY TRAP_55% UV 14.5 + -04.00,사출,2026-07-16
C관(2공장),1-Day_Color_Sph,PIA D_GRAY TRAP_55% UV 14.5 + -04.00,접착,2026-07-20
C관(2공장),1-Day_Color_Sph,PIA D_GRAY TRAP_55% UV 14.5 + -04.00,하이드레이션,2026-07-18
C관(2공장),1-Day_Color_Sph,PIA D_GRAY TRAP_55% UV 14.5 + -04.25,누수규격,2026-07-21
C관(2공장),1-Day_Color_Sph,PIA D_GRAY TRAP_55% UV 14.5 + -04.25,분리,2026-07-17
C관(2공장),1-Day_Color_Sph,PIA D_GRAY TRAP_55% UV 14.5 + -04.25,사출,2026-07-16
C관(2공장),1-Day_Color_Sph,PIA D_GRAY TRAP_55% UV 14.5 + -04.25,접착,2026-07-20
C관(2공장),1-Day_Color_Sph,PIA D_GRAY TRAP_55% UV 14.5 + -04.25,하이드레이션,2026-07-18
C관(2공장),1-Day_Color_Sph,PIA D_GRAY TRAP_55% UV 14.5 + -04.50,누수규격,2026-07-21
C관(2공장),1-Day_Color_Sph,PIA D_GRAY TRAP_55% UV 14.5 + -04.50,분리,2026-07-17
C관(2공장),1-Day_Color_Sph,PIA D_GRAY TRAP_55% UV 14.5 + -04.50,사출,2026-07-16
C관(2공장),1-Day_Color_Sph,PIA D_GRAY TRAP_55% UV 14.5 + -04.50,접착,2026-07-20
C관(2공장),1-Day_Color_Sph,PIA D_GRAY TRAP_55% UV 14.5 + -04.50,하이드레이션,2026-07-18
C관(2공장),1-Day_Color_Sph,PIA D_GRAY TRAP_55% UV 14.5 + -04.75,누수규격,2026-07-21
C관(2공장),1-Day_Color_Sph,PIA D_GRAY TRAP_55% UV 14.5 + -04.75,분리,2026-07-17
C관(2공장),1-Day_Color_Sph,PIA D_GRAY TRAP_55% UV 14.5 + -04.75,사출,2026-07-16
C관(2공장),1-Day_Color_Sph,PIA D_GRAY TRAP_55% UV 14.5 + -04.75,접착,2026-07-20
C관(2공장),1-Day_Color_Sph,PIA D_GRAY TRAP_55% UV 14.5 + -04.75,하이드레이션,2026-07-18
C관(2공장),1-Day_Color_Sph,PIA D_GRAY TRAP_55% UV 14.5 + -05.00,누수규격,2026-07-21
C관(2공장),1-Day_Color_Sph,PIA D_GRAY TRAP_55% UV 14.5 + -05.00,분리,2026-07-17
C관(2공장),1-Day_Color_Sph,PIA D_GRAY TRAP_55% UV 14.5 + -05.00,사출,2026-07-16
C관(2공장),1-Day_Color_Sph,PIA D_GRAY TRAP_55% UV 14.5 + -05.00,접착,2026-07-20
C관(2공장),1-Day_Color_Sph,PIA D_GRAY TRAP_55% UV 14.5 + -05.00,하이드레이션,2026-07-18
C관(2공장),1-Day_Color_Sph,PIA D_GRAY TRAP_55% UV 14.5 + -05.50,누수규격,2026-07-21
C관(2공장),1-Day_Color_Sph,PIA D_GRAY TRAP_55% UV 14.5 + -05.50,분리,2026-07-17
C관(2공장),1-Day_Color_Sph,PIA D_GRAY TRAP_55% UV 14.5 + -05.50,사출,2026-07-16
C관(2공장),1-Day_Color_Sph,PIA D_GRAY TRAP_55% UV 14.5 + -05.50,접착,2026-07-20
C관(2공장),1-Day_Color_Sph,PIA D_GRAY TRAP_55% UV 14.5 + -05.50,하이드레이션,2026-07-18
C관(2공장),1-Day_Color_Sph,PIA D_GRAY TRAP_55% UV 14.5 + -06.00,누수규격,2026-07-21
C관(2공장),1-Day_Color_Sph,PIA D_GRAY TRAP_55% UV 14.5 + -06.00,분리,2026-07-17
C관(2공장),1-Day_Color_Sph,PIA D_GRAY TRAP_55% UV 14.5 + -06.00,사출,2026-07-16
C관(2공장),1-Day_Color_Sph,PIA D_GRAY TRAP_55% UV 14.5 + -06.00,접착,2026-07-20
C관(2공장),1-Day_Color_Sph,PIA D_GRAY TRAP_55% UV 14.5 + -06.00,하이드레이션,2026-07-18
C관(2공장),1-Day_Color_Sph,PIA D_GRAY TRAP_55% UV 14.5 + -06.50,누수규격,2026-07-21
C관(2공장),1-Day_Color_Sph,PIA D_GRAY TRAP_55% UV 14.5 + -06.50,분리,2026-07-17
C관(2공장),1-Day_Color_Sph,PIA D_GRAY TRAP_55% UV 14.5 + -06.50,사출,2026-07-16
C관(2공장),1-Day_Color_Sph,PIA D_GRAY TRAP_55% UV 14.5 + -06.50,접착,2026-07-20
C관(2공장),1-Day_Color_Sph,PIA D_GRAY TRAP_55% UV 14.5 + -06.50,하이드레이션,2026-07-18
C관(2공장),1-Day_Color_Sph,PIA D_GRAY TRAP_55% UV 14.5 + -07.00,누수규격,2026-07-21
C관(2공장),1-Day_Color_Sph,PIA D_GRAY TRAP_55% UV 14.5 + -07.00,분리,2026-07-17
C관(2공장),1-Day_Color_Sph,PIA D_GRAY TRAP_55% UV 14.5 + -07.00,사출,2026-07-16
C관(2공장),1-Day_Color_Sph,PIA D_GRAY TRAP_55% UV 14.5 + -07.00,접착,2026-07-20
C관(2공장),1-Day_Color_Sph,PIA D_GRAY TRAP_55% UV 14.5 + -07.00,하이드레이션,2026-07-18
C관(2공장),1-Day_Color_Sph,PIA D_GRAY TRAP_55% UV 14.5 + -07.50,누수규격,2026-07-21
C관(2공장),1-Day_Color_Sph,PIA D_GRAY TRAP_55% UV 14.5 + -07.50,분리,2026-07-17
C관(2공장),1-Day_Color_Sph,PIA D_GRAY TRAP_55% UV 14.5 + -07.50,사출,2026-07-16
C관(2공장),1-Day_Color_Sph,PIA D_GRAY TRAP_55% UV 14.5 + -07.50,접착,2026-07-20
C관(2공장),1-Day_Color_Sph,PIA D_GRAY TRAP_55% UV 14.5 + -07.50,하이드레이션,2026-07-18
C관(2공장),1-Day_Color_Sph,PIA D_GRAY TRAP_55% UV 14.5 + -08.00,누수규격,2026-07-21
C관(2공장),1-Day_Color_Sph,PIA D_GRAY TRAP_55% UV 14.5 + -08.00,분리,2026-07-17
C관(2공장),1-Day_Color_Sph,PIA D_GRAY TRAP_55% UV 14.5 + -08.00,사출,2026-07-16
C관(2공장),1-Day_Color_Sph,PIA D_GRAY TRAP_55% UV 14.5 + -08.00,접착,2026-07-20
C관(2공장),1-Day_Color_Sph,PIA D_GRAY TRAP_55% UV 14.5 + -08.00,하이드레이션,2026-07-18
C관(2공장),1-Day_Color_Sph,PIA D_Gray Bunny_55% UV 14.2 + -00.00,누수규격,2026-07-16
C관(2공장),1-Day_Color_Sph,PIA D_Gray Bunny_55% UV 14.2 + -00.00,분리,2026-07-12
C관(2공장),1-Day_Color_Sph,PIA D_Gray Bunny_55% UV 14.2 + -00.00,사출,2026-07-11
C관(2공장),1-Day_Color_Sph,PIA D_Gray Bunny_55% UV 14.2 + -00.00,접착,2026-07-15
C관(2공장),1-Day_Color_Sph,PIA D_Gray Bunny_55% UV 14.2 + -00.00,하이드레이션,2026-07-13
C관(2공장),1-Day_Color_Sph,PIA D_Gray Bunny_55% UV 14.2 + -03.00,누수규격,2026-07-16
C관(2공장),1-Day_Color_Sph,PIA D_Gray Bunny_55% UV 14.2 + -03.00,접착,2026-07-15
C관(2공장),1-Day_Color_Sph,PIA D_Gray Bunny_55% UV 14.2 + -03.00,하이드레이션,2026-07-13
C관(2공장),1-Day_Color_Sph,PIA D_Grege Quartz 38% UV + -10.00,누수규격,2026-07-16
C관(2공장),1-Day_Color_Sph,PIA D_Grege Quartz 38% UV + -10.00,분리,2026-07-12
C관(2공장),1-Day_Color_Sph,PIA D_Grege Quartz 38% UV + -10.00,사출,2026-07-11
C관(2공장),1-Day_Color_Sph,PIA D_Grege Quartz 38% UV + -10.00,접착,2026-07-15
C관(2공장),1-Day_Color_Sph,PIA D_Grege Quartz 38% UV + -10.00,하이드레이션,2026-07-13
C관(2공장),1-Day_Color_Sph,PIA D_Idol Ring_38% UV + -00.00,누수규격,2026-07-16
C관(2공장),1-Day_Color_Sph,PIA D_Idol Ring_38% UV + -00.00,분리,2026-07-12
C관(2공장),1-Day_Color_Sph,PIA D_Idol Ring_38% UV + -00.00,사출,2026-07-11
C관(2공장),1-Day_Color_Sph,PIA D_Idol Ring_38% UV + -00.00,접착,2026-07-15
C관(2공장),1-Day_Color_Sph,PIA D_Idol Ring_38% UV + -00.00,하이드레이션,2026-07-13
C관(2공장),1-Day_Color_Sph,PIA D_Idol Ring_38% UV + -04.25,누수규격,2026-07-16
C관(2공장),1-Day_Color_Sph,PIA D_Idol Ring_38% UV + -04.25,분리,2026-07-12
C관(2공장),1-Day_Color_Sph,PIA D_Idol Ring_38% UV + -04.25,사출,2026-07-11
C관(2공장),1-Day_Color_Sph,PIA D_Idol Ring_38% UV + -04.25,접착,2026-07-15
C관(2공장),1-Day_Color_Sph,PIA D_Idol Ring_38% UV + -04.25,하이드레이션,2026-07-13
C관(2공장),1-Day_Color_Sph,PIA D_Melady Brown_38% UV + -02.25,누수규격,2026-07-16
C관(2공장),1-Day_Color_Sph,PIA D_Melady Brown_38% UV + -02.25,분리,2026-07-12
C관(2공장),1-Day_Color_Sph,PIA D_Melady Brown_38% UV + -02.25,사출,2026-07-11
C관(2공장),1-Day_Color_Sph,PIA D_Melady Brown_38% UV + -02.25,접착,2026-07-15
C관(2공장),1-Day_Color_Sph,PIA D_Melady Brown_38% UV + -02.25,하이드레이션,2026-07-13
C관(2공장),1-Day_Color_Sph,PIA D_Melady Brown_38% UV + -02.75,누수규격,2026-07-16
C관(2공장),1-Day_Color_Sph,PIA D_Melady Brown_38% UV + -02.75,분리,2026-07-12
C관(2공장),1-Day_Color_Sph,PIA D_Melady Brown_38% UV + -02.75,사출,2026-07-11
C관(2공장),1-Day_Color_Sph,PIA D_Melady Brown_38% UV + -02.75,접착,2026-07-15
C관(2공장),1-Day_Color_Sph,PIA D_Melady Brown_38% UV + -02.75,하이드레이션,2026-07-13
C관(2공장),1-Day_Color_Sph,PIA D_Melady Brown_38% UV + -03.75,누수규격,2026-07-16
C관(2공장),1-Day_Color_Sph,PIA D_Melady Brown_38% UV + -03.75,분리,2026-07-12
C관(2공장),1-Day_Color_Sph,PIA D_Melady Brown_38% UV + -03.75,사출,2026-07-11
C관(2공장),1-Day_Color_Sph,PIA D_Melady Brown_38% UV + -03.75,접착,2026-07-15
C관(2공장),1-Day_Color_Sph,PIA D_Melady Brown_38% UV + -03.75,하이드레이션,2026-07-13
C관(2공장),1-Day_Color_Sph,PIA D_Melady Brown_38% UV + -08.00,누수규격,2026-07-16
C관(2공장),1-Day_Color_Sph,PIA D_Melady Brown_38% UV + -08.00,분리,2026-07-12
C관(2공장),1-Day_Color_Sph,PIA D_Melady Brown_38% UV + -08.00,사출,2026-07-11
C관(2공장),1-Day_Color_Sph,PIA D_Melady Brown_38% UV + -08.00,접착,2026-07-15
C관(2공장),1-Day_Color_Sph,PIA D_Melady Brown_38% UV + -08.00,하이드레이션,2026-07-13
C관(2공장),1-Day_Color_Sph,PIA D_NUDE WINK_55% UV 14.5 + -00.00,누수규격,2026-07-21
C관(2공장),1-Day_Color_Sph,PIA D_NUDE WINK_55% UV 14.5 + -00.00,분리,2026-07-17
C관(2공장),1-Day_Color_Sph,PIA D_NUDE WINK_55% UV 14.5 + -00.00,사출,2026-07-16
C관(2공장),1-Day_Color_Sph,PIA D_NUDE WINK_55% UV 14.5 + -00.00,접착,2026-07-20
C관(2공장),1-Day_Color_Sph,PIA D_NUDE WINK_55% UV 14.5 + -00.00,하이드레이션,2026-07-18
C관(2공장),1-Day_Color_Sph,PIA D_NUDE WINK_55% UV 14.5 + -00.75,누수규격,2026-07-21
C관(2공장),1-Day_Color_Sph,PIA D_NUDE WINK_55% UV 14.5 + -00.75,분리,2026-07-17
C관(2공장),1-Day_Color_Sph,PIA D_NUDE WINK_55% UV 14.5 + -00.75,사출,2026-07-16
C관(2공장),1-Day_Color_Sph,PIA D_NUDE WINK_55% UV 14.5 + -00.75,접착,2026-07-20
C관(2공장),1-Day_Color_Sph,PIA D_NUDE WINK_55% UV 14.5 + -00.75,하이드레이션,2026-07-18
C관(2공장),1-Day_Color_Sph,PIA D_NUDE WINK_55% UV 14.5 + -01.00,누수규격,2026-07-21
C관(2공장),1-Day_Color_Sph,PIA D_NUDE WINK_55% UV 14.5 + -01.00,분리,2026-07-17
C관(2공장),1-Day_Color_Sph,PIA D_NUDE WINK_55% UV 14.5 + -01.00,사출,2026-07-16
C관(2공장),1-Day_Color_Sph,PIA D_NUDE WINK_55% UV 14.5 + -01.00,접착,2026-07-20
C관(2공장),1-Day_Color_Sph,PIA D_NUDE WINK_55% UV 14.5 + -01.00,하이드레이션,2026-07-18
C관(2공장),1-Day_Color_Sph,PIA D_NUDE WINK_55% UV 14.5 + -01.25,누수규격,2026-07-21
C관(2공장),1-Day_Color_Sph,PIA D_NUDE WINK_55% UV 14.5 + -01.25,분리,2026-07-17
C관(2공장),1-Day_Color_Sph,PIA D_NUDE WINK_55% UV 14.5 + -01.25,사출,2026-07-16
C관(2공장),1-Day_Color_Sph,PIA D_NUDE WINK_55% UV 14.5 + -01.25,접착,2026-07-20
C관(2공장),1-Day_Color_Sph,PIA D_NUDE WINK_55% UV 14.5 + -01.25,하이드레이션,2026-07-18
C관(2공장),1-Day_Color_Sph,PIA D_NUDE WINK_55% UV 14.5 + -01.50,누수규격,2026-07-21
C관(2공장),1-Day_Color_Sph,PIA D_NUDE WINK_55% UV 14.5 + -01.50,분리,2026-07-17
C관(2공장),1-Day_Color_Sph,PIA D_NUDE WINK_55% UV 14.5 + -01.50,사출,2026-07-16
C관(2공장),1-Day_Color_Sph,PIA D_NUDE WINK_55% UV 14.5 + -01.50,접착,2026-07-20
C관(2공장),1-Day_Color_Sph,PIA D_NUDE WINK_55% UV 14.5 + -01.50,하이드레이션,2026-07-18
C관(2공장),1-Day_Color_Sph,PIA D_NUDE WINK_55% UV 14.5 + -01.75,누수규격,2026-07-21
C관(2공장),1-Day_Color_Sph,PIA D_NUDE WINK_55% UV 14.5 + -01.75,분리,2026-07-17
C관(2공장),1-Day_Color_Sph,PIA D_NUDE WINK_55% UV 14.5 + -01.75,사출,2026-07-16
C관(2공장),1-Day_Color_Sph,PIA D_NUDE WINK_55% UV 14.5 + -01.75,접착,2026-07-20
C관(2공장),1-Day_Color_Sph,PIA D_NUDE WINK_55% UV 14.5 + -01.75,하이드레이션,2026-07-18
C관(2공장),1-Day_Color_Sph,PIA D_NUDE WINK_55% UV 14.5 + -02.00,누수규격,2026-07-21
C관(2공장),1-Day_Color_Sph,PIA D_NUDE WINK_55% UV 14.5 + -02.00,분리,2026-07-17
C관(2공장),1-Day_Color_Sph,PIA D_NUDE WINK_55% UV 14.5 + -02.00,사출,2026-07-16
C관(2공장),1-Day_Color_Sph,PIA D_NUDE WINK_55% UV 14.5 + -02.00,접착,2026-07-20
C관(2공장),1-Day_Color_Sph,PIA D_NUDE WINK_55% UV 14.5 + -02.00,하이드레이션,2026-07-18
C관(2공장),1-Day_Color_Sph,PIA D_NUDE WINK_55% UV 14.5 + -02.25,누수규격,2026-07-21
C관(2공장),1-Day_Color_Sph,PIA D_NUDE WINK_55% UV 14.5 + -02.25,분리,2026-07-17
C관(2공장),1-Day_Color_Sph,PIA D_NUDE WINK_55% UV 14.5 + -02.25,사출,2026-07-16
C관(2공장),1-Day_Color_Sph,PIA D_NUDE WINK_55% UV 14.5 + -02.25,접착,2026-07-20
C관(2공장),1-Day_Color_Sph,PIA D_NUDE WINK_55% UV 14.5 + -02.25,하이드레이션,2026-07-18
C관(2공장),1-Day_Color_Sph,PIA D_NUDE WINK_55% UV 14.5 + -02.50,누수규격,2026-07-21
C관(2공장),1-Day_Color_Sph,PIA D_NUDE WINK_55% UV 14.5 + -02.50,분리,2026-07-17
C관(2공장),1-Day_Color_Sph,PIA D_NUDE WINK_55% UV 14.5 + -02.50,사출,2026-07-16
C관(2공장),1-Day_Color_Sph,PIA D_NUDE WINK_55% UV 14.5 + -02.50,접착,2026-07-20
C관(2공장),1-Day_Color_Sph,PIA D_NUDE WINK_55% UV 14.5 + -02.50,하이드레이션,2026-07-18
C관(2공장),1-Day_Color_Sph,PIA D_NUDE WINK_55% UV 14.5 + -02.75,누수규격,2026-07-21
C관(2공장),1-Day_Color_Sph,PIA D_NUDE WINK_55% UV 14.5 + -02.75,분리,2026-07-17
C관(2공장),1-Day_Color_Sph,PIA D_NUDE WINK_55% UV 14.5 + -02.75,사출,2026-07-16
C관(2공장),1-Day_Color_Sph,PIA D_NUDE WINK_55% UV 14.5 + -02.75,접착,2026-07-20
C관(2공장),1-Day_Color_Sph,PIA D_NUDE WINK_55% UV 14.5 + -02.75,하이드레이션,2026-07-18
C관(2공장),1-Day_Color_Sph,PIA D_NUDE WINK_55% UV 14.5 + -03.00,누수규격,2026-07-21
C관(2공장),1-Day_Color_Sph,PIA D_NUDE WINK_55% UV 14.5 + -03.00,분리,2026-07-17
C관(2공장),1-Day_Color_Sph,PIA D_NUDE WINK_55% UV 14.5 + -03.00,사출,2026-07-16
C관(2공장),1-Day_Color_Sph,PIA D_NUDE WINK_55% UV 14.5 + -03.00,접착,2026-07-20
C관(2공장),1-Day_Color_Sph,PIA D_NUDE WINK_55% UV 14.5 + -03.00,하이드레이션,2026-07-18
C관(2공장),1-Day_Color_Sph,PIA D_NUDE WINK_55% UV 14.5 + -03.25,누수규격,2026-07-21
C관(2공장),1-Day_Color_Sph,PIA D_NUDE WINK_55% UV 14.5 + -03.25,분리,2026-07-17
C관(2공장),1-Day_Color_Sph,PIA D_NUDE WINK_55% UV 14.5 + -03.25,사출,2026-07-16
C관(2공장),1-Day_Color_Sph,PIA D_NUDE WINK_55% UV 14.5 + -03.25,접착,2026-07-20
C관(2공장),1-Day_Color_Sph,PIA D_NUDE WINK_55% UV 14.5 + -03.25,하이드레이션,2026-07-18
C관(2공장),1-Day_Color_Sph,PIA D_NUDE WINK_55% UV 14.5 + -03.50,누수규격,2026-07-21
C관(2공장),1-Day_Color_Sph,PIA D_NUDE WINK_55% UV 14.5 + -03.50,분리,2026-07-17
C관(2공장),1-Day_Color_Sph,PIA D_NUDE WINK_55% UV 14.5 + -03.50,사출,2026-07-16
C관(2공장),1-Day_Color_Sph,PIA D_NUDE WINK_55% UV 14.5 + -03.50,접착,2026-07-20
C관(2공장),1-Day_Color_Sph,PIA D_NUDE WINK_55% UV 14.5 + -03.50,하이드레이션,2026-07-18
C관(2공장),1-Day_Color_Sph,PIA D_NUDE WINK_55% UV 14.5 + -03.75,누수규격,2026-07-21
C관(2공장),1-Day_Color_Sph,PIA D_NUDE WINK_55% UV 14.5 + -03.75,분리,2026-07-17
C관(2공장),1-Day_Color_Sph,PIA D_NUDE WINK_55% UV 14.5 + -03.75,사출,2026-07-16
C관(2공장),1-Day_Color_Sph,PIA D_NUDE WINK_55% UV 14.5 + -03.75,접착,2026-07-20
C관(2공장),1-Day_Color_Sph,PIA D_NUDE WINK_55% UV 14.5 + -03.75,하이드레이션,2026-07-18
C관(2공장),1-Day_Color_Sph,PIA D_NUDE WINK_55% UV 14.5 + -04.00,누수규격,2026-07-21
C관(2공장),1-Day_Color_Sph,PIA D_NUDE WINK_55% UV 14.5 + -04.00,분리,2026-07-17
C관(2공장),1-Day_Color_Sph,PIA D_NUDE WINK_55% UV 14.5 + -04.00,사출,2026-07-16
C관(2공장),1-Day_Color_Sph,PIA D_NUDE WINK_55% UV 14.5 + -04.00,접착,2026-07-20
C관(2공장),1-Day_Color_Sph,PIA D_NUDE WINK_55% UV 14.5 + -04.00,하이드레이션,2026-07-18
C관(2공장),1-Day_Color_Sph,PIA D_NUDE WINK_55% UV 14.5 + -04.25,누수규격,2026-07-21
C관(2공장),1-Day_Color_Sph,PIA D_NUDE WINK_55% UV 14.5 + -04.25,분리,2026-07-17
C관(2공장),1-Day_Color_Sph,PIA D_NUDE WINK_55% UV 14.5 + -04.25,사출,2026-07-16
C관(2공장),1-Day_Color_Sph,PIA D_NUDE WINK_55% UV 14.5 + -04.25,접착,2026-07-20
C관(2공장),1-Day_Color_Sph,PIA D_NUDE WINK_55% UV 14.5 + -04.25,하이드레이션,2026-07-18
C관(2공장),1-Day_Color_Sph,PIA D_NUDE WINK_55% UV 14.5 + -04.50,누수규격,2026-07-21
C관(2공장),1-Day_Color_Sph,PIA D_NUDE WINK_55% UV 14.5 + -04.50,분리,2026-07-17
C관(2공장),1-Day_Color_Sph,PIA D_NUDE WINK_55% UV 14.5 + -04.50,사출,2026-07-16
C관(2공장),1-Day_Color_Sph,PIA D_NUDE WINK_55% UV 14.5 + -04.50,접착,2026-07-20
C관(2공장),1-Day_Color_Sph,PIA D_NUDE WINK_55% UV 14.5 + -04.50,하이드레이션,2026-07-18
C관(2공장),1-Day_Color_Sph,PIA D_NUDE WINK_55% UV 14.5 + -04.75,누수규격,2026-07-21
C관(2공장),1-Day_Color_Sph,PIA D_NUDE WINK_55% UV 14.5 + -04.75,분리,2026-07-17
C관(2공장),1-Day_Color_Sph,PIA D_NUDE WINK_55% UV 14.5 + -04.75,사출,2026-07-16
C관(2공장),1-Day_Color_Sph,PIA D_NUDE WINK_55% UV 14.5 + -04.75,접착,2026-07-20
C관(2공장),1-Day_Color_Sph,PIA D_NUDE WINK_55% UV 14.5 + -04.75,하이드레이션,2026-07-18
C관(2공장),1-Day_Color_Sph,PIA D_NUDE WINK_55% UV 14.5 + -05.00,누수규격,2026-07-21
C관(2공장),1-Day_Color_Sph,PIA D_NUDE WINK_55% UV 14.5 + -05.00,분리,2026-07-17
C관(2공장),1-Day_Color_Sph,PIA D_NUDE WINK_55% UV 14.5 + -05.00,사출,2026-07-16
C관(2공장),1-Day_Color_Sph,PIA D_NUDE WINK_55% UV 14.5 + -05.00,접착,2026-07-20
C관(2공장),1-Day_Color_Sph,PIA D_NUDE WINK_55% UV 14.5 + -05.00,하이드레이션,2026-07-18
C관(2공장),1-Day_Color_Sph,PIA D_NUDE WINK_55% UV 14.5 + -05.50,누수규격,2026-07-21
C관(2공장),1-Day_Color_Sph,PIA D_NUDE WINK_55% UV 14.5 + -05.50,분리,2026-07-17
C관(2공장),1-Day_Color_Sph,PIA D_NUDE WINK_55% UV 14.5 + -05.50,사출,2026-07-16
C관(2공장),1-Day_Color_Sph,PIA D_NUDE WINK_55% UV 14.5 + -05.50,접착,2026-07-20
C관(2공장),1-Day_Color_Sph,PIA D_NUDE WINK_55% UV 14.5 + -05.50,하이드레이션,2026-07-18
C관(2공장),1-Day_Color_Sph,PIA D_NUDE WINK_55% UV 14.5 + -06.00,누수규격,2026-07-21
C관(2공장),1-Day_Color_Sph,PIA D_NUDE WINK_55% UV 14.5 + -06.00,분리,2026-07-17
C관(2공장),1-Day_Color_Sph,PIA D_NUDE WINK_55% UV 14.5 + -06.00,사출,2026-07-16
C관(2공장),1-Day_Color_Sph,PIA D_NUDE WINK_55% UV 14.5 + -06.00,접착,2026-07-20
C관(2공장),1-Day_Color_Sph,PIA D_NUDE WINK_55% UV 14.5 + -06.00,하이드레이션,2026-07-18
C관(2공장),1-Day_Color_Sph,PIA D_NUDE WINK_55% UV 14.5 + -06.50,누수규격,2026-07-21
C관(2공장),1-Day_Color_Sph,PIA D_NUDE WINK_55% UV 14.5 + -06.50,분리,2026-07-17
C관(2공장),1-Day_Color_Sph,PIA D_NUDE WINK_55% UV 14.5 + -06.50,사출,2026-07-16
C관(2공장),1-Day_Color_Sph,PIA D_NUDE WINK_55% UV 14.5 + -06.50,접착,2026-07-20
C관(2공장),1-Day_Color_Sph,PIA D_NUDE WINK_55% UV 14.5 + -06.50,하이드레이션,2026-07-18
C관(2공장),1-Day_Color_Sph,PIA D_NUDE WINK_55% UV 14.5 + -07.00,누수규격,2026-07-21
C관(2공장),1-Day_Color_Sph,PIA D_NUDE WINK_55% UV 14.5 + -07.00,분리,2026-07-17
C관(2공장),1-Day_Color_Sph,PIA D_NUDE WINK_55% UV 14.5 + -07.00,사출,2026-07-16
C관(2공장),1-Day_Color_Sph,PIA D_NUDE WINK_55% UV 14.5 + -07.00,접착,2026-07-20
C관(2공장),1-Day_Color_Sph,PIA D_NUDE WINK_55% UV 14.5 + -07.00,하이드레이션,2026-07-18
C관(2공장),1-Day_Color_Sph,PIA D_NUDE WINK_55% UV 14.5 + -07.50,누수규격,2026-07-21
C관(2공장),1-Day_Color_Sph,PIA D_NUDE WINK_55% UV 14.5 + -07.50,분리,2026-07-17
C관(2공장),1-Day_Color_Sph,PIA D_NUDE WINK_55% UV 14.5 + -07.50,사출,2026-07-16
C관(2공장),1-Day_Color_Sph,PIA D_NUDE WINK_55% UV 14.5 + -07.50,접착,2026-07-20
C관(2공장),1-Day_Color_Sph,PIA D_NUDE WINK_55% UV 14.5 + -07.50,하이드레이션,2026-07-18
C관(2공장),1-Day_Color_Sph,PIA D_NUDE WINK_55% UV 14.5 + -08.00,누수규격,2026-07-21
C관(2공장),1-Day_Color_Sph,PIA D_NUDE WINK_55% UV 14.5 + -08.00,분리,2026-07-17
C관(2공장),1-Day_Color_Sph,PIA D_NUDE WINK_55% UV 14.5 + -08.00,사출,2026-07-16
C관(2공장),1-Day_Color_Sph,PIA D_NUDE WINK_55% UV 14.5 + -08.00,접착,2026-07-20
C관(2공장),1-Day_Color_Sph,PIA D_NUDE WINK_55% UV 14.5 + -08.00,하이드레이션,2026-07-18
C관(2공장),1-Day_Color_Sph,PIA D_Puree Greige_38% UV + -02.75,누수규격,2026-07-16
C관(2공장),1-Day_Color_Sph,PIA D_Puree Greige_38% UV + -02.75,접착,2026-07-15
C관(2공장),1-Day_Color_Sph,PIA D_Puree Greige_38% UV + -02.75,하이드레이션,2026-07-13
C관(2공장),1-Day_Color_Sph,PIA D_Rutilated Drop_38% UV + -02.00,누수규격,2026-07-16
C관(2공장),1-Day_Color_Sph,PIA D_Rutilated Drop_38% UV + -02.00,분리,2026-07-12
C관(2공장),1-Day_Color_Sph,PIA D_Rutilated Drop_38% UV + -02.00,사출,2026-07-11
C관(2공장),1-Day_Color_Sph,PIA D_Rutilated Drop_38% UV + -02.00,접착,2026-07-15
C관(2공장),1-Day_Color_Sph,PIA D_Rutilated Drop_38% UV + -02.00,하이드레이션,2026-07-13
C관(2공장),1-Day_Color_Sph,PIA D_Spicy Queen_55% UV + -04.75,누수규격,2026-07-16
C관(2공장),1-Day_Color_Sph,PIA D_Spicy Queen_55% UV + -04.75,분리,2026-07-12
C관(2공장),1-Day_Color_Sph,PIA D_Spicy Queen_55% UV + -04.75,사출,2026-07-11
C관(2공장),1-Day_Color_Sph,PIA D_Spicy Queen_55% UV + -04.75,접착,2026-07-15
C관(2공장),1-Day_Color_Sph,PIA D_Spicy Queen_55% UV + -04.75,하이드레이션,2026-07-13
C관(2공장),1-Day_Color_Sph,PIA D_Tempura_55% UV + -05.50,누수규격,2026-07-16
C관(2공장),1-Day_Color_Sph,PIA D_Tempura_55% UV + -05.50,분리,2026-07-12
C관(2공장),1-Day_Color_Sph,PIA D_Tempura_55% UV + -05.50,사출,2026-07-11
C관(2공장),1-Day_Color_Sph,PIA D_Tempura_55% UV + -05.50,접착,2026-07-15
C관(2공장),1-Day_Color_Sph,PIA D_Tempura_55% UV + -05.50,하이드레이션,2026-07-13
C관(2공장),1-Day_Color_Sph,PIA D_water water_14.2 + -02.75,누수규격,2026-07-16
C관(2공장),1-Day_Color_Sph,PIA D_water water_14.2 + -02.75,분리,2026-07-12
C관(2공장),1-Day_Color_Sph,PIA D_water water_14.2 + -02.75,사출,2026-07-11
C관(2공장),1-Day_Color_Sph,PIA D_water water_14.2 + -02.75,접착,2026-07-15
C관(2공장),1-Day_Color_Sph,PIA D_water water_14.2 + -02.75,하이드레이션,2026-07-13
C관(2공장),1-Day_Color_Sph,PIA_Hot Chocolate_55%_1-DAY + -04.75,누수규격,2026-07-16
C관(2공장),1-Day_Color_Sph,PIA_Hot Chocolate_55%_1-DAY + -04.75,분리,2026-07-12
C관(2공장),1-Day_Color_Sph,PIA_Hot Chocolate_55%_1-DAY + -04.75,사출,2026-07-11
C관(2공장),1-Day_Color_Sph,PIA_Hot Chocolate_55%_1-DAY + -04.75,접착,2026-07-15
C관(2공장),1-Day_Color_Sph,PIA_Hot Chocolate_55%_1-DAY + -04.75,하이드레이션,2026-07-13
C관(2공장),1-Day_Color_Sph,PIA_Lassie_1-DAY 55% + -04.00,누수규격,2026-07-16
C관(2공장),1-Day_Color_Sph,PIA_Lassie_1-DAY 55% + -04.00,분리,2026-07-12
C관(2공장),1-Day_Color_Sph,PIA_Lassie_1-DAY 55% + -04.00,사출,2026-07-11
C관(2공장),1-Day_Color_Sph,PIA_Lassie_1-DAY 55% + -04.00,접착,2026-07-15
C관(2공장),1-Day_Color_Sph,PIA_Lassie_1-DAY 55% + -04.00,하이드레이션,2026-07-13
C관(2공장),1-Day_Color_Sph,REAL SOME CHOCO(NOBLE MYSTIC) + -02.25,누수규격,2026-07-17
C관(2공장),1-Day_Color_Sph,REAL SOME CHOCO(NOBLE MYSTIC) + -02.25,분리,2026-07-13
C관(2공장),1-Day_Color_Sph,REAL SOME CHOCO(NOBLE MYSTIC) + -02.25,사출,2026-07-12
C관(2공장),1-Day_Color_Sph,REAL SOME CHOCO(NOBLE MYSTIC) + -02.25,접착,2026-07-16
C관(2공장),1-Day_Color_Sph,REAL SOME CHOCO(NOBLE MYSTIC) + -02.25,하이드레이션,2026-07-14
C관(2공장),1-Day_Color_Sph,T-Garden D_Melty Time_55% UV 14.2 + -03.75,누수규격,2026-07-19
C관(2공장),1-Day_Color_Sph,T-Garden D_Melty Time_55% UV 14.2 + -03.75,분리,2026-07-15
C관(2공장),1-Day_Color_Sph,T-Garden D_Melty Time_55% UV 14.2 + -03.75,사출,2026-07-14
C관(2공장),1-Day_Color_Sph,T-Garden D_Melty Time_55% UV 14.2 + -03.75,접착,2026-07-18
C관(2공장),1-Day_Color_Sph,T-Garden D_Melty Time_55% UV 14.2 + -03.75,하이드레이션,2026-07-16
C관(2공장),1-Day_Color_Sph,T-Garden D_Melty Time_55% UV 14.2 + -07.50,누수규격,2026-07-19
C관(2공장),1-Day_Color_Sph,T-Garden D_Melty Time_55% UV 14.2 + -07.50,분리,2026-07-15
C관(2공장),1-Day_Color_Sph,T-Garden D_Melty Time_55% UV 14.2 + -07.50,사출,2026-07-14
C관(2공장),1-Day_Color_Sph,T-Garden D_Melty Time_55% UV 14.2 + -07.50,접착,2026-07-18
C관(2공장),1-Day_Color_Sph,T-Garden D_Melty Time_55% UV 14.2 + -07.50,하이드레이션,2026-07-16
C관(2공장),1-Day_Color_Sph_Fix,Clalen D_Ash brown_55%(중국_축고정) + -00.00,누수규격,2026-08-10
C관(2공장),1-Day_Color_Sph_Fix,Clalen D_Ash brown_55%(중국_축고정) + -00.00,분리,2026-08-06
C관(2공장),1-Day_Color_Sph_Fix,Clalen D_Ash brown_55%(중국_축고정) + -00.00,사출,2026-08-05
C관(2공장),1-Day_Color_Sph_Fix,Clalen D_Ash brown_55%(중국_축고정) + -00.00,접착,2026-08-09
C관(2공장),1-Day_Color_Sph_Fix,Clalen D_Ash brown_55%(중국_축고정) + -00.00,하이드레이션,2026-08-07
C관(2공장),1-Day_Color_Sph_Fix,Clalen D_Ash brown_55%(중국_축고정) + -01.00,누수규격,2026-08-10
C관(2공장),1-Day_Color_Sph_Fix,Clalen D_Ash brown_55%(중국_축고정) + -01.00,분리,2026-08-06
C관(2공장),1-Day_Color_Sph_Fix,Clalen D_Ash brown_55%(중국_축고정) + -01.00,사출,2026-08-05
C관(2공장),1-Day_Color_Sph_Fix,Clalen D_Ash brown_55%(중국_축고정) + -01.00,접착,2026-08-09
C관(2공장),1-Day_Color_Sph_Fix,Clalen D_Ash brown_55%(중국_축고정) + -01.00,하이드레이션,2026-08-07
C관(2공장),1-Day_Color_Sph_Fix,Clalen D_Ash brown_55%(중국_축고정) + -01.25,누수규격,2026-08-10
C관(2공장),1-Day_Color_Sph_Fix,Clalen D_Ash brown_55%(중국_축고정) + -01.25,분리,2026-08-06
C관(2공장),1-Day_Color_Sph_Fix,Clalen D_Ash brown_55%(중국_축고정) + -01.25,사출,2026-08-05
C관(2공장),1-Day_Color_Sph_Fix,Clalen D_Ash brown_55%(중국_축고정) + -01.25,접착,2026-08-09
C관(2공장),1-Day_Color_Sph_Fix,Clalen D_Ash brown_55%(중국_축고정) + -01.25,하이드레이션,2026-08-07
C관(2공장),1-Day_Color_Sph_Fix,Clalen D_Ash brown_55%(중국_축고정) + -01.50,누수규격,2026-08-10
C관(2공장),1-Day_Color_Sph_Fix,Clalen D_Ash brown_55%(중국_축고정) + -01.50,분리,2026-08-06
C관(2공장),1-Day_Color_Sph_Fix,Clalen D_Ash brown_55%(중국_축고정) + -01.50,사출,2026-08-05
C관(2공장),1-Day_Color_Sph_Fix,Clalen D_Ash brown_55%(중국_축고정) + -01.50,접착,2026-08-09
C관(2공장),1-Day_Color_Sph_Fix,Clalen D_Ash brown_55%(중국_축고정) + -01.50,하이드레이션,2026-08-07
C관(2공장),1-Day_Color_Sph_Fix,Clalen D_Ash brown_55%(중국_축고정) + -01.75,누수규격,2026-08-10
C관(2공장),1-Day_Color_Sph_Fix,Clalen D_Ash brown_55%(중국_축고정) + -01.75,분리,2026-08-06
C관(2공장),1-Day_Color_Sph_Fix,Clalen D_Ash brown_55%(중국_축고정) + -01.75,사출,2026-08-05
C관(2공장),1-Day_Color_Sph_Fix,Clalen D_Ash brown_55%(중국_축고정) + -01.75,접착,2026-08-09
C관(2공장),1-Day_Color_Sph_Fix,Clalen D_Ash brown_55%(중국_축고정) + -01.75,하이드레이션,2026-08-07
C관(2공장),1-Day_Color_Sph_Fix,Clalen D_Ash brown_55%(중국_축고정) + -02.00,누수규격,2026-08-10
C관(2공장),1-Day_Color_Sph_Fix,Clalen D_Ash brown_55%(중국_축고정) + -02.00,분리,2026-08-06
C관(2공장),1-Day_Color_Sph_Fix,Clalen D_Ash brown_55%(중국_축고정) + -02.00,사출,2026-08-05
C관(2공장),1-Day_Color_Sph_Fix,Clalen D_Ash brown_55%(중국_축고정) + -02.00,접착,2026-08-09
C관(2공장),1-Day_Color_Sph_Fix,Clalen D_Ash brown_55%(중국_축고정) + -02.00,하이드레이션,2026-08-07
C관(2공장),1-Day_Color_Sph_Fix,Clalen D_Ash brown_55%(중국_축고정) + -02.25,누수규격,2026-08-10
C관(2공장),1-Day_Color_Sph_Fix,Clalen D_Ash brown_55%(중국_축고정) + -02.25,분리,2026-08-06
C관(2공장),1-Day_Color_Sph_Fix,Clalen D_Ash brown_55%(중국_축고정) + -02.25,사출,2026-08-05
C관(2공장),1-Day_Color_Sph_Fix,Clalen D_Ash brown_55%(중국_축고정) + -02.25,접착,2026-08-09
C관(2공장),1-Day_Color_Sph_Fix,Clalen D_Ash brown_55%(중국_축고정) + -02.25,하이드레이션,2026-08-07
C관(2공장),1-Day_Color_Sph_Fix,Clalen D_Ash brown_55%(중국_축고정) + -02.50,누수규격,2026-08-10
C관(2공장),1-Day_Color_Sph_Fix,Clalen D_Ash brown_55%(중국_축고정) + -02.50,분리,2026-08-06
C관(2공장),1-Day_Color_Sph_Fix,Clalen D_Ash brown_55%(중국_축고정) + -02.50,사출,2026-08-05
C관(2공장),1-Day_Color_Sph_Fix,Clalen D_Ash brown_55%(중국_축고정) + -02.50,접착,2026-08-09
C관(2공장),1-Day_Color_Sph_Fix,Clalen D_Ash brown_55%(중국_축고정) + -02.50,하이드레이션,2026-08-07
C관(2공장),1-Day_Color_Sph_Fix,Clalen D_Ash brown_55%(중국_축고정) + -02.75,누수규격,2026-08-10
C관(2공장),1-Day_Color_Sph_Fix,Clalen D_Ash brown_55%(중국_축고정) + -02.75,분리,2026-08-06
C관(2공장),1-Day_Color_Sph_Fix,Clalen D_Ash brown_55%(중국_축고정) + -02.75,사출,2026-08-05
C관(2공장),1-Day_Color_Sph_Fix,Clalen D_Ash brown_55%(중국_축고정) + -02.75,접착,2026-08-09
C관(2공장),1-Day_Color_Sph_Fix,Clalen D_Ash brown_55%(중국_축고정) + -02.75,하이드레이션,2026-08-07
C관(2공장),1-Day_Color_Sph_Fix,Clalen D_Ash brown_55%(중국_축고정) + -03.00,누수규격,2026-08-10
C관(2공장),1-Day_Color_Sph_Fix,Clalen D_Ash brown_55%(중국_축고정) + -03.00,분리,2026-08-06
C관(2공장),1-Day_Color_Sph_Fix,Clalen D_Ash brown_55%(중국_축고정) + -03.00,사출,2026-08-05
C관(2공장),1-Day_Color_Sph_Fix,Clalen D_Ash brown_55%(중국_축고정) + -03.00,접착,2026-08-09
C관(2공장),1-Day_Color_Sph_Fix,Clalen D_Ash brown_55%(중국_축고정) + -03.00,하이드레이션,2026-08-07
C관(2공장),1-Day_Color_Sph_Fix,Clalen D_Ash brown_55%(중국_축고정) + -03.25,누수규격,2026-08-10
C관(2공장),1-Day_Color_Sph_Fix,Clalen D_Ash brown_55%(중국_축고정) + -03.25,분리,2026-08-06
C관(2공장),1-Day_Color_Sph_Fix,Clalen D_Ash brown_55%(중국_축고정) + -03.25,사출,2026-08-05
C관(2공장),1-Day_Color_Sph_Fix,Clalen D_Ash brown_55%(중국_축고정) + -03.25,접착,2026-08-09
C관(2공장),1-Day_Color_Sph_Fix,Clalen D_Ash brown_55%(중국_축고정) + -03.25,하이드레이션,2026-08-07
C관(2공장),1-Day_Color_Sph_Fix,Clalen D_Ash brown_55%(중국_축고정) + -03.50,누수규격,2026-08-10
C관(2공장),1-Day_Color_Sph_Fix,Clalen D_Ash brown_55%(중국_축고정) + -03.50,분리,2026-08-06
C관(2공장),1-Day_Color_Sph_Fix,Clalen D_Ash brown_55%(중국_축고정) + -03.50,사출,2026-08-05
C관(2공장),1-Day_Color_Sph_Fix,Clalen D_Ash brown_55%(중국_축고정) + -03.50,접착,2026-08-09
C관(2공장),1-Day_Color_Sph_Fix,Clalen D_Ash brown_55%(중국_축고정) + -03.50,하이드레이션,2026-08-07
C관(2공장),1-Day_Color_Sph_Fix,Clalen D_Ash brown_55%(중국_축고정) + -03.75,누수규격,2026-08-10
C관(2공장),1-Day_Color_Sph_Fix,Clalen D_Ash brown_55%(중국_축고정) + -03.75,분리,2026-08-06
C관(2공장),1-Day_Color_Sph_Fix,Clalen D_Ash brown_55%(중국_축고정) + -03.75,사출,2026-08-05
C관(2공장),1-Day_Color_Sph_Fix,Clalen D_Ash brown_55%(중국_축고정) + -03.75,접착,2026-08-09
C관(2공장),1-Day_Color_Sph_Fix,Clalen D_Ash brown_55%(중국_축고정) + -03.75,하이드레이션,2026-08-07
C관(2공장),1-Day_Color_Sph_Fix,Clalen D_Ash brown_55%(중국_축고정) + -04.00,누수규격,2026-08-10
C관(2공장),1-Day_Color_Sph_Fix,Clalen D_Ash brown_55%(중국_축고정) + -04.00,분리,2026-08-06
C관(2공장),1-Day_Color_Sph_Fix,Clalen D_Ash brown_55%(중국_축고정) + -04.00,사출,2026-08-05
C관(2공장),1-Day_Color_Sph_Fix,Clalen D_Ash brown_55%(중국_축고정) + -04.00,접착,2026-08-09
C관(2공장),1-Day_Color_Sph_Fix,Clalen D_Ash brown_55%(중국_축고정) + -04.00,하이드레이션,2026-08-07
C관(2공장),1-Day_Color_Sph_Fix,Clalen D_Ash brown_55%(중국_축고정) + -04.25,누수규격,2026-08-10
C관(2공장),1-Day_Color_Sph_Fix,Clalen D_Ash brown_55%(중국_축고정) + -04.25,분리,2026-08-06
C관(2공장),1-Day_Color_Sph_Fix,Clalen D_Ash brown_55%(중국_축고정) + -04.25,사출,2026-08-05
C관(2공장),1-Day_Color_Sph_Fix,Clalen D_Ash brown_55%(중국_축고정) + -04.25,접착,2026-08-09
C관(2공장),1-Day_Color_Sph_Fix,Clalen D_Ash brown_55%(중국_축고정) + -04.25,하이드레이션,2026-08-07
C관(2공장),1-Day_Color_Sph_Fix,Clalen D_Ash brown_55%(중국_축고정) + -04.50,누수규격,2026-08-10
C관(2공장),1-Day_Color_Sph_Fix,Clalen D_Ash brown_55%(중국_축고정) + -04.50,분리,2026-08-06
C관(2공장),1-Day_Color_Sph_Fix,Clalen D_Ash brown_55%(중국_축고정) + -04.50,사출,2026-08-05
C관(2공장),1-Day_Color_Sph_Fix,Clalen D_Ash brown_55%(중국_축고정) + -04.50,접착,2026-08-09
C관(2공장),1-Day_Color_Sph_Fix,Clalen D_Ash brown_55%(중국_축고정) + -04.50,하이드레이션,2026-08-07
C관(2공장),1-Day_Color_Sph_Fix,Clalen D_Ash brown_55%(중국_축고정) + -04.75,누수규격,2026-08-10
C관(2공장),1-Day_Color_Sph_Fix,Clalen D_Ash brown_55%(중국_축고정) + -04.75,분리,2026-08-06
C관(2공장),1-Day_Color_Sph_Fix,Clalen D_Ash brown_55%(중국_축고정) + -04.75,사출,2026-08-05
C관(2공장),1-Day_Color_Sph_Fix,Clalen D_Ash brown_55%(중국_축고정) + -04.75,접착,2026-08-09
C관(2공장),1-Day_Color_Sph_Fix,Clalen D_Ash brown_55%(중국_축고정) + -04.75,하이드레이션,2026-08-07
C관(2공장),1-Day_Color_Sph_Fix,Clalen D_Ash brown_55%(중국_축고정) + -05.00,누수규격,2026-08-10
C관(2공장),1-Day_Color_Sph_Fix,Clalen D_Ash brown_55%(중국_축고정) + -05.00,분리,2026-08-06
C관(2공장),1-Day_Color_Sph_Fix,Clalen D_Ash brown_55%(중국_축고정) + -05.00,사출,2026-08-05
C관(2공장),1-Day_Color_Sph_Fix,Clalen D_Ash brown_55%(중국_축고정) + -05.00,접착,2026-08-09
C관(2공장),1-Day_Color_Sph_Fix,Clalen D_Ash brown_55%(중국_축고정) + -05.00,하이드레이션,2026-08-07
C관(2공장),1-Day_Color_Sph_Fix,Clalen D_Ash brown_55%(중국_축고정) + -05.25,누수규격,2026-08-10
C관(2공장),1-Day_Color_Sph_Fix,Clalen D_Ash brown_55%(중국_축고정) + -05.25,분리,2026-08-06
C관(2공장),1-Day_Color_Sph_Fix,Clalen D_Ash brown_55%(중국_축고정) + -05.25,사출,2026-08-05
C관(2공장),1-Day_Color_Sph_Fix,Clalen D_Ash brown_55%(중국_축고정) + -05.25,접착,2026-08-09
C관(2공장),1-Day_Color_Sph_Fix,Clalen D_Ash brown_55%(중국_축고정) + -05.25,하이드레이션,2026-08-07
C관(2공장),1-Day_Color_Sph_Fix,Clalen D_Ash brown_55%(중국_축고정) + -05.50,누수규격,2026-08-10
C관(2공장),1-Day_Color_Sph_Fix,Clalen D_Ash brown_55%(중국_축고정) + -05.50,분리,2026-08-06
C관(2공장),1-Day_Color_Sph_Fix,Clalen D_Ash brown_55%(중국_축고정) + -05.50,사출,2026-08-05
C관(2공장),1-Day_Color_Sph_Fix,Clalen D_Ash brown_55%(중국_축고정) + -05.50,접착,2026-08-09
C관(2공장),1-Day_Color_Sph_Fix,Clalen D_Ash brown_55%(중국_축고정) + -05.50,하이드레이션,2026-08-07
C관(2공장),1-Day_Color_Sph_Fix,Clalen D_Ash brown_55%(중국_축고정) + -05.75,누수규격,2026-08-10
C관(2공장),1-Day_Color_Sph_Fix,Clalen D_Ash brown_55%(중국_축고정) + -05.75,분리,2026-08-06
C관(2공장),1-Day_Color_Sph_Fix,Clalen D_Ash brown_55%(중국_축고정) + -05.75,사출,2026-08-05
C관(2공장),1-Day_Color_Sph_Fix,Clalen D_Ash brown_55%(중국_축고정) + -05.75,접착,2026-08-09
C관(2공장),1-Day_Color_Sph_Fix,Clalen D_Ash brown_55%(중국_축고정) + -05.75,하이드레이션,2026-08-07
C관(2공장),1-Day_Color_Sph_Fix,Clalen D_Ash brown_55%(중국_축고정) + -06.00,누수규격,2026-08-10
C관(2공장),1-Day_Color_Sph_Fix,Clalen D_Ash brown_55%(중국_축고정) + -06.00,분리,2026-08-06
C관(2공장),1-Day_Color_Sph_Fix,Clalen D_Ash brown_55%(중국_축고정) + -06.00,사출,2026-08-05
C관(2공장),1-Day_Color_Sph_Fix,Clalen D_Ash brown_55%(중국_축고정) + -06.00,접착,2026-08-09
C관(2공장),1-Day_Color_Sph_Fix,Clalen D_Ash brown_55%(중국_축고정) + -06.00,하이드레이션,2026-08-07
C관(2공장),1-Day_Color_Sph_Fix,Clalen D_Ash brown_55%(중국_축고정) + -06.50,누수규격,2026-08-10
C관(2공장),1-Day_Color_Sph_Fix,Clalen D_Ash brown_55%(중국_축고정) + -06.50,분리,2026-08-06
C관(2공장),1-Day_Color_Sph_Fix,Clalen D_Ash brown_55%(중국_축고정) + -06.50,사출,2026-08-05
C관(2공장),1-Day_Color_Sph_Fix,Clalen D_Ash brown_55%(중국_축고정) + -06.50,접착,2026-08-09
C관(2공장),1-Day_Color_Sph_Fix,Clalen D_Ash brown_55%(중국_축고정) + -06.50,하이드레이션,2026-08-07
C관(2공장),1-Day_Color_Sph_Fix,Clalen D_Ash brown_55%(중국_축고정) + -07.00,누수규격,2026-08-10
C관(2공장),1-Day_Color_Sph_Fix,Clalen D_Ash brown_55%(중국_축고정) + -07.00,분리,2026-08-06
C관(2공장),1-Day_Color_Sph_Fix,Clalen D_Ash brown_55%(중국_축고정) + -07.00,사출,2026-08-05
C관(2공장),1-Day_Color_Sph_Fix,Clalen D_Ash brown_55%(중국_축고정) + -07.00,접착,2026-08-09
C관(2공장),1-Day_Color_Sph_Fix,Clalen D_Ash brown_55%(중국_축고정) + -07.00,하이드레이션,2026-08-07
C관(2공장),1-Day_Color_Sph_Fix,Clalen D_Ash brown_55%(중국_축고정) + -07.50,누수규격,2026-08-10
C관(2공장),1-Day_Color_Sph_Fix,Clalen D_Ash brown_55%(중국_축고정) + -07.50,분리,2026-08-06
C관(2공장),1-Day_Color_Sph_Fix,Clalen D_Ash brown_55%(중국_축고정) + -07.50,사출,2026-08-05
C관(2공장),1-Day_Color_Sph_Fix,Clalen D_Ash brown_55%(중국_축고정) + -07.50,접착,2026-08-09
C관(2공장),1-Day_Color_Sph_Fix,Clalen D_Ash brown_55%(중국_축고정) + -07.50,하이드레이션,2026-08-07
C관(2공장),1-Day_Color_Sph_Fix,Clalen D_Ash brown_55%(중국_축고정) + -08.00,누수규격,2026-08-10
C관(2공장),1-Day_Color_Sph_Fix,Clalen D_Ash brown_55%(중국_축고정) + -08.00,분리,2026-08-06
C관(2공장),1-Day_Color_Sph_Fix,Clalen D_Ash brown_55%(중국_축고정) + -08.00,사출,2026-08-05
C관(2공장),1-Day_Color_Sph_Fix,Clalen D_Ash brown_55%(중국_축고정) + -08.00,접착,2026-08-09
C관(2공장),1-Day_Color_Sph_Fix,Clalen D_Ash brown_55%(중국_축고정) + -08.00,하이드레이션,2026-08-07
C관(2공장),1-Day_Color_Sph_Fix,Clalen D_Beige brown_55%(중국_축고정) + -00.00,누수규격,2026-08-10
C관(2공장),1-Day_Color_Sph_Fix,Clalen D_Beige brown_55%(중국_축고정) + -00.00,분리,2026-08-06
C관(2공장),1-Day_Color_Sph_Fix,Clalen D_Beige brown_55%(중국_축고정) + -00.00,사출,2026-08-05
C관(2공장),1-Day_Color_Sph_Fix,Clalen D_Beige brown_55%(중국_축고정) + -00.00,접착,2026-08-09
C관(2공장),1-Day_Color_Sph_Fix,Clalen D_Beige brown_55%(중국_축고정) + -00.00,하이드레이션,2026-08-07
C관(2공장),1-Day_Color_Sph_Fix,Clalen D_Beige brown_55%(중국_축고정) + -01.00,누수규격,2026-08-10
C관(2공장),1-Day_Color_Sph_Fix,Clalen D_Beige brown_55%(중국_축고정) + -01.00,분리,2026-08-06
C관(2공장),1-Day_Color_Sph_Fix,Clalen D_Beige brown_55%(중국_축고정) + -01.00,사출,2026-08-05
C관(2공장),1-Day_Color_Sph_Fix,Clalen D_Beige brown_55%(중국_축고정) + -01.00,접착,2026-08-09
C관(2공장),1-Day_Color_Sph_Fix,Clalen D_Beige brown_55%(중국_축고정) + -01.00,하이드레이션,2026-08-07
C관(2공장),1-Day_Color_Sph_Fix,Clalen D_Beige brown_55%(중국_축고정) + -01.25,누수규격,2026-08-10
C관(2공장),1-Day_Color_Sph_Fix,Clalen D_Beige brown_55%(중국_축고정) + -01.25,분리,2026-08-06
C관(2공장),1-Day_Color_Sph_Fix,Clalen D_Beige brown_55%(중국_축고정) + -01.25,사출,2026-08-05
C관(2공장),1-Day_Color_Sph_Fix,Clalen D_Beige brown_55%(중국_축고정) + -01.25,접착,2026-08-09
C관(2공장),1-Day_Color_Sph_Fix,Clalen D_Beige brown_55%(중국_축고정) + -01.25,하이드레이션,2026-08-07
C관(2공장),1-Day_Color_Sph_Fix,Clalen D_Beige brown_55%(중국_축고정) + -01.50,누수규격,2026-08-10
C관(2공장),1-Day_Color_Sph_Fix,Clalen D_Beige brown_55%(중국_축고정) + -01.50,분리,2026-08-06
C관(2공장),1-Day_Color_Sph_Fix,Clalen D_Beige brown_55%(중국_축고정) + -01.50,사출,2026-08-05
C관(2공장),1-Day_Color_Sph_Fix,Clalen D_Beige brown_55%(중국_축고정) + -01.50,접착,2026-08-09
C관(2공장),1-Day_Color_Sph_Fix,Clalen D_Beige brown_55%(중국_축고정) + -01.50,하이드레이션,2026-08-07
C관(2공장),1-Day_Color_Sph_Fix,Clalen D_Beige brown_55%(중국_축고정) + -01.75,누수규격,2026-08-10
C관(2공장),1-Day_Color_Sph_Fix,Clalen D_Beige brown_55%(중국_축고정) + -01.75,분리,2026-08-06
C관(2공장),1-Day_Color_Sph_Fix,Clalen D_Beige brown_55%(중국_축고정) + -01.75,사출,2026-08-05
C관(2공장),1-Day_Color_Sph_Fix,Clalen D_Beige brown_55%(중국_축고정) + -01.75,접착,2026-08-09
C관(2공장),1-Day_Color_Sph_Fix,Clalen D_Beige brown_55%(중국_축고정) + -01.75,하이드레이션,2026-08-07
C관(2공장),1-Day_Color_Sph_Fix,Clalen D_Beige brown_55%(중국_축고정) + -02.00,누수규격,2026-08-10
C관(2공장),1-Day_Color_Sph_Fix,Clalen D_Beige brown_55%(중국_축고정) + -02.00,분리,2026-08-06
C관(2공장),1-Day_Color_Sph_Fix,Clalen D_Beige brown_55%(중국_축고정) + -02.00,사출,2026-08-05
C관(2공장),1-Day_Color_Sph_Fix,Clalen D_Beige brown_55%(중국_축고정) + -02.00,접착,2026-08-09
C관(2공장),1-Day_Color_Sph_Fix,Clalen D_Beige brown_55%(중국_축고정) + -02.00,하이드레이션,2026-08-07
C관(2공장),1-Day_Color_Sph_Fix,Clalen D_Beige brown_55%(중국_축고정) + -02.25,누수규격,2026-08-10
C관(2공장),1-Day_Color_Sph_Fix,Clalen D_Beige brown_55%(중국_축고정) + -02.25,분리,2026-08-06
C관(2공장),1-Day_Color_Sph_Fix,Clalen D_Beige brown_55%(중국_축고정) + -02.25,사출,2026-08-05
C관(2공장),1-Day_Color_Sph_Fix,Clalen D_Beige brown_55%(중국_축고정) + -02.25,접착,2026-08-09
C관(2공장),1-Day_Color_Sph_Fix,Clalen D_Beige brown_55%(중국_축고정) + -02.25,하이드레이션,2026-08-07
C관(2공장),1-Day_Color_Sph_Fix,Clalen D_Beige brown_55%(중국_축고정) + -02.50,누수규격,2026-08-10
C관(2공장),1-Day_Color_Sph_Fix,Clalen D_Beige brown_55%(중국_축고정) + -02.50,분리,2026-08-06
C관(2공장),1-Day_Color_Sph_Fix,Clalen D_Beige brown_55%(중국_축고정) + -02.50,사출,2026-08-05
C관(2공장),1-Day_Color_Sph_Fix,Clalen D_Beige brown_55%(중국_축고정) + -02.50,접착,2026-08-09
C관(2공장),1-Day_Color_Sph_Fix,Clalen D_Beige brown_55%(중국_축고정) + -02.50,하이드레이션,2026-08-07
C관(2공장),1-Day_Color_Sph_Fix,Clalen D_Beige brown_55%(중국_축고정) + -02.75,누수규격,2026-08-10
C관(2공장),1-Day_Color_Sph_Fix,Clalen D_Beige brown_55%(중국_축고정) + -02.75,분리,2026-08-06
C관(2공장),1-Day_Color_Sph_Fix,Clalen D_Beige brown_55%(중국_축고정) + -02.75,사출,2026-08-05
C관(2공장),1-Day_Color_Sph_Fix,Clalen D_Beige brown_55%(중국_축고정) + -02.75,접착,2026-08-09
C관(2공장),1-Day_Color_Sph_Fix,Clalen D_Beige brown_55%(중국_축고정) + -02.75,하이드레이션,2026-08-07
C관(2공장),1-Day_Color_Sph_Fix,Clalen D_Beige brown_55%(중국_축고정) + -03.00,누수규격,2026-08-10
C관(2공장),1-Day_Color_Sph_Fix,Clalen D_Beige brown_55%(중국_축고정) + -03.00,분리,2026-08-06
C관(2공장),1-Day_Color_Sph_Fix,Clalen D_Beige brown_55%(중국_축고정) + -03.00,사출,2026-08-05
C관(2공장),1-Day_Color_Sph_Fix,Clalen D_Beige brown_55%(중국_축고정) + -03.00,접착,2026-08-09
C관(2공장),1-Day_Color_Sph_Fix,Clalen D_Beige brown_55%(중국_축고정) + -03.00,하이드레이션,2026-08-07
C관(2공장),1-Day_Color_Sph_Fix,Clalen D_Beige brown_55%(중국_축고정) + -03.25,누수규격,2026-08-10
C관(2공장),1-Day_Color_Sph_Fix,Clalen D_Beige brown_55%(중국_축고정) + -03.25,분리,2026-08-06
C관(2공장),1-Day_Color_Sph_Fix,Clalen D_Beige brown_55%(중국_축고정) + -03.25,사출,2026-08-05
C관(2공장),1-Day_Color_Sph_Fix,Clalen D_Beige brown_55%(중국_축고정) + -03.25,접착,2026-08-09
C관(2공장),1-Day_Color_Sph_Fix,Clalen D_Beige brown_55%(중국_축고정) + -03.25,하이드레이션,2026-08-07
C관(2공장),1-Day_Color_Sph_Fix,Clalen D_Beige brown_55%(중국_축고정) + -03.50,누수규격,2026-08-10
C관(2공장),1-Day_Color_Sph_Fix,Clalen D_Beige brown_55%(중국_축고정) + -03.50,분리,2026-08-06
C관(2공장),1-Day_Color_Sph_Fix,Clalen D_Beige brown_55%(중국_축고정) + -03.50,사출,2026-08-05
C관(2공장),1-Day_Color_Sph_Fix,Clalen D_Beige brown_55%(중국_축고정) + -03.50,접착,2026-08-09
C관(2공장),1-Day_Color_Sph_Fix,Clalen D_Beige brown_55%(중국_축고정) + -03.50,하이드레이션,2026-08-07
C관(2공장),1-Day_Color_Sph_Fix,Clalen D_Beige brown_55%(중국_축고정) + -03.75,누수규격,2026-08-10
C관(2공장),1-Day_Color_Sph_Fix,Clalen D_Beige brown_55%(중국_축고정) + -03.75,분리,2026-08-06
C관(2공장),1-Day_Color_Sph_Fix,Clalen D_Beige brown_55%(중국_축고정) + -03.75,사출,2026-08-05
C관(2공장),1-Day_Color_Sph_Fix,Clalen D_Beige brown_55%(중국_축고정) + -03.75,접착,2026-08-09
C관(2공장),1-Day_Color_Sph_Fix,Clalen D_Beige brown_55%(중국_축고정) + -03.75,하이드레이션,2026-08-07
C관(2공장),1-Day_Color_Sph_Fix,Clalen D_Beige brown_55%(중국_축고정) + -04.00,누수규격,2026-08-10
C관(2공장),1-Day_Color_Sph_Fix,Clalen D_Beige brown_55%(중국_축고정) + -04.00,분리,2026-08-06
C관(2공장),1-Day_Color_Sph_Fix,Clalen D_Beige brown_55%(중국_축고정) + -04.00,사출,2026-08-05
C관(2공장),1-Day_Color_Sph_Fix,Clalen D_Beige brown_55%(중국_축고정) + -04.00,접착,2026-08-09
C관(2공장),1-Day_Color_Sph_Fix,Clalen D_Beige brown_55%(중국_축고정) + -04.00,하이드레이션,2026-08-07
C관(2공장),1-Day_Color_Sph_Fix,Clalen D_Beige brown_55%(중국_축고정) + -04.25,누수규격,2026-08-10
C관(2공장),1-Day_Color_Sph_Fix,Clalen D_Beige brown_55%(중국_축고정) + -04.25,분리,2026-08-06
C관(2공장),1-Day_Color_Sph_Fix,Clalen D_Beige brown_55%(중국_축고정) + -04.25,사출,2026-08-05
C관(2공장),1-Day_Color_Sph_Fix,Clalen D_Beige brown_55%(중국_축고정) + -04.25,접착,2026-08-09
C관(2공장),1-Day_Color_Sph_Fix,Clalen D_Beige brown_55%(중국_축고정) + -04.25,하이드레이션,2026-08-07
C관(2공장),1-Day_Color_Sph_Fix,Clalen D_Beige brown_55%(중국_축고정) + -04.50,누수규격,2026-08-10
C관(2공장),1-Day_Color_Sph_Fix,Clalen D_Beige brown_55%(중국_축고정) + -04.50,분리,2026-08-06
C관(2공장),1-Day_Color_Sph_Fix,Clalen D_Beige brown_55%(중국_축고정) + -04.50,사출,2026-08-05
C관(2공장),1-Day_Color_Sph_Fix,Clalen D_Beige brown_55%(중국_축고정) + -04.50,접착,2026-08-09
C관(2공장),1-Day_Color_Sph_Fix,Clalen D_Beige brown_55%(중국_축고정) + -04.50,하이드레이션,2026-08-07
C관(2공장),1-Day_Color_Sph_Fix,Clalen D_Beige brown_55%(중국_축고정) + -04.75,누수규격,2026-08-10
C관(2공장),1-Day_Color_Sph_Fix,Clalen D_Beige brown_55%(중국_축고정) + -04.75,분리,2026-08-06
C관(2공장),1-Day_Color_Sph_Fix,Clalen D_Beige brown_55%(중국_축고정) + -04.75,사출,2026-08-05
C관(2공장),1-Day_Color_Sph_Fix,Clalen D_Beige brown_55%(중국_축고정) + -04.75,접착,2026-08-09
C관(2공장),1-Day_Color_Sph_Fix,Clalen D_Beige brown_55%(중국_축고정) + -04.75,하이드레이션,2026-08-07
C관(2공장),1-Day_Color_Sph_Fix,Clalen D_Beige brown_55%(중국_축고정) + -05.00,누수규격,2026-08-10
C관(2공장),1-Day_Color_Sph_Fix,Clalen D_Beige brown_55%(중국_축고정) + -05.00,분리,2026-08-06
C관(2공장),1-Day_Color_Sph_Fix,Clalen D_Beige brown_55%(중국_축고정) + -05.00,사출,2026-08-05
C관(2공장),1-Day_Color_Sph_Fix,Clalen D_Beige brown_55%(중국_축고정) + -05.00,접착,2026-08-09
C관(2공장),1-Day_Color_Sph_Fix,Clalen D_Beige brown_55%(중국_축고정) + -05.00,하이드레이션,2026-08-07
C관(2공장),1-Day_Color_Sph_Fix,Clalen D_Beige brown_55%(중국_축고정) + -05.25,누수규격,2026-08-10
C관(2공장),1-Day_Color_Sph_Fix,Clalen D_Beige brown_55%(중국_축고정) + -05.25,분리,2026-08-06
C관(2공장),1-Day_Color_Sph_Fix,Clalen D_Beige brown_55%(중국_축고정) + -05.25,사출,2026-08-05
C관(2공장),1-Day_Color_Sph_Fix,Clalen D_Beige brown_55%(중국_축고정) + -05.25,접착,2026-08-09
C관(2공장),1-Day_Color_Sph_Fix,Clalen D_Beige brown_55%(중국_축고정) + -05.25,하이드레이션,2026-08-07
C관(2공장),1-Day_Color_Sph_Fix,Clalen D_Beige brown_55%(중국_축고정) + -05.50,누수규격,2026-08-10
C관(2공장),1-Day_Color_Sph_Fix,Clalen D_Beige brown_55%(중국_축고정) + -05.50,분리,2026-08-06
C관(2공장),1-Day_Color_Sph_Fix,Clalen D_Beige brown_55%(중국_축고정) + -05.50,사출,2026-08-05
C관(2공장),1-Day_Color_Sph_Fix,Clalen D_Beige brown_55%(중국_축고정) + -05.50,접착,2026-08-09
C관(2공장),1-Day_Color_Sph_Fix,Clalen D_Beige brown_55%(중국_축고정) + -05.50,하이드레이션,2026-08-07
C관(2공장),1-Day_Color_Sph_Fix,Clalen D_Beige brown_55%(중국_축고정) + -05.75,누수규격,2026-08-10
C관(2공장),1-Day_Color_Sph_Fix,Clalen D_Beige brown_55%(중국_축고정) + -05.75,분리,2026-08-06
C관(2공장),1-Day_Color_Sph_Fix,Clalen D_Beige brown_55%(중국_축고정) + -05.75,사출,2026-08-05
C관(2공장),1-Day_Color_Sph_Fix,Clalen D_Beige brown_55%(중국_축고정) + -05.75,접착,2026-08-09
C관(2공장),1-Day_Color_Sph_Fix,Clalen D_Beige brown_55%(중국_축고정) + -05.75,하이드레이션,2026-08-07
C관(2공장),1-Day_Color_Sph_Fix,Clalen D_Beige brown_55%(중국_축고정) + -06.00,누수규격,2026-08-10
C관(2공장),1-Day_Color_Sph_Fix,Clalen D_Beige brown_55%(중국_축고정) + -06.00,분리,2026-08-06
C관(2공장),1-Day_Color_Sph_Fix,Clalen D_Beige brown_55%(중국_축고정) + -06.00,사출,2026-08-05
C관(2공장),1-Day_Color_Sph_Fix,Clalen D_Beige brown_55%(중국_축고정) + -06.00,접착,2026-08-09
C관(2공장),1-Day_Color_Sph_Fix,Clalen D_Beige brown_55%(중국_축고정) + -06.00,하이드레이션,2026-08-07
C관(2공장),1-Day_Color_Sph_Fix,Clalen D_Beige brown_55%(중국_축고정) + -06.50,누수규격,2026-08-10
C관(2공장),1-Day_Color_Sph_Fix,Clalen D_Beige brown_55%(중국_축고정) + -06.50,분리,2026-08-06
C관(2공장),1-Day_Color_Sph_Fix,Clalen D_Beige brown_55%(중국_축고정) + -06.50,사출,2026-08-05
C관(2공장),1-Day_Color_Sph_Fix,Clalen D_Beige brown_55%(중국_축고정) + -06.50,접착,2026-08-09
C관(2공장),1-Day_Color_Sph_Fix,Clalen D_Beige brown_55%(중국_축고정) + -06.50,하이드레이션,2026-08-07
C관(2공장),1-Day_Color_Sph_Fix,Clalen D_Beige brown_55%(중국_축고정) + -07.00,누수규격,2026-08-10
C관(2공장),1-Day_Color_Sph_Fix,Clalen D_Beige brown_55%(중국_축고정) + -07.00,분리,2026-08-06
C관(2공장),1-Day_Color_Sph_Fix,Clalen D_Beige brown_55%(중국_축고정) + -07.00,사출,2026-08-05
C관(2공장),1-Day_Color_Sph_Fix,Clalen D_Beige brown_55%(중국_축고정) + -07.00,접착,2026-08-09
C관(2공장),1-Day_Color_Sph_Fix,Clalen D_Beige brown_55%(중국_축고정) + -07.00,하이드레이션,2026-08-07
C관(2공장),1-Day_Color_Sph_Fix,Clalen D_Beige brown_55%(중국_축고정) + -07.50,누수규격,2026-08-10
C관(2공장),1-Day_Color_Sph_Fix,Clalen D_Beige brown_55%(중국_축고정) + -07.50,분리,2026-08-06
C관(2공장),1-Day_Color_Sph_Fix,Clalen D_Beige brown_55%(중국_축고정) + -07.50,사출,2026-08-05
C관(2공장),1-Day_Color_Sph_Fix,Clalen D_Beige brown_55%(중국_축고정) + -07.50,접착,2026-08-09
C관(2공장),1-Day_Color_Sph_Fix,Clalen D_Beige brown_55%(중국_축고정) + -07.50,하이드레이션,2026-08-07
C관(2공장),1-Day_Color_Sph_Fix,Clalen D_Beige brown_55%(중국_축고정) + -08.00,누수규격,2026-08-10
C관(2공장),1-Day_Color_Sph_Fix,Clalen D_Beige brown_55%(중국_축고정) + -08.00,분리,2026-08-06
C관(2공장),1-Day_Color_Sph_Fix,Clalen D_Beige brown_55%(중국_축고정) + -08.00,사출,2026-08-05
C관(2공장),1-Day_Color_Sph_Fix,Clalen D_Beige brown_55%(중국_축고정) + -08.00,접착,2026-08-09
C관(2공장),1-Day_Color_Sph_Fix,Clalen D_Beige brown_55%(중국_축고정) + -08.00,하이드레이션,2026-08-07
C관(2공장),1-Day_Color_Sph_Fix,Clalen D_Green_55%(중국_축고정) + -00.00,누수규격,2026-08-10
C관(2공장),1-Day_Color_Sph_Fix,Clalen D_Green_55%(중국_축고정) + -00.00,분리,2026-08-06
C관(2공장),1-Day_Color_Sph_Fix,Clalen D_Green_55%(중국_축고정) + -00.00,사출,2026-08-05
C관(2공장),1-Day_Color_Sph_Fix,Clalen D_Green_55%(중국_축고정) + -00.00,접착,2026-08-09
C관(2공장),1-Day_Color_Sph_Fix,Clalen D_Green_55%(중국_축고정) + -00.00,하이드레이션,2026-08-07
C관(2공장),1-Day_Color_Sph_Fix,Clalen D_Green_55%(중국_축고정) + -01.00,누수규격,2026-08-10
C관(2공장),1-Day_Color_Sph_Fix,Clalen D_Green_55%(중국_축고정) + -01.00,분리,2026-08-06
C관(2공장),1-Day_Color_Sph_Fix,Clalen D_Green_55%(중국_축고정) + -01.00,사출,2026-08-05
C관(2공장),1-Day_Color_Sph_Fix,Clalen D_Green_55%(중국_축고정) + -01.00,접착,2026-08-09
C관(2공장),1-Day_Color_Sph_Fix,Clalen D_Green_55%(중국_축고정) + -01.00,하이드레이션,2026-08-07
C관(2공장),1-Day_Color_Sph_Fix,Clalen D_Green_55%(중국_축고정) + -01.25,누수규격,2026-08-10
C관(2공장),1-Day_Color_Sph_Fix,Clalen D_Green_55%(중국_축고정) + -01.25,분리,2026-08-06
C관(2공장),1-Day_Color_Sph_Fix,Clalen D_Green_55%(중국_축고정) + -01.25,사출,2026-08-05
C관(2공장),1-Day_Color_Sph_Fix,Clalen D_Green_55%(중국_축고정) + -01.25,접착,2026-08-09
C관(2공장),1-Day_Color_Sph_Fix,Clalen D_Green_55%(중국_축고정) + -01.25,하이드레이션,2026-08-07
C관(2공장),1-Day_Color_Sph_Fix,Clalen D_Green_55%(중국_축고정) + -01.50,누수규격,2026-08-10
C관(2공장),1-Day_Color_Sph_Fix,Clalen D_Green_55%(중국_축고정) + -01.50,분리,2026-08-06
C관(2공장),1-Day_Color_Sph_Fix,Clalen D_Green_55%(중국_축고정) + -01.50,사출,2026-08-05
C관(2공장),1-Day_Color_Sph_Fix,Clalen D_Green_55%(중국_축고정) + -01.50,접착,2026-08-09
C관(2공장),1-Day_Color_Sph_Fix,Clalen D_Green_55%(중국_축고정) + -01.50,하이드레이션,2026-08-07
C관(2공장),1-Day_Color_Sph_Fix,Clalen D_Green_55%(중국_축고정) + -01.75,누수규격,2026-08-10
C관(2공장),1-Day_Color_Sph_Fix,Clalen D_Green_55%(중국_축고정) + -01.75,분리,2026-08-06
C관(2공장),1-Day_Color_Sph_Fix,Clalen D_Green_55%(중국_축고정) + -01.75,사출,2026-08-05
C관(2공장),1-Day_Color_Sph_Fix,Clalen D_Green_55%(중국_축고정) + -01.75,접착,2026-08-09
C관(2공장),1-Day_Color_Sph_Fix,Clalen D_Green_55%(중국_축고정) + -01.75,하이드레이션,2026-08-07
C관(2공장),1-Day_Color_Sph_Fix,Clalen D_Green_55%(중국_축고정) + -02.00,누수규격,2026-08-10
C관(2공장),1-Day_Color_Sph_Fix,Clalen D_Green_55%(중국_축고정) + -02.00,분리,2026-08-06
C관(2공장),1-Day_Color_Sph_Fix,Clalen D_Green_55%(중국_축고정) + -02.00,사출,2026-08-05
C관(2공장),1-Day_Color_Sph_Fix,Clalen D_Green_55%(중국_축고정) + -02.00,접착,2026-08-09
C관(2공장),1-Day_Color_Sph_Fix,Clalen D_Green_55%(중국_축고정) + -02.00,하이드레이션,2026-08-07
C관(2공장),1-Day_Color_Sph_Fix,Clalen D_Green_55%(중국_축고정) + -02.25,누수규격,2026-08-10
C관(2공장),1-Day_Color_Sph_Fix,Clalen D_Green_55%(중국_축고정) + -02.25,분리,2026-08-06
C관(2공장),1-Day_Color_Sph_Fix,Clalen D_Green_55%(중국_축고정) + -02.25,사출,2026-08-05
C관(2공장),1-Day_Color_Sph_Fix,Clalen D_Green_55%(중국_축고정) + -02.25,접착,2026-08-09
C관(2공장),1-Day_Color_Sph_Fix,Clalen D_Green_55%(중국_축고정) + -02.25,하이드레이션,2026-08-07
C관(2공장),1-Day_Color_Sph_Fix,Clalen D_Green_55%(중국_축고정) + -02.50,누수규격,2026-08-10
C관(2공장),1-Day_Color_Sph_Fix,Clalen D_Green_55%(중국_축고정) + -02.50,분리,2026-08-06
C관(2공장),1-Day_Color_Sph_Fix,Clalen D_Green_55%(중국_축고정) + -02.50,사출,2026-08-05
C관(2공장),1-Day_Color_Sph_Fix,Clalen D_Green_55%(중국_축고정) + -02.50,접착,2026-08-09
C관(2공장),1-Day_Color_Sph_Fix,Clalen D_Green_55%(중국_축고정) + -02.50,하이드레이션,2026-08-07
C관(2공장),1-Day_Color_Sph_Fix,Clalen D_Green_55%(중국_축고정) + -02.75,누수규격,2026-08-10
C관(2공장),1-Day_Color_Sph_Fix,Clalen D_Green_55%(중국_축고정) + -02.75,분리,2026-08-06
C관(2공장),1-Day_Color_Sph_Fix,Clalen D_Green_55%(중국_축고정) + -02.75,사출,2026-08-05
C관(2공장),1-Day_Color_Sph_Fix,Clalen D_Green_55%(중국_축고정) + -02.75,접착,2026-08-09
C관(2공장),1-Day_Color_Sph_Fix,Clalen D_Green_55%(중국_축고정) + -02.75,하이드레이션,2026-08-07
C관(2공장),1-Day_Color_Sph_Fix,Clalen D_Green_55%(중국_축고정) + -03.00,누수규격,2026-08-10
C관(2공장),1-Day_Color_Sph_Fix,Clalen D_Green_55%(중국_축고정) + -03.00,분리,2026-08-06
C관(2공장),1-Day_Color_Sph_Fix,Clalen D_Green_55%(중국_축고정) + -03.00,사출,2026-08-05
C관(2공장),1-Day_Color_Sph_Fix,Clalen D_Green_55%(중국_축고정) + -03.00,접착,2026-08-09
C관(2공장),1-Day_Color_Sph_Fix,Clalen D_Green_55%(중국_축고정) + -03.00,하이드레이션,2026-08-07
C관(2공장),1-Day_Color_Sph_Fix,Clalen D_Green_55%(중국_축고정) + -03.25,누수규격,2026-08-10
C관(2공장),1-Day_Color_Sph_Fix,Clalen D_Green_55%(중국_축고정) + -03.25,분리,2026-08-06
C관(2공장),1-Day_Color_Sph_Fix,Clalen D_Green_55%(중국_축고정) + -03.25,사출,2026-08-05
C관(2공장),1-Day_Color_Sph_Fix,Clalen D_Green_55%(중국_축고정) + -03.25,접착,2026-08-09
C관(2공장),1-Day_Color_Sph_Fix,Clalen D_Green_55%(중국_축고정) + -03.25,하이드레이션,2026-08-07
C관(2공장),1-Day_Color_Sph_Fix,Clalen D_Green_55%(중국_축고정) + -03.50,누수규격,2026-08-10
C관(2공장),1-Day_Color_Sph_Fix,Clalen D_Green_55%(중국_축고정) + -03.50,분리,2026-08-06
C관(2공장),1-Day_Color_Sph_Fix,Clalen D_Green_55%(중국_축고정) + -03.50,사출,2026-08-05
C관(2공장),1-Day_Color_Sph_Fix,Clalen D_Green_55%(중국_축고정) + -03.50,접착,2026-08-09
C관(2공장),1-Day_Color_Sph_Fix,Clalen D_Green_55%(중국_축고정) + -03.50,하이드레이션,2026-08-07
C관(2공장),1-Day_Color_Sph_Fix,Clalen D_Green_55%(중국_축고정) + -03.75,누수규격,2026-08-10
C관(2공장),1-Day_Color_Sph_Fix,Clalen D_Green_55%(중국_축고정) + -03.75,분리,2026-08-06
C관(2공장),1-Day_Color_Sph_Fix,Clalen D_Green_55%(중국_축고정) + -03.75,사출,2026-08-05
C관(2공장),1-Day_Color_Sph_Fix,Clalen D_Green_55%(중국_축고정) + -03.75,접착,2026-08-09
C관(2공장),1-Day_Color_Sph_Fix,Clalen D_Green_55%(중국_축고정) + -03.75,하이드레이션,2026-08-07
C관(2공장),1-Day_Color_Sph_Fix,Clalen D_Green_55%(중국_축고정) + -04.00,누수규격,2026-08-10
C관(2공장),1-Day_Color_Sph_Fix,Clalen D_Green_55%(중국_축고정) + -04.00,분리,2026-08-06
C관(2공장),1-Day_Color_Sph_Fix,Clalen D_Green_55%(중국_축고정) + -04.00,사출,2026-08-05
C관(2공장),1-Day_Color_Sph_Fix,Clalen D_Green_55%(중국_축고정) + -04.00,접착,2026-08-09
C관(2공장),1-Day_Color_Sph_Fix,Clalen D_Green_55%(중국_축고정) + -04.00,하이드레이션,2026-08-07
C관(2공장),1-Day_Color_Sph_Fix,Clalen D_Green_55%(중국_축고정) + -04.25,누수규격,2026-08-10
C관(2공장),1-Day_Color_Sph_Fix,Clalen D_Green_55%(중국_축고정) + -04.25,분리,2026-08-06
C관(2공장),1-Day_Color_Sph_Fix,Clalen D_Green_55%(중국_축고정) + -04.25,사출,2026-08-05
C관(2공장),1-Day_Color_Sph_Fix,Clalen D_Green_55%(중국_축고정) + -04.25,접착,2026-08-09
C관(2공장),1-Day_Color_Sph_Fix,Clalen D_Green_55%(중국_축고정) + -04.25,하이드레이션,2026-08-07
C관(2공장),1-Day_Color_Sph_Fix,Clalen D_Green_55%(중국_축고정) + -04.50,누수규격,2026-08-10
C관(2공장),1-Day_Color_Sph_Fix,Clalen D_Green_55%(중국_축고정) + -04.50,분리,2026-08-06
C관(2공장),1-Day_Color_Sph_Fix,Clalen D_Green_55%(중국_축고정) + -04.50,사출,2026-08-05
C관(2공장),1-Day_Color_Sph_Fix,Clalen D_Green_55%(중국_축고정) + -04.50,접착,2026-08-09
C관(2공장),1-Day_Color_Sph_Fix,Clalen D_Green_55%(중국_축고정) + -04.50,하이드레이션,2026-08-07
C관(2공장),1-Day_Color_Sph_Fix,Clalen D_Green_55%(중국_축고정) + -04.75,누수규격,2026-08-10
C관(2공장),1-Day_Color_Sph_Fix,Clalen D_Green_55%(중국_축고정) + -04.75,분리,2026-08-06
C관(2공장),1-Day_Color_Sph_Fix,Clalen D_Green_55%(중국_축고정) + -04.75,사출,2026-08-05
C관(2공장),1-Day_Color_Sph_Fix,Clalen D_Green_55%(중국_축고정) + -04.75,접착,2026-08-09
C관(2공장),1-Day_Color_Sph_Fix,Clalen D_Green_55%(중국_축고정) + -04.75,하이드레이션,2026-08-07
C관(2공장),1-Day_Color_Sph_Fix,Clalen D_Green_55%(중국_축고정) + -05.00,누수규격,2026-08-10
C관(2공장),1-Day_Color_Sph_Fix,Clalen D_Green_55%(중국_축고정) + -05.00,분리,2026-08-06
C관(2공장),1-Day_Color_Sph_Fix,Clalen D_Green_55%(중국_축고정) + -05.00,사출,2026-08-05
C관(2공장),1-Day_Color_Sph_Fix,Clalen D_Green_55%(중국_축고정) + -05.00,접착,2026-08-09
C관(2공장),1-Day_Color_Sph_Fix,Clalen D_Green_55%(중국_축고정) + -05.00,하이드레이션,2026-08-07
C관(2공장),1-Day_Color_Sph_Fix,Clalen D_Green_55%(중국_축고정) + -05.25,누수규격,2026-08-10
C관(2공장),1-Day_Color_Sph_Fix,Clalen D_Green_55%(중국_축고정) + -05.25,분리,2026-08-06
C관(2공장),1-Day_Color_Sph_Fix,Clalen D_Green_55%(중국_축고정) + -05.25,사출,2026-08-05
C관(2공장),1-Day_Color_Sph_Fix,Clalen D_Green_55%(중국_축고정) + -05.25,접착,2026-08-09
C관(2공장),1-Day_Color_Sph_Fix,Clalen D_Green_55%(중국_축고정) + -05.25,하이드레이션,2026-08-07
C관(2공장),1-Day_Color_Sph_Fix,Clalen D_Green_55%(중국_축고정) + -05.50,누수규격,2026-08-10
C관(2공장),1-Day_Color_Sph_Fix,Clalen D_Green_55%(중국_축고정) + -05.50,분리,2026-08-06
C관(2공장),1-Day_Color_Sph_Fix,Clalen D_Green_55%(중국_축고정) + -05.50,사출,2026-08-05
C관(2공장),1-Day_Color_Sph_Fix,Clalen D_Green_55%(중국_축고정) + -05.50,접착,2026-08-09
C관(2공장),1-Day_Color_Sph_Fix,Clalen D_Green_55%(중국_축고정) + -05.50,하이드레이션,2026-08-07
C관(2공장),1-Day_Color_Sph_Fix,Clalen D_Green_55%(중국_축고정) + -05.75,누수규격,2026-08-10
C관(2공장),1-Day_Color_Sph_Fix,Clalen D_Green_55%(중국_축고정) + -05.75,분리,2026-08-06
C관(2공장),1-Day_Color_Sph_Fix,Clalen D_Green_55%(중국_축고정) + -05.75,사출,2026-08-05
C관(2공장),1-Day_Color_Sph_Fix,Clalen D_Green_55%(중국_축고정) + -05.75,접착,2026-08-09
C관(2공장),1-Day_Color_Sph_Fix,Clalen D_Green_55%(중국_축고정) + -05.75,하이드레이션,2026-08-07
C관(2공장),1-Day_Color_Sph_Fix,Clalen D_Green_55%(중국_축고정) + -06.00,누수규격,2026-08-10
C관(2공장),1-Day_Color_Sph_Fix,Clalen D_Green_55%(중국_축고정) + -06.00,분리,2026-08-06
C관(2공장),1-Day_Color_Sph_Fix,Clalen D_Green_55%(중국_축고정) + -06.00,사출,2026-08-05
C관(2공장),1-Day_Color_Sph_Fix,Clalen D_Green_55%(중국_축고정) + -06.00,접착,2026-08-09
C관(2공장),1-Day_Color_Sph_Fix,Clalen D_Green_55%(중국_축고정) + -06.00,하이드레이션,2026-08-07
C관(2공장),1-Day_Color_Sph_Fix,Clalen D_Green_55%(중국_축고정) + -06.50,누수규격,2026-08-10
C관(2공장),1-Day_Color_Sph_Fix,Clalen D_Green_55%(중국_축고정) + -06.50,분리,2026-08-06
C관(2공장),1-Day_Color_Sph_Fix,Clalen D_Green_55%(중국_축고정) + -06.50,사출,2026-08-05
C관(2공장),1-Day_Color_Sph_Fix,Clalen D_Green_55%(중국_축고정) + -06.50,접착,2026-08-09
C관(2공장),1-Day_Color_Sph_Fix,Clalen D_Green_55%(중국_축고정) + -06.50,하이드레이션,2026-08-07
C관(2공장),1-Day_Color_Sph_Fix,Clalen D_Green_55%(중국_축고정) + -07.00,누수규격,2026-08-10
C관(2공장),1-Day_Color_Sph_Fix,Clalen D_Green_55%(중국_축고정) + -07.00,분리,2026-08-06
C관(2공장),1-Day_Color_Sph_Fix,Clalen D_Green_55%(중국_축고정) + -07.00,사출,2026-08-05
C관(2공장),1-Day_Color_Sph_Fix,Clalen D_Green_55%(중국_축고정) + -07.00,접착,2026-08-09
C관(2공장),1-Day_Color_Sph_Fix,Clalen D_Green_55%(중국_축고정) + -07.00,하이드레이션,2026-08-07
C관(2공장),1-Day_Color_Sph_Fix,Clalen D_Green_55%(중국_축고정) + -07.50,누수규격,2026-08-10
C관(2공장),1-Day_Color_Sph_Fix,Clalen D_Green_55%(중국_축고정) + -07.50,분리,2026-08-06
C관(2공장),1-Day_Color_Sph_Fix,Clalen D_Green_55%(중국_축고정) + -07.50,사출,2026-08-05
C관(2공장),1-Day_Color_Sph_Fix,Clalen D_Green_55%(중국_축고정) + -07.50,접착,2026-08-09
C관(2공장),1-Day_Color_Sph_Fix,Clalen D_Green_55%(중국_축고정) + -07.50,하이드레이션,2026-08-07
C관(2공장),1-Day_Color_Sph_Fix,Clalen D_Green_55%(중국_축고정) + -08.00,누수규격,2026-08-10
C관(2공장),1-Day_Color_Sph_Fix,Clalen D_Green_55%(중국_축고정) + -08.00,분리,2026-08-06
C관(2공장),1-Day_Color_Sph_Fix,Clalen D_Green_55%(중국_축고정) + -08.00,사출,2026-08-05
C관(2공장),1-Day_Color_Sph_Fix,Clalen D_Green_55%(중국_축고정) + -08.00,접착,2026-08-09
C관(2공장),1-Day_Color_Sph_Fix,Clalen D_Green_55%(중국_축고정) + -08.00,하이드레이션,2026-08-07
C관(2공장),1-Day_Color_Sph_Fix,Clalen D_Pink brown_55%(중국_축고정) + -00.00,누수규격,2026-08-10
C관(2공장),1-Day_Color_Sph_Fix,Clalen D_Pink brown_55%(중국_축고정) + -00.00,분리,2026-08-06
C관(2공장),1-Day_Color_Sph_Fix,Clalen D_Pink brown_55%(중국_축고정) + -00.00,사출,2026-08-05
C관(2공장),1-Day_Color_Sph_Fix,Clalen D_Pink brown_55%(중국_축고정) + -00.00,접착,2026-08-09
C관(2공장),1-Day_Color_Sph_Fix,Clalen D_Pink brown_55%(중국_축고정) + -00.00,하이드레이션,2026-08-07
C관(2공장),1-Day_Color_Sph_Fix,Clalen D_Pink brown_55%(중국_축고정) + -01.00,누수규격,2026-08-10
C관(2공장),1-Day_Color_Sph_Fix,Clalen D_Pink brown_55%(중국_축고정) + -01.00,분리,2026-08-06
C관(2공장),1-Day_Color_Sph_Fix,Clalen D_Pink brown_55%(중국_축고정) + -01.00,사출,2026-08-05
C관(2공장),1-Day_Color_Sph_Fix,Clalen D_Pink brown_55%(중국_축고정) + -01.00,접착,2026-08-09
C관(2공장),1-Day_Color_Sph_Fix,Clalen D_Pink brown_55%(중국_축고정) + -01.00,하이드레이션,2026-08-07
C관(2공장),1-Day_Color_Sph_Fix,Clalen D_Pink brown_55%(중국_축고정) + -01.25,누수규격,2026-08-10
C관(2공장),1-Day_Color_Sph_Fix,Clalen D_Pink brown_55%(중국_축고정) + -01.25,분리,2026-08-06
C관(2공장),1-Day_Color_Sph_Fix,Clalen D_Pink brown_55%(중국_축고정) + -01.25,사출,2026-08-05
C관(2공장),1-Day_Color_Sph_Fix,Clalen D_Pink brown_55%(중국_축고정) + -01.25,접착,2026-08-09
C관(2공장),1-Day_Color_Sph_Fix,Clalen D_Pink brown_55%(중국_축고정) + -01.25,하이드레이션,2026-08-07
C관(2공장),1-Day_Color_Sph_Fix,Clalen D_Pink brown_55%(중국_축고정) + -01.50,누수규격,2026-08-10
C관(2공장),1-Day_Color_Sph_Fix,Clalen D_Pink brown_55%(중국_축고정) + -01.50,분리,2026-08-06
C관(2공장),1-Day_Color_Sph_Fix,Clalen D_Pink brown_55%(중국_축고정) + -01.50,사출,2026-08-05
C관(2공장),1-Day_Color_Sph_Fix,Clalen D_Pink brown_55%(중국_축고정) + -01.50,접착,2026-08-09
C관(2공장),1-Day_Color_Sph_Fix,Clalen D_Pink brown_55%(중국_축고정) + -01.50,하이드레이션,2026-08-07
C관(2공장),1-Day_Color_Sph_Fix,Clalen D_Pink brown_55%(중국_축고정) + -01.75,누수규격,2026-08-10
C관(2공장),1-Day_Color_Sph_Fix,Clalen D_Pink brown_55%(중국_축고정) + -01.75,분리,2026-08-06
C관(2공장),1-Day_Color_Sph_Fix,Clalen D_Pink brown_55%(중국_축고정) + -01.75,사출,2026-08-05
C관(2공장),1-Day_Color_Sph_Fix,Clalen D_Pink brown_55%(중국_축고정) + -01.75,접착,2026-08-09
C관(2공장),1-Day_Color_Sph_Fix,Clalen D_Pink brown_55%(중국_축고정) + -01.75,하이드레이션,2026-08-07
C관(2공장),1-Day_Color_Sph_Fix,Clalen D_Pink brown_55%(중국_축고정) + -02.00,누수규격,2026-08-10
C관(2공장),1-Day_Color_Sph_Fix,Clalen D_Pink brown_55%(중국_축고정) + -02.00,분리,2026-08-06
C관(2공장),1-Day_Color_Sph_Fix,Clalen D_Pink brown_55%(중국_축고정) + -02.00,사출,2026-08-05
C관(2공장),1-Day_Color_Sph_Fix,Clalen D_Pink brown_55%(중국_축고정) + -02.00,접착,2026-08-09
C관(2공장),1-Day_Color_Sph_Fix,Clalen D_Pink brown_55%(중국_축고정) + -02.00,하이드레이션,2026-08-07
C관(2공장),1-Day_Color_Sph_Fix,Clalen D_Pink brown_55%(중국_축고정) + -02.25,누수규격,2026-08-10
C관(2공장),1-Day_Color_Sph_Fix,Clalen D_Pink brown_55%(중국_축고정) + -02.25,분리,2026-08-06
C관(2공장),1-Day_Color_Sph_Fix,Clalen D_Pink brown_55%(중국_축고정) + -02.25,사출,2026-08-05
C관(2공장),1-Day_Color_Sph_Fix,Clalen D_Pink brown_55%(중국_축고정) + -02.25,접착,2026-08-09
C관(2공장),1-Day_Color_Sph_Fix,Clalen D_Pink brown_55%(중국_축고정) + -02.25,하이드레이션,2026-08-07
C관(2공장),1-Day_Color_Sph_Fix,Clalen D_Pink brown_55%(중국_축고정) + -02.50,누수규격,2026-08-10
C관(2공장),1-Day_Color_Sph_Fix,Clalen D_Pink brown_55%(중국_축고정) + -02.50,분리,2026-08-06
C관(2공장),1-Day_Color_Sph_Fix,Clalen D_Pink brown_55%(중국_축고정) + -02.50,사출,2026-08-05
C관(2공장),1-Day_Color_Sph_Fix,Clalen D_Pink brown_55%(중국_축고정) + -02.50,접착,2026-08-09
C관(2공장),1-Day_Color_Sph_Fix,Clalen D_Pink brown_55%(중국_축고정) + -02.50,하이드레이션,2026-08-07
C관(2공장),1-Day_Color_Sph_Fix,Clalen D_Pink brown_55%(중국_축고정) + -02.75,누수규격,2026-08-10
C관(2공장),1-Day_Color_Sph_Fix,Clalen D_Pink brown_55%(중국_축고정) + -02.75,분리,2026-08-06
C관(2공장),1-Day_Color_Sph_Fix,Clalen D_Pink brown_55%(중국_축고정) + -02.75,사출,2026-08-05
C관(2공장),1-Day_Color_Sph_Fix,Clalen D_Pink brown_55%(중국_축고정) + -02.75,접착,2026-08-09
C관(2공장),1-Day_Color_Sph_Fix,Clalen D_Pink brown_55%(중국_축고정) + -02.75,하이드레이션,2026-08-07
C관(2공장),1-Day_Color_Sph_Fix,Clalen D_Pink brown_55%(중국_축고정) + -03.00,누수규격,2026-08-10
C관(2공장),1-Day_Color_Sph_Fix,Clalen D_Pink brown_55%(중국_축고정) + -03.00,분리,2026-08-06
C관(2공장),1-Day_Color_Sph_Fix,Clalen D_Pink brown_55%(중국_축고정) + -03.00,사출,2026-08-05
C관(2공장),1-Day_Color_Sph_Fix,Clalen D_Pink brown_55%(중국_축고정) + -03.00,접착,2026-08-09
C관(2공장),1-Day_Color_Sph_Fix,Clalen D_Pink brown_55%(중국_축고정) + -03.00,하이드레이션,2026-08-07
C관(2공장),1-Day_Color_Sph_Fix,Clalen D_Pink brown_55%(중국_축고정) + -03.25,누수규격,2026-08-10
C관(2공장),1-Day_Color_Sph_Fix,Clalen D_Pink brown_55%(중국_축고정) + -03.25,분리,2026-08-06
C관(2공장),1-Day_Color_Sph_Fix,Clalen D_Pink brown_55%(중국_축고정) + -03.25,사출,2026-08-05
C관(2공장),1-Day_Color_Sph_Fix,Clalen D_Pink brown_55%(중국_축고정) + -03.25,접착,2026-08-09
C관(2공장),1-Day_Color_Sph_Fix,Clalen D_Pink brown_55%(중국_축고정) + -03.25,하이드레이션,2026-08-07
C관(2공장),1-Day_Color_Sph_Fix,Clalen D_Pink brown_55%(중국_축고정) + -03.50,누수규격,2026-08-10
C관(2공장),1-Day_Color_Sph_Fix,Clalen D_Pink brown_55%(중국_축고정) + -03.50,분리,2026-08-06
C관(2공장),1-Day_Color_Sph_Fix,Clalen D_Pink brown_55%(중국_축고정) + -03.50,사출,2026-08-05
C관(2공장),1-Day_Color_Sph_Fix,Clalen D_Pink brown_55%(중국_축고정) + -03.50,접착,2026-08-09
C관(2공장),1-Day_Color_Sph_Fix,Clalen D_Pink brown_55%(중국_축고정) + -03.50,하이드레이션,2026-08-07
C관(2공장),1-Day_Color_Sph_Fix,Clalen D_Pink brown_55%(중국_축고정) + -03.75,누수규격,2026-08-10
C관(2공장),1-Day_Color_Sph_Fix,Clalen D_Pink brown_55%(중국_축고정) + -03.75,분리,2026-08-06
C관(2공장),1-Day_Color_Sph_Fix,Clalen D_Pink brown_55%(중국_축고정) + -03.75,사출,2026-08-05
C관(2공장),1-Day_Color_Sph_Fix,Clalen D_Pink brown_55%(중국_축고정) + -03.75,접착,2026-08-09
C관(2공장),1-Day_Color_Sph_Fix,Clalen D_Pink brown_55%(중국_축고정) + -03.75,하이드레이션,2026-08-07
C관(2공장),1-Day_Color_Sph_Fix,Clalen D_Pink brown_55%(중국_축고정) + -04.00,누수규격,2026-08-10
C관(2공장),1-Day_Color_Sph_Fix,Clalen D_Pink brown_55%(중국_축고정) + -04.00,분리,2026-08-06
C관(2공장),1-Day_Color_Sph_Fix,Clalen D_Pink brown_55%(중국_축고정) + -04.00,사출,2026-08-05
C관(2공장),1-Day_Color_Sph_Fix,Clalen D_Pink brown_55%(중국_축고정) + -04.00,접착,2026-08-09
C관(2공장),1-Day_Color_Sph_Fix,Clalen D_Pink brown_55%(중국_축고정) + -04.00,하이드레이션,2026-08-07
C관(2공장),1-Day_Color_Sph_Fix,Clalen D_Pink brown_55%(중국_축고정) + -04.25,누수규격,2026-08-10
C관(2공장),1-Day_Color_Sph_Fix,Clalen D_Pink brown_55%(중국_축고정) + -04.25,분리,2026-08-06
C관(2공장),1-Day_Color_Sph_Fix,Clalen D_Pink brown_55%(중국_축고정) + -04.25,사출,2026-08-05
C관(2공장),1-Day_Color_Sph_Fix,Clalen D_Pink brown_55%(중국_축고정) + -04.25,접착,2026-08-09
C관(2공장),1-Day_Color_Sph_Fix,Clalen D_Pink brown_55%(중국_축고정) + -04.25,하이드레이션,2026-08-07
C관(2공장),1-Day_Color_Sph_Fix,Clalen D_Pink brown_55%(중국_축고정) + -04.50,누수규격,2026-08-10
C관(2공장),1-Day_Color_Sph_Fix,Clalen D_Pink brown_55%(중국_축고정) + -04.50,분리,2026-08-06
C관(2공장),1-Day_Color_Sph_Fix,Clalen D_Pink brown_55%(중국_축고정) + -04.50,사출,2026-08-05
C관(2공장),1-Day_Color_Sph_Fix,Clalen D_Pink brown_55%(중국_축고정) + -04.50,접착,2026-08-09
C관(2공장),1-Day_Color_Sph_Fix,Clalen D_Pink brown_55%(중국_축고정) + -04.50,하이드레이션,2026-08-07
C관(2공장),1-Day_Color_Sph_Fix,Clalen D_Pink brown_55%(중국_축고정) + -04.75,누수규격,2026-08-10
C관(2공장),1-Day_Color_Sph_Fix,Clalen D_Pink brown_55%(중국_축고정) + -04.75,분리,2026-08-06
C관(2공장),1-Day_Color_Sph_Fix,Clalen D_Pink brown_55%(중국_축고정) + -04.75,사출,2026-08-05
C관(2공장),1-Day_Color_Sph_Fix,Clalen D_Pink brown_55%(중국_축고정) + -04.75,접착,2026-08-09
C관(2공장),1-Day_Color_Sph_Fix,Clalen D_Pink brown_55%(중국_축고정) + -04.75,하이드레이션,2026-08-07
C관(2공장),1-Day_Color_Sph_Fix,Clalen D_Pink brown_55%(중국_축고정) + -05.00,누수규격,2026-08-10
C관(2공장),1-Day_Color_Sph_Fix,Clalen D_Pink brown_55%(중국_축고정) + -05.00,분리,2026-08-06
C관(2공장),1-Day_Color_Sph_Fix,Clalen D_Pink brown_55%(중국_축고정) + -05.00,사출,2026-08-05
C관(2공장),1-Day_Color_Sph_Fix,Clalen D_Pink brown_55%(중국_축고정) + -05.00,접착,2026-08-09
C관(2공장),1-Day_Color_Sph_Fix,Clalen D_Pink brown_55%(중국_축고정) + -05.00,하이드레이션,2026-08-07
C관(2공장),1-Day_Color_Sph_Fix,Clalen D_Pink brown_55%(중국_축고정) + -05.25,누수규격,2026-08-10
C관(2공장),1-Day_Color_Sph_Fix,Clalen D_Pink brown_55%(중국_축고정) + -05.25,분리,2026-08-06
C관(2공장),1-Day_Color_Sph_Fix,Clalen D_Pink brown_55%(중국_축고정) + -05.25,사출,2026-08-05
C관(2공장),1-Day_Color_Sph_Fix,Clalen D_Pink brown_55%(중국_축고정) + -05.25,접착,2026-08-09
C관(2공장),1-Day_Color_Sph_Fix,Clalen D_Pink brown_55%(중국_축고정) + -05.25,하이드레이션,2026-08-07
C관(2공장),1-Day_Color_Sph_Fix,Clalen D_Pink brown_55%(중국_축고정) + -05.50,누수규격,2026-08-10
C관(2공장),1-Day_Color_Sph_Fix,Clalen D_Pink brown_55%(중국_축고정) + -05.50,분리,2026-08-06
C관(2공장),1-Day_Color_Sph_Fix,Clalen D_Pink brown_55%(중국_축고정) + -05.50,사출,2026-08-05
C관(2공장),1-Day_Color_Sph_Fix,Clalen D_Pink brown_55%(중국_축고정) + -05.50,접착,2026-08-09
C관(2공장),1-Day_Color_Sph_Fix,Clalen D_Pink brown_55%(중국_축고정) + -05.50,하이드레이션,2026-08-07
C관(2공장),1-Day_Color_Sph_Fix,Clalen D_Pink brown_55%(중국_축고정) + -05.75,누수규격,2026-08-10
C관(2공장),1-Day_Color_Sph_Fix,Clalen D_Pink brown_55%(중국_축고정) + -05.75,분리,2026-08-06
C관(2공장),1-Day_Color_Sph_Fix,Clalen D_Pink brown_55%(중국_축고정) + -05.75,사출,2026-08-05
C관(2공장),1-Day_Color_Sph_Fix,Clalen D_Pink brown_55%(중국_축고정) + -05.75,접착,2026-08-09
C관(2공장),1-Day_Color_Sph_Fix,Clalen D_Pink brown_55%(중국_축고정) + -05.75,하이드레이션,2026-08-07
C관(2공장),1-Day_Color_Sph_Fix,Clalen D_Pink brown_55%(중국_축고정) + -06.00,누수규격,2026-08-10
C관(2공장),1-Day_Color_Sph_Fix,Clalen D_Pink brown_55%(중국_축고정) + -06.00,분리,2026-08-06
C관(2공장),1-Day_Color_Sph_Fix,Clalen D_Pink brown_55%(중국_축고정) + -06.00,사출,2026-08-05
C관(2공장),1-Day_Color_Sph_Fix,Clalen D_Pink brown_55%(중국_축고정) + -06.00,접착,2026-08-09
C관(2공장),1-Day_Color_Sph_Fix,Clalen D_Pink brown_55%(중국_축고정) + -06.00,하이드레이션,2026-08-07
C관(2공장),1-Day_Color_Sph_Fix,Clalen D_Pink brown_55%(중국_축고정) + -06.50,누수규격,2026-08-10
C관(2공장),1-Day_Color_Sph_Fix,Clalen D_Pink brown_55%(중국_축고정) + -06.50,분리,2026-08-06
C관(2공장),1-Day_Color_Sph_Fix,Clalen D_Pink brown_55%(중국_축고정) + -06.50,사출,2026-08-05
C관(2공장),1-Day_Color_Sph_Fix,Clalen D_Pink brown_55%(중국_축고정) + -06.50,접착,2026-08-09
C관(2공장),1-Day_Color_Sph_Fix,Clalen D_Pink brown_55%(중국_축고정) + -06.50,하이드레이션,2026-08-07
C관(2공장),1-Day_Color_Sph_Fix,Clalen D_Pink brown_55%(중국_축고정) + -07.00,누수규격,2026-08-10
C관(2공장),1-Day_Color_Sph_Fix,Clalen D_Pink brown_55%(중국_축고정) + -07.00,분리,2026-08-06
C관(2공장),1-Day_Color_Sph_Fix,Clalen D_Pink brown_55%(중국_축고정) + -07.00,사출,2026-08-05
C관(2공장),1-Day_Color_Sph_Fix,Clalen D_Pink brown_55%(중국_축고정) + -07.00,접착,2026-08-09
C관(2공장),1-Day_Color_Sph_Fix,Clalen D_Pink brown_55%(중국_축고정) + -07.00,하이드레이션,2026-08-07
C관(2공장),1-Day_Color_Sph_Fix,Clalen D_Pink brown_55%(중국_축고정) + -07.50,누수규격,2026-08-10
C관(2공장),1-Day_Color_Sph_Fix,Clalen D_Pink brown_55%(중국_축고정) + -07.50,분리,2026-08-06
C관(2공장),1-Day_Color_Sph_Fix,Clalen D_Pink brown_55%(중국_축고정) + -07.50,사출,2026-08-05
C관(2공장),1-Day_Color_Sph_Fix,Clalen D_Pink brown_55%(중국_축고정) + -07.50,접착,2026-08-09
C관(2공장),1-Day_Color_Sph_Fix,Clalen D_Pink brown_55%(중국_축고정) + -07.50,하이드레이션,2026-08-07
C관(2공장),1-Day_Color_Sph_Fix,Clalen D_Pink brown_55%(중국_축고정) + -08.00,누수규격,2026-08-10
C관(2공장),1-Day_Color_Sph_Fix,Clalen D_Pink brown_55%(중국_축고정) + -08.00,분리,2026-08-06
C관(2공장),1-Day_Color_Sph_Fix,Clalen D_Pink brown_55%(중국_축고정) + -08.00,사출,2026-08-05
C관(2공장),1-Day_Color_Sph_Fix,Clalen D_Pink brown_55%(중국_축고정) + -08.00,접착,2026-08-09
C관(2공장),1-Day_Color_Sph_Fix,Clalen D_Pink brown_55%(중국_축고정) + -08.00,하이드레이션,2026-08-07
C관(2공장),1-Day_Color_Sph_Fix,Clalen D_Purple_55%(중국_축고정) + -00.00,누수규격,2026-08-10
C관(2공장),1-Day_Color_Sph_Fix,Clalen D_Purple_55%(중국_축고정) + -00.00,분리,2026-08-06
C관(2공장),1-Day_Color_Sph_Fix,Clalen D_Purple_55%(중국_축고정) + -00.00,사출,2026-08-05
C관(2공장),1-Day_Color_Sph_Fix,Clalen D_Purple_55%(중국_축고정) + -00.00,접착,2026-08-09
C관(2공장),1-Day_Color_Sph_Fix,Clalen D_Purple_55%(중국_축고정) + -00.00,하이드레이션,2026-08-07
C관(2공장),1-Day_Color_Sph_Fix,Clalen D_Purple_55%(중국_축고정) + -01.00,누수규격,2026-08-10
C관(2공장),1-Day_Color_Sph_Fix,Clalen D_Purple_55%(중국_축고정) + -01.00,분리,2026-08-06
C관(2공장),1-Day_Color_Sph_Fix,Clalen D_Purple_55%(중국_축고정) + -01.00,사출,2026-08-05
C관(2공장),1-Day_Color_Sph_Fix,Clalen D_Purple_55%(중국_축고정) + -01.00,접착,2026-08-09
C관(2공장),1-Day_Color_Sph_Fix,Clalen D_Purple_55%(중국_축고정) + -01.00,하이드레이션,2026-08-07
C관(2공장),1-Day_Color_Sph_Fix,Clalen D_Purple_55%(중국_축고정) + -01.25,누수규격,2026-08-10
C관(2공장),1-Day_Color_Sph_Fix,Clalen D_Purple_55%(중국_축고정) + -01.25,분리,2026-08-06
C관(2공장),1-Day_Color_Sph_Fix,Clalen D_Purple_55%(중국_축고정) + -01.25,사출,2026-08-05
C관(2공장),1-Day_Color_Sph_Fix,Clalen D_Purple_55%(중국_축고정) + -01.25,접착,2026-08-09
C관(2공장),1-Day_Color_Sph_Fix,Clalen D_Purple_55%(중국_축고정) + -01.25,하이드레이션,2026-08-07
C관(2공장),1-Day_Color_Sph_Fix,Clalen D_Purple_55%(중국_축고정) + -01.50,누수규격,2026-08-10
C관(2공장),1-Day_Color_Sph_Fix,Clalen D_Purple_55%(중국_축고정) + -01.50,분리,2026-08-06
C관(2공장),1-Day_Color_Sph_Fix,Clalen D_Purple_55%(중국_축고정) + -01.50,사출,2026-08-05
C관(2공장),1-Day_Color_Sph_Fix,Clalen D_Purple_55%(중국_축고정) + -01.50,접착,2026-08-09
C관(2공장),1-Day_Color_Sph_Fix,Clalen D_Purple_55%(중국_축고정) + -01.50,하이드레이션,2026-08-07
C관(2공장),1-Day_Color_Sph_Fix,Clalen D_Purple_55%(중국_축고정) + -01.75,누수규격,2026-08-10
C관(2공장),1-Day_Color_Sph_Fix,Clalen D_Purple_55%(중국_축고정) + -01.75,분리,2026-08-06
C관(2공장),1-Day_Color_Sph_Fix,Clalen D_Purple_55%(중국_축고정) + -01.75,사출,2026-08-05
C관(2공장),1-Day_Color_Sph_Fix,Clalen D_Purple_55%(중국_축고정) + -01.75,접착,2026-08-09
C관(2공장),1-Day_Color_Sph_Fix,Clalen D_Purple_55%(중국_축고정) + -01.75,하이드레이션,2026-08-07
C관(2공장),1-Day_Color_Sph_Fix,Clalen D_Purple_55%(중국_축고정) + -02.00,누수규격,2026-08-10
C관(2공장),1-Day_Color_Sph_Fix,Clalen D_Purple_55%(중국_축고정) + -02.00,분리,2026-08-06
C관(2공장),1-Day_Color_Sph_Fix,Clalen D_Purple_55%(중국_축고정) + -02.00,사출,2026-08-05
C관(2공장),1-Day_Color_Sph_Fix,Clalen D_Purple_55%(중국_축고정) + -02.00,접착,2026-08-09
C관(2공장),1-Day_Color_Sph_Fix,Clalen D_Purple_55%(중국_축고정) + -02.00,하이드레이션,2026-08-07
C관(2공장),1-Day_Color_Sph_Fix,Clalen D_Purple_55%(중국_축고정) + -02.25,누수규격,2026-08-10
C관(2공장),1-Day_Color_Sph_Fix,Clalen D_Purple_55%(중국_축고정) + -02.25,분리,2026-08-06
C관(2공장),1-Day_Color_Sph_Fix,Clalen D_Purple_55%(중국_축고정) + -02.25,사출,2026-08-05
C관(2공장),1-Day_Color_Sph_Fix,Clalen D_Purple_55%(중국_축고정) + -02.25,접착,2026-08-09
C관(2공장),1-Day_Color_Sph_Fix,Clalen D_Purple_55%(중국_축고정) + -02.25,하이드레이션,2026-08-07
C관(2공장),1-Day_Color_Sph_Fix,Clalen D_Purple_55%(중국_축고정) + -02.50,누수규격,2026-08-10
C관(2공장),1-Day_Color_Sph_Fix,Clalen D_Purple_55%(중국_축고정) + -02.50,분리,2026-08-06
C관(2공장),1-Day_Color_Sph_Fix,Clalen D_Purple_55%(중국_축고정) + -02.50,사출,2026-08-05
C관(2공장),1-Day_Color_Sph_Fix,Clalen D_Purple_55%(중국_축고정) + -02.50,접착,2026-08-09
C관(2공장),1-Day_Color_Sph_Fix,Clalen D_Purple_55%(중국_축고정) + -02.50,하이드레이션,2026-08-07
C관(2공장),1-Day_Color_Sph_Fix,Clalen D_Purple_55%(중국_축고정) + -02.75,누수규격,2026-08-10
C관(2공장),1-Day_Color_Sph_Fix,Clalen D_Purple_55%(중국_축고정) + -02.75,분리,2026-08-06
C관(2공장),1-Day_Color_Sph_Fix,Clalen D_Purple_55%(중국_축고정) + -02.75,사출,2026-08-05
C관(2공장),1-Day_Color_Sph_Fix,Clalen D_Purple_55%(중국_축고정) + -02.75,접착,2026-08-09
C관(2공장),1-Day_Color_Sph_Fix,Clalen D_Purple_55%(중국_축고정) + -02.75,하이드레이션,2026-08-07
C관(2공장),1-Day_Color_Sph_Fix,Clalen D_Purple_55%(중국_축고정) + -03.00,누수규격,2026-08-10
C관(2공장),1-Day_Color_Sph_Fix,Clalen D_Purple_55%(중국_축고정) + -03.00,분리,2026-08-06
C관(2공장),1-Day_Color_Sph_Fix,Clalen D_Purple_55%(중국_축고정) + -03.00,사출,2026-08-05
C관(2공장),1-Day_Color_Sph_Fix,Clalen D_Purple_55%(중국_축고정) + -03.00,접착,2026-08-09
C관(2공장),1-Day_Color_Sph_Fix,Clalen D_Purple_55%(중국_축고정) + -03.00,하이드레이션,2026-08-07
C관(2공장),1-Day_Color_Sph_Fix,Clalen D_Purple_55%(중국_축고정) + -03.25,누수규격,2026-08-10
C관(2공장),1-Day_Color_Sph_Fix,Clalen D_Purple_55%(중국_축고정) + -03.25,분리,2026-08-06
C관(2공장),1-Day_Color_Sph_Fix,Clalen D_Purple_55%(중국_축고정) + -03.25,사출,2026-08-05
C관(2공장),1-Day_Color_Sph_Fix,Clalen D_Purple_55%(중국_축고정) + -03.25,접착,2026-08-09
C관(2공장),1-Day_Color_Sph_Fix,Clalen D_Purple_55%(중국_축고정) + -03.25,하이드레이션,2026-08-07
C관(2공장),1-Day_Color_Sph_Fix,Clalen D_Purple_55%(중국_축고정) + -03.50,누수규격,2026-08-10
C관(2공장),1-Day_Color_Sph_Fix,Clalen D_Purple_55%(중국_축고정) + -03.50,분리,2026-08-06
C관(2공장),1-Day_Color_Sph_Fix,Clalen D_Purple_55%(중국_축고정) + -03.50,사출,2026-08-05
C관(2공장),1-Day_Color_Sph_Fix,Clalen D_Purple_55%(중국_축고정) + -03.50,접착,2026-08-09
C관(2공장),1-Day_Color_Sph_Fix,Clalen D_Purple_55%(중국_축고정) + -03.50,하이드레이션,2026-08-07
C관(2공장),1-Day_Color_Sph_Fix,Clalen D_Purple_55%(중국_축고정) + -03.75,누수규격,2026-08-10
C관(2공장),1-Day_Color_Sph_Fix,Clalen D_Purple_55%(중국_축고정) + -03.75,분리,2026-08-06
C관(2공장),1-Day_Color_Sph_Fix,Clalen D_Purple_55%(중국_축고정) + -03.75,사출,2026-08-05
C관(2공장),1-Day_Color_Sph_Fix,Clalen D_Purple_55%(중국_축고정) + -03.75,접착,2026-08-09
C관(2공장),1-Day_Color_Sph_Fix,Clalen D_Purple_55%(중국_축고정) + -03.75,하이드레이션,2026-08-07
C관(2공장),1-Day_Color_Sph_Fix,Clalen D_Purple_55%(중국_축고정) + -04.00,누수규격,2026-08-10
C관(2공장),1-Day_Color_Sph_Fix,Clalen D_Purple_55%(중국_축고정) + -04.00,분리,2026-08-06
C관(2공장),1-Day_Color_Sph_Fix,Clalen D_Purple_55%(중국_축고정) + -04.00,사출,2026-08-05
C관(2공장),1-Day_Color_Sph_Fix,Clalen D_Purple_55%(중국_축고정) + -04.00,접착,2026-08-09
C관(2공장),1-Day_Color_Sph_Fix,Clalen D_Purple_55%(중국_축고정) + -04.00,하이드레이션,2026-08-07
C관(2공장),1-Day_Color_Sph_Fix,Clalen D_Purple_55%(중국_축고정) + -04.25,누수규격,2026-08-10
C관(2공장),1-Day_Color_Sph_Fix,Clalen D_Purple_55%(중국_축고정) + -04.25,분리,2026-08-06
C관(2공장),1-Day_Color_Sph_Fix,Clalen D_Purple_55%(중국_축고정) + -04.25,사출,2026-08-05
C관(2공장),1-Day_Color_Sph_Fix,Clalen D_Purple_55%(중국_축고정) + -04.25,접착,2026-08-09
C관(2공장),1-Day_Color_Sph_Fix,Clalen D_Purple_55%(중국_축고정) + -04.25,하이드레이션,2026-08-07
C관(2공장),1-Day_Color_Sph_Fix,Clalen D_Purple_55%(중국_축고정) + -04.50,누수규격,2026-08-10
C관(2공장),1-Day_Color_Sph_Fix,Clalen D_Purple_55%(중국_축고정) + -04.50,분리,2026-08-06
C관(2공장),1-Day_Color_Sph_Fix,Clalen D_Purple_55%(중국_축고정) + -04.50,사출,2026-08-05
C관(2공장),1-Day_Color_Sph_Fix,Clalen D_Purple_55%(중국_축고정) + -04.50,접착,2026-08-09
C관(2공장),1-Day_Color_Sph_Fix,Clalen D_Purple_55%(중국_축고정) + -04.50,하이드레이션,2026-08-07
C관(2공장),1-Day_Color_Sph_Fix,Clalen D_Purple_55%(중국_축고정) + -04.75,누수규격,2026-08-10
C관(2공장),1-Day_Color_Sph_Fix,Clalen D_Purple_55%(중국_축고정) + -04.75,분리,2026-08-06
C관(2공장),1-Day_Color_Sph_Fix,Clalen D_Purple_55%(중국_축고정) + -04.75,사출,2026-08-05
C관(2공장),1-Day_Color_Sph_Fix,Clalen D_Purple_55%(중국_축고정) + -04.75,접착,2026-08-09
C관(2공장),1-Day_Color_Sph_Fix,Clalen D_Purple_55%(중국_축고정) + -04.75,하이드레이션,2026-08-07
C관(2공장),1-Day_Color_Sph_Fix,Clalen D_Purple_55%(중국_축고정) + -05.00,누수규격,2026-08-10
C관(2공장),1-Day_Color_Sph_Fix,Clalen D_Purple_55%(중국_축고정) + -05.00,분리,2026-08-06
C관(2공장),1-Day_Color_Sph_Fix,Clalen D_Purple_55%(중국_축고정) + -05.00,사출,2026-08-05
C관(2공장),1-Day_Color_Sph_Fix,Clalen D_Purple_55%(중국_축고정) + -05.00,접착,2026-08-09
C관(2공장),1-Day_Color_Sph_Fix,Clalen D_Purple_55%(중국_축고정) + -05.00,하이드레이션,2026-08-07
C관(2공장),1-Day_Color_Sph_Fix,Clalen D_Purple_55%(중국_축고정) + -05.25,누수규격,2026-08-10
C관(2공장),1-Day_Color_Sph_Fix,Clalen D_Purple_55%(중국_축고정) + -05.25,분리,2026-08-06
C관(2공장),1-Day_Color_Sph_Fix,Clalen D_Purple_55%(중국_축고정) + -05.25,사출,2026-08-05
C관(2공장),1-Day_Color_Sph_Fix,Clalen D_Purple_55%(중국_축고정) + -05.25,접착,2026-08-09
C관(2공장),1-Day_Color_Sph_Fix,Clalen D_Purple_55%(중국_축고정) + -05.25,하이드레이션,2026-08-07
C관(2공장),1-Day_Color_Sph_Fix,Clalen D_Purple_55%(중국_축고정) + -05.50,누수규격,2026-08-10
C관(2공장),1-Day_Color_Sph_Fix,Clalen D_Purple_55%(중국_축고정) + -05.50,분리,2026-08-06
C관(2공장),1-Day_Color_Sph_Fix,Clalen D_Purple_55%(중국_축고정) + -05.50,사출,2026-08-05
C관(2공장),1-Day_Color_Sph_Fix,Clalen D_Purple_55%(중국_축고정) + -05.50,접착,2026-08-09
C관(2공장),1-Day_Color_Sph_Fix,Clalen D_Purple_55%(중국_축고정) + -05.50,하이드레이션,2026-08-07
C관(2공장),1-Day_Color_Sph_Fix,Clalen D_Purple_55%(중국_축고정) + -05.75,누수규격,2026-08-10
C관(2공장),1-Day_Color_Sph_Fix,Clalen D_Purple_55%(중국_축고정) + -05.75,분리,2026-08-06
C관(2공장),1-Day_Color_Sph_Fix,Clalen D_Purple_55%(중국_축고정) + -05.75,사출,2026-08-05
C관(2공장),1-Day_Color_Sph_Fix,Clalen D_Purple_55%(중국_축고정) + -05.75,접착,2026-08-09
C관(2공장),1-Day_Color_Sph_Fix,Clalen D_Purple_55%(중국_축고정) + -05.75,하이드레이션,2026-08-07
C관(2공장),1-Day_Color_Sph_Fix,Clalen D_Purple_55%(중국_축고정) + -06.00,누수규격,2026-08-10
C관(2공장),1-Day_Color_Sph_Fix,Clalen D_Purple_55%(중국_축고정) + -06.00,분리,2026-08-06
C관(2공장),1-Day_Color_Sph_Fix,Clalen D_Purple_55%(중국_축고정) + -06.00,사출,2026-08-05
C관(2공장),1-Day_Color_Sph_Fix,Clalen D_Purple_55%(중국_축고정) + -06.00,접착,2026-08-09
C관(2공장),1-Day_Color_Sph_Fix,Clalen D_Purple_55%(중국_축고정) + -06.00,하이드레이션,2026-08-07
C관(2공장),1-Day_Color_Sph_Fix,Clalen D_Purple_55%(중국_축고정) + -06.50,누수규격,2026-08-10
C관(2공장),1-Day_Color_Sph_Fix,Clalen D_Purple_55%(중국_축고정) + -06.50,분리,2026-08-06
C관(2공장),1-Day_Color_Sph_Fix,Clalen D_Purple_55%(중국_축고정) + -06.50,사출,2026-08-05
C관(2공장),1-Day_Color_Sph_Fix,Clalen D_Purple_55%(중국_축고정) + -06.50,접착,2026-08-09
C관(2공장),1-Day_Color_Sph_Fix,Clalen D_Purple_55%(중국_축고정) + -06.50,하이드레이션,2026-08-07
C관(2공장),1-Day_Color_Sph_Fix,Clalen D_Purple_55%(중국_축고정) + -07.00,누수규격,2026-08-10
C관(2공장),1-Day_Color_Sph_Fix,Clalen D_Purple_55%(중국_축고정) + -07.00,분리,2026-08-06
C관(2공장),1-Day_Color_Sph_Fix,Clalen D_Purple_55%(중국_축고정) + -07.00,사출,2026-08-05
C관(2공장),1-Day_Color_Sph_Fix,Clalen D_Purple_55%(중국_축고정) + -07.00,접착,2026-08-09
C관(2공장),1-Day_Color_Sph_Fix,Clalen D_Purple_55%(중국_축고정) + -07.00,하이드레이션,2026-08-07
C관(2공장),1-Day_Color_Sph_Fix,Clalen D_Purple_55%(중국_축고정) + -07.50,누수규격,2026-08-10
C관(2공장),1-Day_Color_Sph_Fix,Clalen D_Purple_55%(중국_축고정) + -07.50,분리,2026-08-06
C관(2공장),1-Day_Color_Sph_Fix,Clalen D_Purple_55%(중국_축고정) + -07.50,사출,2026-08-05
C관(2공장),1-Day_Color_Sph_Fix,Clalen D_Purple_55%(중국_축고정) + -07.50,접착,2026-08-09
C관(2공장),1-Day_Color_Sph_Fix,Clalen D_Purple_55%(중국_축고정) + -07.50,하이드레이션,2026-08-07
C관(2공장),1-Day_Color_Sph_Fix,Clalen D_Purple_55%(중국_축고정) + -08.00,누수규격,2026-08-10
C관(2공장),1-Day_Color_Sph_Fix,Clalen D_Purple_55%(중국_축고정) + -08.00,분리,2026-08-06
C관(2공장),1-Day_Color_Sph_Fix,Clalen D_Purple_55%(중국_축고정) + -08.00,사출,2026-08-05
C관(2공장),1-Day_Color_Sph_Fix,Clalen D_Purple_55%(중국_축고정) + -08.00,접착,2026-08-09
C관(2공장),1-Day_Color_Sph_Fix,Clalen D_Purple_55%(중국_축고정) + -08.00,하이드레이션,2026-08-07
C관(2공장),1-Day_Color_Sph_Fix,PIA 1D_BAGUMORE PINK_55% UV 15.0 + -00.00,누수규격,2026-07-23
C관(2공장),1-Day_Color_Sph_Fix,PIA 1D_BAGUMORE PINK_55% UV 15.0 + -00.00,분리,2026-07-19
C관(2공장),1-Day_Color_Sph_Fix,PIA 1D_BAGUMORE PINK_55% UV 15.0 + -00.00,사출,2026-07-18
C관(2공장),1-Day_Color_Sph_Fix,PIA 1D_BAGUMORE PINK_55% UV 15.0 + -00.00,접착,2026-07-22
C관(2공장),1-Day_Color_Sph_Fix,PIA 1D_BAGUMORE PINK_55% UV 15.0 + -00.00,하이드레이션,2026-07-20
C관(2공장),1-Day_Color_Sph_Fix,PIA 1D_BAGUMORE PINK_55% UV 15.0 + -00.75,누수규격,2026-07-23
C관(2공장),1-Day_Color_Sph_Fix,PIA 1D_BAGUMORE PINK_55% UV 15.0 + -00.75,분리,2026-07-19
C관(2공장),1-Day_Color_Sph_Fix,PIA 1D_BAGUMORE PINK_55% UV 15.0 + -00.75,사출,2026-07-18
C관(2공장),1-Day_Color_Sph_Fix,PIA 1D_BAGUMORE PINK_55% UV 15.0 + -00.75,접착,2026-07-22
C관(2공장),1-Day_Color_Sph_Fix,PIA 1D_BAGUMORE PINK_55% UV 15.0 + -00.75,하이드레이션,2026-07-20
C관(2공장),1-Day_Color_Sph_Fix,PIA 1D_BAGUMORE PINK_55% UV 15.0 + -01.00,누수규격,2026-07-23
C관(2공장),1-Day_Color_Sph_Fix,PIA 1D_BAGUMORE PINK_55% UV 15.0 + -01.00,분리,2026-07-19
C관(2공장),1-Day_Color_Sph_Fix,PIA 1D_BAGUMORE PINK_55% UV 15.0 + -01.00,사출,2026-07-18
C관(2공장),1-Day_Color_Sph_Fix,PIA 1D_BAGUMORE PINK_55% UV 15.0 + -01.00,접착,2026-07-22
C관(2공장),1-Day_Color_Sph_Fix,PIA 1D_BAGUMORE PINK_55% UV 15.0 + -01.00,하이드레이션,2026-07-20
C관(2공장),1-Day_Color_Sph_Fix,PIA 1D_BAGUMORE PINK_55% UV 15.0 + -01.25,누수규격,2026-07-23
C관(2공장),1-Day_Color_Sph_Fix,PIA 1D_BAGUMORE PINK_55% UV 15.0 + -01.25,분리,2026-07-19
C관(2공장),1-Day_Color_Sph_Fix,PIA 1D_BAGUMORE PINK_55% UV 15.0 + -01.25,사출,2026-07-18
C관(2공장),1-Day_Color_Sph_Fix,PIA 1D_BAGUMORE PINK_55% UV 15.0 + -01.25,접착,2026-07-22
C관(2공장),1-Day_Color_Sph_Fix,PIA 1D_BAGUMORE PINK_55% UV 15.0 + -01.25,하이드레이션,2026-07-20
C관(2공장),1-Day_Color_Sph_Fix,PIA 1D_BAGUMORE PINK_55% UV 15.0 + -01.50,누수규격,2026-07-23
C관(2공장),1-Day_Color_Sph_Fix,PIA 1D_BAGUMORE PINK_55% UV 15.0 + -01.50,분리,2026-07-19
C관(2공장),1-Day_Color_Sph_Fix,PIA 1D_BAGUMORE PINK_55% UV 15.0 + -01.50,사출,2026-07-18
C관(2공장),1-Day_Color_Sph_Fix,PIA 1D_BAGUMORE PINK_55% UV 15.0 + -01.50,접착,2026-07-22
C관(2공장),1-Day_Color_Sph_Fix,PIA 1D_BAGUMORE PINK_55% UV 15.0 + -01.50,하이드레이션,2026-07-20
C관(2공장),1-Day_Color_Sph_Fix,PIA 1D_BAGUMORE PINK_55% UV 15.0 + -01.75,누수규격,2026-07-23
C관(2공장),1-Day_Color_Sph_Fix,PIA 1D_BAGUMORE PINK_55% UV 15.0 + -01.75,분리,2026-07-19
C관(2공장),1-Day_Color_Sph_Fix,PIA 1D_BAGUMORE PINK_55% UV 15.0 + -01.75,사출,2026-07-18
C관(2공장),1-Day_Color_Sph_Fix,PIA 1D_BAGUMORE PINK_55% UV 15.0 + -01.75,접착,2026-07-22
C관(2공장),1-Day_Color_Sph_Fix,PIA 1D_BAGUMORE PINK_55% UV 15.0 + -01.75,하이드레이션,2026-07-20
C관(2공장),1-Day_Color_Sph_Fix,PIA 1D_BAGUMORE PINK_55% UV 15.0 + -02.00,누수규격,2026-07-23
C관(2공장),1-Day_Color_Sph_Fix,PIA 1D_BAGUMORE PINK_55% UV 15.0 + -02.00,분리,2026-07-19
C관(2공장),1-Day_Color_Sph_Fix,PIA 1D_BAGUMORE PINK_55% UV 15.0 + -02.00,사출,2026-07-18
C관(2공장),1-Day_Color_Sph_Fix,PIA 1D_BAGUMORE PINK_55% UV 15.0 + -02.00,접착,2026-07-22
C관(2공장),1-Day_Color_Sph_Fix,PIA 1D_BAGUMORE PINK_55% UV 15.0 + -02.00,하이드레이션,2026-07-20
C관(2공장),1-Day_Color_Sph_Fix,PIA 1D_BAGUMORE PINK_55% UV 15.0 + -02.25,누수규격,2026-07-23
C관(2공장),1-Day_Color_Sph_Fix,PIA 1D_BAGUMORE PINK_55% UV 15.0 + -02.25,분리,2026-07-19
C관(2공장),1-Day_Color_Sph_Fix,PIA 1D_BAGUMORE PINK_55% UV 15.0 + -02.25,사출,2026-07-18
C관(2공장),1-Day_Color_Sph_Fix,PIA 1D_BAGUMORE PINK_55% UV 15.0 + -02.25,접착,2026-07-22
C관(2공장),1-Day_Color_Sph_Fix,PIA 1D_BAGUMORE PINK_55% UV 15.0 + -02.25,하이드레이션,2026-07-20
C관(2공장),1-Day_Color_Sph_Fix,PIA 1D_BAGUMORE PINK_55% UV 15.0 + -02.50,누수규격,2026-07-23
C관(2공장),1-Day_Color_Sph_Fix,PIA 1D_BAGUMORE PINK_55% UV 15.0 + -02.50,분리,2026-07-19
C관(2공장),1-Day_Color_Sph_Fix,PIA 1D_BAGUMORE PINK_55% UV 15.0 + -02.50,사출,2026-07-18
C관(2공장),1-Day_Color_Sph_Fix,PIA 1D_BAGUMORE PINK_55% UV 15.0 + -02.50,접착,2026-07-22
C관(2공장),1-Day_Color_Sph_Fix,PIA 1D_BAGUMORE PINK_55% UV 15.0 + -02.50,하이드레이션,2026-07-20
C관(2공장),1-Day_Color_Sph_Fix,PIA 1D_BAGUMORE PINK_55% UV 15.0 + -02.75,누수규격,2026-07-23
C관(2공장),1-Day_Color_Sph_Fix,PIA 1D_BAGUMORE PINK_55% UV 15.0 + -02.75,분리,2026-07-19
C관(2공장),1-Day_Color_Sph_Fix,PIA 1D_BAGUMORE PINK_55% UV 15.0 + -02.75,사출,2026-07-18
C관(2공장),1-Day_Color_Sph_Fix,PIA 1D_BAGUMORE PINK_55% UV 15.0 + -02.75,접착,2026-07-22
C관(2공장),1-Day_Color_Sph_Fix,PIA 1D_BAGUMORE PINK_55% UV 15.0 + -02.75,하이드레이션,2026-07-20
C관(2공장),1-Day_Color_Sph_Fix,PIA 1D_BAGUMORE PINK_55% UV 15.0 + -03.00,누수규격,2026-07-23
C관(2공장),1-Day_Color_Sph_Fix,PIA 1D_BAGUMORE PINK_55% UV 15.0 + -03.00,분리,2026-07-19
C관(2공장),1-Day_Color_Sph_Fix,PIA 1D_BAGUMORE PINK_55% UV 15.0 + -03.00,사출,2026-07-18
C관(2공장),1-Day_Color_Sph_Fix,PIA 1D_BAGUMORE PINK_55% UV 15.0 + -03.00,접착,2026-07-22
C관(2공장),1-Day_Color_Sph_Fix,PIA 1D_BAGUMORE PINK_55% UV 15.0 + -03.00,하이드레이션,2026-07-20
C관(2공장),1-Day_Color_Sph_Fix,PIA 1D_BAGUMORE PINK_55% UV 15.0 + -03.25,누수규격,2026-07-23
C관(2공장),1-Day_Color_Sph_Fix,PIA 1D_BAGUMORE PINK_55% UV 15.0 + -03.25,분리,2026-07-19
C관(2공장),1-Day_Color_Sph_Fix,PIA 1D_BAGUMORE PINK_55% UV 15.0 + -03.25,사출,2026-07-18
C관(2공장),1-Day_Color_Sph_Fix,PIA 1D_BAGUMORE PINK_55% UV 15.0 + -03.25,접착,2026-07-22
C관(2공장),1-Day_Color_Sph_Fix,PIA 1D_BAGUMORE PINK_55% UV 15.0 + -03.25,하이드레이션,2026-07-20
C관(2공장),1-Day_Color_Sph_Fix,PIA 1D_BAGUMORE PINK_55% UV 15.0 + -03.50,누수규격,2026-07-23
C관(2공장),1-Day_Color_Sph_Fix,PIA 1D_BAGUMORE PINK_55% UV 15.0 + -03.50,분리,2026-07-19
C관(2공장),1-Day_Color_Sph_Fix,PIA 1D_BAGUMORE PINK_55% UV 15.0 + -03.50,사출,2026-07-18
C관(2공장),1-Day_Color_Sph_Fix,PIA 1D_BAGUMORE PINK_55% UV 15.0 + -03.50,접착,2026-07-22
C관(2공장),1-Day_Color_Sph_Fix,PIA 1D_BAGUMORE PINK_55% UV 15.0 + -03.50,하이드레이션,2026-07-20
C관(2공장),1-Day_Color_Sph_Fix,PIA 1D_BAGUMORE PINK_55% UV 15.0 + -03.75,누수규격,2026-07-23
C관(2공장),1-Day_Color_Sph_Fix,PIA 1D_BAGUMORE PINK_55% UV 15.0 + -03.75,분리,2026-07-19
C관(2공장),1-Day_Color_Sph_Fix,PIA 1D_BAGUMORE PINK_55% UV 15.0 + -03.75,사출,2026-07-18
C관(2공장),1-Day_Color_Sph_Fix,PIA 1D_BAGUMORE PINK_55% UV 15.0 + -03.75,접착,2026-07-22
C관(2공장),1-Day_Color_Sph_Fix,PIA 1D_BAGUMORE PINK_55% UV 15.0 + -03.75,하이드레이션,2026-07-20
C관(2공장),1-Day_Color_Sph_Fix,PIA 1D_BAGUMORE PINK_55% UV 15.0 + -04.00,누수규격,2026-07-23
C관(2공장),1-Day_Color_Sph_Fix,PIA 1D_BAGUMORE PINK_55% UV 15.0 + -04.00,분리,2026-07-19
C관(2공장),1-Day_Color_Sph_Fix,PIA 1D_BAGUMORE PINK_55% UV 15.0 + -04.00,사출,2026-07-18
C관(2공장),1-Day_Color_Sph_Fix,PIA 1D_BAGUMORE PINK_55% UV 15.0 + -04.00,접착,2026-07-22
C관(2공장),1-Day_Color_Sph_Fix,PIA 1D_BAGUMORE PINK_55% UV 15.0 + -04.00,하이드레이션,2026-07-20
C관(2공장),1-Day_Color_Sph_Fix,PIA 1D_BAGUMORE PINK_55% UV 15.0 + -04.25,누수규격,2026-07-23
C관(2공장),1-Day_Color_Sph_Fix,PIA 1D_BAGUMORE PINK_55% UV 15.0 + -04.25,분리,2026-07-19
C관(2공장),1-Day_Color_Sph_Fix,PIA 1D_BAGUMORE PINK_55% UV 15.0 + -04.25,사출,2026-07-18
C관(2공장),1-Day_Color_Sph_Fix,PIA 1D_BAGUMORE PINK_55% UV 15.0 + -04.25,접착,2026-07-22
C관(2공장),1-Day_Color_Sph_Fix,PIA 1D_BAGUMORE PINK_55% UV 15.0 + -04.25,하이드레이션,2026-07-20
C관(2공장),1-Day_Color_Sph_Fix,PIA 1D_BAGUMORE PINK_55% UV 15.0 + -04.50,누수규격,2026-07-23
C관(2공장),1-Day_Color_Sph_Fix,PIA 1D_BAGUMORE PINK_55% UV 15.0 + -04.50,분리,2026-07-19
C관(2공장),1-Day_Color_Sph_Fix,PIA 1D_BAGUMORE PINK_55% UV 15.0 + -04.50,사출,2026-07-18
C관(2공장),1-Day_Color_Sph_Fix,PIA 1D_BAGUMORE PINK_55% UV 15.0 + -04.50,접착,2026-07-22
C관(2공장),1-Day_Color_Sph_Fix,PIA 1D_BAGUMORE PINK_55% UV 15.0 + -04.50,하이드레이션,2026-07-20
C관(2공장),1-Day_Color_Sph_Fix,PIA 1D_BAGUMORE PINK_55% UV 15.0 + -04.75,누수규격,2026-07-23
C관(2공장),1-Day_Color_Sph_Fix,PIA 1D_BAGUMORE PINK_55% UV 15.0 + -04.75,분리,2026-07-19
C관(2공장),1-Day_Color_Sph_Fix,PIA 1D_BAGUMORE PINK_55% UV 15.0 + -04.75,사출,2026-07-18
C관(2공장),1-Day_Color_Sph_Fix,PIA 1D_BAGUMORE PINK_55% UV 15.0 + -04.75,접착,2026-07-22
C관(2공장),1-Day_Color_Sph_Fix,PIA 1D_BAGUMORE PINK_55% UV 15.0 + -04.75,하이드레이션,2026-07-20
C관(2공장),1-Day_Color_Sph_Fix,PIA 1D_BAGUMORE PINK_55% UV 15.0 + -05.00,누수규격,2026-07-23
C관(2공장),1-Day_Color_Sph_Fix,PIA 1D_BAGUMORE PINK_55% UV 15.0 + -05.00,분리,2026-07-19
C관(2공장),1-Day_Color_Sph_Fix,PIA 1D_BAGUMORE PINK_55% UV 15.0 + -05.00,사출,2026-07-18
C관(2공장),1-Day_Color_Sph_Fix,PIA 1D_BAGUMORE PINK_55% UV 15.0 + -05.00,접착,2026-07-22
C관(2공장),1-Day_Color_Sph_Fix,PIA 1D_BAGUMORE PINK_55% UV 15.0 + -05.00,하이드레이션,2026-07-20
C관(2공장),1-Day_Color_Sph_Fix,PIA 1D_BAGUMORE PINK_55% UV 15.0 + -05.50,누수규격,2026-07-23
C관(2공장),1-Day_Color_Sph_Fix,PIA 1D_BAGUMORE PINK_55% UV 15.0 + -05.50,분리,2026-07-19
C관(2공장),1-Day_Color_Sph_Fix,PIA 1D_BAGUMORE PINK_55% UV 15.0 + -05.50,사출,2026-07-18
C관(2공장),1-Day_Color_Sph_Fix,PIA 1D_BAGUMORE PINK_55% UV 15.0 + -05.50,접착,2026-07-22
C관(2공장),1-Day_Color_Sph_Fix,PIA 1D_BAGUMORE PINK_55% UV 15.0 + -05.50,하이드레이션,2026-07-20
C관(2공장),1-Day_Color_Sph_Fix,PIA 1D_BAGUMORE PINK_55% UV 15.0 + -06.00,누수규격,2026-07-23
C관(2공장),1-Day_Color_Sph_Fix,PIA 1D_BAGUMORE PINK_55% UV 15.0 + -06.00,분리,2026-07-19
C관(2공장),1-Day_Color_Sph_Fix,PIA 1D_BAGUMORE PINK_55% UV 15.0 + -06.00,사출,2026-07-18
C관(2공장),1-Day_Color_Sph_Fix,PIA 1D_BAGUMORE PINK_55% UV 15.0 + -06.00,접착,2026-07-22
C관(2공장),1-Day_Color_Sph_Fix,PIA 1D_BAGUMORE PINK_55% UV 15.0 + -06.00,하이드레이션,2026-07-20
C관(2공장),1-Day_Color_Sph_Fix,PIA 1D_BAGUMORE PINK_55% UV 15.0 + -06.50,누수규격,2026-07-23
C관(2공장),1-Day_Color_Sph_Fix,PIA 1D_BAGUMORE PINK_55% UV 15.0 + -06.50,분리,2026-07-19
C관(2공장),1-Day_Color_Sph_Fix,PIA 1D_BAGUMORE PINK_55% UV 15.0 + -06.50,사출,2026-07-18
C관(2공장),1-Day_Color_Sph_Fix,PIA 1D_BAGUMORE PINK_55% UV 15.0 + -06.50,접착,2026-07-22
C관(2공장),1-Day_Color_Sph_Fix,PIA 1D_BAGUMORE PINK_55% UV 15.0 + -06.50,하이드레이션,2026-07-20
C관(2공장),1-Day_Color_Sph_Fix,PIA 1D_BAGUMORE PINK_55% UV 15.0 + -07.00,누수규격,2026-07-23
C관(2공장),1-Day_Color_Sph_Fix,PIA 1D_BAGUMORE PINK_55% UV 15.0 + -07.00,분리,2026-07-19
C관(2공장),1-Day_Color_Sph_Fix,PIA 1D_BAGUMORE PINK_55% UV 15.0 + -07.00,사출,2026-07-18
C관(2공장),1-Day_Color_Sph_Fix,PIA 1D_BAGUMORE PINK_55% UV 15.0 + -07.00,접착,2026-07-22
C관(2공장),1-Day_Color_Sph_Fix,PIA 1D_BAGUMORE PINK_55% UV 15.0 + -07.00,하이드레이션,2026-07-20
C관(2공장),1-Day_Color_Sph_Fix,PIA 1D_BAGUMORE PINK_55% UV 15.0 + -07.50,누수규격,2026-07-23
C관(2공장),1-Day_Color_Sph_Fix,PIA 1D_BAGUMORE PINK_55% UV 15.0 + -07.50,분리,2026-07-19
C관(2공장),1-Day_Color_Sph_Fix,PIA 1D_BAGUMORE PINK_55% UV 15.0 + -07.50,사출,2026-07-18
C관(2공장),1-Day_Color_Sph_Fix,PIA 1D_BAGUMORE PINK_55% UV 15.0 + -07.50,접착,2026-07-22
C관(2공장),1-Day_Color_Sph_Fix,PIA 1D_BAGUMORE PINK_55% UV 15.0 + -07.50,하이드레이션,2026-07-20
C관(2공장),1-Day_Color_Sph_Fix,PIA 1D_BAGUMORE PINK_55% UV 15.0 + -08.00,누수규격,2026-07-23
C관(2공장),1-Day_Color_Sph_Fix,PIA 1D_BAGUMORE PINK_55% UV 15.0 + -08.00,분리,2026-07-19
C관(2공장),1-Day_Color_Sph_Fix,PIA 1D_BAGUMORE PINK_55% UV 15.0 + -08.00,사출,2026-07-18
C관(2공장),1-Day_Color_Sph_Fix,PIA 1D_BAGUMORE PINK_55% UV 15.0 + -08.00,접착,2026-07-22
C관(2공장),1-Day_Color_Sph_Fix,PIA 1D_BAGUMORE PINK_55% UV 15.0 + -08.00,하이드레이션,2026-07-20
C관(2공장),1-Day_Color_Sph_Fix,PIA D_After Rain_55% UV 14.5 + -00.00,누수규격,2026-07-17
C관(2공장),1-Day_Color_Sph_Fix,PIA D_After Rain_55% UV 14.5 + -00.00,분리,2026-07-13
C관(2공장),1-Day_Color_Sph_Fix,PIA D_After Rain_55% UV 14.5 + -00.00,사출,2026-07-12
C관(2공장),1-Day_Color_Sph_Fix,PIA D_After Rain_55% UV 14.5 + -00.00,접착,2026-07-16
C관(2공장),1-Day_Color_Sph_Fix,PIA D_After Rain_55% UV 14.5 + -00.00,하이드레이션,2026-07-14
C관(2공장),1-Day_Color_Sph_Fix,PIA D_After Rain_55% UV 14.5 + -00.75,누수규격,2026-07-17
C관(2공장),1-Day_Color_Sph_Fix,PIA D_After Rain_55% UV 14.5 + -00.75,분리,2026-07-13
C관(2공장),1-Day_Color_Sph_Fix,PIA D_After Rain_55% UV 14.5 + -00.75,사출,2026-07-12
C관(2공장),1-Day_Color_Sph_Fix,PIA D_After Rain_55% UV 14.5 + -00.75,접착,2026-07-16
C관(2공장),1-Day_Color_Sph_Fix,PIA D_After Rain_55% UV 14.5 + -00.75,하이드레이션,2026-07-14
C관(2공장),1-Day_Color_Sph_Fix,PIA D_After Rain_55% UV 14.5 + -01.00,누수규격,2026-07-17
C관(2공장),1-Day_Color_Sph_Fix,PIA D_After Rain_55% UV 14.5 + -01.00,분리,2026-07-13
C관(2공장),1-Day_Color_Sph_Fix,PIA D_After Rain_55% UV 14.5 + -01.00,사출,2026-07-12
C관(2공장),1-Day_Color_Sph_Fix,PIA D_After Rain_55% UV 14.5 + -01.00,접착,2026-07-16
C관(2공장),1-Day_Color_Sph_Fix,PIA D_After Rain_55% UV 14.5 + -01.00,하이드레이션,2026-07-14
C관(2공장),1-Day_Color_Sph_Fix,PIA D_After Rain_55% UV 14.5 + -01.25,누수규격,2026-07-17
C관(2공장),1-Day_Color_Sph_Fix,PIA D_After Rain_55% UV 14.5 + -01.25,분리,2026-07-13
C관(2공장),1-Day_Color_Sph_Fix,PIA D_After Rain_55% UV 14.5 + -01.25,사출,2026-07-23
C관(2공장),1-Day_Color_Sph_Fix,PIA D_After Rain_55% UV 14.5 + -01.25,접착,2026-07-16
C관(2공장),1-Day_Color_Sph_Fix,PIA D_After Rain_55% UV 14.5 + -01.25,하이드레이션,2026-07-14
C관(2공장),1-Day_Color_Sph_Fix,PIA D_After Rain_55% UV 14.5 + -01.50,누수규격,2026-07-17
C관(2공장),1-Day_Color_Sph_Fix,PIA D_After Rain_55% UV 14.5 + -01.50,분리,2026-07-13
C관(2공장),1-Day_Color_Sph_Fix,PIA D_After Rain_55% UV 14.5 + -01.50,사출,2026-07-12
C관(2공장),1-Day_Color_Sph_Fix,PIA D_After Rain_55% UV 14.5 + -01.50,접착,2026-07-16
C관(2공장),1-Day_Color_Sph_Fix,PIA D_After Rain_55% UV 14.5 + -01.50,하이드레이션,2026-07-14
C관(2공장),1-Day_Color_Sph_Fix,PIA D_After Rain_55% UV 14.5 + -01.75,누수규격,2026-07-17
C관(2공장),1-Day_Color_Sph_Fix,PIA D_After Rain_55% UV 14.5 + -01.75,분리,2026-07-13
C관(2공장),1-Day_Color_Sph_Fix,PIA D_After Rain_55% UV 14.5 + -01.75,사출,2026-07-12
C관(2공장),1-Day_Color_Sph_Fix,PIA D_After Rain_55% UV 14.5 + -01.75,접착,2026-07-16
C관(2공장),1-Day_Color_Sph_Fix,PIA D_After Rain_55% UV 14.5 + -01.75,하이드레이션,2026-07-14
C관(2공장),1-Day_Color_Sph_Fix,PIA D_After Rain_55% UV 14.5 + -02.00,누수규격,2026-07-17
C관(2공장),1-Day_Color_Sph_Fix,PIA D_After Rain_55% UV 14.5 + -02.00,분리,2026-07-13
C관(2공장),1-Day_Color_Sph_Fix,PIA D_After Rain_55% UV 14.5 + -02.00,사출,2026-07-12
C관(2공장),1-Day_Color_Sph_Fix,PIA D_After Rain_55% UV 14.5 + -02.00,접착,2026-07-16
C관(2공장),1-Day_Color_Sph_Fix,PIA D_After Rain_55% UV 14.5 + -02.00,하이드레이션,2026-07-14
C관(2공장),1-Day_Color_Sph_Fix,PIA D_After Rain_55% UV 14.5 + -02.25,누수규격,2026-07-17
C관(2공장),1-Day_Color_Sph_Fix,PIA D_After Rain_55% UV 14.5 + -02.25,분리,2026-07-13
C관(2공장),1-Day_Color_Sph_Fix,PIA D_After Rain_55% UV 14.5 + -02.25,사출,2026-07-12
C관(2공장),1-Day_Color_Sph_Fix,PIA D_After Rain_55% UV 14.5 + -02.25,접착,2026-07-16
C관(2공장),1-Day_Color_Sph_Fix,PIA D_After Rain_55% UV 14.5 + -02.25,하이드레이션,2026-07-14
C관(2공장),1-Day_Color_Sph_Fix,PIA D_After Rain_55% UV 14.5 + -02.50,누수규격,2026-07-17
C관(2공장),1-Day_Color_Sph_Fix,PIA D_After Rain_55% UV 14.5 + -02.50,분리,2026-07-13
C관(2공장),1-Day_Color_Sph_Fix,PIA D_After Rain_55% UV 14.5 + -02.50,사출,2026-07-12
C관(2공장),1-Day_Color_Sph_Fix,PIA D_After Rain_55% UV 14.5 + -02.50,접착,2026-07-16
C관(2공장),1-Day_Color_Sph_Fix,PIA D_After Rain_55% UV 14.5 + -02.50,하이드레이션,2026-07-14
C관(2공장),1-Day_Color_Sph_Fix,PIA D_After Rain_55% UV 14.5 + -02.75,누수규격,2026-07-17
C관(2공장),1-Day_Color_Sph_Fix,PIA D_After Rain_55% UV 14.5 + -02.75,분리,2026-07-13
C관(2공장),1-Day_Color_Sph_Fix,PIA D_After Rain_55% UV 14.5 + -02.75,사출,2026-07-23
C관(2공장),1-Day_Color_Sph_Fix,PIA D_After Rain_55% UV 14.5 + -02.75,접착,2026-07-16
C관(2공장),1-Day_Color_Sph_Fix,PIA D_After Rain_55% UV 14.5 + -02.75,하이드레이션,2026-07-14
C관(2공장),1-Day_Color_Sph_Fix,PIA D_After Rain_55% UV 14.5 + -03.00,누수규격,2026-07-17
C관(2공장),1-Day_Color_Sph_Fix,PIA D_After Rain_55% UV 14.5 + -03.00,분리,2026-07-13
C관(2공장),1-Day_Color_Sph_Fix,PIA D_After Rain_55% UV 14.5 + -03.00,사출,2026-07-12
C관(2공장),1-Day_Color_Sph_Fix,PIA D_After Rain_55% UV 14.5 + -03.00,접착,2026-07-16
C관(2공장),1-Day_Color_Sph_Fix,PIA D_After Rain_55% UV 14.5 + -03.00,하이드레이션,2026-07-14
C관(2공장),1-Day_Color_Sph_Fix,PIA D_After Rain_55% UV 14.5 + -03.25,누수규격,2026-07-17
C관(2공장),1-Day_Color_Sph_Fix,PIA D_After Rain_55% UV 14.5 + -03.25,분리,2026-07-24
C관(2공장),1-Day_Color_Sph_Fix,PIA D_After Rain_55% UV 14.5 + -03.25,사출,2026-07-23
C관(2공장),1-Day_Color_Sph_Fix,PIA D_After Rain_55% UV 14.5 + -03.25,접착,2026-07-16
C관(2공장),1-Day_Color_Sph_Fix,PIA D_After Rain_55% UV 14.5 + -03.25,하이드레이션,2026-07-25
C관(2공장),1-Day_Color_Sph_Fix,PIA D_After Rain_55% UV 14.5 + -03.50,누수규격,2026-07-17
C관(2공장),1-Day_Color_Sph_Fix,PIA D_After Rain_55% UV 14.5 + -03.50,분리,2026-07-13
C관(2공장),1-Day_Color_Sph_Fix,PIA D_After Rain_55% UV 14.5 + -03.50,사출,2026-07-12
C관(2공장),1-Day_Color_Sph_Fix,PIA D_After Rain_55% UV 14.5 + -03.50,접착,2026-07-16
C관(2공장),1-Day_Color_Sph_Fix,PIA D_After Rain_55% UV 14.5 + -03.50,하이드레이션,2026-07-14
C관(2공장),1-Day_Color_Sph_Fix,PIA D_After Rain_55% UV 14.5 + -03.75,누수규격,2026-07-17
C관(2공장),1-Day_Color_Sph_Fix,PIA D_After Rain_55% UV 14.5 + -03.75,분리,2026-07-13
C관(2공장),1-Day_Color_Sph_Fix,PIA D_After Rain_55% UV 14.5 + -03.75,사출,2026-07-12
C관(2공장),1-Day_Color_Sph_Fix,PIA D_After Rain_55% UV 14.5 + -03.75,접착,2026-07-16
C관(2공장),1-Day_Color_Sph_Fix,PIA D_After Rain_55% UV 14.5 + -03.75,하이드레이션,2026-07-14
C관(2공장),1-Day_Color_Sph_Fix,PIA D_After Rain_55% UV 14.5 + -04.00,누수규격,2026-07-17
C관(2공장),1-Day_Color_Sph_Fix,PIA D_After Rain_55% UV 14.5 + -04.00,분리,2026-07-13
C관(2공장),1-Day_Color_Sph_Fix,PIA D_After Rain_55% UV 14.5 + -04.00,사출,2026-07-12
C관(2공장),1-Day_Color_Sph_Fix,PIA D_After Rain_55% UV 14.5 + -04.00,접착,2026-07-16
C관(2공장),1-Day_Color_Sph_Fix,PIA D_After Rain_55% UV 14.5 + -04.00,하이드레이션,2026-07-14
C관(2공장),1-Day_Color_Sph_Fix,PIA D_After Rain_55% UV 14.5 + -04.25,누수규격,2026-07-17
C관(2공장),1-Day_Color_Sph_Fix,PIA D_After Rain_55% UV 14.5 + -04.25,분리,2026-07-24
C관(2공장),1-Day_Color_Sph_Fix,PIA D_After Rain_55% UV 14.5 + -04.25,사출,2026-07-23
C관(2공장),1-Day_Color_Sph_Fix,PIA D_After Rain_55% UV 14.5 + -04.25,접착,2026-07-16
C관(2공장),1-Day_Color_Sph_Fix,PIA D_After Rain_55% UV 14.5 + -04.25,하이드레이션,2026-07-25
C관(2공장),1-Day_Color_Sph_Fix,PIA D_After Rain_55% UV 14.5 + -04.50,누수규격,2026-07-17
C관(2공장),1-Day_Color_Sph_Fix,PIA D_After Rain_55% UV 14.5 + -04.50,분리,2026-07-13
C관(2공장),1-Day_Color_Sph_Fix,PIA D_After Rain_55% UV 14.5 + -04.50,사출,2026-07-12
C관(2공장),1-Day_Color_Sph_Fix,PIA D_After Rain_55% UV 14.5 + -04.50,접착,2026-07-16
C관(2공장),1-Day_Color_Sph_Fix,PIA D_After Rain_55% UV 14.5 + -04.50,하이드레이션,2026-07-14
C관(2공장),1-Day_Color_Sph_Fix,PIA D_After Rain_55% UV 14.5 + -04.75,누수규격,2026-07-17
C관(2공장),1-Day_Color_Sph_Fix,PIA D_After Rain_55% UV 14.5 + -04.75,분리,2026-07-13
C관(2공장),1-Day_Color_Sph_Fix,PIA D_After Rain_55% UV 14.5 + -04.75,사출,2026-07-12
C관(2공장),1-Day_Color_Sph_Fix,PIA D_After Rain_55% UV 14.5 + -04.75,접착,2026-07-16
C관(2공장),1-Day_Color_Sph_Fix,PIA D_After Rain_55% UV 14.5 + -04.75,하이드레이션,2026-07-14
C관(2공장),1-Day_Color_Sph_Fix,PIA D_After Rain_55% UV 14.5 + -05.00,누수규격,2026-07-17
C관(2공장),1-Day_Color_Sph_Fix,PIA D_After Rain_55% UV 14.5 + -05.00,분리,2026-07-13
C관(2공장),1-Day_Color_Sph_Fix,PIA D_After Rain_55% UV 14.5 + -05.00,사출,2026-07-12
C관(2공장),1-Day_Color_Sph_Fix,PIA D_After Rain_55% UV 14.5 + -05.00,접착,2026-07-16
C관(2공장),1-Day_Color_Sph_Fix,PIA D_After Rain_55% UV 14.5 + -05.00,하이드레이션,2026-07-14
C관(2공장),1-Day_Color_Sph_Fix,PIA D_After Rain_55% UV 14.5 + -05.50,누수규격,2026-07-17
C관(2공장),1-Day_Color_Sph_Fix,PIA D_After Rain_55% UV 14.5 + -05.50,분리,2026-07-13
C관(2공장),1-Day_Color_Sph_Fix,PIA D_After Rain_55% UV 14.5 + -05.50,사출,2026-07-12
C관(2공장),1-Day_Color_Sph_Fix,PIA D_After Rain_55% UV 14.5 + -05.50,접착,2026-07-16
C관(2공장),1-Day_Color_Sph_Fix,PIA D_After Rain_55% UV 14.5 + -05.50,하이드레이션,2026-07-14
C관(2공장),1-Day_Color_Sph_Fix,PIA D_After Rain_55% UV 14.5 + -06.00,누수규격,2026-07-17
C관(2공장),1-Day_Color_Sph_Fix,PIA D_After Rain_55% UV 14.5 + -06.00,분리,2026-07-13
C관(2공장),1-Day_Color_Sph_Fix,PIA D_After Rain_55% UV 14.5 + -06.00,사출,2026-07-12
C관(2공장),1-Day_Color_Sph_Fix,PIA D_After Rain_55% UV 14.5 + -06.00,접착,2026-07-16
C관(2공장),1-Day_Color_Sph_Fix,PIA D_After Rain_55% UV 14.5 + -06.00,하이드레이션,2026-07-14
C관(2공장),1-Day_Color_Sph_Fix,PIA D_Apricot Maple_55% UV 14.5 + -00.00,누수규격,2026-07-17
C관(2공장),1-Day_Color_Sph_Fix,PIA D_Apricot Maple_55% UV 14.5 + -00.00,분리,2026-07-24
C관(2공장),1-Day_Color_Sph_Fix,PIA D_Apricot Maple_55% UV 14.5 + -00.00,사출,2026-07-23
C관(2공장),1-Day_Color_Sph_Fix,PIA D_Apricot Maple_55% UV 14.5 + -00.00,접착,2026-07-16
C관(2공장),1-Day_Color_Sph_Fix,PIA D_Apricot Maple_55% UV 14.5 + -00.00,하이드레이션,2026-07-14
C관(2공장),1-Day_Color_Sph_Fix,PIA D_Apricot Maple_55% UV 14.5 + -00.75,누수규격,2026-07-17
C관(2공장),1-Day_Color_Sph_Fix,PIA D_Apricot Maple_55% UV 14.5 + -00.75,분리,2026-07-13
C관(2공장),1-Day_Color_Sph_Fix,PIA D_Apricot Maple_55% UV 14.5 + -00.75,사출,2026-07-12
C관(2공장),1-Day_Color_Sph_Fix,PIA D_Apricot Maple_55% UV 14.5 + -00.75,접착,2026-07-16
C관(2공장),1-Day_Color_Sph_Fix,PIA D_Apricot Maple_55% UV 14.5 + -00.75,하이드레이션,2026-07-14
C관(2공장),1-Day_Color_Sph_Fix,PIA D_Apricot Maple_55% UV 14.5 + -01.00,누수규격,2026-07-17
C관(2공장),1-Day_Color_Sph_Fix,PIA D_Apricot Maple_55% UV 14.5 + -01.00,분리,2026-07-13
C관(2공장),1-Day_Color_Sph_Fix,PIA D_Apricot Maple_55% UV 14.5 + -01.00,사출,2026-07-12
C관(2공장),1-Day_Color_Sph_Fix,PIA D_Apricot Maple_55% UV 14.5 + -01.00,접착,2026-07-16
C관(2공장),1-Day_Color_Sph_Fix,PIA D_Apricot Maple_55% UV 14.5 + -01.00,하이드레이션,2026-07-14
C관(2공장),1-Day_Color_Sph_Fix,PIA D_Apricot Maple_55% UV 14.5 + -01.25,누수규격,2026-07-17
C관(2공장),1-Day_Color_Sph_Fix,PIA D_Apricot Maple_55% UV 14.5 + -01.25,분리,2026-07-13
C관(2공장),1-Day_Color_Sph_Fix,PIA D_Apricot Maple_55% UV 14.5 + -01.25,사출,2026-07-12
C관(2공장),1-Day_Color_Sph_Fix,PIA D_Apricot Maple_55% UV 14.5 + -01.25,접착,2026-07-16
C관(2공장),1-Day_Color_Sph_Fix,PIA D_Apricot Maple_55% UV 14.5 + -01.25,하이드레이션,2026-07-14
C관(2공장),1-Day_Color_Sph_Fix,PIA D_Apricot Maple_55% UV 14.5 + -01.50,누수규격,2026-07-17
C관(2공장),1-Day_Color_Sph_Fix,PIA D_Apricot Maple_55% UV 14.5 + -01.50,분리,2026-07-13
C관(2공장),1-Day_Color_Sph_Fix,PIA D_Apricot Maple_55% UV 14.5 + -01.50,사출,2026-07-12
C관(2공장),1-Day_Color_Sph_Fix,PIA D_Apricot Maple_55% UV 14.5 + -01.50,접착,2026-07-16
C관(2공장),1-Day_Color_Sph_Fix,PIA D_Apricot Maple_55% UV 14.5 + -01.50,하이드레이션,2026-07-14
C관(2공장),1-Day_Color_Sph_Fix,PIA D_Apricot Maple_55% UV 14.5 + -01.75,누수규격,2026-07-17
C관(2공장),1-Day_Color_Sph_Fix,PIA D_Apricot Maple_55% UV 14.5 + -01.75,분리,2026-07-13
C관(2공장),1-Day_Color_Sph_Fix,PIA D_Apricot Maple_55% UV 14.5 + -01.75,사출,2026-07-12
C관(2공장),1-Day_Color_Sph_Fix,PIA D_Apricot Maple_55% UV 14.5 + -01.75,접착,2026-07-16
C관(2공장),1-Day_Color_Sph_Fix,PIA D_Apricot Maple_55% UV 14.5 + -01.75,하이드레이션,2026-07-14
C관(2공장),1-Day_Color_Sph_Fix,PIA D_Apricot Maple_55% UV 14.5 + -02.00,누수규격,2026-07-17
C관(2공장),1-Day_Color_Sph_Fix,PIA D_Apricot Maple_55% UV 14.5 + -02.00,분리,2026-07-13
C관(2공장),1-Day_Color_Sph_Fix,PIA D_Apricot Maple_55% UV 14.5 + -02.00,사출,2026-07-12
C관(2공장),1-Day_Color_Sph_Fix,PIA D_Apricot Maple_55% UV 14.5 + -02.00,접착,2026-07-16
C관(2공장),1-Day_Color_Sph_Fix,PIA D_Apricot Maple_55% UV 14.5 + -02.00,하이드레이션,2026-07-14
C관(2공장),1-Day_Color_Sph_Fix,PIA D_Apricot Maple_55% UV 14.5 + -02.25,누수규격,2026-07-17
C관(2공장),1-Day_Color_Sph_Fix,PIA D_Apricot Maple_55% UV 14.5 + -02.25,분리,2026-07-13
C관(2공장),1-Day_Color_Sph_Fix,PIA D_Apricot Maple_55% UV 14.5 + -02.25,사출,2026-07-12
C관(2공장),1-Day_Color_Sph_Fix,PIA D_Apricot Maple_55% UV 14.5 + -02.25,접착,2026-07-16
C관(2공장),1-Day_Color_Sph_Fix,PIA D_Apricot Maple_55% UV 14.5 + -02.25,하이드레이션,2026-07-14
C관(2공장),1-Day_Color_Sph_Fix,PIA D_Apricot Maple_55% UV 14.5 + -02.50,누수규격,2026-07-17
C관(2공장),1-Day_Color_Sph_Fix,PIA D_Apricot Maple_55% UV 14.5 + -02.50,분리,2026-07-13
C관(2공장),1-Day_Color_Sph_Fix,PIA D_Apricot Maple_55% UV 14.5 + -02.50,사출,2026-07-12
C관(2공장),1-Day_Color_Sph_Fix,PIA D_Apricot Maple_55% UV 14.5 + -02.50,접착,2026-07-16
C관(2공장),1-Day_Color_Sph_Fix,PIA D_Apricot Maple_55% UV 14.5 + -02.50,하이드레이션,2026-07-14
C관(2공장),1-Day_Color_Sph_Fix,PIA D_Apricot Maple_55% UV 14.5 + -02.75,누수규격,2026-07-17
C관(2공장),1-Day_Color_Sph_Fix,PIA D_Apricot Maple_55% UV 14.5 + -02.75,분리,2026-07-13
C관(2공장),1-Day_Color_Sph_Fix,PIA D_Apricot Maple_55% UV 14.5 + -02.75,사출,2026-07-12
C관(2공장),1-Day_Color_Sph_Fix,PIA D_Apricot Maple_55% UV 14.5 + -02.75,접착,2026-07-16
C관(2공장),1-Day_Color_Sph_Fix,PIA D_Apricot Maple_55% UV 14.5 + -02.75,하이드레이션,2026-07-14
C관(2공장),1-Day_Color_Sph_Fix,PIA D_Apricot Maple_55% UV 14.5 + -03.00,누수규격,2026-07-17
C관(2공장),1-Day_Color_Sph_Fix,PIA D_Apricot Maple_55% UV 14.5 + -03.00,분리,2026-07-13
C관(2공장),1-Day_Color_Sph_Fix,PIA D_Apricot Maple_55% UV 14.5 + -03.00,사출,2026-07-12
C관(2공장),1-Day_Color_Sph_Fix,PIA D_Apricot Maple_55% UV 14.5 + -03.00,접착,2026-07-16
C관(2공장),1-Day_Color_Sph_Fix,PIA D_Apricot Maple_55% UV 14.5 + -03.00,하이드레이션,2026-07-14
C관(2공장),1-Day_Color_Sph_Fix,PIA D_Apricot Maple_55% UV 14.5 + -03.25,누수규격,2026-07-17
C관(2공장),1-Day_Color_Sph_Fix,PIA D_Apricot Maple_55% UV 14.5 + -03.25,분리,2026-07-13
C관(2공장),1-Day_Color_Sph_Fix,PIA D_Apricot Maple_55% UV 14.5 + -03.25,사출,2026-07-12
C관(2공장),1-Day_Color_Sph_Fix,PIA D_Apricot Maple_55% UV 14.5 + -03.25,접착,2026-07-16
C관(2공장),1-Day_Color_Sph_Fix,PIA D_Apricot Maple_55% UV 14.5 + -03.25,하이드레이션,2026-07-14
C관(2공장),1-Day_Color_Sph_Fix,PIA D_Apricot Maple_55% UV 14.5 + -03.50,누수규격,2026-07-17
C관(2공장),1-Day_Color_Sph_Fix,PIA D_Apricot Maple_55% UV 14.5 + -03.50,분리,2026-07-13
C관(2공장),1-Day_Color_Sph_Fix,PIA D_Apricot Maple_55% UV 14.5 + -03.50,사출,2026-07-12
C관(2공장),1-Day_Color_Sph_Fix,PIA D_Apricot Maple_55% UV 14.5 + -03.50,접착,2026-07-16
C관(2공장),1-Day_Color_Sph_Fix,PIA D_Apricot Maple_55% UV 14.5 + -03.50,하이드레이션,2026-07-14
C관(2공장),1-Day_Color_Sph_Fix,PIA D_Apricot Maple_55% UV 14.5 + -03.75,누수규격,2026-07-17
C관(2공장),1-Day_Color_Sph_Fix,PIA D_Apricot Maple_55% UV 14.5 + -03.75,분리,2026-07-13
C관(2공장),1-Day_Color_Sph_Fix,PIA D_Apricot Maple_55% UV 14.5 + -03.75,사출,2026-07-12
C관(2공장),1-Day_Color_Sph_Fix,PIA D_Apricot Maple_55% UV 14.5 + -03.75,접착,2026-07-16
C관(2공장),1-Day_Color_Sph_Fix,PIA D_Apricot Maple_55% UV 14.5 + -03.75,하이드레이션,2026-07-14
C관(2공장),1-Day_Color_Sph_Fix,PIA D_Apricot Maple_55% UV 14.5 + -04.00,누수규격,2026-07-17
C관(2공장),1-Day_Color_Sph_Fix,PIA D_Apricot Maple_55% UV 14.5 + -04.00,분리,2026-07-13
C관(2공장),1-Day_Color_Sph_Fix,PIA D_Apricot Maple_55% UV 14.5 + -04.00,사출,2026-07-12
C관(2공장),1-Day_Color_Sph_Fix,PIA D_Apricot Maple_55% UV 14.5 + -04.00,접착,2026-07-16
C관(2공장),1-Day_Color_Sph_Fix,PIA D_Apricot Maple_55% UV 14.5 + -04.00,하이드레이션,2026-07-14
C관(2공장),1-Day_Color_Sph_Fix,PIA D_Apricot Maple_55% UV 14.5 + -04.25,누수규격,2026-07-17
C관(2공장),1-Day_Color_Sph_Fix,PIA D_Apricot Maple_55% UV 14.5 + -04.25,분리,2026-07-13
C관(2공장),1-Day_Color_Sph_Fix,PIA D_Apricot Maple_55% UV 14.5 + -04.25,사출,2026-07-12
C관(2공장),1-Day_Color_Sph_Fix,PIA D_Apricot Maple_55% UV 14.5 + -04.25,접착,2026-07-16
C관(2공장),1-Day_Color_Sph_Fix,PIA D_Apricot Maple_55% UV 14.5 + -04.25,하이드레이션,2026-07-14
C관(2공장),1-Day_Color_Sph_Fix,PIA D_Apricot Maple_55% UV 14.5 + -04.50,누수규격,2026-07-17
C관(2공장),1-Day_Color_Sph_Fix,PIA D_Apricot Maple_55% UV 14.5 + -04.50,분리,2026-07-13
C관(2공장),1-Day_Color_Sph_Fix,PIA D_Apricot Maple_55% UV 14.5 + -04.50,사출,2026-07-12
C관(2공장),1-Day_Color_Sph_Fix,PIA D_Apricot Maple_55% UV 14.5 + -04.50,접착,2026-07-16
C관(2공장),1-Day_Color_Sph_Fix,PIA D_Apricot Maple_55% UV 14.5 + -04.50,하이드레이션,2026-07-14
C관(2공장),1-Day_Color_Sph_Fix,PIA D_Apricot Maple_55% UV 14.5 + -04.75,누수규격,2026-07-17
C관(2공장),1-Day_Color_Sph_Fix,PIA D_Apricot Maple_55% UV 14.5 + -04.75,분리,2026-07-13
C관(2공장),1-Day_Color_Sph_Fix,PIA D_Apricot Maple_55% UV 14.5 + -04.75,사출,2026-07-12
C관(2공장),1-Day_Color_Sph_Fix,PIA D_Apricot Maple_55% UV 14.5 + -04.75,접착,2026-07-16
C관(2공장),1-Day_Color_Sph_Fix,PIA D_Apricot Maple_55% UV 14.5 + -04.75,하이드레이션,2026-07-14
C관(2공장),1-Day_Color_Sph_Fix,PIA D_Apricot Maple_55% UV 14.5 + -05.00,누수규격,2026-07-17
C관(2공장),1-Day_Color_Sph_Fix,PIA D_Apricot Maple_55% UV 14.5 + -05.00,분리,2026-07-13
C관(2공장),1-Day_Color_Sph_Fix,PIA D_Apricot Maple_55% UV 14.5 + -05.00,사출,2026-07-12
C관(2공장),1-Day_Color_Sph_Fix,PIA D_Apricot Maple_55% UV 14.5 + -05.00,접착,2026-07-16
C관(2공장),1-Day_Color_Sph_Fix,PIA D_Apricot Maple_55% UV 14.5 + -05.00,하이드레이션,2026-07-14
C관(2공장),1-Day_Color_Sph_Fix,PIA D_Apricot Maple_55% UV 14.5 + -05.50,누수규격,2026-07-17
C관(2공장),1-Day_Color_Sph_Fix,PIA D_Apricot Maple_55% UV 14.5 + -05.50,분리,2026-07-13
C관(2공장),1-Day_Color_Sph_Fix,PIA D_Apricot Maple_55% UV 14.5 + -05.50,사출,2026-07-12
C관(2공장),1-Day_Color_Sph_Fix,PIA D_Apricot Maple_55% UV 14.5 + -05.50,접착,2026-07-16
C관(2공장),1-Day_Color_Sph_Fix,PIA D_Apricot Maple_55% UV 14.5 + -05.50,하이드레이션,2026-07-14
C관(2공장),1-Day_Color_Sph_Fix,PIA D_Apricot Maple_55% UV 14.5 + -06.00,누수규격,2026-07-17
C관(2공장),1-Day_Color_Sph_Fix,PIA D_Apricot Maple_55% UV 14.5 + -06.00,분리,2026-07-13
C관(2공장),1-Day_Color_Sph_Fix,PIA D_Apricot Maple_55% UV 14.5 + -06.00,사출,2026-07-12
C관(2공장),1-Day_Color_Sph_Fix,PIA D_Apricot Maple_55% UV 14.5 + -06.00,접착,2026-07-16
C관(2공장),1-Day_Color_Sph_Fix,PIA D_Apricot Maple_55% UV 14.5 + -06.00,하이드레이션,2026-07-14
C관(2공장),1-Day_Color_Sph_Fix,PIA D_BAGUMORE BROWN_55% UV 15.0 + -00.00,누수규격,2026-07-23
C관(2공장),1-Day_Color_Sph_Fix,PIA D_BAGUMORE BROWN_55% UV 15.0 + -00.00,분리,2026-07-19
C관(2공장),1-Day_Color_Sph_Fix,PIA D_BAGUMORE BROWN_55% UV 15.0 + -00.00,사출,2026-07-18
C관(2공장),1-Day_Color_Sph_Fix,PIA D_BAGUMORE BROWN_55% UV 15.0 + -00.00,접착,2026-07-22
C관(2공장),1-Day_Color_Sph_Fix,PIA D_BAGUMORE BROWN_55% UV 15.0 + -00.00,하이드레이션,2026-07-20
C관(2공장),1-Day_Color_Sph_Fix,PIA D_BAGUMORE BROWN_55% UV 15.0 + -00.75,누수규격,2026-07-23
C관(2공장),1-Day_Color_Sph_Fix,PIA D_BAGUMORE BROWN_55% UV 15.0 + -00.75,분리,2026-07-19
C관(2공장),1-Day_Color_Sph_Fix,PIA D_BAGUMORE BROWN_55% UV 15.0 + -00.75,사출,2026-07-18
C관(2공장),1-Day_Color_Sph_Fix,PIA D_BAGUMORE BROWN_55% UV 15.0 + -00.75,접착,2026-07-22
C관(2공장),1-Day_Color_Sph_Fix,PIA D_BAGUMORE BROWN_55% UV 15.0 + -00.75,하이드레이션,2026-07-20
C관(2공장),1-Day_Color_Sph_Fix,PIA D_BAGUMORE BROWN_55% UV 15.0 + -01.00,누수규격,2026-07-23
C관(2공장),1-Day_Color_Sph_Fix,PIA D_BAGUMORE BROWN_55% UV 15.0 + -01.00,분리,2026-07-19
C관(2공장),1-Day_Color_Sph_Fix,PIA D_BAGUMORE BROWN_55% UV 15.0 + -01.00,사출,2026-07-18
C관(2공장),1-Day_Color_Sph_Fix,PIA D_BAGUMORE BROWN_55% UV 15.0 + -01.00,접착,2026-07-22
C관(2공장),1-Day_Color_Sph_Fix,PIA D_BAGUMORE BROWN_55% UV 15.0 + -01.00,하이드레이션,2026-07-20
C관(2공장),1-Day_Color_Sph_Fix,PIA D_BAGUMORE BROWN_55% UV 15.0 + -01.25,누수규격,2026-07-23
C관(2공장),1-Day_Color_Sph_Fix,PIA D_BAGUMORE BROWN_55% UV 15.0 + -01.25,분리,2026-07-19
C관(2공장),1-Day_Color_Sph_Fix,PIA D_BAGUMORE BROWN_55% UV 15.0 + -01.25,사출,2026-07-18
C관(2공장),1-Day_Color_Sph_Fix,PIA D_BAGUMORE BROWN_55% UV 15.0 + -01.25,접착,2026-07-22
C관(2공장),1-Day_Color_Sph_Fix,PIA D_BAGUMORE BROWN_55% UV 15.0 + -01.25,하이드레이션,2026-07-20
C관(2공장),1-Day_Color_Sph_Fix,PIA D_BAGUMORE BROWN_55% UV 15.0 + -01.50,누수규격,2026-07-23
C관(2공장),1-Day_Color_Sph_Fix,PIA D_BAGUMORE BROWN_55% UV 15.0 + -01.50,분리,2026-07-19
C관(2공장),1-Day_Color_Sph_Fix,PIA D_BAGUMORE BROWN_55% UV 15.0 + -01.50,사출,2026-07-18
C관(2공장),1-Day_Color_Sph_Fix,PIA D_BAGUMORE BROWN_55% UV 15.0 + -01.50,접착,2026-07-22
C관(2공장),1-Day_Color_Sph_Fix,PIA D_BAGUMORE BROWN_55% UV 15.0 + -01.50,하이드레이션,2026-07-20
C관(2공장),1-Day_Color_Sph_Fix,PIA D_BAGUMORE BROWN_55% UV 15.0 + -01.75,누수규격,2026-07-23
C관(2공장),1-Day_Color_Sph_Fix,PIA D_BAGUMORE BROWN_55% UV 15.0 + -01.75,분리,2026-07-19
C관(2공장),1-Day_Color_Sph_Fix,PIA D_BAGUMORE BROWN_55% UV 15.0 + -01.75,사출,2026-07-18
C관(2공장),1-Day_Color_Sph_Fix,PIA D_BAGUMORE BROWN_55% UV 15.0 + -01.75,접착,2026-07-22
C관(2공장),1-Day_Color_Sph_Fix,PIA D_BAGUMORE BROWN_55% UV 15.0 + -01.75,하이드레이션,2026-07-20
C관(2공장),1-Day_Color_Sph_Fix,PIA D_BAGUMORE BROWN_55% UV 15.0 + -02.00,누수규격,2026-07-23
C관(2공장),1-Day_Color_Sph_Fix,PIA D_BAGUMORE BROWN_55% UV 15.0 + -02.00,분리,2026-07-19
C관(2공장),1-Day_Color_Sph_Fix,PIA D_BAGUMORE BROWN_55% UV 15.0 + -02.00,사출,2026-07-18
C관(2공장),1-Day_Color_Sph_Fix,PIA D_BAGUMORE BROWN_55% UV 15.0 + -02.00,접착,2026-07-22
C관(2공장),1-Day_Color_Sph_Fix,PIA D_BAGUMORE BROWN_55% UV 15.0 + -02.00,하이드레이션,2026-07-20
C관(2공장),1-Day_Color_Sph_Fix,PIA D_BAGUMORE BROWN_55% UV 15.0 + -02.25,누수규격,2026-07-23
C관(2공장),1-Day_Color_Sph_Fix,PIA D_BAGUMORE BROWN_55% UV 15.0 + -02.25,분리,2026-07-19
C관(2공장),1-Day_Color_Sph_Fix,PIA D_BAGUMORE BROWN_55% UV 15.0 + -02.25,사출,2026-07-18
C관(2공장),1-Day_Color_Sph_Fix,PIA D_BAGUMORE BROWN_55% UV 15.0 + -02.25,접착,2026-07-22
C관(2공장),1-Day_Color_Sph_Fix,PIA D_BAGUMORE BROWN_55% UV 15.0 + -02.25,하이드레이션,2026-07-20
C관(2공장),1-Day_Color_Sph_Fix,PIA D_BAGUMORE BROWN_55% UV 15.0 + -02.50,누수규격,2026-07-23
C관(2공장),1-Day_Color_Sph_Fix,PIA D_BAGUMORE BROWN_55% UV 15.0 + -02.50,분리,2026-07-19
C관(2공장),1-Day_Color_Sph_Fix,PIA D_BAGUMORE BROWN_55% UV 15.0 + -02.50,사출,2026-07-18
C관(2공장),1-Day_Color_Sph_Fix,PIA D_BAGUMORE BROWN_55% UV 15.0 + -02.50,접착,2026-07-22
C관(2공장),1-Day_Color_Sph_Fix,PIA D_BAGUMORE BROWN_55% UV 15.0 + -02.50,하이드레이션,2026-07-20
C관(2공장),1-Day_Color_Sph_Fix,PIA D_BAGUMORE BROWN_55% UV 15.0 + -02.75,누수규격,2026-07-23
C관(2공장),1-Day_Color_Sph_Fix,PIA D_BAGUMORE BROWN_55% UV 15.0 + -02.75,분리,2026-07-19
C관(2공장),1-Day_Color_Sph_Fix,PIA D_BAGUMORE BROWN_55% UV 15.0 + -02.75,사출,2026-07-18
C관(2공장),1-Day_Color_Sph_Fix,PIA D_BAGUMORE BROWN_55% UV 15.0 + -02.75,접착,2026-07-22
C관(2공장),1-Day_Color_Sph_Fix,PIA D_BAGUMORE BROWN_55% UV 15.0 + -02.75,하이드레이션,2026-07-20
C관(2공장),1-Day_Color_Sph_Fix,PIA D_BAGUMORE BROWN_55% UV 15.0 + -03.00,누수규격,2026-07-23
C관(2공장),1-Day_Color_Sph_Fix,PIA D_BAGUMORE BROWN_55% UV 15.0 + -03.00,분리,2026-07-19
C관(2공장),1-Day_Color_Sph_Fix,PIA D_BAGUMORE BROWN_55% UV 15.0 + -03.00,사출,2026-07-18
C관(2공장),1-Day_Color_Sph_Fix,PIA D_BAGUMORE BROWN_55% UV 15.0 + -03.00,접착,2026-07-22
C관(2공장),1-Day_Color_Sph_Fix,PIA D_BAGUMORE BROWN_55% UV 15.0 + -03.00,하이드레이션,2026-07-20
C관(2공장),1-Day_Color_Sph_Fix,PIA D_BAGUMORE BROWN_55% UV 15.0 + -03.25,누수규격,2026-07-23
C관(2공장),1-Day_Color_Sph_Fix,PIA D_BAGUMORE BROWN_55% UV 15.0 + -03.25,분리,2026-07-19
C관(2공장),1-Day_Color_Sph_Fix,PIA D_BAGUMORE BROWN_55% UV 15.0 + -03.25,사출,2026-07-18
C관(2공장),1-Day_Color_Sph_Fix,PIA D_BAGUMORE BROWN_55% UV 15.0 + -03.25,접착,2026-07-22
C관(2공장),1-Day_Color_Sph_Fix,PIA D_BAGUMORE BROWN_55% UV 15.0 + -03.25,하이드레이션,2026-07-20
C관(2공장),1-Day_Color_Sph_Fix,PIA D_BAGUMORE BROWN_55% UV 15.0 + -03.50,누수규격,2026-07-23
C관(2공장),1-Day_Color_Sph_Fix,PIA D_BAGUMORE BROWN_55% UV 15.0 + -03.50,분리,2026-07-19
C관(2공장),1-Day_Color_Sph_Fix,PIA D_BAGUMORE BROWN_55% UV 15.0 + -03.50,사출,2026-07-18
C관(2공장),1-Day_Color_Sph_Fix,PIA D_BAGUMORE BROWN_55% UV 15.0 + -03.50,접착,2026-07-22
C관(2공장),1-Day_Color_Sph_Fix,PIA D_BAGUMORE BROWN_55% UV 15.0 + -03.50,하이드레이션,2026-07-20
C관(2공장),1-Day_Color_Sph_Fix,PIA D_BAGUMORE BROWN_55% UV 15.0 + -03.75,누수규격,2026-07-23
C관(2공장),1-Day_Color_Sph_Fix,PIA D_BAGUMORE BROWN_55% UV 15.0 + -03.75,분리,2026-07-19
C관(2공장),1-Day_Color_Sph_Fix,PIA D_BAGUMORE BROWN_55% UV 15.0 + -03.75,사출,2026-07-18
C관(2공장),1-Day_Color_Sph_Fix,PIA D_BAGUMORE BROWN_55% UV 15.0 + -03.75,접착,2026-07-22
C관(2공장),1-Day_Color_Sph_Fix,PIA D_BAGUMORE BROWN_55% UV 15.0 + -03.75,하이드레이션,2026-07-20
C관(2공장),1-Day_Color_Sph_Fix,PIA D_BAGUMORE BROWN_55% UV 15.0 + -04.00,누수규격,2026-07-23
C관(2공장),1-Day_Color_Sph_Fix,PIA D_BAGUMORE BROWN_55% UV 15.0 + -04.00,분리,2026-07-19
C관(2공장),1-Day_Color_Sph_Fix,PIA D_BAGUMORE BROWN_55% UV 15.0 + -04.00,사출,2026-07-18
C관(2공장),1-Day_Color_Sph_Fix,PIA D_BAGUMORE BROWN_55% UV 15.0 + -04.00,접착,2026-07-22
C관(2공장),1-Day_Color_Sph_Fix,PIA D_BAGUMORE BROWN_55% UV 15.0 + -04.00,하이드레이션,2026-07-20
C관(2공장),1-Day_Color_Sph_Fix,PIA D_BAGUMORE BROWN_55% UV 15.0 + -04.25,누수규격,2026-07-23
C관(2공장),1-Day_Color_Sph_Fix,PIA D_BAGUMORE BROWN_55% UV 15.0 + -04.25,분리,2026-07-19
C관(2공장),1-Day_Color_Sph_Fix,PIA D_BAGUMORE BROWN_55% UV 15.0 + -04.25,사출,2026-07-18
C관(2공장),1-Day_Color_Sph_Fix,PIA D_BAGUMORE BROWN_55% UV 15.0 + -04.25,접착,2026-07-22
C관(2공장),1-Day_Color_Sph_Fix,PIA D_BAGUMORE BROWN_55% UV 15.0 + -04.25,하이드레이션,2026-07-20
C관(2공장),1-Day_Color_Sph_Fix,PIA D_BAGUMORE BROWN_55% UV 15.0 + -04.50,누수규격,2026-07-23
C관(2공장),1-Day_Color_Sph_Fix,PIA D_BAGUMORE BROWN_55% UV 15.0 + -04.50,분리,2026-07-19
C관(2공장),1-Day_Color_Sph_Fix,PIA D_BAGUMORE BROWN_55% UV 15.0 + -04.50,사출,2026-07-18
C관(2공장),1-Day_Color_Sph_Fix,PIA D_BAGUMORE BROWN_55% UV 15.0 + -04.50,접착,2026-07-22
C관(2공장),1-Day_Color_Sph_Fix,PIA D_BAGUMORE BROWN_55% UV 15.0 + -04.50,하이드레이션,2026-07-20
C관(2공장),1-Day_Color_Sph_Fix,PIA D_BAGUMORE BROWN_55% UV 15.0 + -04.75,누수규격,2026-07-23
C관(2공장),1-Day_Color_Sph_Fix,PIA D_BAGUMORE BROWN_55% UV 15.0 + -04.75,분리,2026-07-19
C관(2공장),1-Day_Color_Sph_Fix,PIA D_BAGUMORE BROWN_55% UV 15.0 + -04.75,사출,2026-07-18
C관(2공장),1-Day_Color_Sph_Fix,PIA D_BAGUMORE BROWN_55% UV 15.0 + -04.75,접착,2026-07-22
C관(2공장),1-Day_Color_Sph_Fix,PIA D_BAGUMORE BROWN_55% UV 15.0 + -04.75,하이드레이션,2026-07-20
C관(2공장),1-Day_Color_Sph_Fix,PIA D_BAGUMORE BROWN_55% UV 15.0 + -05.00,누수규격,2026-07-23
C관(2공장),1-Day_Color_Sph_Fix,PIA D_BAGUMORE BROWN_55% UV 15.0 + -05.00,분리,2026-07-19
C관(2공장),1-Day_Color_Sph_Fix,PIA D_BAGUMORE BROWN_55% UV 15.0 + -05.00,사출,2026-07-18
C관(2공장),1-Day_Color_Sph_Fix,PIA D_BAGUMORE BROWN_55% UV 15.0 + -05.00,접착,2026-07-22
C관(2공장),1-Day_Color_Sph_Fix,PIA D_BAGUMORE BROWN_55% UV 15.0 + -05.00,하이드레이션,2026-07-20
C관(2공장),1-Day_Color_Sph_Fix,PIA D_BAGUMORE BROWN_55% UV 15.0 + -05.50,누수규격,2026-07-23
C관(2공장),1-Day_Color_Sph_Fix,PIA D_BAGUMORE BROWN_55% UV 15.0 + -05.50,분리,2026-07-19
C관(2공장),1-Day_Color_Sph_Fix,PIA D_BAGUMORE BROWN_55% UV 15.0 + -05.50,사출,2026-07-18
C관(2공장),1-Day_Color_Sph_Fix,PIA D_BAGUMORE BROWN_55% UV 15.0 + -05.50,접착,2026-07-22
C관(2공장),1-Day_Color_Sph_Fix,PIA D_BAGUMORE BROWN_55% UV 15.0 + -05.50,하이드레이션,2026-07-20
C관(2공장),1-Day_Color_Sph_Fix,PIA D_BAGUMORE BROWN_55% UV 15.0 + -06.00,누수규격,2026-07-23
C관(2공장),1-Day_Color_Sph_Fix,PIA D_BAGUMORE BROWN_55% UV 15.0 + -06.00,분리,2026-07-19
C관(2공장),1-Day_Color_Sph_Fix,PIA D_BAGUMORE BROWN_55% UV 15.0 + -06.00,사출,2026-07-18
C관(2공장),1-Day_Color_Sph_Fix,PIA D_BAGUMORE BROWN_55% UV 15.0 + -06.00,접착,2026-07-22
C관(2공장),1-Day_Color_Sph_Fix,PIA D_BAGUMORE BROWN_55% UV 15.0 + -06.00,하이드레이션,2026-07-20
C관(2공장),1-Day_Color_Sph_Fix,PIA D_BAGUMORE BROWN_55% UV 15.0 + -06.50,누수규격,2026-07-23
C관(2공장),1-Day_Color_Sph_Fix,PIA D_BAGUMORE BROWN_55% UV 15.0 + -06.50,분리,2026-07-19
C관(2공장),1-Day_Color_Sph_Fix,PIA D_BAGUMORE BROWN_55% UV 15.0 + -06.50,사출,2026-07-18
C관(2공장),1-Day_Color_Sph_Fix,PIA D_BAGUMORE BROWN_55% UV 15.0 + -06.50,접착,2026-07-22
C관(2공장),1-Day_Color_Sph_Fix,PIA D_BAGUMORE BROWN_55% UV 15.0 + -06.50,하이드레이션,2026-07-20
C관(2공장),1-Day_Color_Sph_Fix,PIA D_BAGUMORE BROWN_55% UV 15.0 + -07.00,누수규격,2026-07-23
C관(2공장),1-Day_Color_Sph_Fix,PIA D_BAGUMORE BROWN_55% UV 15.0 + -07.00,분리,2026-07-19
C관(2공장),1-Day_Color_Sph_Fix,PIA D_BAGUMORE BROWN_55% UV 15.0 + -07.00,사출,2026-07-18
C관(2공장),1-Day_Color_Sph_Fix,PIA D_BAGUMORE BROWN_55% UV 15.0 + -07.00,접착,2026-07-22
C관(2공장),1-Day_Color_Sph_Fix,PIA D_BAGUMORE BROWN_55% UV 15.0 + -07.00,하이드레이션,2026-07-20
C관(2공장),1-Day_Color_Sph_Fix,PIA D_BAGUMORE BROWN_55% UV 15.0 + -07.50,누수규격,2026-07-23
C관(2공장),1-Day_Color_Sph_Fix,PIA D_BAGUMORE BROWN_55% UV 15.0 + -07.50,분리,2026-07-19
C관(2공장),1-Day_Color_Sph_Fix,PIA D_BAGUMORE BROWN_55% UV 15.0 + -07.50,사출,2026-07-18
C관(2공장),1-Day_Color_Sph_Fix,PIA D_BAGUMORE BROWN_55% UV 15.0 + -07.50,접착,2026-07-22
C관(2공장),1-Day_Color_Sph_Fix,PIA D_BAGUMORE BROWN_55% UV 15.0 + -07.50,하이드레이션,2026-07-20
C관(2공장),1-Day_Color_Sph_Fix,PIA D_BAGUMORE BROWN_55% UV 15.0 + -08.00,누수규격,2026-07-23
C관(2공장),1-Day_Color_Sph_Fix,PIA D_BAGUMORE BROWN_55% UV 15.0 + -08.00,분리,2026-07-19
C관(2공장),1-Day_Color_Sph_Fix,PIA D_BAGUMORE BROWN_55% UV 15.0 + -08.00,사출,2026-07-18
C관(2공장),1-Day_Color_Sph_Fix,PIA D_BAGUMORE BROWN_55% UV 15.0 + -08.00,접착,2026-07-22
C관(2공장),1-Day_Color_Sph_Fix,PIA D_BAGUMORE BROWN_55% UV 15.0 + -08.00,하이드레이션,2026-07-20
C관(2공장),1-Day_Color_Sph_Fix,PIA D_BAGUMORE GRAY_55% UV 15.0 + -00.00,누수규격,2026-07-23
C관(2공장),1-Day_Color_Sph_Fix,PIA D_BAGUMORE GRAY_55% UV 15.0 + -00.00,분리,2026-07-19
C관(2공장),1-Day_Color_Sph_Fix,PIA D_BAGUMORE GRAY_55% UV 15.0 + -00.00,사출,2026-07-18
C관(2공장),1-Day_Color_Sph_Fix,PIA D_BAGUMORE GRAY_55% UV 15.0 + -00.00,접착,2026-07-22
C관(2공장),1-Day_Color_Sph_Fix,PIA D_BAGUMORE GRAY_55% UV 15.0 + -00.00,하이드레이션,2026-07-20
C관(2공장),1-Day_Color_Sph_Fix,PIA D_BAGUMORE GRAY_55% UV 15.0 + -00.75,누수규격,2026-07-23
C관(2공장),1-Day_Color_Sph_Fix,PIA D_BAGUMORE GRAY_55% UV 15.0 + -00.75,분리,2026-07-19
C관(2공장),1-Day_Color_Sph_Fix,PIA D_BAGUMORE GRAY_55% UV 15.0 + -00.75,사출,2026-07-18
C관(2공장),1-Day_Color_Sph_Fix,PIA D_BAGUMORE GRAY_55% UV 15.0 + -00.75,접착,2026-07-22
C관(2공장),1-Day_Color_Sph_Fix,PIA D_BAGUMORE GRAY_55% UV 15.0 + -00.75,하이드레이션,2026-07-20
C관(2공장),1-Day_Color_Sph_Fix,PIA D_BAGUMORE GRAY_55% UV 15.0 + -01.00,누수규격,2026-07-23
C관(2공장),1-Day_Color_Sph_Fix,PIA D_BAGUMORE GRAY_55% UV 15.0 + -01.00,분리,2026-07-19
C관(2공장),1-Day_Color_Sph_Fix,PIA D_BAGUMORE GRAY_55% UV 15.0 + -01.00,사출,2026-07-18
C관(2공장),1-Day_Color_Sph_Fix,PIA D_BAGUMORE GRAY_55% UV 15.0 + -01.00,접착,2026-07-22
C관(2공장),1-Day_Color_Sph_Fix,PIA D_BAGUMORE GRAY_55% UV 15.0 + -01.00,하이드레이션,2026-07-20
C관(2공장),1-Day_Color_Sph_Fix,PIA D_BAGUMORE GRAY_55% UV 15.0 + -01.25,누수규격,2026-07-23
C관(2공장),1-Day_Color_Sph_Fix,PIA D_BAGUMORE GRAY_55% UV 15.0 + -01.25,분리,2026-07-19
C관(2공장),1-Day_Color_Sph_Fix,PIA D_BAGUMORE GRAY_55% UV 15.0 + -01.25,사출,2026-07-18
C관(2공장),1-Day_Color_Sph_Fix,PIA D_BAGUMORE GRAY_55% UV 15.0 + -01.25,접착,2026-07-22
C관(2공장),1-Day_Color_Sph_Fix,PIA D_BAGUMORE GRAY_55% UV 15.0 + -01.25,하이드레이션,2026-07-20
C관(2공장),1-Day_Color_Sph_Fix,PIA D_BAGUMORE GRAY_55% UV 15.0 + -01.50,누수규격,2026-07-23
C관(2공장),1-Day_Color_Sph_Fix,PIA D_BAGUMORE GRAY_55% UV 15.0 + -01.50,분리,2026-07-19
C관(2공장),1-Day_Color_Sph_Fix,PIA D_BAGUMORE GRAY_55% UV 15.0 + -01.50,사출,2026-07-18
C관(2공장),1-Day_Color_Sph_Fix,PIA D_BAGUMORE GRAY_55% UV 15.0 + -01.50,접착,2026-07-22
C관(2공장),1-Day_Color_Sph_Fix,PIA D_BAGUMORE GRAY_55% UV 15.0 + -01.50,하이드레이션,2026-07-20
C관(2공장),1-Day_Color_Sph_Fix,PIA D_BAGUMORE GRAY_55% UV 15.0 + -01.75,누수규격,2026-07-23
C관(2공장),1-Day_Color_Sph_Fix,PIA D_BAGUMORE GRAY_55% UV 15.0 + -01.75,분리,2026-07-19
C관(2공장),1-Day_Color_Sph_Fix,PIA D_BAGUMORE GRAY_55% UV 15.0 + -01.75,사출,2026-07-18
C관(2공장),1-Day_Color_Sph_Fix,PIA D_BAGUMORE GRAY_55% UV 15.0 + -01.75,접착,2026-07-22
C관(2공장),1-Day_Color_Sph_Fix,PIA D_BAGUMORE GRAY_55% UV 15.0 + -01.75,하이드레이션,2026-07-20
C관(2공장),1-Day_Color_Sph_Fix,PIA D_BAGUMORE GRAY_55% UV 15.0 + -02.00,누수규격,2026-07-23
C관(2공장),1-Day_Color_Sph_Fix,PIA D_BAGUMORE GRAY_55% UV 15.0 + -02.00,분리,2026-07-19
C관(2공장),1-Day_Color_Sph_Fix,PIA D_BAGUMORE GRAY_55% UV 15.0 + -02.00,사출,2026-07-18
C관(2공장),1-Day_Color_Sph_Fix,PIA D_BAGUMORE GRAY_55% UV 15.0 + -02.00,접착,2026-07-22
C관(2공장),1-Day_Color_Sph_Fix,PIA D_BAGUMORE GRAY_55% UV 15.0 + -02.00,하이드레이션,2026-07-20
C관(2공장),1-Day_Color_Sph_Fix,PIA D_BAGUMORE GRAY_55% UV 15.0 + -02.25,누수규격,2026-07-23
C관(2공장),1-Day_Color_Sph_Fix,PIA D_BAGUMORE GRAY_55% UV 15.0 + -02.25,분리,2026-07-19
C관(2공장),1-Day_Color_Sph_Fix,PIA D_BAGUMORE GRAY_55% UV 15.0 + -02.25,사출,2026-07-18
C관(2공장),1-Day_Color_Sph_Fix,PIA D_BAGUMORE GRAY_55% UV 15.0 + -02.25,접착,2026-07-22
C관(2공장),1-Day_Color_Sph_Fix,PIA D_BAGUMORE GRAY_55% UV 15.0 + -02.25,하이드레이션,2026-07-20
C관(2공장),1-Day_Color_Sph_Fix,PIA D_BAGUMORE GRAY_55% UV 15.0 + -02.50,누수규격,2026-07-23
C관(2공장),1-Day_Color_Sph_Fix,PIA D_BAGUMORE GRAY_55% UV 15.0 + -02.50,분리,2026-07-19
C관(2공장),1-Day_Color_Sph_Fix,PIA D_BAGUMORE GRAY_55% UV 15.0 + -02.50,사출,2026-07-18
C관(2공장),1-Day_Color_Sph_Fix,PIA D_BAGUMORE GRAY_55% UV 15.0 + -02.50,접착,2026-07-22
C관(2공장),1-Day_Color_Sph_Fix,PIA D_BAGUMORE GRAY_55% UV 15.0 + -02.50,하이드레이션,2026-07-20
C관(2공장),1-Day_Color_Sph_Fix,PIA D_BAGUMORE GRAY_55% UV 15.0 + -02.75,누수규격,2026-07-23
C관(2공장),1-Day_Color_Sph_Fix,PIA D_BAGUMORE GRAY_55% UV 15.0 + -02.75,분리,2026-07-19
C관(2공장),1-Day_Color_Sph_Fix,PIA D_BAGUMORE GRAY_55% UV 15.0 + -02.75,사출,2026-07-18
C관(2공장),1-Day_Color_Sph_Fix,PIA D_BAGUMORE GRAY_55% UV 15.0 + -02.75,접착,2026-07-22
C관(2공장),1-Day_Color_Sph_Fix,PIA D_BAGUMORE GRAY_55% UV 15.0 + -02.75,하이드레이션,2026-07-20
C관(2공장),1-Day_Color_Sph_Fix,PIA D_BAGUMORE GRAY_55% UV 15.0 + -03.00,누수규격,2026-07-23
C관(2공장),1-Day_Color_Sph_Fix,PIA D_BAGUMORE GRAY_55% UV 15.0 + -03.00,분리,2026-07-19
C관(2공장),1-Day_Color_Sph_Fix,PIA D_BAGUMORE GRAY_55% UV 15.0 + -03.00,사출,2026-07-18
C관(2공장),1-Day_Color_Sph_Fix,PIA D_BAGUMORE GRAY_55% UV 15.0 + -03.00,접착,2026-07-22
C관(2공장),1-Day_Color_Sph_Fix,PIA D_BAGUMORE GRAY_55% UV 15.0 + -03.00,하이드레이션,2026-07-20
C관(2공장),1-Day_Color_Sph_Fix,PIA D_BAGUMORE GRAY_55% UV 15.0 + -03.25,누수규격,2026-07-23
C관(2공장),1-Day_Color_Sph_Fix,PIA D_BAGUMORE GRAY_55% UV 15.0 + -03.25,분리,2026-07-19
C관(2공장),1-Day_Color_Sph_Fix,PIA D_BAGUMORE GRAY_55% UV 15.0 + -03.25,사출,2026-07-18
C관(2공장),1-Day_Color_Sph_Fix,PIA D_BAGUMORE GRAY_55% UV 15.0 + -03.25,접착,2026-07-22
C관(2공장),1-Day_Color_Sph_Fix,PIA D_BAGUMORE GRAY_55% UV 15.0 + -03.25,하이드레이션,2026-07-20
C관(2공장),1-Day_Color_Sph_Fix,PIA D_BAGUMORE GRAY_55% UV 15.0 + -03.50,누수규격,2026-07-23
C관(2공장),1-Day_Color_Sph_Fix,PIA D_BAGUMORE GRAY_55% UV 15.0 + -03.50,분리,2026-07-19
C관(2공장),1-Day_Color_Sph_Fix,PIA D_BAGUMORE GRAY_55% UV 15.0 + -03.50,사출,2026-07-18
C관(2공장),1-Day_Color_Sph_Fix,PIA D_BAGUMORE GRAY_55% UV 15.0 + -03.50,접착,2026-07-22
C관(2공장),1-Day_Color_Sph_Fix,PIA D_BAGUMORE GRAY_55% UV 15.0 + -03.50,하이드레이션,2026-07-20
C관(2공장),1-Day_Color_Sph_Fix,PIA D_BAGUMORE GRAY_55% UV 15.0 + -03.75,누수규격,2026-07-23
C관(2공장),1-Day_Color_Sph_Fix,PIA D_BAGUMORE GRAY_55% UV 15.0 + -03.75,분리,2026-07-19
C관(2공장),1-Day_Color_Sph_Fix,PIA D_BAGUMORE GRAY_55% UV 15.0 + -03.75,사출,2026-07-18
C관(2공장),1-Day_Color_Sph_Fix,PIA D_BAGUMORE GRAY_55% UV 15.0 + -03.75,접착,2026-07-22
C관(2공장),1-Day_Color_Sph_Fix,PIA D_BAGUMORE GRAY_55% UV 15.0 + -03.75,하이드레이션,2026-07-20
C관(2공장),1-Day_Color_Sph_Fix,PIA D_BAGUMORE GRAY_55% UV 15.0 + -04.00,누수규격,2026-07-23
C관(2공장),1-Day_Color_Sph_Fix,PIA D_BAGUMORE GRAY_55% UV 15.0 + -04.00,분리,2026-07-19
C관(2공장),1-Day_Color_Sph_Fix,PIA D_BAGUMORE GRAY_55% UV 15.0 + -04.00,사출,2026-07-18
C관(2공장),1-Day_Color_Sph_Fix,PIA D_BAGUMORE GRAY_55% UV 15.0 + -04.00,접착,2026-07-22
C관(2공장),1-Day_Color_Sph_Fix,PIA D_BAGUMORE GRAY_55% UV 15.0 + -04.00,하이드레이션,2026-07-20
C관(2공장),1-Day_Color_Sph_Fix,PIA D_BAGUMORE GRAY_55% UV 15.0 + -04.25,누수규격,2026-07-23
C관(2공장),1-Day_Color_Sph_Fix,PIA D_BAGUMORE GRAY_55% UV 15.0 + -04.25,분리,2026-07-19
C관(2공장),1-Day_Color_Sph_Fix,PIA D_BAGUMORE GRAY_55% UV 15.0 + -04.25,사출,2026-07-18
C관(2공장),1-Day_Color_Sph_Fix,PIA D_BAGUMORE GRAY_55% UV 15.0 + -04.25,접착,2026-07-22
C관(2공장),1-Day_Color_Sph_Fix,PIA D_BAGUMORE GRAY_55% UV 15.0 + -04.25,하이드레이션,2026-07-20
C관(2공장),1-Day_Color_Sph_Fix,PIA D_BAGUMORE GRAY_55% UV 15.0 + -04.50,누수규격,2026-07-23
C관(2공장),1-Day_Color_Sph_Fix,PIA D_BAGUMORE GRAY_55% UV 15.0 + -04.50,분리,2026-07-19
C관(2공장),1-Day_Color_Sph_Fix,PIA D_BAGUMORE GRAY_55% UV 15.0 + -04.50,사출,2026-07-18
C관(2공장),1-Day_Color_Sph_Fix,PIA D_BAGUMORE GRAY_55% UV 15.0 + -04.50,접착,2026-07-22
C관(2공장),1-Day_Color_Sph_Fix,PIA D_BAGUMORE GRAY_55% UV 15.0 + -04.50,하이드레이션,2026-07-20
C관(2공장),1-Day_Color_Sph_Fix,PIA D_BAGUMORE GRAY_55% UV 15.0 + -04.75,누수규격,2026-07-23
C관(2공장),1-Day_Color_Sph_Fix,PIA D_BAGUMORE GRAY_55% UV 15.0 + -04.75,분리,2026-07-19
C관(2공장),1-Day_Color_Sph_Fix,PIA D_BAGUMORE GRAY_55% UV 15.0 + -04.75,사출,2026-07-18
C관(2공장),1-Day_Color_Sph_Fix,PIA D_BAGUMORE GRAY_55% UV 15.0 + -04.75,접착,2026-07-22
C관(2공장),1-Day_Color_Sph_Fix,PIA D_BAGUMORE GRAY_55% UV 15.0 + -04.75,하이드레이션,2026-07-20
C관(2공장),1-Day_Color_Sph_Fix,PIA D_BAGUMORE GRAY_55% UV 15.0 + -05.00,누수규격,2026-07-23
C관(2공장),1-Day_Color_Sph_Fix,PIA D_BAGUMORE GRAY_55% UV 15.0 + -05.00,분리,2026-07-19
C관(2공장),1-Day_Color_Sph_Fix,PIA D_BAGUMORE GRAY_55% UV 15.0 + -05.00,사출,2026-07-18
C관(2공장),1-Day_Color_Sph_Fix,PIA D_BAGUMORE GRAY_55% UV 15.0 + -05.00,접착,2026-07-22
C관(2공장),1-Day_Color_Sph_Fix,PIA D_BAGUMORE GRAY_55% UV 15.0 + -05.00,하이드레이션,2026-07-20
C관(2공장),1-Day_Color_Sph_Fix,PIA D_BAGUMORE GRAY_55% UV 15.0 + -05.50,누수규격,2026-07-23
C관(2공장),1-Day_Color_Sph_Fix,PIA D_BAGUMORE GRAY_55% UV 15.0 + -05.50,분리,2026-07-19
C관(2공장),1-Day_Color_Sph_Fix,PIA D_BAGUMORE GRAY_55% UV 15.0 + -05.50,사출,2026-07-18
C관(2공장),1-Day_Color_Sph_Fix,PIA D_BAGUMORE GRAY_55% UV 15.0 + -05.50,접착,2026-07-22
C관(2공장),1-Day_Color_Sph_Fix,PIA D_BAGUMORE GRAY_55% UV 15.0 + -05.50,하이드레이션,2026-07-20
C관(2공장),1-Day_Color_Sph_Fix,PIA D_BAGUMORE GRAY_55% UV 15.0 + -06.00,누수규격,2026-07-23
C관(2공장),1-Day_Color_Sph_Fix,PIA D_BAGUMORE GRAY_55% UV 15.0 + -06.00,분리,2026-07-19
C관(2공장),1-Day_Color_Sph_Fix,PIA D_BAGUMORE GRAY_55% UV 15.0 + -06.00,사출,2026-07-18
C관(2공장),1-Day_Color_Sph_Fix,PIA D_BAGUMORE GRAY_55% UV 15.0 + -06.00,접착,2026-07-22
C관(2공장),1-Day_Color_Sph_Fix,PIA D_BAGUMORE GRAY_55% UV 15.0 + -06.00,하이드레이션,2026-07-20
C관(2공장),1-Day_Color_Sph_Fix,PIA D_BAGUMORE GRAY_55% UV 15.0 + -06.50,누수규격,2026-07-23
C관(2공장),1-Day_Color_Sph_Fix,PIA D_BAGUMORE GRAY_55% UV 15.0 + -06.50,분리,2026-07-19
C관(2공장),1-Day_Color_Sph_Fix,PIA D_BAGUMORE GRAY_55% UV 15.0 + -06.50,사출,2026-07-18
C관(2공장),1-Day_Color_Sph_Fix,PIA D_BAGUMORE GRAY_55% UV 15.0 + -06.50,접착,2026-07-22
C관(2공장),1-Day_Color_Sph_Fix,PIA D_BAGUMORE GRAY_55% UV 15.0 + -06.50,하이드레이션,2026-07-20
C관(2공장),1-Day_Color_Sph_Fix,PIA D_BAGUMORE GRAY_55% UV 15.0 + -07.00,누수규격,2026-07-23
C관(2공장),1-Day_Color_Sph_Fix,PIA D_BAGUMORE GRAY_55% UV 15.0 + -07.00,분리,2026-07-19
C관(2공장),1-Day_Color_Sph_Fix,PIA D_BAGUMORE GRAY_55% UV 15.0 + -07.00,사출,2026-07-18
C관(2공장),1-Day_Color_Sph_Fix,PIA D_BAGUMORE GRAY_55% UV 15.0 + -07.00,접착,2026-07-22
C관(2공장),1-Day_Color_Sph_Fix,PIA D_BAGUMORE GRAY_55% UV 15.0 + -07.00,하이드레이션,2026-07-20
C관(2공장),1-Day_Color_Sph_Fix,PIA D_BAGUMORE GRAY_55% UV 15.0 + -07.50,누수규격,2026-07-23
C관(2공장),1-Day_Color_Sph_Fix,PIA D_BAGUMORE GRAY_55% UV 15.0 + -07.50,분리,2026-07-19
C관(2공장),1-Day_Color_Sph_Fix,PIA D_BAGUMORE GRAY_55% UV 15.0 + -07.50,사출,2026-07-18
C관(2공장),1-Day_Color_Sph_Fix,PIA D_BAGUMORE GRAY_55% UV 15.0 + -07.50,접착,2026-07-22
C관(2공장),1-Day_Color_Sph_Fix,PIA D_BAGUMORE GRAY_55% UV 15.0 + -07.50,하이드레이션,2026-07-20
C관(2공장),1-Day_Color_Sph_Fix,PIA D_BAGUMORE GRAY_55% UV 15.0 + -08.00,누수규격,2026-07-23
C관(2공장),1-Day_Color_Sph_Fix,PIA D_BAGUMORE GRAY_55% UV 15.0 + -08.00,분리,2026-07-19
C관(2공장),1-Day_Color_Sph_Fix,PIA D_BAGUMORE GRAY_55% UV 15.0 + -08.00,사출,2026-07-18
C관(2공장),1-Day_Color_Sph_Fix,PIA D_BAGUMORE GRAY_55% UV 15.0 + -08.00,접착,2026-07-22
C관(2공장),1-Day_Color_Sph_Fix,PIA D_BAGUMORE GRAY_55% UV 15.0 + -08.00,하이드레이션,2026-07-20
C관(2공장),1-Day_Color_Sph_Fix,PIA D_BAGUMORE HONEY LATTE_55% UV 15.0 + -00.00,누수규격,2026-07-23
C관(2공장),1-Day_Color_Sph_Fix,PIA D_BAGUMORE HONEY LATTE_55% UV 15.0 + -00.00,분리,2026-07-19
C관(2공장),1-Day_Color_Sph_Fix,PIA D_BAGUMORE HONEY LATTE_55% UV 15.0 + -00.00,사출,2026-07-18
C관(2공장),1-Day_Color_Sph_Fix,PIA D_BAGUMORE HONEY LATTE_55% UV 15.0 + -00.00,접착,2026-07-22
C관(2공장),1-Day_Color_Sph_Fix,PIA D_BAGUMORE HONEY LATTE_55% UV 15.0 + -00.00,하이드레이션,2026-07-20
C관(2공장),1-Day_Color_Sph_Fix,PIA D_BAGUMORE HONEY LATTE_55% UV 15.0 + -00.75,누수규격,2026-07-23
C관(2공장),1-Day_Color_Sph_Fix,PIA D_BAGUMORE HONEY LATTE_55% UV 15.0 + -00.75,분리,2026-07-19
C관(2공장),1-Day_Color_Sph_Fix,PIA D_BAGUMORE HONEY LATTE_55% UV 15.0 + -00.75,사출,2026-07-18
C관(2공장),1-Day_Color_Sph_Fix,PIA D_BAGUMORE HONEY LATTE_55% UV 15.0 + -00.75,접착,2026-07-22
C관(2공장),1-Day_Color_Sph_Fix,PIA D_BAGUMORE HONEY LATTE_55% UV 15.0 + -00.75,하이드레이션,2026-07-20
C관(2공장),1-Day_Color_Sph_Fix,PIA D_BAGUMORE HONEY LATTE_55% UV 15.0 + -01.00,누수규격,2026-07-23
C관(2공장),1-Day_Color_Sph_Fix,PIA D_BAGUMORE HONEY LATTE_55% UV 15.0 + -01.00,분리,2026-07-19
C관(2공장),1-Day_Color_Sph_Fix,PIA D_BAGUMORE HONEY LATTE_55% UV 15.0 + -01.00,사출,2026-07-18
C관(2공장),1-Day_Color_Sph_Fix,PIA D_BAGUMORE HONEY LATTE_55% UV 15.0 + -01.00,접착,2026-07-22
C관(2공장),1-Day_Color_Sph_Fix,PIA D_BAGUMORE HONEY LATTE_55% UV 15.0 + -01.00,하이드레이션,2026-07-20
C관(2공장),1-Day_Color_Sph_Fix,PIA D_BAGUMORE HONEY LATTE_55% UV 15.0 + -01.25,누수규격,2026-07-23
C관(2공장),1-Day_Color_Sph_Fix,PIA D_BAGUMORE HONEY LATTE_55% UV 15.0 + -01.25,분리,2026-07-19
C관(2공장),1-Day_Color_Sph_Fix,PIA D_BAGUMORE HONEY LATTE_55% UV 15.0 + -01.25,사출,2026-07-18
C관(2공장),1-Day_Color_Sph_Fix,PIA D_BAGUMORE HONEY LATTE_55% UV 15.0 + -01.25,접착,2026-07-22
C관(2공장),1-Day_Color_Sph_Fix,PIA D_BAGUMORE HONEY LATTE_55% UV 15.0 + -01.25,하이드레이션,2026-07-20
C관(2공장),1-Day_Color_Sph_Fix,PIA D_BAGUMORE HONEY LATTE_55% UV 15.0 + -01.50,누수규격,2026-07-23
C관(2공장),1-Day_Color_Sph_Fix,PIA D_BAGUMORE HONEY LATTE_55% UV 15.0 + -01.50,분리,2026-07-19
C관(2공장),1-Day_Color_Sph_Fix,PIA D_BAGUMORE HONEY LATTE_55% UV 15.0 + -01.50,사출,2026-07-18
C관(2공장),1-Day_Color_Sph_Fix,PIA D_BAGUMORE HONEY LATTE_55% UV 15.0 + -01.50,접착,2026-07-22
C관(2공장),1-Day_Color_Sph_Fix,PIA D_BAGUMORE HONEY LATTE_55% UV 15.0 + -01.50,하이드레이션,2026-07-20
C관(2공장),1-Day_Color_Sph_Fix,PIA D_BAGUMORE HONEY LATTE_55% UV 15.0 + -01.75,누수규격,2026-07-23
C관(2공장),1-Day_Color_Sph_Fix,PIA D_BAGUMORE HONEY LATTE_55% UV 15.0 + -01.75,분리,2026-07-19
C관(2공장),1-Day_Color_Sph_Fix,PIA D_BAGUMORE HONEY LATTE_55% UV 15.0 + -01.75,사출,2026-07-18
C관(2공장),1-Day_Color_Sph_Fix,PIA D_BAGUMORE HONEY LATTE_55% UV 15.0 + -01.75,접착,2026-07-22
C관(2공장),1-Day_Color_Sph_Fix,PIA D_BAGUMORE HONEY LATTE_55% UV 15.0 + -01.75,하이드레이션,2026-07-20
C관(2공장),1-Day_Color_Sph_Fix,PIA D_BAGUMORE HONEY LATTE_55% UV 15.0 + -02.00,누수규격,2026-07-23
C관(2공장),1-Day_Color_Sph_Fix,PIA D_BAGUMORE HONEY LATTE_55% UV 15.0 + -02.00,분리,2026-07-19
C관(2공장),1-Day_Color_Sph_Fix,PIA D_BAGUMORE HONEY LATTE_55% UV 15.0 + -02.00,사출,2026-07-18
C관(2공장),1-Day_Color_Sph_Fix,PIA D_BAGUMORE HONEY LATTE_55% UV 15.0 + -02.00,접착,2026-07-22
C관(2공장),1-Day_Color_Sph_Fix,PIA D_BAGUMORE HONEY LATTE_55% UV 15.0 + -02.00,하이드레이션,2026-07-20
C관(2공장),1-Day_Color_Sph_Fix,PIA D_BAGUMORE HONEY LATTE_55% UV 15.0 + -02.25,누수규격,2026-07-23
C관(2공장),1-Day_Color_Sph_Fix,PIA D_BAGUMORE HONEY LATTE_55% UV 15.0 + -02.25,분리,2026-07-19
C관(2공장),1-Day_Color_Sph_Fix,PIA D_BAGUMORE HONEY LATTE_55% UV 15.0 + -02.25,사출,2026-07-18
C관(2공장),1-Day_Color_Sph_Fix,PIA D_BAGUMORE HONEY LATTE_55% UV 15.0 + -02.25,접착,2026-07-22
C관(2공장),1-Day_Color_Sph_Fix,PIA D_BAGUMORE HONEY LATTE_55% UV 15.0 + -02.25,하이드레이션,2026-07-20
C관(2공장),1-Day_Color_Sph_Fix,PIA D_BAGUMORE HONEY LATTE_55% UV 15.0 + -02.50,누수규격,2026-07-23
C관(2공장),1-Day_Color_Sph_Fix,PIA D_BAGUMORE HONEY LATTE_55% UV 15.0 + -02.50,분리,2026-07-19
C관(2공장),1-Day_Color_Sph_Fix,PIA D_BAGUMORE HONEY LATTE_55% UV 15.0 + -02.50,사출,2026-07-18
C관(2공장),1-Day_Color_Sph_Fix,PIA D_BAGUMORE HONEY LATTE_55% UV 15.0 + -02.50,접착,2026-07-22
C관(2공장),1-Day_Color_Sph_Fix,PIA D_BAGUMORE HONEY LATTE_55% UV 15.0 + -02.50,하이드레이션,2026-07-20
C관(2공장),1-Day_Color_Sph_Fix,PIA D_BAGUMORE HONEY LATTE_55% UV 15.0 + -02.75,누수규격,2026-07-23
C관(2공장),1-Day_Color_Sph_Fix,PIA D_BAGUMORE HONEY LATTE_55% UV 15.0 + -02.75,분리,2026-07-19
C관(2공장),1-Day_Color_Sph_Fix,PIA D_BAGUMORE HONEY LATTE_55% UV 15.0 + -02.75,사출,2026-07-18
C관(2공장),1-Day_Color_Sph_Fix,PIA D_BAGUMORE HONEY LATTE_55% UV 15.0 + -02.75,접착,2026-07-22
C관(2공장),1-Day_Color_Sph_Fix,PIA D_BAGUMORE HONEY LATTE_55% UV 15.0 + -02.75,하이드레이션,2026-07-20
C관(2공장),1-Day_Color_Sph_Fix,PIA D_BAGUMORE HONEY LATTE_55% UV 15.0 + -03.00,누수규격,2026-07-23
C관(2공장),1-Day_Color_Sph_Fix,PIA D_BAGUMORE HONEY LATTE_55% UV 15.0 + -03.00,분리,2026-07-19
C관(2공장),1-Day_Color_Sph_Fix,PIA D_BAGUMORE HONEY LATTE_55% UV 15.0 + -03.00,사출,2026-07-18
C관(2공장),1-Day_Color_Sph_Fix,PIA D_BAGUMORE HONEY LATTE_55% UV 15.0 + -03.00,접착,2026-07-22
C관(2공장),1-Day_Color_Sph_Fix,PIA D_BAGUMORE HONEY LATTE_55% UV 15.0 + -03.00,하이드레이션,2026-07-20
C관(2공장),1-Day_Color_Sph_Fix,PIA D_BAGUMORE HONEY LATTE_55% UV 15.0 + -03.25,누수규격,2026-07-23
C관(2공장),1-Day_Color_Sph_Fix,PIA D_BAGUMORE HONEY LATTE_55% UV 15.0 + -03.25,분리,2026-07-19
C관(2공장),1-Day_Color_Sph_Fix,PIA D_BAGUMORE HONEY LATTE_55% UV 15.0 + -03.25,사출,2026-07-18
C관(2공장),1-Day_Color_Sph_Fix,PIA D_BAGUMORE HONEY LATTE_55% UV 15.0 + -03.25,접착,2026-07-22
C관(2공장),1-Day_Color_Sph_Fix,PIA D_BAGUMORE HONEY LATTE_55% UV 15.0 + -03.25,하이드레이션,2026-07-20
C관(2공장),1-Day_Color_Sph_Fix,PIA D_BAGUMORE HONEY LATTE_55% UV 15.0 + -03.50,누수규격,2026-07-23
C관(2공장),1-Day_Color_Sph_Fix,PIA D_BAGUMORE HONEY LATTE_55% UV 15.0 + -03.50,분리,2026-07-19
C관(2공장),1-Day_Color_Sph_Fix,PIA D_BAGUMORE HONEY LATTE_55% UV 15.0 + -03.50,사출,2026-07-18
C관(2공장),1-Day_Color_Sph_Fix,PIA D_BAGUMORE HONEY LATTE_55% UV 15.0 + -03.50,접착,2026-07-22
C관(2공장),1-Day_Color_Sph_Fix,PIA D_BAGUMORE HONEY LATTE_55% UV 15.0 + -03.50,하이드레이션,2026-07-20
C관(2공장),1-Day_Color_Sph_Fix,PIA D_BAGUMORE HONEY LATTE_55% UV 15.0 + -03.75,누수규격,2026-07-23
C관(2공장),1-Day_Color_Sph_Fix,PIA D_BAGUMORE HONEY LATTE_55% UV 15.0 + -03.75,분리,2026-07-19
C관(2공장),1-Day_Color_Sph_Fix,PIA D_BAGUMORE HONEY LATTE_55% UV 15.0 + -03.75,사출,2026-07-18
C관(2공장),1-Day_Color_Sph_Fix,PIA D_BAGUMORE HONEY LATTE_55% UV 15.0 + -03.75,접착,2026-07-22
C관(2공장),1-Day_Color_Sph_Fix,PIA D_BAGUMORE HONEY LATTE_55% UV 15.0 + -03.75,하이드레이션,2026-07-20
C관(2공장),1-Day_Color_Sph_Fix,PIA D_BAGUMORE HONEY LATTE_55% UV 15.0 + -04.00,누수규격,2026-07-23
C관(2공장),1-Day_Color_Sph_Fix,PIA D_BAGUMORE HONEY LATTE_55% UV 15.0 + -04.00,분리,2026-07-19
C관(2공장),1-Day_Color_Sph_Fix,PIA D_BAGUMORE HONEY LATTE_55% UV 15.0 + -04.00,사출,2026-07-18
C관(2공장),1-Day_Color_Sph_Fix,PIA D_BAGUMORE HONEY LATTE_55% UV 15.0 + -04.00,접착,2026-07-22
C관(2공장),1-Day_Color_Sph_Fix,PIA D_BAGUMORE HONEY LATTE_55% UV 15.0 + -04.00,하이드레이션,2026-07-20
C관(2공장),1-Day_Color_Sph_Fix,PIA D_BAGUMORE HONEY LATTE_55% UV 15.0 + -04.25,누수규격,2026-07-23
C관(2공장),1-Day_Color_Sph_Fix,PIA D_BAGUMORE HONEY LATTE_55% UV 15.0 + -04.25,분리,2026-07-19
C관(2공장),1-Day_Color_Sph_Fix,PIA D_BAGUMORE HONEY LATTE_55% UV 15.0 + -04.25,사출,2026-07-18
C관(2공장),1-Day_Color_Sph_Fix,PIA D_BAGUMORE HONEY LATTE_55% UV 15.0 + -04.25,접착,2026-07-22
C관(2공장),1-Day_Color_Sph_Fix,PIA D_BAGUMORE HONEY LATTE_55% UV 15.0 + -04.25,하이드레이션,2026-07-20
C관(2공장),1-Day_Color_Sph_Fix,PIA D_BAGUMORE HONEY LATTE_55% UV 15.0 + -04.50,누수규격,2026-07-23
C관(2공장),1-Day_Color_Sph_Fix,PIA D_BAGUMORE HONEY LATTE_55% UV 15.0 + -04.50,분리,2026-07-19
C관(2공장),1-Day_Color_Sph_Fix,PIA D_BAGUMORE HONEY LATTE_55% UV 15.0 + -04.50,사출,2026-07-18
C관(2공장),1-Day_Color_Sph_Fix,PIA D_BAGUMORE HONEY LATTE_55% UV 15.0 + -04.50,접착,2026-07-22
C관(2공장),1-Day_Color_Sph_Fix,PIA D_BAGUMORE HONEY LATTE_55% UV 15.0 + -04.50,하이드레이션,2026-07-20
C관(2공장),1-Day_Color_Sph_Fix,PIA D_BAGUMORE HONEY LATTE_55% UV 15.0 + -04.75,누수규격,2026-07-23
C관(2공장),1-Day_Color_Sph_Fix,PIA D_BAGUMORE HONEY LATTE_55% UV 15.0 + -04.75,분리,2026-07-19
C관(2공장),1-Day_Color_Sph_Fix,PIA D_BAGUMORE HONEY LATTE_55% UV 15.0 + -04.75,사출,2026-07-18
C관(2공장),1-Day_Color_Sph_Fix,PIA D_BAGUMORE HONEY LATTE_55% UV 15.0 + -04.75,접착,2026-07-22
C관(2공장),1-Day_Color_Sph_Fix,PIA D_BAGUMORE HONEY LATTE_55% UV 15.0 + -04.75,하이드레이션,2026-07-20
C관(2공장),1-Day_Color_Sph_Fix,PIA D_BAGUMORE HONEY LATTE_55% UV 15.0 + -05.00,누수규격,2026-07-23
C관(2공장),1-Day_Color_Sph_Fix,PIA D_BAGUMORE HONEY LATTE_55% UV 15.0 + -05.00,분리,2026-07-19
C관(2공장),1-Day_Color_Sph_Fix,PIA D_BAGUMORE HONEY LATTE_55% UV 15.0 + -05.00,사출,2026-07-18
C관(2공장),1-Day_Color_Sph_Fix,PIA D_BAGUMORE HONEY LATTE_55% UV 15.0 + -05.00,접착,2026-07-22
C관(2공장),1-Day_Color_Sph_Fix,PIA D_BAGUMORE HONEY LATTE_55% UV 15.0 + -05.00,하이드레이션,2026-07-20
C관(2공장),1-Day_Color_Sph_Fix,PIA D_BAGUMORE HONEY LATTE_55% UV 15.0 + -05.50,누수규격,2026-07-23
C관(2공장),1-Day_Color_Sph_Fix,PIA D_BAGUMORE HONEY LATTE_55% UV 15.0 + -05.50,분리,2026-07-19
C관(2공장),1-Day_Color_Sph_Fix,PIA D_BAGUMORE HONEY LATTE_55% UV 15.0 + -05.50,사출,2026-07-18
C관(2공장),1-Day_Color_Sph_Fix,PIA D_BAGUMORE HONEY LATTE_55% UV 15.0 + -05.50,접착,2026-07-22
C관(2공장),1-Day_Color_Sph_Fix,PIA D_BAGUMORE HONEY LATTE_55% UV 15.0 + -05.50,하이드레이션,2026-07-20
C관(2공장),1-Day_Color_Sph_Fix,PIA D_BAGUMORE HONEY LATTE_55% UV 15.0 + -06.00,누수규격,2026-07-23
C관(2공장),1-Day_Color_Sph_Fix,PIA D_BAGUMORE HONEY LATTE_55% UV 15.0 + -06.00,분리,2026-07-19
C관(2공장),1-Day_Color_Sph_Fix,PIA D_BAGUMORE HONEY LATTE_55% UV 15.0 + -06.00,사출,2026-07-18
C관(2공장),1-Day_Color_Sph_Fix,PIA D_BAGUMORE HONEY LATTE_55% UV 15.0 + -06.00,접착,2026-07-22
C관(2공장),1-Day_Color_Sph_Fix,PIA D_BAGUMORE HONEY LATTE_55% UV 15.0 + -06.00,하이드레이션,2026-07-20
C관(2공장),1-Day_Color_Sph_Fix,PIA D_BAGUMORE HONEY LATTE_55% UV 15.0 + -06.50,누수규격,2026-07-23
C관(2공장),1-Day_Color_Sph_Fix,PIA D_BAGUMORE HONEY LATTE_55% UV 15.0 + -06.50,분리,2026-07-19
C관(2공장),1-Day_Color_Sph_Fix,PIA D_BAGUMORE HONEY LATTE_55% UV 15.0 + -06.50,사출,2026-07-18
C관(2공장),1-Day_Color_Sph_Fix,PIA D_BAGUMORE HONEY LATTE_55% UV 15.0 + -06.50,접착,2026-07-22
C관(2공장),1-Day_Color_Sph_Fix,PIA D_BAGUMORE HONEY LATTE_55% UV 15.0 + -06.50,하이드레이션,2026-07-20
C관(2공장),1-Day_Color_Sph_Fix,PIA D_BAGUMORE HONEY LATTE_55% UV 15.0 + -07.00,누수규격,2026-07-23
C관(2공장),1-Day_Color_Sph_Fix,PIA D_BAGUMORE HONEY LATTE_55% UV 15.0 + -07.00,분리,2026-07-19
C관(2공장),1-Day_Color_Sph_Fix,PIA D_BAGUMORE HONEY LATTE_55% UV 15.0 + -07.00,사출,2026-07-18
C관(2공장),1-Day_Color_Sph_Fix,PIA D_BAGUMORE HONEY LATTE_55% UV 15.0 + -07.00,접착,2026-07-22
C관(2공장),1-Day_Color_Sph_Fix,PIA D_BAGUMORE HONEY LATTE_55% UV 15.0 + -07.00,하이드레이션,2026-07-20
C관(2공장),1-Day_Color_Sph_Fix,PIA D_BAGUMORE HONEY LATTE_55% UV 15.0 + -07.50,누수규격,2026-07-23
C관(2공장),1-Day_Color_Sph_Fix,PIA D_BAGUMORE HONEY LATTE_55% UV 15.0 + -07.50,분리,2026-07-19
C관(2공장),1-Day_Color_Sph_Fix,PIA D_BAGUMORE HONEY LATTE_55% UV 15.0 + -07.50,사출,2026-07-18
C관(2공장),1-Day_Color_Sph_Fix,PIA D_BAGUMORE HONEY LATTE_55% UV 15.0 + -07.50,접착,2026-07-22
C관(2공장),1-Day_Color_Sph_Fix,PIA D_BAGUMORE HONEY LATTE_55% UV 15.0 + -07.50,하이드레이션,2026-07-20
C관(2공장),1-Day_Color_Sph_Fix,PIA D_BAGUMORE HONEY LATTE_55% UV 15.0 + -08.00,누수규격,2026-07-23
C관(2공장),1-Day_Color_Sph_Fix,PIA D_BAGUMORE HONEY LATTE_55% UV 15.0 + -08.00,분리,2026-07-19
C관(2공장),1-Day_Color_Sph_Fix,PIA D_BAGUMORE HONEY LATTE_55% UV 15.0 + -08.00,사출,2026-07-18
C관(2공장),1-Day_Color_Sph_Fix,PIA D_BAGUMORE HONEY LATTE_55% UV 15.0 + -08.00,접착,2026-07-22
C관(2공장),1-Day_Color_Sph_Fix,PIA D_BAGUMORE HONEY LATTE_55% UV 15.0 + -08.00,하이드레이션,2026-07-20
C관(2공장),1-Day_Color_Sph_Fix,PIA D_BAGUMORE ICHIGO LATTE _55% UV 15.0 + -00.00,누수규격,2026-07-23
C관(2공장),1-Day_Color_Sph_Fix,PIA D_BAGUMORE ICHIGO LATTE _55% UV 15.0 + -00.00,분리,2026-07-19
C관(2공장),1-Day_Color_Sph_Fix,PIA D_BAGUMORE ICHIGO LATTE _55% UV 15.0 + -00.00,사출,2026-07-18
C관(2공장),1-Day_Color_Sph_Fix,PIA D_BAGUMORE ICHIGO LATTE _55% UV 15.0 + -00.00,접착,2026-07-22
C관(2공장),1-Day_Color_Sph_Fix,PIA D_BAGUMORE ICHIGO LATTE _55% UV 15.0 + -00.00,하이드레이션,2026-07-20
C관(2공장),1-Day_Color_Sph_Fix,PIA D_BAGUMORE ICHIGO LATTE _55% UV 15.0 + -00.75,누수규격,2026-07-23
C관(2공장),1-Day_Color_Sph_Fix,PIA D_BAGUMORE ICHIGO LATTE _55% UV 15.0 + -00.75,분리,2026-07-19
C관(2공장),1-Day_Color_Sph_Fix,PIA D_BAGUMORE ICHIGO LATTE _55% UV 15.0 + -00.75,사출,2026-07-18
C관(2공장),1-Day_Color_Sph_Fix,PIA D_BAGUMORE ICHIGO LATTE _55% UV 15.0 + -00.75,접착,2026-07-22
C관(2공장),1-Day_Color_Sph_Fix,PIA D_BAGUMORE ICHIGO LATTE _55% UV 15.0 + -00.75,하이드레이션,2026-07-20
C관(2공장),1-Day_Color_Sph_Fix,PIA D_BAGUMORE ICHIGO LATTE _55% UV 15.0 + -01.00,누수규격,2026-07-23
C관(2공장),1-Day_Color_Sph_Fix,PIA D_BAGUMORE ICHIGO LATTE _55% UV 15.0 + -01.00,분리,2026-07-19
C관(2공장),1-Day_Color_Sph_Fix,PIA D_BAGUMORE ICHIGO LATTE _55% UV 15.0 + -01.00,사출,2026-07-18
C관(2공장),1-Day_Color_Sph_Fix,PIA D_BAGUMORE ICHIGO LATTE _55% UV 15.0 + -01.00,접착,2026-07-22
C관(2공장),1-Day_Color_Sph_Fix,PIA D_BAGUMORE ICHIGO LATTE _55% UV 15.0 + -01.00,하이드레이션,2026-07-20
C관(2공장),1-Day_Color_Sph_Fix,PIA D_BAGUMORE ICHIGO LATTE _55% UV 15.0 + -01.25,누수규격,2026-07-23
C관(2공장),1-Day_Color_Sph_Fix,PIA D_BAGUMORE ICHIGO LATTE _55% UV 15.0 + -01.25,분리,2026-07-19
C관(2공장),1-Day_Color_Sph_Fix,PIA D_BAGUMORE ICHIGO LATTE _55% UV 15.0 + -01.25,사출,2026-07-18
C관(2공장),1-Day_Color_Sph_Fix,PIA D_BAGUMORE ICHIGO LATTE _55% UV 15.0 + -01.25,접착,2026-07-22
C관(2공장),1-Day_Color_Sph_Fix,PIA D_BAGUMORE ICHIGO LATTE _55% UV 15.0 + -01.25,하이드레이션,2026-07-20
C관(2공장),1-Day_Color_Sph_Fix,PIA D_BAGUMORE ICHIGO LATTE _55% UV 15.0 + -01.50,누수규격,2026-07-23
C관(2공장),1-Day_Color_Sph_Fix,PIA D_BAGUMORE ICHIGO LATTE _55% UV 15.0 + -01.50,분리,2026-07-19
C관(2공장),1-Day_Color_Sph_Fix,PIA D_BAGUMORE ICHIGO LATTE _55% UV 15.0 + -01.50,사출,2026-07-18
C관(2공장),1-Day_Color_Sph_Fix,PIA D_BAGUMORE ICHIGO LATTE _55% UV 15.0 + -01.50,접착,2026-07-22
C관(2공장),1-Day_Color_Sph_Fix,PIA D_BAGUMORE ICHIGO LATTE _55% UV 15.0 + -01.50,하이드레이션,2026-07-20
C관(2공장),1-Day_Color_Sph_Fix,PIA D_BAGUMORE ICHIGO LATTE _55% UV 15.0 + -01.75,누수규격,2026-07-23
C관(2공장),1-Day_Color_Sph_Fix,PIA D_BAGUMORE ICHIGO LATTE _55% UV 15.0 + -01.75,분리,2026-07-19
C관(2공장),1-Day_Color_Sph_Fix,PIA D_BAGUMORE ICHIGO LATTE _55% UV 15.0 + -01.75,사출,2026-07-18
C관(2공장),1-Day_Color_Sph_Fix,PIA D_BAGUMORE ICHIGO LATTE _55% UV 15.0 + -01.75,접착,2026-07-22
C관(2공장),1-Day_Color_Sph_Fix,PIA D_BAGUMORE ICHIGO LATTE _55% UV 15.0 + -01.75,하이드레이션,2026-07-20
C관(2공장),1-Day_Color_Sph_Fix,PIA D_BAGUMORE ICHIGO LATTE _55% UV 15.0 + -02.00,누수규격,2026-07-23
C관(2공장),1-Day_Color_Sph_Fix,PIA D_BAGUMORE ICHIGO LATTE _55% UV 15.0 + -02.00,분리,2026-07-19
C관(2공장),1-Day_Color_Sph_Fix,PIA D_BAGUMORE ICHIGO LATTE _55% UV 15.0 + -02.00,사출,2026-07-18
C관(2공장),1-Day_Color_Sph_Fix,PIA D_BAGUMORE ICHIGO LATTE _55% UV 15.0 + -02.00,접착,2026-07-22
C관(2공장),1-Day_Color_Sph_Fix,PIA D_BAGUMORE ICHIGO LATTE _55% UV 15.0 + -02.00,하이드레이션,2026-07-20
C관(2공장),1-Day_Color_Sph_Fix,PIA D_BAGUMORE ICHIGO LATTE _55% UV 15.0 + -02.25,누수규격,2026-07-23
C관(2공장),1-Day_Color_Sph_Fix,PIA D_BAGUMORE ICHIGO LATTE _55% UV 15.0 + -02.25,분리,2026-07-19
C관(2공장),1-Day_Color_Sph_Fix,PIA D_BAGUMORE ICHIGO LATTE _55% UV 15.0 + -02.25,사출,2026-07-18
C관(2공장),1-Day_Color_Sph_Fix,PIA D_BAGUMORE ICHIGO LATTE _55% UV 15.0 + -02.25,접착,2026-07-22
C관(2공장),1-Day_Color_Sph_Fix,PIA D_BAGUMORE ICHIGO LATTE _55% UV 15.0 + -02.25,하이드레이션,2026-07-20
C관(2공장),1-Day_Color_Sph_Fix,PIA D_BAGUMORE ICHIGO LATTE _55% UV 15.0 + -02.50,누수규격,2026-07-23
C관(2공장),1-Day_Color_Sph_Fix,PIA D_BAGUMORE ICHIGO LATTE _55% UV 15.0 + -02.50,분리,2026-07-19
C관(2공장),1-Day_Color_Sph_Fix,PIA D_BAGUMORE ICHIGO LATTE _55% UV 15.0 + -02.50,사출,2026-07-18
C관(2공장),1-Day_Color_Sph_Fix,PIA D_BAGUMORE ICHIGO LATTE _55% UV 15.0 + -02.50,접착,2026-07-22
C관(2공장),1-Day_Color_Sph_Fix,PIA D_BAGUMORE ICHIGO LATTE _55% UV 15.0 + -02.50,하이드레이션,2026-07-20
C관(2공장),1-Day_Color_Sph_Fix,PIA D_BAGUMORE ICHIGO LATTE _55% UV 15.0 + -02.75,누수규격,2026-07-23
C관(2공장),1-Day_Color_Sph_Fix,PIA D_BAGUMORE ICHIGO LATTE _55% UV 15.0 + -02.75,분리,2026-07-19
C관(2공장),1-Day_Color_Sph_Fix,PIA D_BAGUMORE ICHIGO LATTE _55% UV 15.0 + -02.75,사출,2026-07-18
C관(2공장),1-Day_Color_Sph_Fix,PIA D_BAGUMORE ICHIGO LATTE _55% UV 15.0 + -02.75,접착,2026-07-22
C관(2공장),1-Day_Color_Sph_Fix,PIA D_BAGUMORE ICHIGO LATTE _55% UV 15.0 + -02.75,하이드레이션,2026-07-20
C관(2공장),1-Day_Color_Sph_Fix,PIA D_BAGUMORE ICHIGO LATTE _55% UV 15.0 + -03.00,누수규격,2026-07-23
C관(2공장),1-Day_Color_Sph_Fix,PIA D_BAGUMORE ICHIGO LATTE _55% UV 15.0 + -03.00,분리,2026-07-19
C관(2공장),1-Day_Color_Sph_Fix,PIA D_BAGUMORE ICHIGO LATTE _55% UV 15.0 + -03.00,사출,2026-07-18
C관(2공장),1-Day_Color_Sph_Fix,PIA D_BAGUMORE ICHIGO LATTE _55% UV 15.0 + -03.00,접착,2026-07-22
C관(2공장),1-Day_Color_Sph_Fix,PIA D_BAGUMORE ICHIGO LATTE _55% UV 15.0 + -03.00,하이드레이션,2026-07-20
C관(2공장),1-Day_Color_Sph_Fix,PIA D_BAGUMORE ICHIGO LATTE _55% UV 15.0 + -03.25,누수규격,2026-07-23
C관(2공장),1-Day_Color_Sph_Fix,PIA D_BAGUMORE ICHIGO LATTE _55% UV 15.0 + -03.25,분리,2026-07-19
C관(2공장),1-Day_Color_Sph_Fix,PIA D_BAGUMORE ICHIGO LATTE _55% UV 15.0 + -03.25,사출,2026-07-18
C관(2공장),1-Day_Color_Sph_Fix,PIA D_BAGUMORE ICHIGO LATTE _55% UV 15.0 + -03.25,접착,2026-07-22
C관(2공장),1-Day_Color_Sph_Fix,PIA D_BAGUMORE ICHIGO LATTE _55% UV 15.0 + -03.25,하이드레이션,2026-07-20
C관(2공장),1-Day_Color_Sph_Fix,PIA D_BAGUMORE ICHIGO LATTE _55% UV 15.0 + -03.50,누수규격,2026-07-23
C관(2공장),1-Day_Color_Sph_Fix,PIA D_BAGUMORE ICHIGO LATTE _55% UV 15.0 + -03.50,분리,2026-07-19
C관(2공장),1-Day_Color_Sph_Fix,PIA D_BAGUMORE ICHIGO LATTE _55% UV 15.0 + -03.50,사출,2026-07-18
C관(2공장),1-Day_Color_Sph_Fix,PIA D_BAGUMORE ICHIGO LATTE _55% UV 15.0 + -03.50,접착,2026-07-22
C관(2공장),1-Day_Color_Sph_Fix,PIA D_BAGUMORE ICHIGO LATTE _55% UV 15.0 + -03.50,하이드레이션,2026-07-20
C관(2공장),1-Day_Color_Sph_Fix,PIA D_BAGUMORE ICHIGO LATTE _55% UV 15.0 + -03.75,누수규격,2026-07-23
C관(2공장),1-Day_Color_Sph_Fix,PIA D_BAGUMORE ICHIGO LATTE _55% UV 15.0 + -03.75,분리,2026-07-19
C관(2공장),1-Day_Color_Sph_Fix,PIA D_BAGUMORE ICHIGO LATTE _55% UV 15.0 + -03.75,사출,2026-07-18
C관(2공장),1-Day_Color_Sph_Fix,PIA D_BAGUMORE ICHIGO LATTE _55% UV 15.0 + -03.75,접착,2026-07-22
C관(2공장),1-Day_Color_Sph_Fix,PIA D_BAGUMORE ICHIGO LATTE _55% UV 15.0 + -03.75,하이드레이션,2026-07-20
C관(2공장),1-Day_Color_Sph_Fix,PIA D_BAGUMORE ICHIGO LATTE _55% UV 15.0 + -04.00,누수규격,2026-07-23
C관(2공장),1-Day_Color_Sph_Fix,PIA D_BAGUMORE ICHIGO LATTE _55% UV 15.0 + -04.00,분리,2026-07-19
C관(2공장),1-Day_Color_Sph_Fix,PIA D_BAGUMORE ICHIGO LATTE _55% UV 15.0 + -04.00,사출,2026-07-18
C관(2공장),1-Day_Color_Sph_Fix,PIA D_BAGUMORE ICHIGO LATTE _55% UV 15.0 + -04.00,접착,2026-07-22
C관(2공장),1-Day_Color_Sph_Fix,PIA D_BAGUMORE ICHIGO LATTE _55% UV 15.0 + -04.00,하이드레이션,2026-07-20
C관(2공장),1-Day_Color_Sph_Fix,PIA D_BAGUMORE ICHIGO LATTE _55% UV 15.0 + -04.25,누수규격,2026-07-23
C관(2공장),1-Day_Color_Sph_Fix,PIA D_BAGUMORE ICHIGO LATTE _55% UV 15.0 + -04.25,분리,2026-07-19
C관(2공장),1-Day_Color_Sph_Fix,PIA D_BAGUMORE ICHIGO LATTE _55% UV 15.0 + -04.25,사출,2026-07-18
C관(2공장),1-Day_Color_Sph_Fix,PIA D_BAGUMORE ICHIGO LATTE _55% UV 15.0 + -04.25,접착,2026-07-22
C관(2공장),1-Day_Color_Sph_Fix,PIA D_BAGUMORE ICHIGO LATTE _55% UV 15.0 + -04.25,하이드레이션,2026-07-20
C관(2공장),1-Day_Color_Sph_Fix,PIA D_BAGUMORE ICHIGO LATTE _55% UV 15.0 + -04.50,누수규격,2026-07-23
C관(2공장),1-Day_Color_Sph_Fix,PIA D_BAGUMORE ICHIGO LATTE _55% UV 15.0 + -04.50,분리,2026-07-19
C관(2공장),1-Day_Color_Sph_Fix,PIA D_BAGUMORE ICHIGO LATTE _55% UV 15.0 + -04.50,사출,2026-07-18
C관(2공장),1-Day_Color_Sph_Fix,PIA D_BAGUMORE ICHIGO LATTE _55% UV 15.0 + -04.50,접착,2026-07-22
C관(2공장),1-Day_Color_Sph_Fix,PIA D_BAGUMORE ICHIGO LATTE _55% UV 15.0 + -04.50,하이드레이션,2026-07-20
C관(2공장),1-Day_Color_Sph_Fix,PIA D_BAGUMORE ICHIGO LATTE _55% UV 15.0 + -04.75,누수규격,2026-07-23
C관(2공장),1-Day_Color_Sph_Fix,PIA D_BAGUMORE ICHIGO LATTE _55% UV 15.0 + -04.75,분리,2026-07-19
C관(2공장),1-Day_Color_Sph_Fix,PIA D_BAGUMORE ICHIGO LATTE _55% UV 15.0 + -04.75,사출,2026-07-18
C관(2공장),1-Day_Color_Sph_Fix,PIA D_BAGUMORE ICHIGO LATTE _55% UV 15.0 + -04.75,접착,2026-07-22
C관(2공장),1-Day_Color_Sph_Fix,PIA D_BAGUMORE ICHIGO LATTE _55% UV 15.0 + -04.75,하이드레이션,2026-07-20
C관(2공장),1-Day_Color_Sph_Fix,PIA D_BAGUMORE ICHIGO LATTE _55% UV 15.0 + -05.00,누수규격,2026-07-23
C관(2공장),1-Day_Color_Sph_Fix,PIA D_BAGUMORE ICHIGO LATTE _55% UV 15.0 + -05.00,분리,2026-07-19
C관(2공장),1-Day_Color_Sph_Fix,PIA D_BAGUMORE ICHIGO LATTE _55% UV 15.0 + -05.00,사출,2026-07-18
C관(2공장),1-Day_Color_Sph_Fix,PIA D_BAGUMORE ICHIGO LATTE _55% UV 15.0 + -05.00,접착,2026-07-22
C관(2공장),1-Day_Color_Sph_Fix,PIA D_BAGUMORE ICHIGO LATTE _55% UV 15.0 + -05.00,하이드레이션,2026-07-20
C관(2공장),1-Day_Color_Sph_Fix,PIA D_BAGUMORE ICHIGO LATTE _55% UV 15.0 + -05.50,누수규격,2026-07-23
C관(2공장),1-Day_Color_Sph_Fix,PIA D_BAGUMORE ICHIGO LATTE _55% UV 15.0 + -05.50,분리,2026-07-19
C관(2공장),1-Day_Color_Sph_Fix,PIA D_BAGUMORE ICHIGO LATTE _55% UV 15.0 + -05.50,사출,2026-07-18
C관(2공장),1-Day_Color_Sph_Fix,PIA D_BAGUMORE ICHIGO LATTE _55% UV 15.0 + -05.50,접착,2026-07-22
C관(2공장),1-Day_Color_Sph_Fix,PIA D_BAGUMORE ICHIGO LATTE _55% UV 15.0 + -05.50,하이드레이션,2026-07-20
C관(2공장),1-Day_Color_Sph_Fix,PIA D_BAGUMORE ICHIGO LATTE _55% UV 15.0 + -06.00,누수규격,2026-07-23
C관(2공장),1-Day_Color_Sph_Fix,PIA D_BAGUMORE ICHIGO LATTE _55% UV 15.0 + -06.00,분리,2026-07-19
C관(2공장),1-Day_Color_Sph_Fix,PIA D_BAGUMORE ICHIGO LATTE _55% UV 15.0 + -06.00,사출,2026-07-18
C관(2공장),1-Day_Color_Sph_Fix,PIA D_BAGUMORE ICHIGO LATTE _55% UV 15.0 + -06.00,접착,2026-07-22
C관(2공장),1-Day_Color_Sph_Fix,PIA D_BAGUMORE ICHIGO LATTE _55% UV 15.0 + -06.00,하이드레이션,2026-07-20
C관(2공장),1-Day_Color_Sph_Fix,PIA D_BAGUMORE ICHIGO LATTE _55% UV 15.0 + -06.50,누수규격,2026-07-23
C관(2공장),1-Day_Color_Sph_Fix,PIA D_BAGUMORE ICHIGO LATTE _55% UV 15.0 + -06.50,분리,2026-07-19
C관(2공장),1-Day_Color_Sph_Fix,PIA D_BAGUMORE ICHIGO LATTE _55% UV 15.0 + -06.50,사출,2026-07-18
C관(2공장),1-Day_Color_Sph_Fix,PIA D_BAGUMORE ICHIGO LATTE _55% UV 15.0 + -06.50,접착,2026-07-22
C관(2공장),1-Day_Color_Sph_Fix,PIA D_BAGUMORE ICHIGO LATTE _55% UV 15.0 + -06.50,하이드레이션,2026-07-20
C관(2공장),1-Day_Color_Sph_Fix,PIA D_BAGUMORE ICHIGO LATTE _55% UV 15.0 + -07.00,누수규격,2026-07-23
C관(2공장),1-Day_Color_Sph_Fix,PIA D_BAGUMORE ICHIGO LATTE _55% UV 15.0 + -07.00,분리,2026-07-19
C관(2공장),1-Day_Color_Sph_Fix,PIA D_BAGUMORE ICHIGO LATTE _55% UV 15.0 + -07.00,사출,2026-07-18
C관(2공장),1-Day_Color_Sph_Fix,PIA D_BAGUMORE ICHIGO LATTE _55% UV 15.0 + -07.00,접착,2026-07-22
C관(2공장),1-Day_Color_Sph_Fix,PIA D_BAGUMORE ICHIGO LATTE _55% UV 15.0 + -07.00,하이드레이션,2026-07-20
C관(2공장),1-Day_Color_Sph_Fix,PIA D_BAGUMORE ICHIGO LATTE _55% UV 15.0 + -07.50,누수규격,2026-07-23
C관(2공장),1-Day_Color_Sph_Fix,PIA D_BAGUMORE ICHIGO LATTE _55% UV 15.0 + -07.50,분리,2026-07-19
C관(2공장),1-Day_Color_Sph_Fix,PIA D_BAGUMORE ICHIGO LATTE _55% UV 15.0 + -07.50,사출,2026-07-18
C관(2공장),1-Day_Color_Sph_Fix,PIA D_BAGUMORE ICHIGO LATTE _55% UV 15.0 + -07.50,접착,2026-07-22
C관(2공장),1-Day_Color_Sph_Fix,PIA D_BAGUMORE ICHIGO LATTE _55% UV 15.0 + -07.50,하이드레이션,2026-07-20
C관(2공장),1-Day_Color_Sph_Fix,PIA D_BAGUMORE ICHIGO LATTE _55% UV 15.0 + -08.00,누수규격,2026-07-23
C관(2공장),1-Day_Color_Sph_Fix,PIA D_BAGUMORE ICHIGO LATTE _55% UV 15.0 + -08.00,분리,2026-07-19
C관(2공장),1-Day_Color_Sph_Fix,PIA D_BAGUMORE ICHIGO LATTE _55% UV 15.0 + -08.00,사출,2026-07-18
C관(2공장),1-Day_Color_Sph_Fix,PIA D_BAGUMORE ICHIGO LATTE _55% UV 15.0 + -08.00,접착,2026-07-22
C관(2공장),1-Day_Color_Sph_Fix,PIA D_BAGUMORE ICHIGO LATTE _55% UV 15.0 + -08.00,하이드레이션,2026-07-20
C관(2공장),1-Day_Color_Sph_Fix,PIA D_Burn Sugar_55% UV 14.5 + -00.00,누수규격,2026-07-17
C관(2공장),1-Day_Color_Sph_Fix,PIA D_Burn Sugar_55% UV 14.5 + -00.00,분리,2026-07-13
C관(2공장),1-Day_Color_Sph_Fix,PIA D_Burn Sugar_55% UV 14.5 + -00.00,사출,2026-07-12
C관(2공장),1-Day_Color_Sph_Fix,PIA D_Burn Sugar_55% UV 14.5 + -00.00,접착,2026-07-16
C관(2공장),1-Day_Color_Sph_Fix,PIA D_Burn Sugar_55% UV 14.5 + -00.00,하이드레이션,2026-07-14
C관(2공장),1-Day_Color_Sph_Fix,PIA D_Burn Sugar_55% UV 14.5 + -01.00,누수규격,2026-07-17
C관(2공장),1-Day_Color_Sph_Fix,PIA D_Burn Sugar_55% UV 14.5 + -01.00,분리,2026-07-13
C관(2공장),1-Day_Color_Sph_Fix,PIA D_Burn Sugar_55% UV 14.5 + -01.00,사출,2026-07-12
C관(2공장),1-Day_Color_Sph_Fix,PIA D_Burn Sugar_55% UV 14.5 + -01.00,접착,2026-07-16
C관(2공장),1-Day_Color_Sph_Fix,PIA D_Burn Sugar_55% UV 14.5 + -01.00,하이드레이션,2026-07-14
C관(2공장),1-Day_Color_Sph_Fix,PIA D_Burn Sugar_55% UV 14.5 + -01.25,누수규격,2026-07-17
C관(2공장),1-Day_Color_Sph_Fix,PIA D_Burn Sugar_55% UV 14.5 + -01.25,분리,2026-07-13
C관(2공장),1-Day_Color_Sph_Fix,PIA D_Burn Sugar_55% UV 14.5 + -01.25,사출,2026-07-12
C관(2공장),1-Day_Color_Sph_Fix,PIA D_Burn Sugar_55% UV 14.5 + -01.25,접착,2026-07-16
C관(2공장),1-Day_Color_Sph_Fix,PIA D_Burn Sugar_55% UV 14.5 + -01.25,하이드레이션,2026-07-14
C관(2공장),1-Day_Color_Sph_Fix,PIA D_Burn Sugar_55% UV 14.5 + -01.50,누수규격,2026-07-17
C관(2공장),1-Day_Color_Sph_Fix,PIA D_Burn Sugar_55% UV 14.5 + -01.50,분리,2026-07-13
C관(2공장),1-Day_Color_Sph_Fix,PIA D_Burn Sugar_55% UV 14.5 + -01.50,사출,2026-07-12
C관(2공장),1-Day_Color_Sph_Fix,PIA D_Burn Sugar_55% UV 14.5 + -01.50,접착,2026-07-16
C관(2공장),1-Day_Color_Sph_Fix,PIA D_Burn Sugar_55% UV 14.5 + -01.50,하이드레이션,2026-07-14
C관(2공장),1-Day_Color_Sph_Fix,PIA D_Burn Sugar_55% UV 14.5 + -01.75,누수규격,2026-07-17
C관(2공장),1-Day_Color_Sph_Fix,PIA D_Burn Sugar_55% UV 14.5 + -01.75,분리,2026-07-13
C관(2공장),1-Day_Color_Sph_Fix,PIA D_Burn Sugar_55% UV 14.5 + -01.75,사출,2026-07-12
C관(2공장),1-Day_Color_Sph_Fix,PIA D_Burn Sugar_55% UV 14.5 + -01.75,접착,2026-07-16
C관(2공장),1-Day_Color_Sph_Fix,PIA D_Burn Sugar_55% UV 14.5 + -01.75,하이드레이션,2026-07-14
C관(2공장),1-Day_Color_Sph_Fix,PIA D_Burn Sugar_55% UV 14.5 + -02.00,누수규격,2026-07-17
C관(2공장),1-Day_Color_Sph_Fix,PIA D_Burn Sugar_55% UV 14.5 + -02.00,분리,2026-07-13
C관(2공장),1-Day_Color_Sph_Fix,PIA D_Burn Sugar_55% UV 14.5 + -02.00,사출,2026-07-12
C관(2공장),1-Day_Color_Sph_Fix,PIA D_Burn Sugar_55% UV 14.5 + -02.00,접착,2026-07-16
C관(2공장),1-Day_Color_Sph_Fix,PIA D_Burn Sugar_55% UV 14.5 + -02.00,하이드레이션,2026-07-14
C관(2공장),1-Day_Color_Sph_Fix,PIA D_Burn Sugar_55% UV 14.5 + -02.25,누수규격,2026-07-17
C관(2공장),1-Day_Color_Sph_Fix,PIA D_Burn Sugar_55% UV 14.5 + -02.25,분리,2026-07-13
C관(2공장),1-Day_Color_Sph_Fix,PIA D_Burn Sugar_55% UV 14.5 + -02.25,사출,2026-07-12
C관(2공장),1-Day_Color_Sph_Fix,PIA D_Burn Sugar_55% UV 14.5 + -02.25,접착,2026-07-16
C관(2공장),1-Day_Color_Sph_Fix,PIA D_Burn Sugar_55% UV 14.5 + -02.25,하이드레이션,2026-07-14
C관(2공장),1-Day_Color_Sph_Fix,PIA D_Burn Sugar_55% UV 14.5 + -02.50,누수규격,2026-07-17
C관(2공장),1-Day_Color_Sph_Fix,PIA D_Burn Sugar_55% UV 14.5 + -02.50,분리,2026-07-13
C관(2공장),1-Day_Color_Sph_Fix,PIA D_Burn Sugar_55% UV 14.5 + -02.50,사출,2026-07-12
C관(2공장),1-Day_Color_Sph_Fix,PIA D_Burn Sugar_55% UV 14.5 + -02.50,접착,2026-07-16
C관(2공장),1-Day_Color_Sph_Fix,PIA D_Burn Sugar_55% UV 14.5 + -02.50,하이드레이션,2026-07-14
C관(2공장),1-Day_Color_Sph_Fix,PIA D_Burn Sugar_55% UV 14.5 + -02.75,누수규격,2026-07-17
C관(2공장),1-Day_Color_Sph_Fix,PIA D_Burn Sugar_55% UV 14.5 + -02.75,분리,2026-07-13
C관(2공장),1-Day_Color_Sph_Fix,PIA D_Burn Sugar_55% UV 14.5 + -02.75,사출,2026-07-12
C관(2공장),1-Day_Color_Sph_Fix,PIA D_Burn Sugar_55% UV 14.5 + -02.75,접착,2026-07-16
C관(2공장),1-Day_Color_Sph_Fix,PIA D_Burn Sugar_55% UV 14.5 + -02.75,하이드레이션,2026-07-14
C관(2공장),1-Day_Color_Sph_Fix,PIA D_Burn Sugar_55% UV 14.5 + -03.00,누수규격,2026-07-17
C관(2공장),1-Day_Color_Sph_Fix,PIA D_Burn Sugar_55% UV 14.5 + -03.00,분리,2026-07-13
C관(2공장),1-Day_Color_Sph_Fix,PIA D_Burn Sugar_55% UV 14.5 + -03.00,사출,2026-07-12
C관(2공장),1-Day_Color_Sph_Fix,PIA D_Burn Sugar_55% UV 14.5 + -03.00,접착,2026-07-16
C관(2공장),1-Day_Color_Sph_Fix,PIA D_Burn Sugar_55% UV 14.5 + -03.00,하이드레이션,2026-07-14
C관(2공장),1-Day_Color_Sph_Fix,PIA D_Burn Sugar_55% UV 14.5 + -03.25,누수규격,2026-07-17
C관(2공장),1-Day_Color_Sph_Fix,PIA D_Burn Sugar_55% UV 14.5 + -03.25,분리,2026-07-13
C관(2공장),1-Day_Color_Sph_Fix,PIA D_Burn Sugar_55% UV 14.5 + -03.25,사출,2026-07-12
C관(2공장),1-Day_Color_Sph_Fix,PIA D_Burn Sugar_55% UV 14.5 + -03.25,접착,2026-07-16
C관(2공장),1-Day_Color_Sph_Fix,PIA D_Burn Sugar_55% UV 14.5 + -03.25,하이드레이션,2026-07-14
C관(2공장),1-Day_Color_Sph_Fix,PIA D_Burn Sugar_55% UV 14.5 + -03.50,누수규격,2026-07-17
C관(2공장),1-Day_Color_Sph_Fix,PIA D_Burn Sugar_55% UV 14.5 + -03.50,분리,2026-07-13
C관(2공장),1-Day_Color_Sph_Fix,PIA D_Burn Sugar_55% UV 14.5 + -03.50,사출,2026-07-12
C관(2공장),1-Day_Color_Sph_Fix,PIA D_Burn Sugar_55% UV 14.5 + -03.50,접착,2026-07-16
C관(2공장),1-Day_Color_Sph_Fix,PIA D_Burn Sugar_55% UV 14.5 + -03.50,하이드레이션,2026-07-14
C관(2공장),1-Day_Color_Sph_Fix,PIA D_Burn Sugar_55% UV 14.5 + -03.75,누수규격,2026-07-17
C관(2공장),1-Day_Color_Sph_Fix,PIA D_Burn Sugar_55% UV 14.5 + -03.75,분리,2026-07-13
C관(2공장),1-Day_Color_Sph_Fix,PIA D_Burn Sugar_55% UV 14.5 + -03.75,사출,2026-07-12
C관(2공장),1-Day_Color_Sph_Fix,PIA D_Burn Sugar_55% UV 14.5 + -03.75,접착,2026-07-16
C관(2공장),1-Day_Color_Sph_Fix,PIA D_Burn Sugar_55% UV 14.5 + -03.75,하이드레이션,2026-07-14
C관(2공장),1-Day_Color_Sph_Fix,PIA D_Burn Sugar_55% UV 14.5 + -04.00,누수규격,2026-07-17
C관(2공장),1-Day_Color_Sph_Fix,PIA D_Burn Sugar_55% UV 14.5 + -04.00,분리,2026-07-13
C관(2공장),1-Day_Color_Sph_Fix,PIA D_Burn Sugar_55% UV 14.5 + -04.00,사출,2026-07-12
C관(2공장),1-Day_Color_Sph_Fix,PIA D_Burn Sugar_55% UV 14.5 + -04.00,접착,2026-07-16
C관(2공장),1-Day_Color_Sph_Fix,PIA D_Burn Sugar_55% UV 14.5 + -04.00,하이드레이션,2026-07-14
C관(2공장),1-Day_Color_Sph_Fix,PIA D_Burn Sugar_55% UV 14.5 + -04.25,누수규격,2026-07-17
C관(2공장),1-Day_Color_Sph_Fix,PIA D_Burn Sugar_55% UV 14.5 + -04.25,분리,2026-07-13
C관(2공장),1-Day_Color_Sph_Fix,PIA D_Burn Sugar_55% UV 14.5 + -04.25,사출,2026-07-12
C관(2공장),1-Day_Color_Sph_Fix,PIA D_Burn Sugar_55% UV 14.5 + -04.25,접착,2026-07-16
C관(2공장),1-Day_Color_Sph_Fix,PIA D_Burn Sugar_55% UV 14.5 + -04.25,하이드레이션,2026-07-14
C관(2공장),1-Day_Color_Sph_Fix,PIA D_Burn Sugar_55% UV 14.5 + -04.50,누수규격,2026-07-17
C관(2공장),1-Day_Color_Sph_Fix,PIA D_Burn Sugar_55% UV 14.5 + -04.50,분리,2026-07-13
C관(2공장),1-Day_Color_Sph_Fix,PIA D_Burn Sugar_55% UV 14.5 + -04.50,사출,2026-07-12
C관(2공장),1-Day_Color_Sph_Fix,PIA D_Burn Sugar_55% UV 14.5 + -04.50,접착,2026-07-16
C관(2공장),1-Day_Color_Sph_Fix,PIA D_Burn Sugar_55% UV 14.5 + -04.50,하이드레이션,2026-07-14
C관(2공장),1-Day_Color_Sph_Fix,PIA D_Burn Sugar_55% UV 14.5 + -04.75,누수규격,2026-07-17
C관(2공장),1-Day_Color_Sph_Fix,PIA D_Burn Sugar_55% UV 14.5 + -04.75,분리,2026-07-13
C관(2공장),1-Day_Color_Sph_Fix,PIA D_Burn Sugar_55% UV 14.5 + -04.75,사출,2026-07-12
C관(2공장),1-Day_Color_Sph_Fix,PIA D_Burn Sugar_55% UV 14.5 + -04.75,접착,2026-07-16
C관(2공장),1-Day_Color_Sph_Fix,PIA D_Burn Sugar_55% UV 14.5 + -04.75,하이드레이션,2026-07-14
C관(2공장),1-Day_Color_Sph_Fix,PIA D_Burn Sugar_55% UV 14.5 + -05.00,누수규격,2026-07-17
C관(2공장),1-Day_Color_Sph_Fix,PIA D_Burn Sugar_55% UV 14.5 + -05.00,분리,2026-07-13
C관(2공장),1-Day_Color_Sph_Fix,PIA D_Burn Sugar_55% UV 14.5 + -05.00,사출,2026-07-12
C관(2공장),1-Day_Color_Sph_Fix,PIA D_Burn Sugar_55% UV 14.5 + -05.00,접착,2026-07-16
C관(2공장),1-Day_Color_Sph_Fix,PIA D_Burn Sugar_55% UV 14.5 + -05.00,하이드레이션,2026-07-14
C관(2공장),1-Day_Color_Sph_Fix,PIA D_Burn Sugar_55% UV 14.5 + -05.50,누수규격,2026-07-17
C관(2공장),1-Day_Color_Sph_Fix,PIA D_Burn Sugar_55% UV 14.5 + -05.50,분리,2026-07-13
C관(2공장),1-Day_Color_Sph_Fix,PIA D_Burn Sugar_55% UV 14.5 + -05.50,사출,2026-07-12
C관(2공장),1-Day_Color_Sph_Fix,PIA D_Burn Sugar_55% UV 14.5 + -05.50,접착,2026-07-16
C관(2공장),1-Day_Color_Sph_Fix,PIA D_Burn Sugar_55% UV 14.5 + -05.50,하이드레이션,2026-07-14
C관(2공장),1-Day_Color_Sph_Fix,PIA D_Burn Sugar_55% UV 14.5 + -06.00,누수규격,2026-07-17
C관(2공장),1-Day_Color_Sph_Fix,PIA D_Burn Sugar_55% UV 14.5 + -06.00,분리,2026-07-13
C관(2공장),1-Day_Color_Sph_Fix,PIA D_Burn Sugar_55% UV 14.5 + -06.00,사출,2026-07-12
C관(2공장),1-Day_Color_Sph_Fix,PIA D_Burn Sugar_55% UV 14.5 + -06.00,접착,2026-07-16
C관(2공장),1-Day_Color_Sph_Fix,PIA D_Burn Sugar_55% UV 14.5 + -06.00,하이드레이션,2026-07-14
C관(2공장),1-Day_Color_Sph_Fix,PIA D_Mocha melt_55% UV 14.5 + -00.00,누수규격,2026-07-17
C관(2공장),1-Day_Color_Sph_Fix,PIA D_Mocha melt_55% UV 14.5 + -00.00,분리,2026-07-13
C관(2공장),1-Day_Color_Sph_Fix,PIA D_Mocha melt_55% UV 14.5 + -00.00,사출,2026-07-12
C관(2공장),1-Day_Color_Sph_Fix,PIA D_Mocha melt_55% UV 14.5 + -00.00,접착,2026-07-16
C관(2공장),1-Day_Color_Sph_Fix,PIA D_Mocha melt_55% UV 14.5 + -00.00,하이드레이션,2026-07-14
C관(2공장),1-Day_Color_Sph_Fix,PIA D_Mocha melt_55% UV 14.5 + -01.00,누수규격,2026-07-17
C관(2공장),1-Day_Color_Sph_Fix,PIA D_Mocha melt_55% UV 14.5 + -01.00,분리,2026-07-13
C관(2공장),1-Day_Color_Sph_Fix,PIA D_Mocha melt_55% UV 14.5 + -01.00,사출,2026-07-12
C관(2공장),1-Day_Color_Sph_Fix,PIA D_Mocha melt_55% UV 14.5 + -01.00,접착,2026-07-16
C관(2공장),1-Day_Color_Sph_Fix,PIA D_Mocha melt_55% UV 14.5 + -01.00,하이드레이션,2026-07-14
C관(2공장),1-Day_Color_Sph_Fix,PIA D_Mocha melt_55% UV 14.5 + -01.25,누수규격,2026-07-17
C관(2공장),1-Day_Color_Sph_Fix,PIA D_Mocha melt_55% UV 14.5 + -01.25,분리,2026-07-13
C관(2공장),1-Day_Color_Sph_Fix,PIA D_Mocha melt_55% UV 14.5 + -01.25,사출,2026-07-12
C관(2공장),1-Day_Color_Sph_Fix,PIA D_Mocha melt_55% UV 14.5 + -01.25,접착,2026-07-16
C관(2공장),1-Day_Color_Sph_Fix,PIA D_Mocha melt_55% UV 14.5 + -01.25,하이드레이션,2026-07-14
C관(2공장),1-Day_Color_Sph_Fix,PIA D_Mocha melt_55% UV 14.5 + -01.50,누수규격,2026-07-17
C관(2공장),1-Day_Color_Sph_Fix,PIA D_Mocha melt_55% UV 14.5 + -01.50,분리,2026-07-13
C관(2공장),1-Day_Color_Sph_Fix,PIA D_Mocha melt_55% UV 14.5 + -01.50,사출,2026-07-12
C관(2공장),1-Day_Color_Sph_Fix,PIA D_Mocha melt_55% UV 14.5 + -01.50,접착,2026-07-16
C관(2공장),1-Day_Color_Sph_Fix,PIA D_Mocha melt_55% UV 14.5 + -01.50,하이드레이션,2026-07-14
C관(2공장),1-Day_Color_Sph_Fix,PIA D_Mocha melt_55% UV 14.5 + -01.75,누수규격,2026-07-17
C관(2공장),1-Day_Color_Sph_Fix,PIA D_Mocha melt_55% UV 14.5 + -01.75,분리,2026-07-13
C관(2공장),1-Day_Color_Sph_Fix,PIA D_Mocha melt_55% UV 14.5 + -01.75,사출,2026-07-12
C관(2공장),1-Day_Color_Sph_Fix,PIA D_Mocha melt_55% UV 14.5 + -01.75,접착,2026-07-16
C관(2공장),1-Day_Color_Sph_Fix,PIA D_Mocha melt_55% UV 14.5 + -01.75,하이드레이션,2026-07-14
C관(2공장),1-Day_Color_Sph_Fix,PIA D_Mocha melt_55% UV 14.5 + -02.00,누수규격,2026-07-17
C관(2공장),1-Day_Color_Sph_Fix,PIA D_Mocha melt_55% UV 14.5 + -02.00,분리,2026-07-13
C관(2공장),1-Day_Color_Sph_Fix,PIA D_Mocha melt_55% UV 14.5 + -02.00,사출,2026-07-12
C관(2공장),1-Day_Color_Sph_Fix,PIA D_Mocha melt_55% UV 14.5 + -02.00,접착,2026-07-16
C관(2공장),1-Day_Color_Sph_Fix,PIA D_Mocha melt_55% UV 14.5 + -02.00,하이드레이션,2026-07-14
C관(2공장),1-Day_Color_Sph_Fix,PIA D_Mocha melt_55% UV 14.5 + -02.25,누수규격,2026-07-17
C관(2공장),1-Day_Color_Sph_Fix,PIA D_Mocha melt_55% UV 14.5 + -02.25,분리,2026-07-13
C관(2공장),1-Day_Color_Sph_Fix,PIA D_Mocha melt_55% UV 14.5 + -02.25,사출,2026-07-12
C관(2공장),1-Day_Color_Sph_Fix,PIA D_Mocha melt_55% UV 14.5 + -02.25,접착,2026-07-16
C관(2공장),1-Day_Color_Sph_Fix,PIA D_Mocha melt_55% UV 14.5 + -02.25,하이드레이션,2026-07-14
C관(2공장),1-Day_Color_Sph_Fix,PIA D_Mocha melt_55% UV 14.5 + -02.50,누수규격,2026-07-17
C관(2공장),1-Day_Color_Sph_Fix,PIA D_Mocha melt_55% UV 14.5 + -02.50,분리,2026-07-13
C관(2공장),1-Day_Color_Sph_Fix,PIA D_Mocha melt_55% UV 14.5 + -02.50,사출,2026-07-12
C관(2공장),1-Day_Color_Sph_Fix,PIA D_Mocha melt_55% UV 14.5 + -02.50,접착,2026-07-16
C관(2공장),1-Day_Color_Sph_Fix,PIA D_Mocha melt_55% UV 14.5 + -02.50,하이드레이션,2026-07-14
C관(2공장),1-Day_Color_Sph_Fix,PIA D_Mocha melt_55% UV 14.5 + -02.75,누수규격,2026-07-17
C관(2공장),1-Day_Color_Sph_Fix,PIA D_Mocha melt_55% UV 14.5 + -02.75,분리,2026-07-13
C관(2공장),1-Day_Color_Sph_Fix,PIA D_Mocha melt_55% UV 14.5 + -02.75,사출,2026-07-12
C관(2공장),1-Day_Color_Sph_Fix,PIA D_Mocha melt_55% UV 14.5 + -02.75,접착,2026-07-16
C관(2공장),1-Day_Color_Sph_Fix,PIA D_Mocha melt_55% UV 14.5 + -02.75,하이드레이션,2026-07-14
C관(2공장),1-Day_Color_Sph_Fix,PIA D_Mocha melt_55% UV 14.5 + -03.00,누수규격,2026-07-17
C관(2공장),1-Day_Color_Sph_Fix,PIA D_Mocha melt_55% UV 14.5 + -03.00,분리,2026-07-13
C관(2공장),1-Day_Color_Sph_Fix,PIA D_Mocha melt_55% UV 14.5 + -03.00,사출,2026-07-12
C관(2공장),1-Day_Color_Sph_Fix,PIA D_Mocha melt_55% UV 14.5 + -03.00,접착,2026-07-16
C관(2공장),1-Day_Color_Sph_Fix,PIA D_Mocha melt_55% UV 14.5 + -03.00,하이드레이션,2026-07-14
C관(2공장),1-Day_Color_Sph_Fix,PIA D_Mocha melt_55% UV 14.5 + -03.25,누수규격,2026-07-17
C관(2공장),1-Day_Color_Sph_Fix,PIA D_Mocha melt_55% UV 14.5 + -03.25,분리,2026-07-13
C관(2공장),1-Day_Color_Sph_Fix,PIA D_Mocha melt_55% UV 14.5 + -03.25,사출,2026-07-12
C관(2공장),1-Day_Color_Sph_Fix,PIA D_Mocha melt_55% UV 14.5 + -03.25,접착,2026-07-16
C관(2공장),1-Day_Color_Sph_Fix,PIA D_Mocha melt_55% UV 14.5 + -03.25,하이드레이션,2026-07-14
C관(2공장),1-Day_Color_Sph_Fix,PIA D_Mocha melt_55% UV 14.5 + -03.50,누수규격,2026-07-17
C관(2공장),1-Day_Color_Sph_Fix,PIA D_Mocha melt_55% UV 14.5 + -03.50,분리,2026-07-13
C관(2공장),1-Day_Color_Sph_Fix,PIA D_Mocha melt_55% UV 14.5 + -03.50,사출,2026-07-12
C관(2공장),1-Day_Color_Sph_Fix,PIA D_Mocha melt_55% UV 14.5 + -03.50,접착,2026-07-16
C관(2공장),1-Day_Color_Sph_Fix,PIA D_Mocha melt_55% UV 14.5 + -03.50,하이드레이션,2026-07-14
C관(2공장),1-Day_Color_Sph_Fix,PIA D_Mocha melt_55% UV 14.5 + -03.75,누수규격,2026-07-17
C관(2공장),1-Day_Color_Sph_Fix,PIA D_Mocha melt_55% UV 14.5 + -03.75,분리,2026-07-13
C관(2공장),1-Day_Color_Sph_Fix,PIA D_Mocha melt_55% UV 14.5 + -03.75,사출,2026-07-12
C관(2공장),1-Day_Color_Sph_Fix,PIA D_Mocha melt_55% UV 14.5 + -03.75,접착,2026-07-16
C관(2공장),1-Day_Color_Sph_Fix,PIA D_Mocha melt_55% UV 14.5 + -03.75,하이드레이션,2026-07-14
C관(2공장),1-Day_Color_Sph_Fix,PIA D_Mocha melt_55% UV 14.5 + -04.00,누수규격,2026-07-17
C관(2공장),1-Day_Color_Sph_Fix,PIA D_Mocha melt_55% UV 14.5 + -04.00,분리,2026-07-13
C관(2공장),1-Day_Color_Sph_Fix,PIA D_Mocha melt_55% UV 14.5 + -04.00,사출,2026-07-12
C관(2공장),1-Day_Color_Sph_Fix,PIA D_Mocha melt_55% UV 14.5 + -04.00,접착,2026-07-16
C관(2공장),1-Day_Color_Sph_Fix,PIA D_Mocha melt_55% UV 14.5 + -04.00,하이드레이션,2026-07-14
C관(2공장),1-Day_Color_Sph_Fix,PIA D_Mocha melt_55% UV 14.5 + -04.25,누수규격,2026-07-17
C관(2공장),1-Day_Color_Sph_Fix,PIA D_Mocha melt_55% UV 14.5 + -04.25,분리,2026-07-13
C관(2공장),1-Day_Color_Sph_Fix,PIA D_Mocha melt_55% UV 14.5 + -04.25,사출,2026-07-12
C관(2공장),1-Day_Color_Sph_Fix,PIA D_Mocha melt_55% UV 14.5 + -04.25,접착,2026-07-16
C관(2공장),1-Day_Color_Sph_Fix,PIA D_Mocha melt_55% UV 14.5 + -04.25,하이드레이션,2026-07-14
C관(2공장),1-Day_Color_Sph_Fix,PIA D_Mocha melt_55% UV 14.5 + -04.50,누수규격,2026-07-17
C관(2공장),1-Day_Color_Sph_Fix,PIA D_Mocha melt_55% UV 14.5 + -04.50,분리,2026-07-13
C관(2공장),1-Day_Color_Sph_Fix,PIA D_Mocha melt_55% UV 14.5 + -04.50,사출,2026-07-12
C관(2공장),1-Day_Color_Sph_Fix,PIA D_Mocha melt_55% UV 14.5 + -04.50,접착,2026-07-16
C관(2공장),1-Day_Color_Sph_Fix,PIA D_Mocha melt_55% UV 14.5 + -04.50,하이드레이션,2026-07-14
C관(2공장),1-Day_Color_Sph_Fix,PIA D_Mocha melt_55% UV 14.5 + -04.75,누수규격,2026-07-17
C관(2공장),1-Day_Color_Sph_Fix,PIA D_Mocha melt_55% UV 14.5 + -04.75,분리,2026-07-13
C관(2공장),1-Day_Color_Sph_Fix,PIA D_Mocha melt_55% UV 14.5 + -04.75,사출,2026-07-12
C관(2공장),1-Day_Color_Sph_Fix,PIA D_Mocha melt_55% UV 14.5 + -04.75,접착,2026-07-16
C관(2공장),1-Day_Color_Sph_Fix,PIA D_Mocha melt_55% UV 14.5 + -04.75,하이드레이션,2026-07-14
C관(2공장),1-Day_Color_Sph_Fix,PIA D_Mocha melt_55% UV 14.5 + -05.00,누수규격,2026-07-17
C관(2공장),1-Day_Color_Sph_Fix,PIA D_Mocha melt_55% UV 14.5 + -05.00,분리,2026-07-13
C관(2공장),1-Day_Color_Sph_Fix,PIA D_Mocha melt_55% UV 14.5 + -05.00,사출,2026-07-12
C관(2공장),1-Day_Color_Sph_Fix,PIA D_Mocha melt_55% UV 14.5 + -05.00,접착,2026-07-16
C관(2공장),1-Day_Color_Sph_Fix,PIA D_Mocha melt_55% UV 14.5 + -05.00,하이드레이션,2026-07-14
C관(2공장),1-Day_Color_Sph_Fix,PIA D_Mocha melt_55% UV 14.5 + -05.50,누수규격,2026-07-17
C관(2공장),1-Day_Color_Sph_Fix,PIA D_Mocha melt_55% UV 14.5 + -05.50,분리,2026-07-13
C관(2공장),1-Day_Color_Sph_Fix,PIA D_Mocha melt_55% UV 14.5 + -05.50,사출,2026-07-12
C관(2공장),1-Day_Color_Sph_Fix,PIA D_Mocha melt_55% UV 14.5 + -05.50,접착,2026-07-16
C관(2공장),1-Day_Color_Sph_Fix,PIA D_Mocha melt_55% UV 14.5 + -05.50,하이드레이션,2026-07-14
C관(2공장),1-Day_Color_Sph_Fix,PIA D_Mocha melt_55% UV 14.5 + -06.00,누수규격,2026-07-17
C관(2공장),1-Day_Color_Sph_Fix,PIA D_Mocha melt_55% UV 14.5 + -06.00,분리,2026-07-13
C관(2공장),1-Day_Color_Sph_Fix,PIA D_Mocha melt_55% UV 14.5 + -06.00,사출,2026-07-12
C관(2공장),1-Day_Color_Sph_Fix,PIA D_Mocha melt_55% UV 14.5 + -06.00,접착,2026-07-16
C관(2공장),1-Day_Color_Sph_Fix,PIA D_Mocha melt_55% UV 14.5 + -06.00,하이드레이션,2026-07-14
C관(2공장),1-Day_Color_Sph_Fix,PIA D_Moon Stone_55% UV 14.5 + -00.00,누수규격,2026-07-17
C관(2공장),1-Day_Color_Sph_Fix,PIA D_Moon Stone_55% UV 14.5 + -00.00,분리,2026-07-13
C관(2공장),1-Day_Color_Sph_Fix,PIA D_Moon Stone_55% UV 14.5 + -00.00,사출,2026-07-12
C관(2공장),1-Day_Color_Sph_Fix,PIA D_Moon Stone_55% UV 14.5 + -00.00,접착,2026-07-16
C관(2공장),1-Day_Color_Sph_Fix,PIA D_Moon Stone_55% UV 14.5 + -00.00,하이드레이션,2026-07-14
C관(2공장),1-Day_Color_Sph_Fix,PIA D_Moon Stone_55% UV 14.5 + -00.75,누수규격,2026-07-17
C관(2공장),1-Day_Color_Sph_Fix,PIA D_Moon Stone_55% UV 14.5 + -00.75,분리,2026-07-13
C관(2공장),1-Day_Color_Sph_Fix,PIA D_Moon Stone_55% UV 14.5 + -00.75,사출,2026-07-12
C관(2공장),1-Day_Color_Sph_Fix,PIA D_Moon Stone_55% UV 14.5 + -00.75,접착,2026-07-16
C관(2공장),1-Day_Color_Sph_Fix,PIA D_Moon Stone_55% UV 14.5 + -00.75,하이드레이션,2026-07-14
C관(2공장),1-Day_Color_Sph_Fix,PIA D_Moon Stone_55% UV 14.5 + -01.00,누수규격,2026-07-17
C관(2공장),1-Day_Color_Sph_Fix,PIA D_Moon Stone_55% UV 14.5 + -01.00,분리,2026-07-13
C관(2공장),1-Day_Color_Sph_Fix,PIA D_Moon Stone_55% UV 14.5 + -01.00,사출,2026-07-12
C관(2공장),1-Day_Color_Sph_Fix,PIA D_Moon Stone_55% UV 14.5 + -01.00,접착,2026-07-16
C관(2공장),1-Day_Color_Sph_Fix,PIA D_Moon Stone_55% UV 14.5 + -01.00,하이드레이션,2026-07-14
C관(2공장),1-Day_Color_Sph_Fix,PIA D_Moon Stone_55% UV 14.5 + -01.25,누수규격,2026-07-17
C관(2공장),1-Day_Color_Sph_Fix,PIA D_Moon Stone_55% UV 14.5 + -01.25,분리,2026-07-13
C관(2공장),1-Day_Color_Sph_Fix,PIA D_Moon Stone_55% UV 14.5 + -01.25,사출,2026-07-12
C관(2공장),1-Day_Color_Sph_Fix,PIA D_Moon Stone_55% UV 14.5 + -01.25,접착,2026-07-16
C관(2공장),1-Day_Color_Sph_Fix,PIA D_Moon Stone_55% UV 14.5 + -01.25,하이드레이션,2026-07-14
C관(2공장),1-Day_Color_Sph_Fix,PIA D_Moon Stone_55% UV 14.5 + -01.50,누수규격,2026-07-17
C관(2공장),1-Day_Color_Sph_Fix,PIA D_Moon Stone_55% UV 14.5 + -01.50,분리,2026-07-13
C관(2공장),1-Day_Color_Sph_Fix,PIA D_Moon Stone_55% UV 14.5 + -01.50,사출,2026-07-12
C관(2공장),1-Day_Color_Sph_Fix,PIA D_Moon Stone_55% UV 14.5 + -01.50,접착,2026-07-16
C관(2공장),1-Day_Color_Sph_Fix,PIA D_Moon Stone_55% UV 14.5 + -01.50,하이드레이션,2026-07-14
C관(2공장),1-Day_Color_Sph_Fix,PIA D_Moon Stone_55% UV 14.5 + -01.75,누수규격,2026-07-17
C관(2공장),1-Day_Color_Sph_Fix,PIA D_Moon Stone_55% UV 14.5 + -01.75,분리,2026-07-13
C관(2공장),1-Day_Color_Sph_Fix,PIA D_Moon Stone_55% UV 14.5 + -01.75,사출,2026-07-12
C관(2공장),1-Day_Color_Sph_Fix,PIA D_Moon Stone_55% UV 14.5 + -01.75,접착,2026-07-16
C관(2공장),1-Day_Color_Sph_Fix,PIA D_Moon Stone_55% UV 14.5 + -01.75,하이드레이션,2026-07-14
C관(2공장),1-Day_Color_Sph_Fix,PIA D_Moon Stone_55% UV 14.5 + -02.00,누수규격,2026-07-17
C관(2공장),1-Day_Color_Sph_Fix,PIA D_Moon Stone_55% UV 14.5 + -02.00,분리,2026-07-13
C관(2공장),1-Day_Color_Sph_Fix,PIA D_Moon Stone_55% UV 14.5 + -02.00,사출,2026-07-12
C관(2공장),1-Day_Color_Sph_Fix,PIA D_Moon Stone_55% UV 14.5 + -02.00,접착,2026-07-16
C관(2공장),1-Day_Color_Sph_Fix,PIA D_Moon Stone_55% UV 14.5 + -02.00,하이드레이션,2026-07-14
C관(2공장),1-Day_Color_Sph_Fix,PIA D_Moon Stone_55% UV 14.5 + -02.25,누수규격,2026-07-17
C관(2공장),1-Day_Color_Sph_Fix,PIA D_Moon Stone_55% UV 14.5 + -02.25,분리,2026-07-13
C관(2공장),1-Day_Color_Sph_Fix,PIA D_Moon Stone_55% UV 14.5 + -02.25,사출,2026-07-12
C관(2공장),1-Day_Color_Sph_Fix,PIA D_Moon Stone_55% UV 14.5 + -02.25,접착,2026-07-16
C관(2공장),1-Day_Color_Sph_Fix,PIA D_Moon Stone_55% UV 14.5 + -02.25,하이드레이션,2026-07-14
C관(2공장),1-Day_Color_Sph_Fix,PIA D_Moon Stone_55% UV 14.5 + -02.50,누수규격,2026-07-17
C관(2공장),1-Day_Color_Sph_Fix,PIA D_Moon Stone_55% UV 14.5 + -02.50,분리,2026-07-13
C관(2공장),1-Day_Color_Sph_Fix,PIA D_Moon Stone_55% UV 14.5 + -02.50,사출,2026-07-12
C관(2공장),1-Day_Color_Sph_Fix,PIA D_Moon Stone_55% UV 14.5 + -02.50,접착,2026-07-16
C관(2공장),1-Day_Color_Sph_Fix,PIA D_Moon Stone_55% UV 14.5 + -02.50,하이드레이션,2026-07-14
C관(2공장),1-Day_Color_Sph_Fix,PIA D_Moon Stone_55% UV 14.5 + -02.75,누수규격,2026-07-17
C관(2공장),1-Day_Color_Sph_Fix,PIA D_Moon Stone_55% UV 14.5 + -02.75,분리,2026-07-13
C관(2공장),1-Day_Color_Sph_Fix,PIA D_Moon Stone_55% UV 14.5 + -02.75,사출,2026-07-12
C관(2공장),1-Day_Color_Sph_Fix,PIA D_Moon Stone_55% UV 14.5 + -02.75,접착,2026-07-16
C관(2공장),1-Day_Color_Sph_Fix,PIA D_Moon Stone_55% UV 14.5 + -02.75,하이드레이션,2026-07-14
C관(2공장),1-Day_Color_Sph_Fix,PIA D_Moon Stone_55% UV 14.5 + -03.00,누수규격,2026-07-17
C관(2공장),1-Day_Color_Sph_Fix,PIA D_Moon Stone_55% UV 14.5 + -03.00,분리,2026-07-13
C관(2공장),1-Day_Color_Sph_Fix,PIA D_Moon Stone_55% UV 14.5 + -03.00,사출,2026-07-12
C관(2공장),1-Day_Color_Sph_Fix,PIA D_Moon Stone_55% UV 14.5 + -03.00,접착,2026-07-16
C관(2공장),1-Day_Color_Sph_Fix,PIA D_Moon Stone_55% UV 14.5 + -03.00,하이드레이션,2026-07-14
C관(2공장),1-Day_Color_Sph_Fix,PIA D_Moon Stone_55% UV 14.5 + -03.25,누수규격,2026-07-17
C관(2공장),1-Day_Color_Sph_Fix,PIA D_Moon Stone_55% UV 14.5 + -03.25,분리,2026-07-13
C관(2공장),1-Day_Color_Sph_Fix,PIA D_Moon Stone_55% UV 14.5 + -03.25,사출,2026-07-12
C관(2공장),1-Day_Color_Sph_Fix,PIA D_Moon Stone_55% UV 14.5 + -03.25,접착,2026-07-16
C관(2공장),1-Day_Color_Sph_Fix,PIA D_Moon Stone_55% UV 14.5 + -03.25,하이드레이션,2026-07-14
C관(2공장),1-Day_Color_Sph_Fix,PIA D_Moon Stone_55% UV 14.5 + -03.50,누수규격,2026-07-17
C관(2공장),1-Day_Color_Sph_Fix,PIA D_Moon Stone_55% UV 14.5 + -03.50,분리,2026-07-13
C관(2공장),1-Day_Color_Sph_Fix,PIA D_Moon Stone_55% UV 14.5 + -03.50,사출,2026-07-12
C관(2공장),1-Day_Color_Sph_Fix,PIA D_Moon Stone_55% UV 14.5 + -03.50,접착,2026-07-16
C관(2공장),1-Day_Color_Sph_Fix,PIA D_Moon Stone_55% UV 14.5 + -03.50,하이드레이션,2026-07-14
C관(2공장),1-Day_Color_Sph_Fix,PIA D_Moon Stone_55% UV 14.5 + -03.75,누수규격,2026-07-17
C관(2공장),1-Day_Color_Sph_Fix,PIA D_Moon Stone_55% UV 14.5 + -03.75,분리,2026-07-13
C관(2공장),1-Day_Color_Sph_Fix,PIA D_Moon Stone_55% UV 14.5 + -03.75,사출,2026-07-12
C관(2공장),1-Day_Color_Sph_Fix,PIA D_Moon Stone_55% UV 14.5 + -03.75,접착,2026-07-16
C관(2공장),1-Day_Color_Sph_Fix,PIA D_Moon Stone_55% UV 14.5 + -03.75,하이드레이션,2026-07-14
C관(2공장),1-Day_Color_Sph_Fix,PIA D_Moon Stone_55% UV 14.5 + -04.00,누수규격,2026-07-17
C관(2공장),1-Day_Color_Sph_Fix,PIA D_Moon Stone_55% UV 14.5 + -04.00,분리,2026-07-13
C관(2공장),1-Day_Color_Sph_Fix,PIA D_Moon Stone_55% UV 14.5 + -04.00,사출,2026-07-12
C관(2공장),1-Day_Color_Sph_Fix,PIA D_Moon Stone_55% UV 14.5 + -04.00,접착,2026-07-16
C관(2공장),1-Day_Color_Sph_Fix,PIA D_Moon Stone_55% UV 14.5 + -04.00,하이드레이션,2026-07-14
C관(2공장),1-Day_Color_Sph_Fix,PIA D_Moon Stone_55% UV 14.5 + -04.25,누수규격,2026-07-17
C관(2공장),1-Day_Color_Sph_Fix,PIA D_Moon Stone_55% UV 14.5 + -04.25,분리,2026-07-13
C관(2공장),1-Day_Color_Sph_Fix,PIA D_Moon Stone_55% UV 14.5 + -04.25,사출,2026-07-12
C관(2공장),1-Day_Color_Sph_Fix,PIA D_Moon Stone_55% UV 14.5 + -04.25,접착,2026-07-16
C관(2공장),1-Day_Color_Sph_Fix,PIA D_Moon Stone_55% UV 14.5 + -04.25,하이드레이션,2026-07-14
C관(2공장),1-Day_Color_Sph_Fix,PIA D_Moon Stone_55% UV 14.5 + -04.50,누수규격,2026-07-17
C관(2공장),1-Day_Color_Sph_Fix,PIA D_Moon Stone_55% UV 14.5 + -04.50,분리,2026-07-13
C관(2공장),1-Day_Color_Sph_Fix,PIA D_Moon Stone_55% UV 14.5 + -04.50,사출,2026-07-12
C관(2공장),1-Day_Color_Sph_Fix,PIA D_Moon Stone_55% UV 14.5 + -04.50,접착,2026-07-16
C관(2공장),1-Day_Color_Sph_Fix,PIA D_Moon Stone_55% UV 14.5 + -04.50,하이드레이션,2026-07-14
C관(2공장),1-Day_Color_Sph_Fix,PIA D_Moon Stone_55% UV 14.5 + -04.75,누수규격,2026-07-17
C관(2공장),1-Day_Color_Sph_Fix,PIA D_Moon Stone_55% UV 14.5 + -04.75,분리,2026-07-13
C관(2공장),1-Day_Color_Sph_Fix,PIA D_Moon Stone_55% UV 14.5 + -04.75,사출,2026-07-12
C관(2공장),1-Day_Color_Sph_Fix,PIA D_Moon Stone_55% UV 14.5 + -04.75,접착,2026-07-16
C관(2공장),1-Day_Color_Sph_Fix,PIA D_Moon Stone_55% UV 14.5 + -04.75,하이드레이션,2026-07-14
C관(2공장),1-Day_Color_Sph_Fix,PIA D_Moon Stone_55% UV 14.5 + -05.00,누수규격,2026-07-17
C관(2공장),1-Day_Color_Sph_Fix,PIA D_Moon Stone_55% UV 14.5 + -05.00,분리,2026-07-13
C관(2공장),1-Day_Color_Sph_Fix,PIA D_Moon Stone_55% UV 14.5 + -05.00,사출,2026-07-12
C관(2공장),1-Day_Color_Sph_Fix,PIA D_Moon Stone_55% UV 14.5 + -05.00,접착,2026-07-16
C관(2공장),1-Day_Color_Sph_Fix,PIA D_Moon Stone_55% UV 14.5 + -05.00,하이드레이션,2026-07-14
C관(2공장),1-Day_Color_Sph_Fix,PIA D_Moon Stone_55% UV 14.5 + -05.50,누수규격,2026-07-17
C관(2공장),1-Day_Color_Sph_Fix,PIA D_Moon Stone_55% UV 14.5 + -05.50,분리,2026-07-13
C관(2공장),1-Day_Color_Sph_Fix,PIA D_Moon Stone_55% UV 14.5 + -05.50,사출,2026-07-12
C관(2공장),1-Day_Color_Sph_Fix,PIA D_Moon Stone_55% UV 14.5 + -05.50,접착,2026-07-16
C관(2공장),1-Day_Color_Sph_Fix,PIA D_Moon Stone_55% UV 14.5 + -05.50,하이드레이션,2026-07-14
C관(2공장),1-Day_Color_Sph_Fix,PIA D_Moon Stone_55% UV 14.5 + -06.00,누수규격,2026-07-17
C관(2공장),1-Day_Color_Sph_Fix,PIA D_Moon Stone_55% UV 14.5 + -06.00,분리,2026-07-13
C관(2공장),1-Day_Color_Sph_Fix,PIA D_Moon Stone_55% UV 14.5 + -06.00,사출,2026-07-12
C관(2공장),1-Day_Color_Sph_Fix,PIA D_Moon Stone_55% UV 14.5 + -06.00,접착,2026-07-16
C관(2공장),1-Day_Color_Sph_Fix,PIA D_Moon Stone_55% UV 14.5 + -06.00,하이드레이션,2026-07-14
C관(2공장),1-Day_Color_Sph_Fix,PIA D_Rosy Nougat_55% UV 14.5 + -00.00,누수규격,2026-07-17
C관(2공장),1-Day_Color_Sph_Fix,PIA D_Rosy Nougat_55% UV 14.5 + -00.00,분리,2026-07-13
C관(2공장),1-Day_Color_Sph_Fix,PIA D_Rosy Nougat_55% UV 14.5 + -00.00,사출,2026-07-12
C관(2공장),1-Day_Color_Sph_Fix,PIA D_Rosy Nougat_55% UV 14.5 + -00.00,접착,2026-07-16
C관(2공장),1-Day_Color_Sph_Fix,PIA D_Rosy Nougat_55% UV 14.5 + -00.00,하이드레이션,2026-07-14
C관(2공장),1-Day_Color_Sph_Fix,PIA D_Rosy Nougat_55% UV 14.5 + -00.75,누수규격,2026-07-17
C관(2공장),1-Day_Color_Sph_Fix,PIA D_Rosy Nougat_55% UV 14.5 + -00.75,분리,2026-07-13
C관(2공장),1-Day_Color_Sph_Fix,PIA D_Rosy Nougat_55% UV 14.5 + -00.75,사출,2026-07-12
C관(2공장),1-Day_Color_Sph_Fix,PIA D_Rosy Nougat_55% UV 14.5 + -00.75,접착,2026-07-16
C관(2공장),1-Day_Color_Sph_Fix,PIA D_Rosy Nougat_55% UV 14.5 + -00.75,하이드레이션,2026-07-14
C관(2공장),1-Day_Color_Sph_Fix,PIA D_Rosy Nougat_55% UV 14.5 + -01.00,누수규격,2026-07-17
C관(2공장),1-Day_Color_Sph_Fix,PIA D_Rosy Nougat_55% UV 14.5 + -01.00,분리,2026-07-13
C관(2공장),1-Day_Color_Sph_Fix,PIA D_Rosy Nougat_55% UV 14.5 + -01.00,사출,2026-07-12
C관(2공장),1-Day_Color_Sph_Fix,PIA D_Rosy Nougat_55% UV 14.5 + -01.00,접착,2026-07-16
C관(2공장),1-Day_Color_Sph_Fix,PIA D_Rosy Nougat_55% UV 14.5 + -01.00,하이드레이션,2026-07-14
C관(2공장),1-Day_Color_Sph_Fix,PIA D_Rosy Nougat_55% UV 14.5 + -01.25,누수규격,2026-07-17
C관(2공장),1-Day_Color_Sph_Fix,PIA D_Rosy Nougat_55% UV 14.5 + -01.25,분리,2026-07-13
C관(2공장),1-Day_Color_Sph_Fix,PIA D_Rosy Nougat_55% UV 14.5 + -01.25,사출,2026-07-12
C관(2공장),1-Day_Color_Sph_Fix,PIA D_Rosy Nougat_55% UV 14.5 + -01.25,접착,2026-07-16
C관(2공장),1-Day_Color_Sph_Fix,PIA D_Rosy Nougat_55% UV 14.5 + -01.25,하이드레이션,2026-07-14
C관(2공장),1-Day_Color_Sph_Fix,PIA D_Rosy Nougat_55% UV 14.5 + -01.50,누수규격,2026-07-17
C관(2공장),1-Day_Color_Sph_Fix,PIA D_Rosy Nougat_55% UV 14.5 + -01.50,분리,2026-07-13
C관(2공장),1-Day_Color_Sph_Fix,PIA D_Rosy Nougat_55% UV 14.5 + -01.50,사출,2026-07-12
C관(2공장),1-Day_Color_Sph_Fix,PIA D_Rosy Nougat_55% UV 14.5 + -01.50,접착,2026-07-16
C관(2공장),1-Day_Color_Sph_Fix,PIA D_Rosy Nougat_55% UV 14.5 + -01.50,하이드레이션,2026-07-14
C관(2공장),1-Day_Color_Sph_Fix,PIA D_Rosy Nougat_55% UV 14.5 + -01.75,누수규격,2026-07-17
C관(2공장),1-Day_Color_Sph_Fix,PIA D_Rosy Nougat_55% UV 14.5 + -01.75,분리,2026-07-13
C관(2공장),1-Day_Color_Sph_Fix,PIA D_Rosy Nougat_55% UV 14.5 + -01.75,사출,2026-07-12
C관(2공장),1-Day_Color_Sph_Fix,PIA D_Rosy Nougat_55% UV 14.5 + -01.75,접착,2026-07-16
C관(2공장),1-Day_Color_Sph_Fix,PIA D_Rosy Nougat_55% UV 14.5 + -01.75,하이드레이션,2026-07-14
C관(2공장),1-Day_Color_Sph_Fix,PIA D_Rosy Nougat_55% UV 14.5 + -02.00,누수규격,2026-07-17
C관(2공장),1-Day_Color_Sph_Fix,PIA D_Rosy Nougat_55% UV 14.5 + -02.00,분리,2026-07-13
C관(2공장),1-Day_Color_Sph_Fix,PIA D_Rosy Nougat_55% UV 14.5 + -02.00,사출,2026-07-12
C관(2공장),1-Day_Color_Sph_Fix,PIA D_Rosy Nougat_55% UV 14.5 + -02.00,접착,2026-07-16
C관(2공장),1-Day_Color_Sph_Fix,PIA D_Rosy Nougat_55% UV 14.5 + -02.00,하이드레이션,2026-07-14
C관(2공장),1-Day_Color_Sph_Fix,PIA D_Rosy Nougat_55% UV 14.5 + -02.25,누수규격,2026-07-17
C관(2공장),1-Day_Color_Sph_Fix,PIA D_Rosy Nougat_55% UV 14.5 + -02.25,분리,2026-07-13
C관(2공장),1-Day_Color_Sph_Fix,PIA D_Rosy Nougat_55% UV 14.5 + -02.25,사출,2026-07-12
C관(2공장),1-Day_Color_Sph_Fix,PIA D_Rosy Nougat_55% UV 14.5 + -02.25,접착,2026-07-16
C관(2공장),1-Day_Color_Sph_Fix,PIA D_Rosy Nougat_55% UV 14.5 + -02.25,하이드레이션,2026-07-14
C관(2공장),1-Day_Color_Sph_Fix,PIA D_Rosy Nougat_55% UV 14.5 + -02.50,누수규격,2026-07-17
C관(2공장),1-Day_Color_Sph_Fix,PIA D_Rosy Nougat_55% UV 14.5 + -02.50,분리,2026-07-13
C관(2공장),1-Day_Color_Sph_Fix,PIA D_Rosy Nougat_55% UV 14.5 + -02.50,사출,2026-07-12
C관(2공장),1-Day_Color_Sph_Fix,PIA D_Rosy Nougat_55% UV 14.5 + -02.50,접착,2026-07-16
C관(2공장),1-Day_Color_Sph_Fix,PIA D_Rosy Nougat_55% UV 14.5 + -02.50,하이드레이션,2026-07-14
C관(2공장),1-Day_Color_Sph_Fix,PIA D_Rosy Nougat_55% UV 14.5 + -02.75,누수규격,2026-07-17
C관(2공장),1-Day_Color_Sph_Fix,PIA D_Rosy Nougat_55% UV 14.5 + -02.75,분리,2026-07-13
C관(2공장),1-Day_Color_Sph_Fix,PIA D_Rosy Nougat_55% UV 14.5 + -02.75,사출,2026-07-12
C관(2공장),1-Day_Color_Sph_Fix,PIA D_Rosy Nougat_55% UV 14.5 + -02.75,접착,2026-07-16
C관(2공장),1-Day_Color_Sph_Fix,PIA D_Rosy Nougat_55% UV 14.5 + -02.75,하이드레이션,2026-07-14
C관(2공장),1-Day_Color_Sph_Fix,PIA D_Rosy Nougat_55% UV 14.5 + -03.00,누수규격,2026-07-17
C관(2공장),1-Day_Color_Sph_Fix,PIA D_Rosy Nougat_55% UV 14.5 + -03.00,분리,2026-07-13
C관(2공장),1-Day_Color_Sph_Fix,PIA D_Rosy Nougat_55% UV 14.5 + -03.00,사출,2026-07-12
C관(2공장),1-Day_Color_Sph_Fix,PIA D_Rosy Nougat_55% UV 14.5 + -03.00,접착,2026-07-16
C관(2공장),1-Day_Color_Sph_Fix,PIA D_Rosy Nougat_55% UV 14.5 + -03.00,하이드레이션,2026-07-14
C관(2공장),1-Day_Color_Sph_Fix,PIA D_Rosy Nougat_55% UV 14.5 + -03.25,누수규격,2026-07-17
C관(2공장),1-Day_Color_Sph_Fix,PIA D_Rosy Nougat_55% UV 14.5 + -03.25,분리,2026-07-24
C관(2공장),1-Day_Color_Sph_Fix,PIA D_Rosy Nougat_55% UV 14.5 + -03.25,사출,2026-07-23
C관(2공장),1-Day_Color_Sph_Fix,PIA D_Rosy Nougat_55% UV 14.5 + -03.25,접착,2026-07-16
C관(2공장),1-Day_Color_Sph_Fix,PIA D_Rosy Nougat_55% UV 14.5 + -03.25,하이드레이션,2026-07-25
C관(2공장),1-Day_Color_Sph_Fix,PIA D_Rosy Nougat_55% UV 14.5 + -03.50,누수규격,2026-07-17
C관(2공장),1-Day_Color_Sph_Fix,PIA D_Rosy Nougat_55% UV 14.5 + -03.50,분리,2026-07-13
C관(2공장),1-Day_Color_Sph_Fix,PIA D_Rosy Nougat_55% UV 14.5 + -03.50,사출,2026-07-12
C관(2공장),1-Day_Color_Sph_Fix,PIA D_Rosy Nougat_55% UV 14.5 + -03.50,접착,2026-07-16
C관(2공장),1-Day_Color_Sph_Fix,PIA D_Rosy Nougat_55% UV 14.5 + -03.50,하이드레이션,2026-07-14
C관(2공장),1-Day_Color_Sph_Fix,PIA D_Rosy Nougat_55% UV 14.5 + -03.75,누수규격,2026-07-17
C관(2공장),1-Day_Color_Sph_Fix,PIA D_Rosy Nougat_55% UV 14.5 + -03.75,분리,2026-07-13
C관(2공장),1-Day_Color_Sph_Fix,PIA D_Rosy Nougat_55% UV 14.5 + -03.75,사출,2026-07-12
C관(2공장),1-Day_Color_Sph_Fix,PIA D_Rosy Nougat_55% UV 14.5 + -03.75,접착,2026-07-16
C관(2공장),1-Day_Color_Sph_Fix,PIA D_Rosy Nougat_55% UV 14.5 + -03.75,하이드레이션,2026-07-14
C관(2공장),1-Day_Color_Sph_Fix,PIA D_Rosy Nougat_55% UV 14.5 + -04.00,누수규격,2026-07-17
C관(2공장),1-Day_Color_Sph_Fix,PIA D_Rosy Nougat_55% UV 14.5 + -04.00,분리,2026-07-13
C관(2공장),1-Day_Color_Sph_Fix,PIA D_Rosy Nougat_55% UV 14.5 + -04.00,사출,2026-07-12
C관(2공장),1-Day_Color_Sph_Fix,PIA D_Rosy Nougat_55% UV 14.5 + -04.00,접착,2026-07-16
C관(2공장),1-Day_Color_Sph_Fix,PIA D_Rosy Nougat_55% UV 14.5 + -04.00,하이드레이션,2026-07-14
C관(2공장),1-Day_Color_Sph_Fix,PIA D_Rosy Nougat_55% UV 14.5 + -04.25,누수규격,2026-07-17
C관(2공장),1-Day_Color_Sph_Fix,PIA D_Rosy Nougat_55% UV 14.5 + -04.25,분리,2026-07-13
C관(2공장),1-Day_Color_Sph_Fix,PIA D_Rosy Nougat_55% UV 14.5 + -04.25,사출,2026-07-12
C관(2공장),1-Day_Color_Sph_Fix,PIA D_Rosy Nougat_55% UV 14.5 + -04.25,접착,2026-07-16
C관(2공장),1-Day_Color_Sph_Fix,PIA D_Rosy Nougat_55% UV 14.5 + -04.25,하이드레이션,2026-07-14
C관(2공장),1-Day_Color_Sph_Fix,PIA D_Rosy Nougat_55% UV 14.5 + -04.50,누수규격,2026-07-17
C관(2공장),1-Day_Color_Sph_Fix,PIA D_Rosy Nougat_55% UV 14.5 + -04.50,분리,2026-07-13
C관(2공장),1-Day_Color_Sph_Fix,PIA D_Rosy Nougat_55% UV 14.5 + -04.50,사출,2026-07-12
C관(2공장),1-Day_Color_Sph_Fix,PIA D_Rosy Nougat_55% UV 14.5 + -04.50,접착,2026-07-16
C관(2공장),1-Day_Color_Sph_Fix,PIA D_Rosy Nougat_55% UV 14.5 + -04.50,하이드레이션,2026-07-14
C관(2공장),1-Day_Color_Sph_Fix,PIA D_Rosy Nougat_55% UV 14.5 + -04.75,누수규격,2026-07-17
C관(2공장),1-Day_Color_Sph_Fix,PIA D_Rosy Nougat_55% UV 14.5 + -04.75,분리,2026-07-13
C관(2공장),1-Day_Color_Sph_Fix,PIA D_Rosy Nougat_55% UV 14.5 + -04.75,사출,2026-07-12
C관(2공장),1-Day_Color_Sph_Fix,PIA D_Rosy Nougat_55% UV 14.5 + -04.75,접착,2026-07-16
C관(2공장),1-Day_Color_Sph_Fix,PIA D_Rosy Nougat_55% UV 14.5 + -04.75,하이드레이션,2026-07-14
C관(2공장),1-Day_Color_Sph_Fix,PIA D_Rosy Nougat_55% UV 14.5 + -05.00,누수규격,2026-07-17
C관(2공장),1-Day_Color_Sph_Fix,PIA D_Rosy Nougat_55% UV 14.5 + -05.00,분리,2026-07-13
C관(2공장),1-Day_Color_Sph_Fix,PIA D_Rosy Nougat_55% UV 14.5 + -05.00,사출,2026-07-12
C관(2공장),1-Day_Color_Sph_Fix,PIA D_Rosy Nougat_55% UV 14.5 + -05.00,접착,2026-07-16
C관(2공장),1-Day_Color_Sph_Fix,PIA D_Rosy Nougat_55% UV 14.5 + -05.00,하이드레이션,2026-07-14
C관(2공장),1-Day_Color_Sph_Fix,PIA D_Rosy Nougat_55% UV 14.5 + -05.50,누수규격,2026-07-17
C관(2공장),1-Day_Color_Sph_Fix,PIA D_Rosy Nougat_55% UV 14.5 + -05.50,분리,2026-07-13
C관(2공장),1-Day_Color_Sph_Fix,PIA D_Rosy Nougat_55% UV 14.5 + -05.50,사출,2026-07-12
C관(2공장),1-Day_Color_Sph_Fix,PIA D_Rosy Nougat_55% UV 14.5 + -05.50,접착,2026-07-16
C관(2공장),1-Day_Color_Sph_Fix,PIA D_Rosy Nougat_55% UV 14.5 + -05.50,하이드레이션,2026-07-14
C관(2공장),1-Day_Color_Sph_Fix,PIA D_Rosy Nougat_55% UV 14.5 + -06.00,누수규격,2026-07-17
C관(2공장),1-Day_Color_Sph_Fix,PIA D_Rosy Nougat_55% UV 14.5 + -06.00,분리,2026-07-13
C관(2공장),1-Day_Color_Sph_Fix,PIA D_Rosy Nougat_55% UV 14.5 + -06.00,사출,2026-07-12
C관(2공장),1-Day_Color_Sph_Fix,PIA D_Rosy Nougat_55% UV 14.5 + -06.00,접착,2026-07-16
C관(2공장),1-Day_Color_Sph_Fix,PIA D_Rosy Nougat_55% UV 14.5 + -06.00,하이드레이션,2026-07-14
C관(2공장),1-Day_Color_Sph_Fix,PIA D_Rosy Wood_55% UV 14.5 + -00.00,누수규격,2026-07-17
C관(2공장),1-Day_Color_Sph_Fix,PIA D_Rosy Wood_55% UV 14.5 + -00.00,분리,2026-07-13
C관(2공장),1-Day_Color_Sph_Fix,PIA D_Rosy Wood_55% UV 14.5 + -00.00,사출,2026-07-12
C관(2공장),1-Day_Color_Sph_Fix,PIA D_Rosy Wood_55% UV 14.5 + -00.00,접착,2026-07-16
C관(2공장),1-Day_Color_Sph_Fix,PIA D_Rosy Wood_55% UV 14.5 + -00.00,하이드레이션,2026-07-14
C관(2공장),1-Day_Color_Sph_Fix,PIA D_Rosy Wood_55% UV 14.5 + -00.75,누수규격,2026-07-17
C관(2공장),1-Day_Color_Sph_Fix,PIA D_Rosy Wood_55% UV 14.5 + -00.75,분리,2026-07-13
C관(2공장),1-Day_Color_Sph_Fix,PIA D_Rosy Wood_55% UV 14.5 + -00.75,사출,2026-07-23
C관(2공장),1-Day_Color_Sph_Fix,PIA D_Rosy Wood_55% UV 14.5 + -00.75,접착,2026-07-16
C관(2공장),1-Day_Color_Sph_Fix,PIA D_Rosy Wood_55% UV 14.5 + -00.75,하이드레이션,2026-07-14
C관(2공장),1-Day_Color_Sph_Fix,PIA D_Rosy Wood_55% UV 14.5 + -01.00,누수규격,2026-07-17
C관(2공장),1-Day_Color_Sph_Fix,PIA D_Rosy Wood_55% UV 14.5 + -01.00,분리,2026-07-24
C관(2공장),1-Day_Color_Sph_Fix,PIA D_Rosy Wood_55% UV 14.5 + -01.00,사출,2026-07-23
C관(2공장),1-Day_Color_Sph_Fix,PIA D_Rosy Wood_55% UV 14.5 + -01.00,접착,2026-07-16
C관(2공장),1-Day_Color_Sph_Fix,PIA D_Rosy Wood_55% UV 14.5 + -01.00,하이드레이션,2026-07-14
C관(2공장),1-Day_Color_Sph_Fix,PIA D_Rosy Wood_55% UV 14.5 + -01.25,누수규격,2026-07-17
C관(2공장),1-Day_Color_Sph_Fix,PIA D_Rosy Wood_55% UV 14.5 + -01.25,분리,2026-07-24
C관(2공장),1-Day_Color_Sph_Fix,PIA D_Rosy Wood_55% UV 14.5 + -01.25,사출,2026-07-23
C관(2공장),1-Day_Color_Sph_Fix,PIA D_Rosy Wood_55% UV 14.5 + -01.25,접착,2026-07-16
C관(2공장),1-Day_Color_Sph_Fix,PIA D_Rosy Wood_55% UV 14.5 + -01.25,하이드레이션,2026-07-14
C관(2공장),1-Day_Color_Sph_Fix,PIA D_Rosy Wood_55% UV 14.5 + -01.50,누수규격,2026-07-28
C관(2공장),1-Day_Color_Sph_Fix,PIA D_Rosy Wood_55% UV 14.5 + -01.50,분리,2026-07-24
C관(2공장),1-Day_Color_Sph_Fix,PIA D_Rosy Wood_55% UV 14.5 + -01.50,사출,2026-07-23
C관(2공장),1-Day_Color_Sph_Fix,PIA D_Rosy Wood_55% UV 14.5 + -01.50,접착,2026-07-27
C관(2공장),1-Day_Color_Sph_Fix,PIA D_Rosy Wood_55% UV 14.5 + -01.50,하이드레이션,2026-07-25
C관(2공장),1-Day_Color_Sph_Fix,PIA D_Rosy Wood_55% UV 14.5 + -01.75,누수규격,2026-07-28
C관(2공장),1-Day_Color_Sph_Fix,PIA D_Rosy Wood_55% UV 14.5 + -01.75,분리,2026-07-24
C관(2공장),1-Day_Color_Sph_Fix,PIA D_Rosy Wood_55% UV 14.5 + -01.75,사출,2026-07-23
C관(2공장),1-Day_Color_Sph_Fix,PIA D_Rosy Wood_55% UV 14.5 + -01.75,접착,2026-07-27
C관(2공장),1-Day_Color_Sph_Fix,PIA D_Rosy Wood_55% UV 14.5 + -01.75,하이드레이션,2026-07-25
C관(2공장),1-Day_Color_Sph_Fix,PIA D_Rosy Wood_55% UV 14.5 + -02.00,누수규격,2026-07-17
C관(2공장),1-Day_Color_Sph_Fix,PIA D_Rosy Wood_55% UV 14.5 + -02.00,분리,2026-07-13
C관(2공장),1-Day_Color_Sph_Fix,PIA D_Rosy Wood_55% UV 14.5 + -02.00,사출,2026-07-12
C관(2공장),1-Day_Color_Sph_Fix,PIA D_Rosy Wood_55% UV 14.5 + -02.00,접착,2026-07-16
C관(2공장),1-Day_Color_Sph_Fix,PIA D_Rosy Wood_55% UV 14.5 + -02.00,하이드레이션,2026-07-14
C관(2공장),1-Day_Color_Sph_Fix,PIA D_Rosy Wood_55% UV 14.5 + -02.25,누수규격,2026-07-17
C관(2공장),1-Day_Color_Sph_Fix,PIA D_Rosy Wood_55% UV 14.5 + -02.25,분리,2026-07-13
C관(2공장),1-Day_Color_Sph_Fix,PIA D_Rosy Wood_55% UV 14.5 + -02.25,사출,2026-07-12
C관(2공장),1-Day_Color_Sph_Fix,PIA D_Rosy Wood_55% UV 14.5 + -02.25,접착,2026-07-16
C관(2공장),1-Day_Color_Sph_Fix,PIA D_Rosy Wood_55% UV 14.5 + -02.25,하이드레이션,2026-07-14
C관(2공장),1-Day_Color_Sph_Fix,PIA D_Rosy Wood_55% UV 14.5 + -02.50,누수규격,2026-07-17
C관(2공장),1-Day_Color_Sph_Fix,PIA D_Rosy Wood_55% UV 14.5 + -02.50,분리,2026-07-13
C관(2공장),1-Day_Color_Sph_Fix,PIA D_Rosy Wood_55% UV 14.5 + -02.50,사출,2026-07-12
C관(2공장),1-Day_Color_Sph_Fix,PIA D_Rosy Wood_55% UV 14.5 + -02.50,접착,2026-07-16
C관(2공장),1-Day_Color_Sph_Fix,PIA D_Rosy Wood_55% UV 14.5 + -02.50,하이드레이션,2026-07-14
C관(2공장),1-Day_Color_Sph_Fix,PIA D_Rosy Wood_55% UV 14.5 + -02.75,누수규격,2026-07-17
C관(2공장),1-Day_Color_Sph_Fix,PIA D_Rosy Wood_55% UV 14.5 + -02.75,분리,2026-07-13
C관(2공장),1-Day_Color_Sph_Fix,PIA D_Rosy Wood_55% UV 14.5 + -02.75,사출,2026-07-12
C관(2공장),1-Day_Color_Sph_Fix,PIA D_Rosy Wood_55% UV 14.5 + -02.75,접착,2026-07-16
C관(2공장),1-Day_Color_Sph_Fix,PIA D_Rosy Wood_55% UV 14.5 + -02.75,하이드레이션,2026-07-14
C관(2공장),1-Day_Color_Sph_Fix,PIA D_Rosy Wood_55% UV 14.5 + -03.00,누수규격,2026-07-17
C관(2공장),1-Day_Color_Sph_Fix,PIA D_Rosy Wood_55% UV 14.5 + -03.00,분리,2026-07-13
C관(2공장),1-Day_Color_Sph_Fix,PIA D_Rosy Wood_55% UV 14.5 + -03.00,사출,2026-07-12
C관(2공장),1-Day_Color_Sph_Fix,PIA D_Rosy Wood_55% UV 14.5 + -03.00,접착,2026-07-16
C관(2공장),1-Day_Color_Sph_Fix,PIA D_Rosy Wood_55% UV 14.5 + -03.00,하이드레이션,2026-07-14
C관(2공장),1-Day_Color_Sph_Fix,PIA D_Rosy Wood_55% UV 14.5 + -03.25,누수규격,2026-07-17
C관(2공장),1-Day_Color_Sph_Fix,PIA D_Rosy Wood_55% UV 14.5 + -03.25,분리,2026-07-13
C관(2공장),1-Day_Color_Sph_Fix,PIA D_Rosy Wood_55% UV 14.5 + -03.25,사출,2026-07-12
C관(2공장),1-Day_Color_Sph_Fix,PIA D_Rosy Wood_55% UV 14.5 + -03.25,접착,2026-07-16
C관(2공장),1-Day_Color_Sph_Fix,PIA D_Rosy Wood_55% UV 14.5 + -03.25,하이드레이션,2026-07-14
C관(2공장),1-Day_Color_Sph_Fix,PIA D_Rosy Wood_55% UV 14.5 + -03.50,누수규격,2026-07-17
C관(2공장),1-Day_Color_Sph_Fix,PIA D_Rosy Wood_55% UV 14.5 + -03.50,분리,2026-07-13
C관(2공장),1-Day_Color_Sph_Fix,PIA D_Rosy Wood_55% UV 14.5 + -03.50,사출,2026-07-12
C관(2공장),1-Day_Color_Sph_Fix,PIA D_Rosy Wood_55% UV 14.5 + -03.50,접착,2026-07-16
C관(2공장),1-Day_Color_Sph_Fix,PIA D_Rosy Wood_55% UV 14.5 + -03.50,하이드레이션,2026-07-14
C관(2공장),1-Day_Color_Sph_Fix,PIA D_Rosy Wood_55% UV 14.5 + -03.75,누수규격,2026-07-17
C관(2공장),1-Day_Color_Sph_Fix,PIA D_Rosy Wood_55% UV 14.5 + -03.75,분리,2026-07-13
C관(2공장),1-Day_Color_Sph_Fix,PIA D_Rosy Wood_55% UV 14.5 + -03.75,사출,2026-07-12
C관(2공장),1-Day_Color_Sph_Fix,PIA D_Rosy Wood_55% UV 14.5 + -03.75,접착,2026-07-16
C관(2공장),1-Day_Color_Sph_Fix,PIA D_Rosy Wood_55% UV 14.5 + -03.75,하이드레이션,2026-07-14
C관(2공장),1-Day_Color_Sph_Fix,PIA D_Rosy Wood_55% UV 14.5 + -04.00,누수규격,2026-07-17
C관(2공장),1-Day_Color_Sph_Fix,PIA D_Rosy Wood_55% UV 14.5 + -04.00,분리,2026-07-13
C관(2공장),1-Day_Color_Sph_Fix,PIA D_Rosy Wood_55% UV 14.5 + -04.00,사출,2026-07-12
C관(2공장),1-Day_Color_Sph_Fix,PIA D_Rosy Wood_55% UV 14.5 + -04.00,접착,2026-07-16
C관(2공장),1-Day_Color_Sph_Fix,PIA D_Rosy Wood_55% UV 14.5 + -04.00,하이드레이션,2026-07-14
C관(2공장),1-Day_Color_Sph_Fix,PIA D_Rosy Wood_55% UV 14.5 + -04.25,누수규격,2026-07-17
C관(2공장),1-Day_Color_Sph_Fix,PIA D_Rosy Wood_55% UV 14.5 + -04.25,분리,2026-07-13
C관(2공장),1-Day_Color_Sph_Fix,PIA D_Rosy Wood_55% UV 14.5 + -04.25,사출,2026-07-12
C관(2공장),1-Day_Color_Sph_Fix,PIA D_Rosy Wood_55% UV 14.5 + -04.25,접착,2026-07-16
C관(2공장),1-Day_Color_Sph_Fix,PIA D_Rosy Wood_55% UV 14.5 + -04.25,하이드레이션,2026-07-14
C관(2공장),1-Day_Color_Sph_Fix,PIA D_Rosy Wood_55% UV 14.5 + -04.50,누수규격,2026-07-17
C관(2공장),1-Day_Color_Sph_Fix,PIA D_Rosy Wood_55% UV 14.5 + -04.50,분리,2026-07-13
C관(2공장),1-Day_Color_Sph_Fix,PIA D_Rosy Wood_55% UV 14.5 + -04.50,사출,2026-07-12
C관(2공장),1-Day_Color_Sph_Fix,PIA D_Rosy Wood_55% UV 14.5 + -04.50,접착,2026-07-16
C관(2공장),1-Day_Color_Sph_Fix,PIA D_Rosy Wood_55% UV 14.5 + -04.50,하이드레이션,2026-07-14
C관(2공장),1-Day_Color_Sph_Fix,PIA D_Rosy Wood_55% UV 14.5 + -04.75,누수규격,2026-07-17
C관(2공장),1-Day_Color_Sph_Fix,PIA D_Rosy Wood_55% UV 14.5 + -04.75,분리,2026-07-13
C관(2공장),1-Day_Color_Sph_Fix,PIA D_Rosy Wood_55% UV 14.5 + -04.75,사출,2026-07-12
C관(2공장),1-Day_Color_Sph_Fix,PIA D_Rosy Wood_55% UV 14.5 + -04.75,접착,2026-07-16
C관(2공장),1-Day_Color_Sph_Fix,PIA D_Rosy Wood_55% UV 14.5 + -04.75,하이드레이션,2026-07-14
C관(2공장),1-Day_Color_Sph_Fix,PIA D_Rosy Wood_55% UV 14.5 + -05.00,누수규격,2026-07-17
C관(2공장),1-Day_Color_Sph_Fix,PIA D_Rosy Wood_55% UV 14.5 + -05.00,분리,2026-07-13
C관(2공장),1-Day_Color_Sph_Fix,PIA D_Rosy Wood_55% UV 14.5 + -05.00,사출,2026-07-12
C관(2공장),1-Day_Color_Sph_Fix,PIA D_Rosy Wood_55% UV 14.5 + -05.00,접착,2026-07-16
C관(2공장),1-Day_Color_Sph_Fix,PIA D_Rosy Wood_55% UV 14.5 + -05.00,하이드레이션,2026-07-14
C관(2공장),1-Day_Color_Sph_Fix,PIA D_Rosy Wood_55% UV 14.5 + -05.50,누수규격,2026-07-17
C관(2공장),1-Day_Color_Sph_Fix,PIA D_Rosy Wood_55% UV 14.5 + -05.50,분리,2026-07-13
C관(2공장),1-Day_Color_Sph_Fix,PIA D_Rosy Wood_55% UV 14.5 + -05.50,사출,2026-07-12
C관(2공장),1-Day_Color_Sph_Fix,PIA D_Rosy Wood_55% UV 14.5 + -05.50,접착,2026-07-16
C관(2공장),1-Day_Color_Sph_Fix,PIA D_Rosy Wood_55% UV 14.5 + -05.50,하이드레이션,2026-07-14
C관(2공장),1-Day_Color_Sph_Fix,PIA D_Rosy Wood_55% UV 14.5 + -06.00,누수규격,2026-07-17
C관(2공장),1-Day_Color_Sph_Fix,PIA D_Rosy Wood_55% UV 14.5 + -06.00,분리,2026-07-13
C관(2공장),1-Day_Color_Sph_Fix,PIA D_Rosy Wood_55% UV 14.5 + -06.00,사출,2026-07-12
C관(2공장),1-Day_Color_Sph_Fix,PIA D_Rosy Wood_55% UV 14.5 + -06.00,접착,2026-07-16
C관(2공장),1-Day_Color_Sph_Fix,PIA D_Rosy Wood_55% UV 14.5 + -06.00,하이드레이션,2026-07-14
C관(2공장),1-Day_Color_Sph_Fix,PIA D_Sky veil_55% UV 14.5 + -00.00,누수규격,2026-07-17
C관(2공장),1-Day_Color_Sph_Fix,PIA D_Sky veil_55% UV 14.5 + -00.00,분리,2026-07-13
C관(2공장),1-Day_Color_Sph_Fix,PIA D_Sky veil_55% UV 14.5 + -00.00,사출,2026-07-12
C관(2공장),1-Day_Color_Sph_Fix,PIA D_Sky veil_55% UV 14.5 + -00.00,접착,2026-07-16
C관(2공장),1-Day_Color_Sph_Fix,PIA D_Sky veil_55% UV 14.5 + -00.00,하이드레이션,2026-07-14
C관(2공장),1-Day_Color_Sph_Fix,PIA D_Sky veil_55% UV 14.5 + -00.75,누수규격,2026-07-17
C관(2공장),1-Day_Color_Sph_Fix,PIA D_Sky veil_55% UV 14.5 + -00.75,분리,2026-07-13
C관(2공장),1-Day_Color_Sph_Fix,PIA D_Sky veil_55% UV 14.5 + -00.75,사출,2026-07-12
C관(2공장),1-Day_Color_Sph_Fix,PIA D_Sky veil_55% UV 14.5 + -00.75,접착,2026-07-16
C관(2공장),1-Day_Color_Sph_Fix,PIA D_Sky veil_55% UV 14.5 + -00.75,하이드레이션,2026-07-14
C관(2공장),1-Day_Color_Sph_Fix,PIA D_Sky veil_55% UV 14.5 + -01.00,누수규격,2026-07-17
C관(2공장),1-Day_Color_Sph_Fix,PIA D_Sky veil_55% UV 14.5 + -01.00,분리,2026-07-13
C관(2공장),1-Day_Color_Sph_Fix,PIA D_Sky veil_55% UV 14.5 + -01.00,사출,2026-07-12
C관(2공장),1-Day_Color_Sph_Fix,PIA D_Sky veil_55% UV 14.5 + -01.00,접착,2026-07-16
C관(2공장),1-Day_Color_Sph_Fix,PIA D_Sky veil_55% UV 14.5 + -01.00,하이드레이션,2026-07-14
C관(2공장),1-Day_Color_Sph_Fix,PIA D_Sky veil_55% UV 14.5 + -01.25,누수규격,2026-07-17
C관(2공장),1-Day_Color_Sph_Fix,PIA D_Sky veil_55% UV 14.5 + -01.25,분리,2026-07-13
C관(2공장),1-Day_Color_Sph_Fix,PIA D_Sky veil_55% UV 14.5 + -01.25,사출,2026-07-12
C관(2공장),1-Day_Color_Sph_Fix,PIA D_Sky veil_55% UV 14.5 + -01.25,접착,2026-07-16
C관(2공장),1-Day_Color_Sph_Fix,PIA D_Sky veil_55% UV 14.5 + -01.25,하이드레이션,2026-07-14
C관(2공장),1-Day_Color_Sph_Fix,PIA D_Sky veil_55% UV 14.5 + -01.50,누수규격,2026-07-17
C관(2공장),1-Day_Color_Sph_Fix,PIA D_Sky veil_55% UV 14.5 + -01.50,분리,2026-07-13
C관(2공장),1-Day_Color_Sph_Fix,PIA D_Sky veil_55% UV 14.5 + -01.50,사출,2026-07-12
C관(2공장),1-Day_Color_Sph_Fix,PIA D_Sky veil_55% UV 14.5 + -01.50,접착,2026-07-16
C관(2공장),1-Day_Color_Sph_Fix,PIA D_Sky veil_55% UV 14.5 + -01.50,하이드레이션,2026-07-14
C관(2공장),1-Day_Color_Sph_Fix,PIA D_Sky veil_55% UV 14.5 + -01.75,누수규격,2026-07-17
C관(2공장),1-Day_Color_Sph_Fix,PIA D_Sky veil_55% UV 14.5 + -01.75,분리,2026-07-13
C관(2공장),1-Day_Color_Sph_Fix,PIA D_Sky veil_55% UV 14.5 + -01.75,사출,2026-07-12
C관(2공장),1-Day_Color_Sph_Fix,PIA D_Sky veil_55% UV 14.5 + -01.75,접착,2026-07-16
C관(2공장),1-Day_Color_Sph_Fix,PIA D_Sky veil_55% UV 14.5 + -01.75,하이드레이션,2026-07-14
C관(2공장),1-Day_Color_Sph_Fix,PIA D_Sky veil_55% UV 14.5 + -02.00,누수규격,2026-07-17
C관(2공장),1-Day_Color_Sph_Fix,PIA D_Sky veil_55% UV 14.5 + -02.00,분리,2026-07-13
C관(2공장),1-Day_Color_Sph_Fix,PIA D_Sky veil_55% UV 14.5 + -02.00,사출,2026-07-12
C관(2공장),1-Day_Color_Sph_Fix,PIA D_Sky veil_55% UV 14.5 + -02.00,접착,2026-07-16
C관(2공장),1-Day_Color_Sph_Fix,PIA D_Sky veil_55% UV 14.5 + -02.00,하이드레이션,2026-07-14
C관(2공장),1-Day_Color_Sph_Fix,PIA D_Sky veil_55% UV 14.5 + -02.25,누수규격,2026-07-17
C관(2공장),1-Day_Color_Sph_Fix,PIA D_Sky veil_55% UV 14.5 + -02.25,분리,2026-07-13
C관(2공장),1-Day_Color_Sph_Fix,PIA D_Sky veil_55% UV 14.5 + -02.25,사출,2026-07-12
C관(2공장),1-Day_Color_Sph_Fix,PIA D_Sky veil_55% UV 14.5 + -02.25,접착,2026-07-16
C관(2공장),1-Day_Color_Sph_Fix,PIA D_Sky veil_55% UV 14.5 + -02.25,하이드레이션,2026-07-14
C관(2공장),1-Day_Color_Sph_Fix,PIA D_Sky veil_55% UV 14.5 + -02.50,누수규격,2026-07-17
C관(2공장),1-Day_Color_Sph_Fix,PIA D_Sky veil_55% UV 14.5 + -02.50,분리,2026-07-13
C관(2공장),1-Day_Color_Sph_Fix,PIA D_Sky veil_55% UV 14.5 + -02.50,사출,2026-07-12
C관(2공장),1-Day_Color_Sph_Fix,PIA D_Sky veil_55% UV 14.5 + -02.50,접착,2026-07-16
C관(2공장),1-Day_Color_Sph_Fix,PIA D_Sky veil_55% UV 14.5 + -02.50,하이드레이션,2026-07-14
C관(2공장),1-Day_Color_Sph_Fix,PIA D_Sky veil_55% UV 14.5 + -02.75,누수규격,2026-07-17
C관(2공장),1-Day_Color_Sph_Fix,PIA D_Sky veil_55% UV 14.5 + -02.75,분리,2026-07-13
C관(2공장),1-Day_Color_Sph_Fix,PIA D_Sky veil_55% UV 14.5 + -02.75,사출,2026-07-12
C관(2공장),1-Day_Color_Sph_Fix,PIA D_Sky veil_55% UV 14.5 + -02.75,접착,2026-07-16
C관(2공장),1-Day_Color_Sph_Fix,PIA D_Sky veil_55% UV 14.5 + -02.75,하이드레이션,2026-07-14
C관(2공장),1-Day_Color_Sph_Fix,PIA D_Sky veil_55% UV 14.5 + -03.00,누수규격,2026-07-17
C관(2공장),1-Day_Color_Sph_Fix,PIA D_Sky veil_55% UV 14.5 + -03.00,분리,2026-07-13
C관(2공장),1-Day_Color_Sph_Fix,PIA D_Sky veil_55% UV 14.5 + -03.00,사출,2026-07-12
C관(2공장),1-Day_Color_Sph_Fix,PIA D_Sky veil_55% UV 14.5 + -03.00,접착,2026-07-16
C관(2공장),1-Day_Color_Sph_Fix,PIA D_Sky veil_55% UV 14.5 + -03.00,하이드레이션,2026-07-14
C관(2공장),1-Day_Color_Sph_Fix,PIA D_Sky veil_55% UV 14.5 + -03.25,누수규격,2026-07-17
C관(2공장),1-Day_Color_Sph_Fix,PIA D_Sky veil_55% UV 14.5 + -03.25,분리,2026-07-13
C관(2공장),1-Day_Color_Sph_Fix,PIA D_Sky veil_55% UV 14.5 + -03.25,사출,2026-07-12
C관(2공장),1-Day_Color_Sph_Fix,PIA D_Sky veil_55% UV 14.5 + -03.25,접착,2026-07-16
C관(2공장),1-Day_Color_Sph_Fix,PIA D_Sky veil_55% UV 14.5 + -03.25,하이드레이션,2026-07-14
C관(2공장),1-Day_Color_Sph_Fix,PIA D_Sky veil_55% UV 14.5 + -03.50,누수규격,2026-07-17
C관(2공장),1-Day_Color_Sph_Fix,PIA D_Sky veil_55% UV 14.5 + -03.50,분리,2026-07-13
C관(2공장),1-Day_Color_Sph_Fix,PIA D_Sky veil_55% UV 14.5 + -03.50,사출,2026-07-12
C관(2공장),1-Day_Color_Sph_Fix,PIA D_Sky veil_55% UV 14.5 + -03.50,접착,2026-07-16
C관(2공장),1-Day_Color_Sph_Fix,PIA D_Sky veil_55% UV 14.5 + -03.50,하이드레이션,2026-07-14
C관(2공장),1-Day_Color_Sph_Fix,PIA D_Sky veil_55% UV 14.5 + -03.75,누수규격,2026-07-17
C관(2공장),1-Day_Color_Sph_Fix,PIA D_Sky veil_55% UV 14.5 + -03.75,분리,2026-07-13
C관(2공장),1-Day_Color_Sph_Fix,PIA D_Sky veil_55% UV 14.5 + -03.75,사출,2026-07-12
C관(2공장),1-Day_Color_Sph_Fix,PIA D_Sky veil_55% UV 14.5 + -03.75,접착,2026-07-16
C관(2공장),1-Day_Color_Sph_Fix,PIA D_Sky veil_55% UV 14.5 + -03.75,하이드레이션,2026-07-14
C관(2공장),1-Day_Color_Sph_Fix,PIA D_Sky veil_55% UV 14.5 + -04.00,누수규격,2026-07-17
C관(2공장),1-Day_Color_Sph_Fix,PIA D_Sky veil_55% UV 14.5 + -04.00,분리,2026-07-13
C관(2공장),1-Day_Color_Sph_Fix,PIA D_Sky veil_55% UV 14.5 + -04.00,사출,2026-07-12
C관(2공장),1-Day_Color_Sph_Fix,PIA D_Sky veil_55% UV 14.5 + -04.00,접착,2026-07-16
C관(2공장),1-Day_Color_Sph_Fix,PIA D_Sky veil_55% UV 14.5 + -04.00,하이드레이션,2026-07-14
C관(2공장),1-Day_Color_Sph_Fix,PIA D_Sky veil_55% UV 14.5 + -04.25,누수규격,2026-07-17
C관(2공장),1-Day_Color_Sph_Fix,PIA D_Sky veil_55% UV 14.5 + -04.25,분리,2026-07-13
C관(2공장),1-Day_Color_Sph_Fix,PIA D_Sky veil_55% UV 14.5 + -04.25,사출,2026-07-12
C관(2공장),1-Day_Color_Sph_Fix,PIA D_Sky veil_55% UV 14.5 + -04.25,접착,2026-07-16
C관(2공장),1-Day_Color_Sph_Fix,PIA D_Sky veil_55% UV 14.5 + -04.25,하이드레이션,2026-07-14
C관(2공장),1-Day_Color_Sph_Fix,PIA D_Sky veil_55% UV 14.5 + -04.50,누수규격,2026-07-17
C관(2공장),1-Day_Color_Sph_Fix,PIA D_Sky veil_55% UV 14.5 + -04.50,분리,2026-07-13
C관(2공장),1-Day_Color_Sph_Fix,PIA D_Sky veil_55% UV 14.5 + -04.50,사출,2026-07-12
C관(2공장),1-Day_Color_Sph_Fix,PIA D_Sky veil_55% UV 14.5 + -04.50,접착,2026-07-16
C관(2공장),1-Day_Color_Sph_Fix,PIA D_Sky veil_55% UV 14.5 + -04.50,하이드레이션,2026-07-14
C관(2공장),1-Day_Color_Sph_Fix,PIA D_Sky veil_55% UV 14.5 + -04.75,누수규격,2026-07-17
C관(2공장),1-Day_Color_Sph_Fix,PIA D_Sky veil_55% UV 14.5 + -04.75,분리,2026-07-13
C관(2공장),1-Day_Color_Sph_Fix,PIA D_Sky veil_55% UV 14.5 + -04.75,사출,2026-07-12
C관(2공장),1-Day_Color_Sph_Fix,PIA D_Sky veil_55% UV 14.5 + -04.75,접착,2026-07-16
C관(2공장),1-Day_Color_Sph_Fix,PIA D_Sky veil_55% UV 14.5 + -04.75,하이드레이션,2026-07-14
C관(2공장),1-Day_Color_Sph_Fix,PIA D_Sky veil_55% UV 14.5 + -05.00,누수규격,2026-07-17
C관(2공장),1-Day_Color_Sph_Fix,PIA D_Sky veil_55% UV 14.5 + -05.00,분리,2026-07-13
C관(2공장),1-Day_Color_Sph_Fix,PIA D_Sky veil_55% UV 14.5 + -05.00,사출,2026-07-12
C관(2공장),1-Day_Color_Sph_Fix,PIA D_Sky veil_55% UV 14.5 + -05.00,접착,2026-07-16
C관(2공장),1-Day_Color_Sph_Fix,PIA D_Sky veil_55% UV 14.5 + -05.00,하이드레이션,2026-07-14
C관(2공장),1-Day_Color_Sph_Fix,PIA D_Sky veil_55% UV 14.5 + -05.50,누수규격,2026-07-17
C관(2공장),1-Day_Color_Sph_Fix,PIA D_Sky veil_55% UV 14.5 + -05.50,분리,2026-07-13
C관(2공장),1-Day_Color_Sph_Fix,PIA D_Sky veil_55% UV 14.5 + -05.50,사출,2026-07-12
C관(2공장),1-Day_Color_Sph_Fix,PIA D_Sky veil_55% UV 14.5 + -05.50,접착,2026-07-16
C관(2공장),1-Day_Color_Sph_Fix,PIA D_Sky veil_55% UV 14.5 + -05.50,하이드레이션,2026-07-14
C관(2공장),1-Day_Color_Sph_Fix,PIA D_Sky veil_55% UV 14.5 + -06.00,누수규격,2026-07-17
C관(2공장),1-Day_Color_Sph_Fix,PIA D_Sky veil_55% UV 14.5 + -06.00,분리,2026-07-13
C관(2공장),1-Day_Color_Sph_Fix,PIA D_Sky veil_55% UV 14.5 + -06.00,사출,2026-07-12
C관(2공장),1-Day_Color_Sph_Fix,PIA D_Sky veil_55% UV 14.5 + -06.00,접착,2026-07-16
C관(2공장),1-Day_Color_Sph_Fix,PIA D_Sky veil_55% UV 14.5 + -06.00,하이드레이션,2026-07-14
C관(2공장),1-Day_Color_Sph_Fix,PIA D_Viva Boom_55% UV 14.5 + -00.00,누수규격,2026-07-17
C관(2공장),1-Day_Color_Sph_Fix,PIA D_Viva Boom_55% UV 14.5 + -00.00,분리,2026-07-13
C관(2공장),1-Day_Color_Sph_Fix,PIA D_Viva Boom_55% UV 14.5 + -00.00,사출,2026-07-12
C관(2공장),1-Day_Color_Sph_Fix,PIA D_Viva Boom_55% UV 14.5 + -00.00,접착,2026-07-16
C관(2공장),1-Day_Color_Sph_Fix,PIA D_Viva Boom_55% UV 14.5 + -00.00,하이드레이션,2026-07-14
C관(2공장),1-Day_Color_Sph_Fix,PIA D_Viva Boom_55% UV 14.5 + -01.00,누수규격,2026-07-17
C관(2공장),1-Day_Color_Sph_Fix,PIA D_Viva Boom_55% UV 14.5 + -01.00,분리,2026-07-13
C관(2공장),1-Day_Color_Sph_Fix,PIA D_Viva Boom_55% UV 14.5 + -01.00,사출,2026-07-12
C관(2공장),1-Day_Color_Sph_Fix,PIA D_Viva Boom_55% UV 14.5 + -01.00,접착,2026-07-16
C관(2공장),1-Day_Color_Sph_Fix,PIA D_Viva Boom_55% UV 14.5 + -01.00,하이드레이션,2026-07-14
C관(2공장),1-Day_Color_Sph_Fix,PIA D_Viva Boom_55% UV 14.5 + -01.25,누수규격,2026-07-17
C관(2공장),1-Day_Color_Sph_Fix,PIA D_Viva Boom_55% UV 14.5 + -01.25,분리,2026-07-13
C관(2공장),1-Day_Color_Sph_Fix,PIA D_Viva Boom_55% UV 14.5 + -01.25,사출,2026-07-12
C관(2공장),1-Day_Color_Sph_Fix,PIA D_Viva Boom_55% UV 14.5 + -01.25,접착,2026-07-16
C관(2공장),1-Day_Color_Sph_Fix,PIA D_Viva Boom_55% UV 14.5 + -01.25,하이드레이션,2026-07-14
C관(2공장),1-Day_Color_Sph_Fix,PIA D_Viva Boom_55% UV 14.5 + -01.50,누수규격,2026-07-17
C관(2공장),1-Day_Color_Sph_Fix,PIA D_Viva Boom_55% UV 14.5 + -01.50,분리,2026-07-13
C관(2공장),1-Day_Color_Sph_Fix,PIA D_Viva Boom_55% UV 14.5 + -01.50,사출,2026-07-12
C관(2공장),1-Day_Color_Sph_Fix,PIA D_Viva Boom_55% UV 14.5 + -01.50,접착,2026-07-16
C관(2공장),1-Day_Color_Sph_Fix,PIA D_Viva Boom_55% UV 14.5 + -01.50,하이드레이션,2026-07-14
C관(2공장),1-Day_Color_Sph_Fix,PIA D_Viva Boom_55% UV 14.5 + -01.75,누수규격,2026-07-17
C관(2공장),1-Day_Color_Sph_Fix,PIA D_Viva Boom_55% UV 14.5 + -01.75,분리,2026-07-13
C관(2공장),1-Day_Color_Sph_Fix,PIA D_Viva Boom_55% UV 14.5 + -01.75,사출,2026-07-12
C관(2공장),1-Day_Color_Sph_Fix,PIA D_Viva Boom_55% UV 14.5 + -01.75,접착,2026-07-16
C관(2공장),1-Day_Color_Sph_Fix,PIA D_Viva Boom_55% UV 14.5 + -01.75,하이드레이션,2026-07-14
C관(2공장),1-Day_Color_Sph_Fix,PIA D_Viva Boom_55% UV 14.5 + -02.00,누수규격,2026-07-17
C관(2공장),1-Day_Color_Sph_Fix,PIA D_Viva Boom_55% UV 14.5 + -02.00,분리,2026-07-13
C관(2공장),1-Day_Color_Sph_Fix,PIA D_Viva Boom_55% UV 14.5 + -02.00,사출,2026-07-12
C관(2공장),1-Day_Color_Sph_Fix,PIA D_Viva Boom_55% UV 14.5 + -02.00,접착,2026-07-16
C관(2공장),1-Day_Color_Sph_Fix,PIA D_Viva Boom_55% UV 14.5 + -02.00,하이드레이션,2026-07-14
C관(2공장),1-Day_Color_Sph_Fix,PIA D_Viva Boom_55% UV 14.5 + -02.25,누수규격,2026-07-17
C관(2공장),1-Day_Color_Sph_Fix,PIA D_Viva Boom_55% UV 14.5 + -02.25,분리,2026-07-13
C관(2공장),1-Day_Color_Sph_Fix,PIA D_Viva Boom_55% UV 14.5 + -02.25,사출,2026-07-12
C관(2공장),1-Day_Color_Sph_Fix,PIA D_Viva Boom_55% UV 14.5 + -02.25,접착,2026-07-16
C관(2공장),1-Day_Color_Sph_Fix,PIA D_Viva Boom_55% UV 14.5 + -02.25,하이드레이션,2026-07-14
C관(2공장),1-Day_Color_Sph_Fix,PIA D_Viva Boom_55% UV 14.5 + -02.50,누수규격,2026-07-17
C관(2공장),1-Day_Color_Sph_Fix,PIA D_Viva Boom_55% UV 14.5 + -02.50,분리,2026-07-13
C관(2공장),1-Day_Color_Sph_Fix,PIA D_Viva Boom_55% UV 14.5 + -02.50,사출,2026-07-12
C관(2공장),1-Day_Color_Sph_Fix,PIA D_Viva Boom_55% UV 14.5 + -02.50,접착,2026-07-16
C관(2공장),1-Day_Color_Sph_Fix,PIA D_Viva Boom_55% UV 14.5 + -02.50,하이드레이션,2026-07-14
C관(2공장),1-Day_Color_Sph_Fix,PIA D_Viva Boom_55% UV 14.5 + -02.75,누수규격,2026-07-17
C관(2공장),1-Day_Color_Sph_Fix,PIA D_Viva Boom_55% UV 14.5 + -02.75,분리,2026-07-13
C관(2공장),1-Day_Color_Sph_Fix,PIA D_Viva Boom_55% UV 14.5 + -02.75,사출,2026-07-12
C관(2공장),1-Day_Color_Sph_Fix,PIA D_Viva Boom_55% UV 14.5 + -02.75,접착,2026-07-16
C관(2공장),1-Day_Color_Sph_Fix,PIA D_Viva Boom_55% UV 14.5 + -02.75,하이드레이션,2026-07-14
C관(2공장),1-Day_Color_Sph_Fix,PIA D_Viva Boom_55% UV 14.5 + -03.00,누수규격,2026-07-17
C관(2공장),1-Day_Color_Sph_Fix,PIA D_Viva Boom_55% UV 14.5 + -03.00,분리,2026-07-13
C관(2공장),1-Day_Color_Sph_Fix,PIA D_Viva Boom_55% UV 14.5 + -03.00,사출,2026-07-12
C관(2공장),1-Day_Color_Sph_Fix,PIA D_Viva Boom_55% UV 14.5 + -03.00,접착,2026-07-16
C관(2공장),1-Day_Color_Sph_Fix,PIA D_Viva Boom_55% UV 14.5 + -03.00,하이드레이션,2026-07-14
C관(2공장),1-Day_Color_Sph_Fix,PIA D_Viva Boom_55% UV 14.5 + -03.25,누수규격,2026-07-17
C관(2공장),1-Day_Color_Sph_Fix,PIA D_Viva Boom_55% UV 14.5 + -03.25,분리,2026-07-13
C관(2공장),1-Day_Color_Sph_Fix,PIA D_Viva Boom_55% UV 14.5 + -03.25,사출,2026-07-12
C관(2공장),1-Day_Color_Sph_Fix,PIA D_Viva Boom_55% UV 14.5 + -03.25,접착,2026-07-16
C관(2공장),1-Day_Color_Sph_Fix,PIA D_Viva Boom_55% UV 14.5 + -03.25,하이드레이션,2026-07-14
C관(2공장),1-Day_Color_Sph_Fix,PIA D_Viva Boom_55% UV 14.5 + -03.50,누수규격,2026-07-17
C관(2공장),1-Day_Color_Sph_Fix,PIA D_Viva Boom_55% UV 14.5 + -03.50,분리,2026-07-13
C관(2공장),1-Day_Color_Sph_Fix,PIA D_Viva Boom_55% UV 14.5 + -03.50,사출,2026-07-12
C관(2공장),1-Day_Color_Sph_Fix,PIA D_Viva Boom_55% UV 14.5 + -03.50,접착,2026-07-16
C관(2공장),1-Day_Color_Sph_Fix,PIA D_Viva Boom_55% UV 14.5 + -03.50,하이드레이션,2026-07-14
C관(2공장),1-Day_Color_Sph_Fix,PIA D_Viva Boom_55% UV 14.5 + -03.75,누수규격,2026-07-17
C관(2공장),1-Day_Color_Sph_Fix,PIA D_Viva Boom_55% UV 14.5 + -03.75,분리,2026-07-13
C관(2공장),1-Day_Color_Sph_Fix,PIA D_Viva Boom_55% UV 14.5 + -03.75,사출,2026-07-12
C관(2공장),1-Day_Color_Sph_Fix,PIA D_Viva Boom_55% UV 14.5 + -03.75,접착,2026-07-16
C관(2공장),1-Day_Color_Sph_Fix,PIA D_Viva Boom_55% UV 14.5 + -03.75,하이드레이션,2026-07-14
C관(2공장),1-Day_Color_Sph_Fix,PIA D_Viva Boom_55% UV 14.5 + -04.00,누수규격,2026-07-17
C관(2공장),1-Day_Color_Sph_Fix,PIA D_Viva Boom_55% UV 14.5 + -04.00,분리,2026-07-13
C관(2공장),1-Day_Color_Sph_Fix,PIA D_Viva Boom_55% UV 14.5 + -04.00,사출,2026-07-12
C관(2공장),1-Day_Color_Sph_Fix,PIA D_Viva Boom_55% UV 14.5 + -04.00,접착,2026-07-16
C관(2공장),1-Day_Color_Sph_Fix,PIA D_Viva Boom_55% UV 14.5 + -04.00,하이드레이션,2026-07-14
C관(2공장),1-Day_Color_Sph_Fix,PIA D_Viva Boom_55% UV 14.5 + -04.25,누수규격,2026-07-17
C관(2공장),1-Day_Color_Sph_Fix,PIA D_Viva Boom_55% UV 14.5 + -04.25,분리,2026-07-13
C관(2공장),1-Day_Color_Sph_Fix,PIA D_Viva Boom_55% UV 14.5 + -04.25,사출,2026-07-12
C관(2공장),1-Day_Color_Sph_Fix,PIA D_Viva Boom_55% UV 14.5 + -04.25,접착,2026-07-16
C관(2공장),1-Day_Color_Sph_Fix,PIA D_Viva Boom_55% UV 14.5 + -04.25,하이드레이션,2026-07-14
C관(2공장),1-Day_Color_Sph_Fix,PIA D_Viva Boom_55% UV 14.5 + -04.50,누수규격,2026-07-17
C관(2공장),1-Day_Color_Sph_Fix,PIA D_Viva Boom_55% UV 14.5 + -04.50,분리,2026-07-13
C관(2공장),1-Day_Color_Sph_Fix,PIA D_Viva Boom_55% UV 14.5 + -04.50,사출,2026-07-12
C관(2공장),1-Day_Color_Sph_Fix,PIA D_Viva Boom_55% UV 14.5 + -04.50,접착,2026-07-16
C관(2공장),1-Day_Color_Sph_Fix,PIA D_Viva Boom_55% UV 14.5 + -04.50,하이드레이션,2026-07-14
C관(2공장),1-Day_Color_Sph_Fix,PIA D_Viva Boom_55% UV 14.5 + -04.75,누수규격,2026-07-17
C관(2공장),1-Day_Color_Sph_Fix,PIA D_Viva Boom_55% UV 14.5 + -04.75,분리,2026-07-13
C관(2공장),1-Day_Color_Sph_Fix,PIA D_Viva Boom_55% UV 14.5 + -04.75,사출,2026-07-12
C관(2공장),1-Day_Color_Sph_Fix,PIA D_Viva Boom_55% UV 14.5 + -04.75,접착,2026-07-16
C관(2공장),1-Day_Color_Sph_Fix,PIA D_Viva Boom_55% UV 14.5 + -04.75,하이드레이션,2026-07-14
C관(2공장),1-Day_Color_Sph_Fix,PIA D_Viva Boom_55% UV 14.5 + -05.00,누수규격,2026-07-17
C관(2공장),1-Day_Color_Sph_Fix,PIA D_Viva Boom_55% UV 14.5 + -05.00,분리,2026-07-13
C관(2공장),1-Day_Color_Sph_Fix,PIA D_Viva Boom_55% UV 14.5 + -05.00,사출,2026-07-12
C관(2공장),1-Day_Color_Sph_Fix,PIA D_Viva Boom_55% UV 14.5 + -05.00,접착,2026-07-16
C관(2공장),1-Day_Color_Sph_Fix,PIA D_Viva Boom_55% UV 14.5 + -05.00,하이드레이션,2026-07-14
C관(2공장),1-Day_Color_Sph_Fix,PIA D_Viva Boom_55% UV 14.5 + -05.50,누수규격,2026-07-17
C관(2공장),1-Day_Color_Sph_Fix,PIA D_Viva Boom_55% UV 14.5 + -05.50,분리,2026-07-13
C관(2공장),1-Day_Color_Sph_Fix,PIA D_Viva Boom_55% UV 14.5 + -05.50,사출,2026-07-12
C관(2공장),1-Day_Color_Sph_Fix,PIA D_Viva Boom_55% UV 14.5 + -05.50,접착,2026-07-16
C관(2공장),1-Day_Color_Sph_Fix,PIA D_Viva Boom_55% UV 14.5 + -05.50,하이드레이션,2026-07-14
C관(2공장),1-Day_Color_Sph_Fix,PIA D_Viva Boom_55% UV 14.5 + -06.00,누수규격,2026-07-17
C관(2공장),1-Day_Color_Sph_Fix,PIA D_Viva Boom_55% UV 14.5 + -06.00,분리,2026-07-13
C관(2공장),1-Day_Color_Sph_Fix,PIA D_Viva Boom_55% UV 14.5 + -06.00,사출,2026-07-12
C관(2공장),1-Day_Color_Sph_Fix,PIA D_Viva Boom_55% UV 14.5 + -06.00,접착,2026-07-16
C관(2공장),1-Day_Color_Sph_Fix,PIA D_Viva Boom_55% UV 14.5 + -06.00,하이드레이션,2026-07-14
C관(2공장),1-Day_Color_Sph_Fix,Sincere D_chururun brown 55% UV 14.5 + -00.00,누수규격,2026-07-31
C관(2공장),1-Day_Color_Sph_Fix,Sincere D_chururun brown 55% UV 14.5 + -00.00,분리,2026-07-27
C관(2공장),1-Day_Color_Sph_Fix,Sincere D_chururun brown 55% UV 14.5 + -00.00,사출,2026-07-26
C관(2공장),1-Day_Color_Sph_Fix,Sincere D_chururun brown 55% UV 14.5 + -00.00,접착,2026-07-30
C관(2공장),1-Day_Color_Sph_Fix,Sincere D_chururun brown 55% UV 14.5 + -00.00,하이드레이션,2026-07-28
C관(2공장),1-Day_Color_Sph_Fix,Sincere D_chururun brown 55% UV 14.5 + -00.75,누수규격,2026-07-31
C관(2공장),1-Day_Color_Sph_Fix,Sincere D_chururun brown 55% UV 14.5 + -00.75,분리,2026-07-27
C관(2공장),1-Day_Color_Sph_Fix,Sincere D_chururun brown 55% UV 14.5 + -00.75,사출,2026-07-26
C관(2공장),1-Day_Color_Sph_Fix,Sincere D_chururun brown 55% UV 14.5 + -00.75,접착,2026-07-30
C관(2공장),1-Day_Color_Sph_Fix,Sincere D_chururun brown 55% UV 14.5 + -00.75,하이드레이션,2026-07-28
C관(2공장),1-Day_Color_Sph_Fix,Sincere D_chururun brown 55% UV 14.5 + -01.00,누수규격,2026-07-31
C관(2공장),1-Day_Color_Sph_Fix,Sincere D_chururun brown 55% UV 14.5 + -01.00,분리,2026-07-27
C관(2공장),1-Day_Color_Sph_Fix,Sincere D_chururun brown 55% UV 14.5 + -01.00,사출,2026-07-26
C관(2공장),1-Day_Color_Sph_Fix,Sincere D_chururun brown 55% UV 14.5 + -01.00,접착,2026-07-30
C관(2공장),1-Day_Color_Sph_Fix,Sincere D_chururun brown 55% UV 14.5 + -01.00,하이드레이션,2026-07-28
C관(2공장),1-Day_Color_Sph_Fix,Sincere D_chururun brown 55% UV 14.5 + -01.25,누수규격,2026-07-31
C관(2공장),1-Day_Color_Sph_Fix,Sincere D_chururun brown 55% UV 14.5 + -01.25,분리,2026-07-27
C관(2공장),1-Day_Color_Sph_Fix,Sincere D_chururun brown 55% UV 14.5 + -01.25,사출,2026-07-26
C관(2공장),1-Day_Color_Sph_Fix,Sincere D_chururun brown 55% UV 14.5 + -01.25,접착,2026-07-30
C관(2공장),1-Day_Color_Sph_Fix,Sincere D_chururun brown 55% UV 14.5 + -01.25,하이드레이션,2026-07-28
C관(2공장),1-Day_Color_Sph_Fix,Sincere D_chururun brown 55% UV 14.5 + -01.50,누수규격,2026-07-31
C관(2공장),1-Day_Color_Sph_Fix,Sincere D_chururun brown 55% UV 14.5 + -01.50,분리,2026-07-27
C관(2공장),1-Day_Color_Sph_Fix,Sincere D_chururun brown 55% UV 14.5 + -01.50,사출,2026-07-26
C관(2공장),1-Day_Color_Sph_Fix,Sincere D_chururun brown 55% UV 14.5 + -01.50,접착,2026-07-30
C관(2공장),1-Day_Color_Sph_Fix,Sincere D_chururun brown 55% UV 14.5 + -01.50,하이드레이션,2026-07-28
C관(2공장),1-Day_Color_Sph_Fix,Sincere D_chururun brown 55% UV 14.5 + -01.75,누수규격,2026-07-31
C관(2공장),1-Day_Color_Sph_Fix,Sincere D_chururun brown 55% UV 14.5 + -01.75,분리,2026-07-27
C관(2공장),1-Day_Color_Sph_Fix,Sincere D_chururun brown 55% UV 14.5 + -01.75,사출,2026-07-26
C관(2공장),1-Day_Color_Sph_Fix,Sincere D_chururun brown 55% UV 14.5 + -01.75,접착,2026-07-30
C관(2공장),1-Day_Color_Sph_Fix,Sincere D_chururun brown 55% UV 14.5 + -01.75,하이드레이션,2026-07-28
C관(2공장),1-Day_Color_Sph_Fix,Sincere D_chururun brown 55% UV 14.5 + -02.00,누수규격,2026-07-31
C관(2공장),1-Day_Color_Sph_Fix,Sincere D_chururun brown 55% UV 14.5 + -02.00,분리,2026-07-27
C관(2공장),1-Day_Color_Sph_Fix,Sincere D_chururun brown 55% UV 14.5 + -02.00,사출,2026-07-26
C관(2공장),1-Day_Color_Sph_Fix,Sincere D_chururun brown 55% UV 14.5 + -02.00,접착,2026-07-30
C관(2공장),1-Day_Color_Sph_Fix,Sincere D_chururun brown 55% UV 14.5 + -02.00,하이드레이션,2026-07-28
C관(2공장),1-Day_Color_Sph_Fix,Sincere D_chururun brown 55% UV 14.5 + -02.25,누수규격,2026-07-31
C관(2공장),1-Day_Color_Sph_Fix,Sincere D_chururun brown 55% UV 14.5 + -02.25,분리,2026-07-27
C관(2공장),1-Day_Color_Sph_Fix,Sincere D_chururun brown 55% UV 14.5 + -02.25,사출,2026-07-26
C관(2공장),1-Day_Color_Sph_Fix,Sincere D_chururun brown 55% UV 14.5 + -02.25,접착,2026-07-30
C관(2공장),1-Day_Color_Sph_Fix,Sincere D_chururun brown 55% UV 14.5 + -02.25,하이드레이션,2026-07-28
C관(2공장),1-Day_Color_Sph_Fix,Sincere D_chururun brown 55% UV 14.5 + -02.50,누수규격,2026-07-31
C관(2공장),1-Day_Color_Sph_Fix,Sincere D_chururun brown 55% UV 14.5 + -02.50,분리,2026-07-27
C관(2공장),1-Day_Color_Sph_Fix,Sincere D_chururun brown 55% UV 14.5 + -02.50,사출,2026-07-26
C관(2공장),1-Day_Color_Sph_Fix,Sincere D_chururun brown 55% UV 14.5 + -02.50,접착,2026-07-30
C관(2공장),1-Day_Color_Sph_Fix,Sincere D_chururun brown 55% UV 14.5 + -02.50,하이드레이션,2026-07-28
C관(2공장),1-Day_Color_Sph_Fix,Sincere D_chururun brown 55% UV 14.5 + -02.75,누수규격,2026-07-31
C관(2공장),1-Day_Color_Sph_Fix,Sincere D_chururun brown 55% UV 14.5 + -02.75,분리,2026-07-27
C관(2공장),1-Day_Color_Sph_Fix,Sincere D_chururun brown 55% UV 14.5 + -02.75,사출,2026-07-26
C관(2공장),1-Day_Color_Sph_Fix,Sincere D_chururun brown 55% UV 14.5 + -02.75,접착,2026-07-30
C관(2공장),1-Day_Color_Sph_Fix,Sincere D_chururun brown 55% UV 14.5 + -02.75,하이드레이션,2026-07-28
C관(2공장),1-Day_Color_Sph_Fix,Sincere D_chururun brown 55% UV 14.5 + -03.00,누수규격,2026-07-31
C관(2공장),1-Day_Color_Sph_Fix,Sincere D_chururun brown 55% UV 14.5 + -03.00,분리,2026-07-27
C관(2공장),1-Day_Color_Sph_Fix,Sincere D_chururun brown 55% UV 14.5 + -03.00,사출,2026-07-26
C관(2공장),1-Day_Color_Sph_Fix,Sincere D_chururun brown 55% UV 14.5 + -03.00,접착,2026-07-30
C관(2공장),1-Day_Color_Sph_Fix,Sincere D_chururun brown 55% UV 14.5 + -03.00,하이드레이션,2026-07-28
C관(2공장),1-Day_Color_Sph_Fix,Sincere D_chururun brown 55% UV 14.5 + -03.25,누수규격,2026-07-31
C관(2공장),1-Day_Color_Sph_Fix,Sincere D_chururun brown 55% UV 14.5 + -03.25,분리,2026-07-27
C관(2공장),1-Day_Color_Sph_Fix,Sincere D_chururun brown 55% UV 14.5 + -03.25,사출,2026-07-26
C관(2공장),1-Day_Color_Sph_Fix,Sincere D_chururun brown 55% UV 14.5 + -03.25,접착,2026-07-30
C관(2공장),1-Day_Color_Sph_Fix,Sincere D_chururun brown 55% UV 14.5 + -03.25,하이드레이션,2026-07-28
C관(2공장),1-Day_Color_Sph_Fix,Sincere D_chururun brown 55% UV 14.5 + -03.50,누수규격,2026-07-31
C관(2공장),1-Day_Color_Sph_Fix,Sincere D_chururun brown 55% UV 14.5 + -03.50,분리,2026-07-27
C관(2공장),1-Day_Color_Sph_Fix,Sincere D_chururun brown 55% UV 14.5 + -03.50,사출,2026-07-26
C관(2공장),1-Day_Color_Sph_Fix,Sincere D_chururun brown 55% UV 14.5 + -03.50,접착,2026-07-30
C관(2공장),1-Day_Color_Sph_Fix,Sincere D_chururun brown 55% UV 14.5 + -03.50,하이드레이션,2026-07-28
C관(2공장),1-Day_Color_Sph_Fix,Sincere D_chururun brown 55% UV 14.5 + -03.75,누수규격,2026-07-31
C관(2공장),1-Day_Color_Sph_Fix,Sincere D_chururun brown 55% UV 14.5 + -03.75,분리,2026-07-27
C관(2공장),1-Day_Color_Sph_Fix,Sincere D_chururun brown 55% UV 14.5 + -03.75,사출,2026-07-26
C관(2공장),1-Day_Color_Sph_Fix,Sincere D_chururun brown 55% UV 14.5 + -03.75,접착,2026-07-30
C관(2공장),1-Day_Color_Sph_Fix,Sincere D_chururun brown 55% UV 14.5 + -03.75,하이드레이션,2026-07-28
C관(2공장),1-Day_Color_Sph_Fix,Sincere D_chururun brown 55% UV 14.5 + -04.00,누수규격,2026-07-31
C관(2공장),1-Day_Color_Sph_Fix,Sincere D_chururun brown 55% UV 14.5 + -04.00,분리,2026-07-27
C관(2공장),1-Day_Color_Sph_Fix,Sincere D_chururun brown 55% UV 14.5 + -04.00,사출,2026-07-26
C관(2공장),1-Day_Color_Sph_Fix,Sincere D_chururun brown 55% UV 14.5 + -04.00,접착,2026-07-30
C관(2공장),1-Day_Color_Sph_Fix,Sincere D_chururun brown 55% UV 14.5 + -04.00,하이드레이션,2026-07-28
C관(2공장),1-Day_Color_Sph_Fix,Sincere D_chururun brown 55% UV 14.5 + -04.25,누수규격,2026-07-31
C관(2공장),1-Day_Color_Sph_Fix,Sincere D_chururun brown 55% UV 14.5 + -04.25,분리,2026-07-27
C관(2공장),1-Day_Color_Sph_Fix,Sincere D_chururun brown 55% UV 14.5 + -04.25,사출,2026-07-26
C관(2공장),1-Day_Color_Sph_Fix,Sincere D_chururun brown 55% UV 14.5 + -04.25,접착,2026-07-30
C관(2공장),1-Day_Color_Sph_Fix,Sincere D_chururun brown 55% UV 14.5 + -04.25,하이드레이션,2026-07-28
C관(2공장),1-Day_Color_Sph_Fix,Sincere D_chururun brown 55% UV 14.5 + -04.50,누수규격,2026-07-31
C관(2공장),1-Day_Color_Sph_Fix,Sincere D_chururun brown 55% UV 14.5 + -04.50,분리,2026-07-27
C관(2공장),1-Day_Color_Sph_Fix,Sincere D_chururun brown 55% UV 14.5 + -04.50,사출,2026-07-26
C관(2공장),1-Day_Color_Sph_Fix,Sincere D_chururun brown 55% UV 14.5 + -04.50,접착,2026-07-30
C관(2공장),1-Day_Color_Sph_Fix,Sincere D_chururun brown 55% UV 14.5 + -04.50,하이드레이션,2026-07-28
C관(2공장),1-Day_Color_Sph_Fix,Sincere D_chururun brown 55% UV 14.5 + -04.75,누수규격,2026-07-31
C관(2공장),1-Day_Color_Sph_Fix,Sincere D_chururun brown 55% UV 14.5 + -04.75,분리,2026-07-27
C관(2공장),1-Day_Color_Sph_Fix,Sincere D_chururun brown 55% UV 14.5 + -04.75,사출,2026-07-26
C관(2공장),1-Day_Color_Sph_Fix,Sincere D_chururun brown 55% UV 14.5 + -04.75,접착,2026-07-30
C관(2공장),1-Day_Color_Sph_Fix,Sincere D_chururun brown 55% UV 14.5 + -04.75,하이드레이션,2026-07-28
C관(2공장),1-Day_Color_Sph_Fix,Sincere D_chururun brown 55% UV 14.5 + -05.00,누수규격,2026-07-31
C관(2공장),1-Day_Color_Sph_Fix,Sincere D_chururun brown 55% UV 14.5 + -05.00,분리,2026-07-27
C관(2공장),1-Day_Color_Sph_Fix,Sincere D_chururun brown 55% UV 14.5 + -05.00,사출,2026-07-26
C관(2공장),1-Day_Color_Sph_Fix,Sincere D_chururun brown 55% UV 14.5 + -05.00,접착,2026-07-30
C관(2공장),1-Day_Color_Sph_Fix,Sincere D_chururun brown 55% UV 14.5 + -05.00,하이드레이션,2026-07-28
C관(2공장),1-Day_Color_Sph_Fix,Sincere D_chururun brown 55% UV 14.5 + -05.50,누수규격,2026-07-31
C관(2공장),1-Day_Color_Sph_Fix,Sincere D_chururun brown 55% UV 14.5 + -05.50,분리,2026-07-27
C관(2공장),1-Day_Color_Sph_Fix,Sincere D_chururun brown 55% UV 14.5 + -05.50,사출,2026-07-26
C관(2공장),1-Day_Color_Sph_Fix,Sincere D_chururun brown 55% UV 14.5 + -05.50,접착,2026-07-30
C관(2공장),1-Day_Color_Sph_Fix,Sincere D_chururun brown 55% UV 14.5 + -05.50,하이드레이션,2026-07-28
C관(2공장),1-Day_Color_Sph_Fix,Sincere D_chururun brown 55% UV 14.5 + -06.00,누수규격,2026-07-31
C관(2공장),1-Day_Color_Sph_Fix,Sincere D_chururun brown 55% UV 14.5 + -06.00,분리,2026-07-27
C관(2공장),1-Day_Color_Sph_Fix,Sincere D_chururun brown 55% UV 14.5 + -06.00,사출,2026-07-26
C관(2공장),1-Day_Color_Sph_Fix,Sincere D_chururun brown 55% UV 14.5 + -06.00,접착,2026-07-30
C관(2공장),1-Day_Color_Sph_Fix,Sincere D_chururun brown 55% UV 14.5 + -06.00,하이드레이션,2026-07-28
C관(2공장),1-Day_Color_Sph_Fix,Sincere D_chururun brown 55% UV 14.5 + -06.50,누수규격,2026-07-31
C관(2공장),1-Day_Color_Sph_Fix,Sincere D_chururun brown 55% UV 14.5 + -06.50,분리,2026-07-27
C관(2공장),1-Day_Color_Sph_Fix,Sincere D_chururun brown 55% UV 14.5 + -06.50,사출,2026-07-26
C관(2공장),1-Day_Color_Sph_Fix,Sincere D_chururun brown 55% UV 14.5 + -06.50,접착,2026-07-30
C관(2공장),1-Day_Color_Sph_Fix,Sincere D_chururun brown 55% UV 14.5 + -06.50,하이드레이션,2026-07-28
C관(2공장),1-Day_Color_Sph_Fix,Sincere D_chururun brown 55% UV 14.5 + -07.00,누수규격,2026-07-31
C관(2공장),1-Day_Color_Sph_Fix,Sincere D_chururun brown 55% UV 14.5 + -07.00,분리,2026-07-27
C관(2공장),1-Day_Color_Sph_Fix,Sincere D_chururun brown 55% UV 14.5 + -07.00,사출,2026-07-26
C관(2공장),1-Day_Color_Sph_Fix,Sincere D_chururun brown 55% UV 14.5 + -07.00,접착,2026-07-30
C관(2공장),1-Day_Color_Sph_Fix,Sincere D_chururun brown 55% UV 14.5 + -07.00,하이드레이션,2026-07-28
C관(2공장),1-Day_Color_Sph_Fix,Sincere D_chururun brown 55% UV 14.5 + -07.50,누수규격,2026-07-31
C관(2공장),1-Day_Color_Sph_Fix,Sincere D_chururun brown 55% UV 14.5 + -07.50,분리,2026-07-27
C관(2공장),1-Day_Color_Sph_Fix,Sincere D_chururun brown 55% UV 14.5 + -07.50,사출,2026-07-26
C관(2공장),1-Day_Color_Sph_Fix,Sincere D_chururun brown 55% UV 14.5 + -07.50,접착,2026-07-30
C관(2공장),1-Day_Color_Sph_Fix,Sincere D_chururun brown 55% UV 14.5 + -07.50,하이드레이션,2026-07-28
C관(2공장),1-Day_Color_Sph_Fix,Sincere D_chururun brown 55% UV 14.5 + -08.00,누수규격,2026-07-31
C관(2공장),1-Day_Color_Sph_Fix,Sincere D_chururun brown 55% UV 14.5 + -08.00,분리,2026-07-27
C관(2공장),1-Day_Color_Sph_Fix,Sincere D_chururun brown 55% UV 14.5 + -08.00,사출,2026-07-26
C관(2공장),1-Day_Color_Sph_Fix,Sincere D_chururun brown 55% UV 14.5 + -08.00,접착,2026-07-30
C관(2공장),1-Day_Color_Sph_Fix,Sincere D_chururun brown 55% UV 14.5 + -08.00,하이드레이션,2026-07-28
C관(2공장),1-Day_Color_Sph_Fix,Sincere D_kyururun black 55% UV 14.5 + -00.00,누수규격,2026-07-31
C관(2공장),1-Day_Color_Sph_Fix,Sincere D_kyururun black 55% UV 14.5 + -00.00,분리,2026-07-27
C관(2공장),1-Day_Color_Sph_Fix,Sincere D_kyururun black 55% UV 14.5 + -00.00,사출,2026-07-26
C관(2공장),1-Day_Color_Sph_Fix,Sincere D_kyururun black 55% UV 14.5 + -00.00,접착,2026-07-30
C관(2공장),1-Day_Color_Sph_Fix,Sincere D_kyururun black 55% UV 14.5 + -00.00,하이드레이션,2026-07-28
C관(2공장),1-Day_Color_Sph_Fix,Sincere D_kyururun black 55% UV 14.5 + -00.75,누수규격,2026-07-31
C관(2공장),1-Day_Color_Sph_Fix,Sincere D_kyururun black 55% UV 14.5 + -00.75,분리,2026-07-27
C관(2공장),1-Day_Color_Sph_Fix,Sincere D_kyururun black 55% UV 14.5 + -00.75,사출,2026-07-26
C관(2공장),1-Day_Color_Sph_Fix,Sincere D_kyururun black 55% UV 14.5 + -00.75,접착,2026-07-30
C관(2공장),1-Day_Color_Sph_Fix,Sincere D_kyururun black 55% UV 14.5 + -00.75,하이드레이션,2026-07-28
C관(2공장),1-Day_Color_Sph_Fix,Sincere D_kyururun black 55% UV 14.5 + -01.00,누수규격,2026-07-31
C관(2공장),1-Day_Color_Sph_Fix,Sincere D_kyururun black 55% UV 14.5 + -01.00,분리,2026-07-27
C관(2공장),1-Day_Color_Sph_Fix,Sincere D_kyururun black 55% UV 14.5 + -01.00,사출,2026-07-26
C관(2공장),1-Day_Color_Sph_Fix,Sincere D_kyururun black 55% UV 14.5 + -01.00,접착,2026-07-30
C관(2공장),1-Day_Color_Sph_Fix,Sincere D_kyururun black 55% UV 14.5 + -01.00,하이드레이션,2026-07-28
C관(2공장),1-Day_Color_Sph_Fix,Sincere D_kyururun black 55% UV 14.5 + -01.25,누수규격,2026-07-31
C관(2공장),1-Day_Color_Sph_Fix,Sincere D_kyururun black 55% UV 14.5 + -01.25,분리,2026-07-27
C관(2공장),1-Day_Color_Sph_Fix,Sincere D_kyururun black 55% UV 14.5 + -01.25,사출,2026-07-26
C관(2공장),1-Day_Color_Sph_Fix,Sincere D_kyururun black 55% UV 14.5 + -01.25,접착,2026-07-30
C관(2공장),1-Day_Color_Sph_Fix,Sincere D_kyururun black 55% UV 14.5 + -01.25,하이드레이션,2026-07-28
C관(2공장),1-Day_Color_Sph_Fix,Sincere D_kyururun black 55% UV 14.5 + -01.50,누수규격,2026-07-31
C관(2공장),1-Day_Color_Sph_Fix,Sincere D_kyururun black 55% UV 14.5 + -01.50,분리,2026-07-27
C관(2공장),1-Day_Color_Sph_Fix,Sincere D_kyururun black 55% UV 14.5 + -01.50,사출,2026-07-26
C관(2공장),1-Day_Color_Sph_Fix,Sincere D_kyururun black 55% UV 14.5 + -01.50,접착,2026-07-30
C관(2공장),1-Day_Color_Sph_Fix,Sincere D_kyururun black 55% UV 14.5 + -01.50,하이드레이션,2026-07-28
C관(2공장),1-Day_Color_Sph_Fix,Sincere D_kyururun black 55% UV 14.5 + -01.75,누수규격,2026-07-31
C관(2공장),1-Day_Color_Sph_Fix,Sincere D_kyururun black 55% UV 14.5 + -01.75,분리,2026-07-27
C관(2공장),1-Day_Color_Sph_Fix,Sincere D_kyururun black 55% UV 14.5 + -01.75,사출,2026-07-26
C관(2공장),1-Day_Color_Sph_Fix,Sincere D_kyururun black 55% UV 14.5 + -01.75,접착,2026-07-30
C관(2공장),1-Day_Color_Sph_Fix,Sincere D_kyururun black 55% UV 14.5 + -01.75,하이드레이션,2026-07-28
C관(2공장),1-Day_Color_Sph_Fix,Sincere D_kyururun black 55% UV 14.5 + -02.00,누수규격,2026-07-31
C관(2공장),1-Day_Color_Sph_Fix,Sincere D_kyururun black 55% UV 14.5 + -02.00,분리,2026-07-27
C관(2공장),1-Day_Color_Sph_Fix,Sincere D_kyururun black 55% UV 14.5 + -02.00,사출,2026-07-26
C관(2공장),1-Day_Color_Sph_Fix,Sincere D_kyururun black 55% UV 14.5 + -02.00,접착,2026-07-30
C관(2공장),1-Day_Color_Sph_Fix,Sincere D_kyururun black 55% UV 14.5 + -02.00,하이드레이션,2026-07-28
C관(2공장),1-Day_Color_Sph_Fix,Sincere D_kyururun black 55% UV 14.5 + -02.25,누수규격,2026-07-31
C관(2공장),1-Day_Color_Sph_Fix,Sincere D_kyururun black 55% UV 14.5 + -02.25,분리,2026-07-27
C관(2공장),1-Day_Color_Sph_Fix,Sincere D_kyururun black 55% UV 14.5 + -02.25,사출,2026-07-26
C관(2공장),1-Day_Color_Sph_Fix,Sincere D_kyururun black 55% UV 14.5 + -02.25,접착,2026-07-30
C관(2공장),1-Day_Color_Sph_Fix,Sincere D_kyururun black 55% UV 14.5 + -02.25,하이드레이션,2026-07-28
C관(2공장),1-Day_Color_Sph_Fix,Sincere D_kyururun black 55% UV 14.5 + -02.50,누수규격,2026-07-31
C관(2공장),1-Day_Color_Sph_Fix,Sincere D_kyururun black 55% UV 14.5 + -02.50,분리,2026-07-27
C관(2공장),1-Day_Color_Sph_Fix,Sincere D_kyururun black 55% UV 14.5 + -02.50,사출,2026-07-26
C관(2공장),1-Day_Color_Sph_Fix,Sincere D_kyururun black 55% UV 14.5 + -02.50,접착,2026-07-30
C관(2공장),1-Day_Color_Sph_Fix,Sincere D_kyururun black 55% UV 14.5 + -02.50,하이드레이션,2026-07-28
C관(2공장),1-Day_Color_Sph_Fix,Sincere D_kyururun black 55% UV 14.5 + -02.75,누수규격,2026-07-31
C관(2공장),1-Day_Color_Sph_Fix,Sincere D_kyururun black 55% UV 14.5 + -02.75,분리,2026-07-27
C관(2공장),1-Day_Color_Sph_Fix,Sincere D_kyururun black 55% UV 14.5 + -02.75,사출,2026-07-26
C관(2공장),1-Day_Color_Sph_Fix,Sincere D_kyururun black 55% UV 14.5 + -02.75,접착,2026-07-30
C관(2공장),1-Day_Color_Sph_Fix,Sincere D_kyururun black 55% UV 14.5 + -02.75,하이드레이션,2026-07-28
C관(2공장),1-Day_Color_Sph_Fix,Sincere D_kyururun black 55% UV 14.5 + -03.00,누수규격,2026-07-31
C관(2공장),1-Day_Color_Sph_Fix,Sincere D_kyururun black 55% UV 14.5 + -03.00,분리,2026-07-27
C관(2공장),1-Day_Color_Sph_Fix,Sincere D_kyururun black 55% UV 14.5 + -03.00,사출,2026-07-26
C관(2공장),1-Day_Color_Sph_Fix,Sincere D_kyururun black 55% UV 14.5 + -03.00,접착,2026-07-30
C관(2공장),1-Day_Color_Sph_Fix,Sincere D_kyururun black 55% UV 14.5 + -03.00,하이드레이션,2026-07-28
C관(2공장),1-Day_Color_Sph_Fix,Sincere D_kyururun black 55% UV 14.5 + -03.25,누수규격,2026-07-31
C관(2공장),1-Day_Color_Sph_Fix,Sincere D_kyururun black 55% UV 14.5 + -03.25,분리,2026-07-27
C관(2공장),1-Day_Color_Sph_Fix,Sincere D_kyururun black 55% UV 14.5 + -03.25,사출,2026-07-26
C관(2공장),1-Day_Color_Sph_Fix,Sincere D_kyururun black 55% UV 14.5 + -03.25,접착,2026-07-30
C관(2공장),1-Day_Color_Sph_Fix,Sincere D_kyururun black 55% UV 14.5 + -03.25,하이드레이션,2026-07-28
C관(2공장),1-Day_Color_Sph_Fix,Sincere D_kyururun black 55% UV 14.5 + -03.50,누수규격,2026-07-31
C관(2공장),1-Day_Color_Sph_Fix,Sincere D_kyururun black 55% UV 14.5 + -03.50,분리,2026-07-27
C관(2공장),1-Day_Color_Sph_Fix,Sincere D_kyururun black 55% UV 14.5 + -03.50,사출,2026-07-26
C관(2공장),1-Day_Color_Sph_Fix,Sincere D_kyururun black 55% UV 14.5 + -03.50,접착,2026-07-30
C관(2공장),1-Day_Color_Sph_Fix,Sincere D_kyururun black 55% UV 14.5 + -03.50,하이드레이션,2026-07-28
C관(2공장),1-Day_Color_Sph_Fix,Sincere D_kyururun black 55% UV 14.5 + -03.75,누수규격,2026-07-31
C관(2공장),1-Day_Color_Sph_Fix,Sincere D_kyururun black 55% UV 14.5 + -03.75,분리,2026-07-27
C관(2공장),1-Day_Color_Sph_Fix,Sincere D_kyururun black 55% UV 14.5 + -03.75,사출,2026-07-26
C관(2공장),1-Day_Color_Sph_Fix,Sincere D_kyururun black 55% UV 14.5 + -03.75,접착,2026-07-30
C관(2공장),1-Day_Color_Sph_Fix,Sincere D_kyururun black 55% UV 14.5 + -03.75,하이드레이션,2026-07-28
C관(2공장),1-Day_Color_Sph_Fix,Sincere D_kyururun black 55% UV 14.5 + -04.00,누수규격,2026-07-31
C관(2공장),1-Day_Color_Sph_Fix,Sincere D_kyururun black 55% UV 14.5 + -04.00,분리,2026-07-27
C관(2공장),1-Day_Color_Sph_Fix,Sincere D_kyururun black 55% UV 14.5 + -04.00,사출,2026-07-26
C관(2공장),1-Day_Color_Sph_Fix,Sincere D_kyururun black 55% UV 14.5 + -04.00,접착,2026-07-30
C관(2공장),1-Day_Color_Sph_Fix,Sincere D_kyururun black 55% UV 14.5 + -04.00,하이드레이션,2026-07-28
C관(2공장),1-Day_Color_Sph_Fix,Sincere D_kyururun black 55% UV 14.5 + -04.25,누수규격,2026-07-31
C관(2공장),1-Day_Color_Sph_Fix,Sincere D_kyururun black 55% UV 14.5 + -04.25,분리,2026-07-27
C관(2공장),1-Day_Color_Sph_Fix,Sincere D_kyururun black 55% UV 14.5 + -04.25,사출,2026-07-26
C관(2공장),1-Day_Color_Sph_Fix,Sincere D_kyururun black 55% UV 14.5 + -04.25,접착,2026-07-30
C관(2공장),1-Day_Color_Sph_Fix,Sincere D_kyururun black 55% UV 14.5 + -04.25,하이드레이션,2026-07-28
C관(2공장),1-Day_Color_Sph_Fix,Sincere D_kyururun black 55% UV 14.5 + -04.50,누수규격,2026-07-31
C관(2공장),1-Day_Color_Sph_Fix,Sincere D_kyururun black 55% UV 14.5 + -04.50,분리,2026-07-27
C관(2공장),1-Day_Color_Sph_Fix,Sincere D_kyururun black 55% UV 14.5 + -04.50,사출,2026-07-26
C관(2공장),1-Day_Color_Sph_Fix,Sincere D_kyururun black 55% UV 14.5 + -04.50,접착,2026-07-30
C관(2공장),1-Day_Color_Sph_Fix,Sincere D_kyururun black 55% UV 14.5 + -04.50,하이드레이션,2026-07-28
C관(2공장),1-Day_Color_Sph_Fix,Sincere D_kyururun black 55% UV 14.5 + -04.75,누수규격,2026-07-31
C관(2공장),1-Day_Color_Sph_Fix,Sincere D_kyururun black 55% UV 14.5 + -04.75,분리,2026-07-27
C관(2공장),1-Day_Color_Sph_Fix,Sincere D_kyururun black 55% UV 14.5 + -04.75,사출,2026-07-26
C관(2공장),1-Day_Color_Sph_Fix,Sincere D_kyururun black 55% UV 14.5 + -04.75,접착,2026-07-30
C관(2공장),1-Day_Color_Sph_Fix,Sincere D_kyururun black 55% UV 14.5 + -04.75,하이드레이션,2026-07-28
C관(2공장),1-Day_Color_Sph_Fix,Sincere D_kyururun black 55% UV 14.5 + -05.00,누수규격,2026-07-31
C관(2공장),1-Day_Color_Sph_Fix,Sincere D_kyururun black 55% UV 14.5 + -05.00,분리,2026-07-27
C관(2공장),1-Day_Color_Sph_Fix,Sincere D_kyururun black 55% UV 14.5 + -05.00,사출,2026-07-26
C관(2공장),1-Day_Color_Sph_Fix,Sincere D_kyururun black 55% UV 14.5 + -05.00,접착,2026-07-30
C관(2공장),1-Day_Color_Sph_Fix,Sincere D_kyururun black 55% UV 14.5 + -05.00,하이드레이션,2026-07-28
C관(2공장),1-Day_Color_Sph_Fix,Sincere D_kyururun black 55% UV 14.5 + -05.50,누수규격,2026-07-31
C관(2공장),1-Day_Color_Sph_Fix,Sincere D_kyururun black 55% UV 14.5 + -05.50,분리,2026-07-27
C관(2공장),1-Day_Color_Sph_Fix,Sincere D_kyururun black 55% UV 14.5 + -05.50,사출,2026-07-26
C관(2공장),1-Day_Color_Sph_Fix,Sincere D_kyururun black 55% UV 14.5 + -05.50,접착,2026-07-30
C관(2공장),1-Day_Color_Sph_Fix,Sincere D_kyururun black 55% UV 14.5 + -05.50,하이드레이션,2026-07-28
C관(2공장),1-Day_Color_Sph_Fix,Sincere D_kyururun black 55% UV 14.5 + -06.00,누수규격,2026-07-31
C관(2공장),1-Day_Color_Sph_Fix,Sincere D_kyururun black 55% UV 14.5 + -06.00,분리,2026-07-27
C관(2공장),1-Day_Color_Sph_Fix,Sincere D_kyururun black 55% UV 14.5 + -06.00,사출,2026-07-26
C관(2공장),1-Day_Color_Sph_Fix,Sincere D_kyururun black 55% UV 14.5 + -06.00,접착,2026-07-30
C관(2공장),1-Day_Color_Sph_Fix,Sincere D_kyururun black 55% UV 14.5 + -06.00,하이드레이션,2026-07-28
C관(2공장),1-Day_Color_Sph_Fix,Sincere D_kyururun black 55% UV 14.5 + -06.50,누수규격,2026-07-31
C관(2공장),1-Day_Color_Sph_Fix,Sincere D_kyururun black 55% UV 14.5 + -06.50,분리,2026-07-27
C관(2공장),1-Day_Color_Sph_Fix,Sincere D_kyururun black 55% UV 14.5 + -06.50,사출,2026-07-26
C관(2공장),1-Day_Color_Sph_Fix,Sincere D_kyururun black 55% UV 14.5 + -06.50,접착,2026-07-30
C관(2공장),1-Day_Color_Sph_Fix,Sincere D_kyururun black 55% UV 14.5 + -06.50,하이드레이션,2026-07-28
C관(2공장),1-Day_Color_Sph_Fix,Sincere D_kyururun black 55% UV 14.5 + -07.00,누수규격,2026-07-31
C관(2공장),1-Day_Color_Sph_Fix,Sincere D_kyururun black 55% UV 14.5 + -07.00,분리,2026-07-27
C관(2공장),1-Day_Color_Sph_Fix,Sincere D_kyururun black 55% UV 14.5 + -07.00,사출,2026-07-26
C관(2공장),1-Day_Color_Sph_Fix,Sincere D_kyururun black 55% UV 14.5 + -07.00,접착,2026-07-30
C관(2공장),1-Day_Color_Sph_Fix,Sincere D_kyururun black 55% UV 14.5 + -07.00,하이드레이션,2026-07-28
C관(2공장),1-Day_Color_Sph_Fix,Sincere D_kyururun black 55% UV 14.5 + -07.50,누수규격,2026-07-31
C관(2공장),1-Day_Color_Sph_Fix,Sincere D_kyururun black 55% UV 14.5 + -07.50,분리,2026-07-27
C관(2공장),1-Day_Color_Sph_Fix,Sincere D_kyururun black 55% UV 14.5 + -07.50,사출,2026-07-26
C관(2공장),1-Day_Color_Sph_Fix,Sincere D_kyururun black 55% UV 14.5 + -07.50,접착,2026-07-30
C관(2공장),1-Day_Color_Sph_Fix,Sincere D_kyururun black 55% UV 14.5 + -07.50,하이드레이션,2026-07-28
C관(2공장),1-Day_Color_Sph_Fix,Sincere D_kyururun black 55% UV 14.5 + -08.00,누수규격,2026-07-31
C관(2공장),1-Day_Color_Sph_Fix,Sincere D_kyururun black 55% UV 14.5 + -08.00,분리,2026-07-27
C관(2공장),1-Day_Color_Sph_Fix,Sincere D_kyururun black 55% UV 14.5 + -08.00,사출,2026-07-26
C관(2공장),1-Day_Color_Sph_Fix,Sincere D_kyururun black 55% UV 14.5 + -08.00,접착,2026-07-30
C관(2공장),1-Day_Color_Sph_Fix,Sincere D_kyururun black 55% UV 14.5 + -08.00,하이드레이션,2026-07-28
C관(2공장),1-Day_Color_Toric,Hapa D Toric_Glazed Choco_CP-1.25 + -02.00,누수규격,2026-07-10
C관(2공장),1-Day_Color_Toric,Hapa D Toric_Glazed Choco_CP-1.25 + -02.00,분리,2026-07-06
C관(2공장),1-Day_Color_Toric,Hapa D Toric_Glazed Choco_CP-1.25 + -02.00,사출,2026-07-05
C관(2공장),1-Day_Color_Toric,Hapa D Toric_Glazed Choco_CP-1.25 + -02.00,접착,2026-07-09
C관(2공장),1-Day_Color_Toric,Hapa D Toric_Glazed Choco_CP-1.25 + -02.00,하이드레이션,2026-07-07
C관(2공장),1-Day_Color_Toric,Hapa D Toric_Glazed Choco_CP-1.25 + -03.00,누수규격,2026-07-10
C관(2공장),1-Day_Color_Toric,Hapa D Toric_Glazed Choco_CP-1.25 + -03.00,분리,2026-07-06
C관(2공장),1-Day_Color_Toric,Hapa D Toric_Glazed Choco_CP-1.25 + -03.00,사출,2026-07-05
C관(2공장),1-Day_Color_Toric,Hapa D Toric_Glazed Choco_CP-1.25 + -03.00,접착,2026-07-09
C관(2공장),1-Day_Color_Toric,Hapa D Toric_Glazed Choco_CP-1.25 + -03.00,하이드레이션,2026-07-07
C관(2공장),1-Day_Color_Toric,Hapa D Toric_Glazed Choco_CP-1.25 + -03.75,누수규격,2026-07-10
C관(2공장),1-Day_Color_Toric,Hapa D Toric_Glazed Choco_CP-1.25 + -03.75,접착,2026-07-09
C관(2공장),1-Day_Color_Toric,Hapa D Toric_Glazed Choco_CP-1.25 + -03.75,하이드레이션,2026-07-07
C관(2공장),1-Day_Color_Toric,Hapa D Toric_Glazed Choco_CP-1.25 + -05.00,누수규격,2026-07-10
C관(2공장),1-Day_Color_Toric,Hapa D Toric_Glazed Choco_CP-1.25 + -05.00,분리,2026-07-06
C관(2공장),1-Day_Color_Toric,Hapa D Toric_Glazed Choco_CP-1.25 + -05.00,사출,2026-07-05
C관(2공장),1-Day_Color_Toric,Hapa D Toric_Glazed Choco_CP-1.25 + -05.00,접착,2026-07-09
C관(2공장),1-Day_Color_Toric,Hapa D Toric_Glazed Choco_CP-1.25 + -05.00,하이드레이션,2026-07-07
C관(2공장),1-Day_Color_Toric,Hapa D Toric_Glazed Choco_CP-1.25 + -05.50,누수규격,2026-07-10
C관(2공장),1-Day_Color_Toric,Hapa D Toric_Glazed Choco_CP-1.25 + -05.50,접착,2026-07-09
C관(2공장),1-Day_Color_Toric,Hapa D Toric_Glazed Choco_CP-1.25 + -05.50,하이드레이션,2026-07-07
C관(2공장),1-Day_Color_Toric,Hapa D Toric_Glazed choco_CP-1.75 + -00.50,누수규격,2026-07-10
C관(2공장),1-Day_Color_Toric,Hapa D Toric_Glazed choco_CP-1.75 + -00.50,접착,2026-07-09
C관(2공장),1-Day_Color_Toric,Hapa D Toric_Glazed choco_CP-1.75 + -00.50,하이드레이션,2026-07-07
C관(2공장),1-Day_Color_Toric,Hapa D Toric_Glazed choco_CP-1.75 + -02.00,누수규격,2026-07-10
C관(2공장),1-Day_Color_Toric,Hapa D Toric_Glazed choco_CP-1.75 + -02.00,접착,2026-07-09
C관(2공장),1-Day_Color_Toric,Hapa D Toric_Glazed choco_CP-1.75 + -02.00,하이드레이션,2026-07-07
C관(2공장),1-Day_Color_Toric,Hapa D Toric_Glazed choco_CP-1.75 + -02.25,누수규격,2026-07-10
C관(2공장),1-Day_Color_Toric,Hapa D Toric_Glazed choco_CP-1.75 + -02.25,접착,2026-07-09
C관(2공장),1-Day_Color_Toric,Hapa D Toric_Glazed choco_CP-1.75 + -02.25,하이드레이션,2026-07-07
C관(2공장),1-Day_Color_Toric,Hapa D Toric_Glazed choco_CP-1.75 + -06.00,누수규격,2026-07-10
C관(2공장),1-Day_Color_Toric,Hapa D Toric_Glazed choco_CP-1.75 + -06.00,접착,2026-07-09
C관(2공장),1-Day_Color_Toric,Hapa D Toric_Glazed choco_CP-1.75 + -06.00,하이드레이션,2026-07-07
C관(2공장),1-Day_Color_Toric,Hapa D Toric_Glazed choco_CP-1.75 + -07.00,누수규격,2026-07-10
C관(2공장),1-Day_Color_Toric,Hapa D Toric_Glazed choco_CP-1.75 + -07.00,접착,2026-07-09
C관(2공장),1-Day_Color_Toric,Hapa D Toric_Glazed choco_CP-1.75 + -07.00,하이드레이션,2026-07-07
C관(2공장),1-Day_Color_Toric,PIA D Toric_CP-0.75 Brown Bunny_55% UV + -05.75,누수규격,2026-07-16
C관(2공장),1-Day_Color_Toric,PIA D Toric_CP-0.75 Brown Bunny_55% UV + -05.75,분리,2026-07-12
C관(2공장),1-Day_Color_Toric,PIA D Toric_CP-0.75 Brown Bunny_55% UV + -05.75,사출,2026-07-11
C관(2공장),1-Day_Color_Toric,PIA D Toric_CP-0.75 Brown Bunny_55% UV + -05.75,접착,2026-07-15
C관(2공장),1-Day_Color_Toric,PIA D Toric_CP-0.75 Brown Bunny_55% UV + -05.75,하이드레이션,2026-07-13
C관(2공장),1-Day_Color_Toric,Toric_CP-0.75_Halo Brown + -02.00,누수규격,2026-07-16
C관(2공장),1-Day_Color_Toric,Toric_CP-0.75_Halo Brown + -02.50,누수규격,2026-07-16
C관(2공장),1-Day_Color_Toric,Toric_CP-0.75_Halo Brown + -02.50,분리,2026-07-12
C관(2공장),1-Day_Color_Toric,Toric_CP-0.75_Halo Brown + -02.50,사출,2026-07-11
C관(2공장),1-Day_Color_Toric,Toric_CP-0.75_Halo Brown + -02.50,접착,2026-07-15
C관(2공장),1-Day_Color_Toric,Toric_CP-0.75_Halo Brown + -02.50,하이드레이션,2026-07-13
C관(2공장),1-Day_Color_Toric,Toric_CP-0.75_Halo Brown + -03.00,누수규격,2026-07-16
C관(2공장),1-Day_Color_Toric,Toric_CP-0.75_Halo Brown + -03.00,분리,2026-07-12
C관(2공장),1-Day_Color_Toric,Toric_CP-0.75_Halo Brown + -03.00,사출,2026-07-11
C관(2공장),1-Day_Color_Toric,Toric_CP-0.75_Halo Brown + -03.00,접착,2026-07-15
C관(2공장),1-Day_Color_Toric,Toric_CP-0.75_Halo Brown + -03.00,하이드레이션,2026-07-13
C관(2공장),1-Day_Color_Toric,Toric_CP-0.75_Halo Brown + -07.00,누수규격,2026-07-16
C관(2공장),1-Day_Color_Toric,Toric_CP-0.75_Halo Brown + -07.00,분리,2026-07-12
C관(2공장),1-Day_Color_Toric,Toric_CP-0.75_Halo Brown + -07.00,사출,2026-07-11
C관(2공장),1-Day_Color_Toric,Toric_CP-0.75_Halo Brown + -07.00,접착,2026-07-15
C관(2공장),1-Day_Color_Toric,Toric_CP-0.75_Halo Brown + -07.00,하이드레이션,2026-07-13
C관(2공장),1-Day_Color_Toric,Toric_CP-0.75_Halo Brown + -07.50,누수규격,2026-07-16
C관(2공장),1-Day_Color_Toric,Toric_CP-0.75_Halo Brown + -07.50,분리,2026-07-12
C관(2공장),1-Day_Color_Toric,Toric_CP-0.75_Halo Brown + -07.50,사출,2026-07-11
C관(2공장),1-Day_Color_Toric,Toric_CP-0.75_Halo Brown + -07.50,접착,2026-07-15
C관(2공장),1-Day_Color_Toric,Toric_CP-0.75_Halo Brown + -07.50,하이드레이션,2026-07-13
C관(2공장),1-Day_Color_Toric,Toric_CP-0.75_Halo Gray + -01.25,누수규격,2026-07-16
C관(2공장),1-Day_Color_Toric,Toric_CP-0.75_Halo Gray + -01.25,분리,2026-07-12
C관(2공장),1-Day_Color_Toric,Toric_CP-0.75_Halo Gray + -01.25,사출,2026-07-11
C관(2공장),1-Day_Color_Toric,Toric_CP-0.75_Halo Gray + -01.25,접착,2026-07-15
C관(2공장),1-Day_Color_Toric,Toric_CP-0.75_Halo Gray + -01.25,하이드레이션,2026-07-13
C관(2공장),1-Day_Color_Toric,Toric_CP-0.75_Halo Gray + -03.75,누수규격,2026-07-16
C관(2공장),1-Day_Color_Toric,Toric_CP-0.75_Halo Gray + -03.75,분리,2026-07-12
C관(2공장),1-Day_Color_Toric,Toric_CP-0.75_Halo Gray + -03.75,사출,2026-07-11
C관(2공장),1-Day_Color_Toric,Toric_CP-0.75_Halo Gray + -03.75,접착,2026-07-15
C관(2공장),1-Day_Color_Toric,Toric_CP-0.75_Halo Gray + -03.75,하이드레이션,2026-07-13
C관(2공장),1-Day_Color_Toric,Toric_CP-0.75_Halo Gray + -04.25,누수규격,2026-07-16
C관(2공장),1-Day_Color_Toric,Toric_CP-0.75_Halo Gray + -04.25,분리,2026-07-12
C관(2공장),1-Day_Color_Toric,Toric_CP-0.75_Halo Gray + -04.25,사출,2026-07-11
C관(2공장),1-Day_Color_Toric,Toric_CP-0.75_Halo Gray + -04.25,접착,2026-07-15
C관(2공장),1-Day_Color_Toric,Toric_CP-0.75_Halo Gray + -04.25,하이드레이션,2026-07-13
C관(2공장),1-Day_Color_Toric,Toric_CP-0.75_Halo Gray + -04.50,누수규격,2026-07-16
C관(2공장),1-Day_Color_Toric,Toric_CP-0.75_Halo Gray + -04.50,분리,2026-07-12
C관(2공장),1-Day_Color_Toric,Toric_CP-0.75_Halo Gray + -04.50,사출,2026-07-11
C관(2공장),1-Day_Color_Toric,Toric_CP-0.75_Halo Gray + -04.50,접착,2026-07-15
C관(2공장),1-Day_Color_Toric,Toric_CP-0.75_Halo Gray + -04.50,하이드레이션,2026-07-13
C관(2공장),1-Day_Color_Toric,Toric_CP-0.75_Halo Gray + -05.00,누수규격,2026-07-16
C관(2공장),1-Day_Color_Toric,Toric_CP-0.75_Halo Gray + -05.00,분리,2026-07-12
C관(2공장),1-Day_Color_Toric,Toric_CP-0.75_Halo Gray + -05.00,사출,2026-07-11
C관(2공장),1-Day_Color_Toric,Toric_CP-0.75_Halo Gray + -05.00,접착,2026-07-15
C관(2공장),1-Day_Color_Toric,Toric_CP-0.75_Halo Gray + -05.00,하이드레이션,2026-07-13
C관(2공장),1-Day_Color_Toric,Toric_CP-0.75_Halo Gray + -06.50,누수규격,2026-07-16
C관(2공장),1-Day_Color_Toric,Toric_CP-0.75_Halo Gray + -06.50,분리,2026-07-12
C관(2공장),1-Day_Color_Toric,Toric_CP-0.75_Halo Gray + -06.50,사출,2026-07-11
C관(2공장),1-Day_Color_Toric,Toric_CP-0.75_Halo Gray + -06.50,접착,2026-07-15
C관(2공장),1-Day_Color_Toric,Toric_CP-0.75_Halo Gray + -06.50,하이드레이션,2026-07-13
C관(2공장),1-Day_Color_Toric,Toric_CP-1.25_Halo Brown + -01.75,누수규격,2026-07-16
C관(2공장),1-Day_Color_Toric,Toric_CP-1.25_Halo Brown + -01.75,분리,2026-07-12
C관(2공장),1-Day_Color_Toric,Toric_CP-1.25_Halo Brown + -01.75,사출,2026-07-11
C관(2공장),1-Day_Color_Toric,Toric_CP-1.25_Halo Brown + -01.75,접착,2026-07-15
C관(2공장),1-Day_Color_Toric,Toric_CP-1.25_Halo Brown + -01.75,하이드레이션,2026-07-13
C관(2공장),1-Day_Color_Toric,Toric_CP-1.25_Halo Brown + -03.50,누수규격,2026-07-16
C관(2공장),1-Day_Color_Toric,Toric_CP-1.25_Halo Brown + -03.50,분리,2026-07-12
C관(2공장),1-Day_Color_Toric,Toric_CP-1.25_Halo Brown + -03.50,사출,2026-07-11
C관(2공장),1-Day_Color_Toric,Toric_CP-1.25_Halo Brown + -03.50,접착,2026-07-15
C관(2공장),1-Day_Color_Toric,Toric_CP-1.25_Halo Brown + -03.50,하이드레이션,2026-07-13
C관(2공장),1-Day_Color_Toric,Toric_CP-1.25_Halo Brown + -06.50,누수규격,2026-07-16
C관(2공장),1-Day_Color_Toric,Toric_CP-1.25_Halo Brown + -06.50,분리,2026-07-12
C관(2공장),1-Day_Color_Toric,Toric_CP-1.25_Halo Brown + -06.50,사출,2026-07-11
C관(2공장),1-Day_Color_Toric,Toric_CP-1.25_Halo Brown + -06.50,접착,2026-07-15
C관(2공장),1-Day_Color_Toric,Toric_CP-1.25_Halo Brown + -06.50,하이드레이션,2026-07-13
C관(2공장),1-Day_Color_Toric,Toric_CP-1.25_Halo Brown + -08.50,누수규격,2026-07-16
C관(2공장),1-Day_Color_Toric,Toric_CP-1.25_Halo Brown + -08.50,분리,2026-07-12
C관(2공장),1-Day_Color_Toric,Toric_CP-1.25_Halo Brown + -08.50,사출,2026-07-11
C관(2공장),1-Day_Color_Toric,Toric_CP-1.25_Halo Brown + -08.50,접착,2026-07-15
C관(2공장),1-Day_Color_Toric,Toric_CP-1.25_Halo Brown + -08.50,하이드레이션,2026-07-13
C관(2공장),1-Day_Color_Toric,Toric_CP-1.25_Halo Gray + -00.00,누수규격,2026-07-16
C관(2공장),1-Day_Color_Toric,Toric_CP-1.25_Halo Gray + -00.00,분리,2026-07-12
C관(2공장),1-Day_Color_Toric,Toric_CP-1.25_Halo Gray + -00.00,사출,2026-07-11
C관(2공장),1-Day_Color_Toric,Toric_CP-1.25_Halo Gray + -00.00,접착,2026-07-15
C관(2공장),1-Day_Color_Toric,Toric_CP-1.25_Halo Gray + -00.00,하이드레이션,2026-07-13
C관(2공장),1-Day_Color_Toric,Toric_CP-1.25_Halo Gray + -01.75,누수규격,2026-07-16
C관(2공장),1-Day_Color_Toric,Toric_CP-1.25_Halo Gray + -01.75,분리,2026-07-12
C관(2공장),1-Day_Color_Toric,Toric_CP-1.25_Halo Gray + -01.75,사출,2026-07-11
C관(2공장),1-Day_Color_Toric,Toric_CP-1.25_Halo Gray + -01.75,접착,2026-07-15
C관(2공장),1-Day_Color_Toric,Toric_CP-1.25_Halo Gray + -01.75,하이드레이션,2026-07-13
C관(2공장),1-Day_Color_Toric,Toric_CP-1.25_Halo Gray + -02.25,누수규격,2026-07-16
C관(2공장),1-Day_Color_Toric,Toric_CP-1.25_Halo Gray + -02.25,분리,2026-07-12
C관(2공장),1-Day_Color_Toric,Toric_CP-1.25_Halo Gray + -02.25,사출,2026-07-11
C관(2공장),1-Day_Color_Toric,Toric_CP-1.25_Halo Gray + -02.25,접착,2026-07-15
C관(2공장),1-Day_Color_Toric,Toric_CP-1.25_Halo Gray + -02.25,하이드레이션,2026-07-13
C관(2공장),1-Day_Color_Toric,Toric_CP-1.25_Halo Gray + -02.50,누수규격,2026-07-16
C관(2공장),1-Day_Color_Toric,Toric_CP-1.25_Halo Gray + -02.50,분리,2026-07-12
C관(2공장),1-Day_Color_Toric,Toric_CP-1.25_Halo Gray + -02.50,사출,2026-07-11
C관(2공장),1-Day_Color_Toric,Toric_CP-1.25_Halo Gray + -02.50,접착,2026-07-15
C관(2공장),1-Day_Color_Toric,Toric_CP-1.25_Halo Gray + -02.50,하이드레이션,2026-07-13
C관(2공장),1-Day_Color_Toric,Toric_CP-1.25_Halo Gray + -03.25,누수규격,2026-07-16
C관(2공장),1-Day_Color_Toric,Toric_CP-1.25_Halo Gray + -03.25,분리,2026-07-12
C관(2공장),1-Day_Color_Toric,Toric_CP-1.25_Halo Gray + -03.25,사출,2026-07-11
C관(2공장),1-Day_Color_Toric,Toric_CP-1.25_Halo Gray + -03.25,접착,2026-07-15
C관(2공장),1-Day_Color_Toric,Toric_CP-1.25_Halo Gray + -03.25,하이드레이션,2026-07-13
C관(2공장),1-Day_Color_Toric,Toric_CP-1.25_Halo Gray + -04.75,누수규격,2026-07-16
C관(2공장),1-Day_Color_Toric,Toric_CP-1.25_Halo Gray + -04.75,분리,2026-07-12
C관(2공장),1-Day_Color_Toric,Toric_CP-1.25_Halo Gray + -04.75,사출,2026-07-11
C관(2공장),1-Day_Color_Toric,Toric_CP-1.25_Halo Gray + -04.75,접착,2026-07-15
C관(2공장),1-Day_Color_Toric,Toric_CP-1.25_Halo Gray + -04.75,하이드레이션,2026-07-13
C관(2공장),1-Day_Color_Toric,Toric_CP-1.25_Halo Gray + -05.50,누수규격,2026-07-16
C관(2공장),1-Day_Color_Toric,Toric_CP-1.25_Halo Gray + -05.50,분리,2026-07-12
C관(2공장),1-Day_Color_Toric,Toric_CP-1.25_Halo Gray + -05.50,사출,2026-07-11
C관(2공장),1-Day_Color_Toric,Toric_CP-1.25_Halo Gray + -05.50,접착,2026-07-15
C관(2공장),1-Day_Color_Toric,Toric_CP-1.25_Halo Gray + -05.50,하이드레이션,2026-07-13
C관(2공장),1-Day_Color_Toric,Toric_CP-1.25_Halo Gray + -06.00,누수규격,2026-07-16
C관(2공장),1-Day_Color_Toric,Toric_CP-1.25_Halo Gray + -06.00,분리,2026-07-12
C관(2공장),1-Day_Color_Toric,Toric_CP-1.25_Halo Gray + -06.00,사출,2026-07-11
C관(2공장),1-Day_Color_Toric,Toric_CP-1.25_Halo Gray + -06.00,접착,2026-07-15
C관(2공장),1-Day_Color_Toric,Toric_CP-1.25_Halo Gray + -06.00,하이드레이션,2026-07-13
C관(2공장),1-Day_Color_Toric,Toric_CP-1.25_Halo Gray + -07.00,누수규격,2026-07-16
C관(2공장),1-Day_Color_Toric,Toric_CP-1.25_Halo Gray + -07.00,분리,2026-07-12
C관(2공장),1-Day_Color_Toric,Toric_CP-1.25_Halo Gray + -07.00,사출,2026-07-11
C관(2공장),1-Day_Color_Toric,Toric_CP-1.25_Halo Gray + -07.00,접착,2026-07-15
C관(2공장),1-Day_Color_Toric,Toric_CP-1.25_Halo Gray + -07.00,하이드레이션,2026-07-13
C관(2공장),1-Day_Color_Toric,Toric_CP-1.75_ALICIA BROWN + -01.50,누수규격,2026-07-11
C관(2공장),1-Day_Color_Toric,Toric_CP-1.75_ALICIA BROWN + -01.50,분리,2026-07-07
C관(2공장),1-Day_Color_Toric,Toric_CP-1.75_ALICIA BROWN + -01.50,사출,2026-07-06
C관(2공장),1-Day_Color_Toric,Toric_CP-1.75_ALICIA BROWN + -01.50,접착,2026-07-10
C관(2공장),1-Day_Color_Toric,Toric_CP-1.75_ALICIA BROWN + -01.50,하이드레이션,2026-07-08
C관(2공장),1-Day_Color_Toric,Toric_CP-1.75_Halo Brown + -00.00,누수규격,2026-07-16
C관(2공장),1-Day_Color_Toric,Toric_CP-1.75_Halo Brown + -00.00,분리,2026-07-12
C관(2공장),1-Day_Color_Toric,Toric_CP-1.75_Halo Brown + -00.00,사출,2026-07-11
C관(2공장),1-Day_Color_Toric,Toric_CP-1.75_Halo Brown + -00.00,접착,2026-07-15
C관(2공장),1-Day_Color_Toric,Toric_CP-1.75_Halo Brown + -00.00,하이드레이션,2026-07-13
C관(2공장),1-Day_Color_Toric,Toric_CP-1.75_Halo Brown + -00.50,누수규격,2026-07-16
C관(2공장),1-Day_Color_Toric,Toric_CP-1.75_Halo Brown + -00.50,분리,2026-07-12
C관(2공장),1-Day_Color_Toric,Toric_CP-1.75_Halo Brown + -00.50,사출,2026-07-11
C관(2공장),1-Day_Color_Toric,Toric_CP-1.75_Halo Brown + -00.50,접착,2026-07-15
C관(2공장),1-Day_Color_Toric,Toric_CP-1.75_Halo Brown + -00.50,하이드레이션,2026-07-13
C관(2공장),1-Day_Color_Toric,Toric_CP-1.75_Halo Brown + -01.00,누수규격,2026-07-16
C관(2공장),1-Day_Color_Toric,Toric_CP-1.75_Halo Brown + -01.00,분리,2026-07-12
C관(2공장),1-Day_Color_Toric,Toric_CP-1.75_Halo Brown + -01.00,사출,2026-07-11
C관(2공장),1-Day_Color_Toric,Toric_CP-1.75_Halo Brown + -01.00,접착,2026-07-15
C관(2공장),1-Day_Color_Toric,Toric_CP-1.75_Halo Brown + -01.00,하이드레이션,2026-07-13
C관(2공장),1-Day_Color_Toric,Toric_CP-1.75_Halo Brown + -01.25,누수규격,2026-07-16
C관(2공장),1-Day_Color_Toric,Toric_CP-1.75_Halo Brown + -01.25,분리,2026-07-12
C관(2공장),1-Day_Color_Toric,Toric_CP-1.75_Halo Brown + -01.25,사출,2026-07-11
C관(2공장),1-Day_Color_Toric,Toric_CP-1.75_Halo Brown + -01.25,접착,2026-07-15
C관(2공장),1-Day_Color_Toric,Toric_CP-1.75_Halo Brown + -01.25,하이드레이션,2026-07-13
C관(2공장),1-Day_Color_Toric,Toric_CP-1.75_Halo Brown + -01.50,누수규격,2026-07-16
C관(2공장),1-Day_Color_Toric,Toric_CP-1.75_Halo Brown + -01.50,분리,2026-07-12
C관(2공장),1-Day_Color_Toric,Toric_CP-1.75_Halo Brown + -01.50,사출,2026-07-11
C관(2공장),1-Day_Color_Toric,Toric_CP-1.75_Halo Brown + -01.50,접착,2026-07-15
C관(2공장),1-Day_Color_Toric,Toric_CP-1.75_Halo Brown + -01.50,하이드레이션,2026-07-13
C관(2공장),1-Day_Color_Toric,Toric_CP-1.75_Halo Brown + -02.25,누수규격,2026-07-16
C관(2공장),1-Day_Color_Toric,Toric_CP-1.75_Halo Brown + -02.25,분리,2026-07-12
C관(2공장),1-Day_Color_Toric,Toric_CP-1.75_Halo Brown + -02.25,사출,2026-07-11
C관(2공장),1-Day_Color_Toric,Toric_CP-1.75_Halo Brown + -02.25,접착,2026-07-15
C관(2공장),1-Day_Color_Toric,Toric_CP-1.75_Halo Brown + -02.25,하이드레이션,2026-07-13
C관(2공장),1-Day_Color_Toric,Toric_CP-1.75_Halo Brown + -02.75,누수규격,2026-07-16
C관(2공장),1-Day_Color_Toric,Toric_CP-1.75_Halo Brown + -02.75,분리,2026-07-12
C관(2공장),1-Day_Color_Toric,Toric_CP-1.75_Halo Brown + -02.75,사출,2026-07-11
C관(2공장),1-Day_Color_Toric,Toric_CP-1.75_Halo Brown + -02.75,접착,2026-07-15
C관(2공장),1-Day_Color_Toric,Toric_CP-1.75_Halo Brown + -02.75,하이드레이션,2026-07-13
C관(2공장),1-Day_Color_Toric,Toric_CP-1.75_Halo Brown + -03.50,누수규격,2026-07-16
C관(2공장),1-Day_Color_Toric,Toric_CP-1.75_Halo Brown + -03.50,분리,2026-07-12
C관(2공장),1-Day_Color_Toric,Toric_CP-1.75_Halo Brown + -03.50,사출,2026-07-11
C관(2공장),1-Day_Color_Toric,Toric_CP-1.75_Halo Brown + -03.50,접착,2026-07-15
C관(2공장),1-Day_Color_Toric,Toric_CP-1.75_Halo Brown + -03.50,하이드레이션,2026-07-13
C관(2공장),1-Day_Color_Toric,Toric_CP-1.75_Halo Brown + -03.75,누수규격,2026-07-16
C관(2공장),1-Day_Color_Toric,Toric_CP-1.75_Halo Brown + -03.75,분리,2026-07-12
C관(2공장),1-Day_Color_Toric,Toric_CP-1.75_Halo Brown + -03.75,사출,2026-07-11
C관(2공장),1-Day_Color_Toric,Toric_CP-1.75_Halo Brown + -03.75,접착,2026-07-15
C관(2공장),1-Day_Color_Toric,Toric_CP-1.75_Halo Brown + -03.75,하이드레이션,2026-07-13
C관(2공장),1-Day_Color_Toric,Toric_CP-1.75_Halo Brown + -04.25,누수규격,2026-07-16
C관(2공장),1-Day_Color_Toric,Toric_CP-1.75_Halo Brown + -04.25,분리,2026-07-12
C관(2공장),1-Day_Color_Toric,Toric_CP-1.75_Halo Brown + -04.25,사출,2026-07-11
C관(2공장),1-Day_Color_Toric,Toric_CP-1.75_Halo Brown + -04.25,접착,2026-07-15
C관(2공장),1-Day_Color_Toric,Toric_CP-1.75_Halo Brown + -04.25,하이드레이션,2026-07-13
C관(2공장),1-Day_Color_Toric,Toric_CP-1.75_Halo Brown + -04.75,누수규격,2026-07-16
C관(2공장),1-Day_Color_Toric,Toric_CP-1.75_Halo Brown + -04.75,분리,2026-07-12
C관(2공장),1-Day_Color_Toric,Toric_CP-1.75_Halo Brown + -04.75,사출,2026-07-11
C관(2공장),1-Day_Color_Toric,Toric_CP-1.75_Halo Brown + -04.75,접착,2026-07-15
C관(2공장),1-Day_Color_Toric,Toric_CP-1.75_Halo Brown + -04.75,하이드레이션,2026-07-13
C관(2공장),1-Day_Color_Toric,Toric_CP-1.75_Halo Brown + -05.50,누수규격,2026-07-16
C관(2공장),1-Day_Color_Toric,Toric_CP-1.75_Halo Brown + -05.50,분리,2026-07-12
C관(2공장),1-Day_Color_Toric,Toric_CP-1.75_Halo Brown + -05.50,사출,2026-07-11
C관(2공장),1-Day_Color_Toric,Toric_CP-1.75_Halo Brown + -05.50,접착,2026-07-15
C관(2공장),1-Day_Color_Toric,Toric_CP-1.75_Halo Brown + -05.50,하이드레이션,2026-07-13
C관(2공장),1-Day_Color_Toric,Toric_CP-1.75_Halo Brown + -05.75,누수규격,2026-07-16
C관(2공장),1-Day_Color_Toric,Toric_CP-1.75_Halo Brown + -06.00,누수규격,2026-07-16
C관(2공장),1-Day_Color_Toric,Toric_CP-1.75_Halo Brown + -06.00,분리,2026-07-12
C관(2공장),1-Day_Color_Toric,Toric_CP-1.75_Halo Brown + -06.00,사출,2026-07-11
C관(2공장),1-Day_Color_Toric,Toric_CP-1.75_Halo Brown + -06.00,접착,2026-07-15
C관(2공장),1-Day_Color_Toric,Toric_CP-1.75_Halo Brown + -06.00,하이드레이션,2026-07-13
C관(2공장),1-Day_Color_Toric,Toric_CP-1.75_Halo Brown + -07.00,누수규격,2026-07-16
C관(2공장),1-Day_Color_Toric,Toric_CP-1.75_Halo Brown + -07.00,분리,2026-07-12
C관(2공장),1-Day_Color_Toric,Toric_CP-1.75_Halo Brown + -07.00,사출,2026-07-11
C관(2공장),1-Day_Color_Toric,Toric_CP-1.75_Halo Brown + -07.00,접착,2026-07-15
C관(2공장),1-Day_Color_Toric,Toric_CP-1.75_Halo Brown + -07.00,하이드레이션,2026-07-13
C관(2공장),1-Day_Color_Toric,Toric_CP-1.75_Halo Brown + -07.50,누수규격,2026-07-16
C관(2공장),1-Day_Color_Toric,Toric_CP-1.75_Halo Brown + -07.50,분리,2026-07-12
C관(2공장),1-Day_Color_Toric,Toric_CP-1.75_Halo Brown + -07.50,사출,2026-07-11
C관(2공장),1-Day_Color_Toric,Toric_CP-1.75_Halo Brown + -07.50,접착,2026-07-15
C관(2공장),1-Day_Color_Toric,Toric_CP-1.75_Halo Brown + -07.50,하이드레이션,2026-07-13
C관(2공장),1-Day_Color_Toric,Toric_CP-1.75_Halo Brown + -08.00,누수규격,2026-07-16
C관(2공장),1-Day_Color_Toric,Toric_CP-1.75_Halo Brown + -08.00,분리,2026-07-12
C관(2공장),1-Day_Color_Toric,Toric_CP-1.75_Halo Brown + -08.00,사출,2026-07-11
C관(2공장),1-Day_Color_Toric,Toric_CP-1.75_Halo Brown + -08.00,접착,2026-07-15
C관(2공장),1-Day_Color_Toric,Toric_CP-1.75_Halo Brown + -08.00,하이드레이션,2026-07-13
C관(2공장),1-Day_Color_Toric,Toric_CP-1.75_Halo Brown + -08.50,누수규격,2026-07-16
C관(2공장),1-Day_Color_Toric,Toric_CP-1.75_Halo Brown + -08.50,분리,2026-07-12
C관(2공장),1-Day_Color_Toric,Toric_CP-1.75_Halo Brown + -08.50,사출,2026-07-11
C관(2공장),1-Day_Color_Toric,Toric_CP-1.75_Halo Brown + -08.50,접착,2026-07-15
C관(2공장),1-Day_Color_Toric,Toric_CP-1.75_Halo Brown + -08.50,하이드레이션,2026-07-13
C관(2공장),1-Day_Color_Toric,Toric_CP-1.75_Halo Gray + -00.00,누수규격,2026-07-16
C관(2공장),1-Day_Color_Toric,Toric_CP-1.75_Halo Gray + -00.00,분리,2026-07-12
C관(2공장),1-Day_Color_Toric,Toric_CP-1.75_Halo Gray + -00.00,사출,2026-07-11
C관(2공장),1-Day_Color_Toric,Toric_CP-1.75_Halo Gray + -00.00,접착,2026-07-15
C관(2공장),1-Day_Color_Toric,Toric_CP-1.75_Halo Gray + -00.00,하이드레이션,2026-07-13
C관(2공장),1-Day_Color_Toric,Toric_CP-1.75_Halo Gray + -02.00,누수규격,2026-07-16
C관(2공장),1-Day_Color_Toric,Toric_CP-1.75_Halo Gray + -02.00,분리,2026-07-12
C관(2공장),1-Day_Color_Toric,Toric_CP-1.75_Halo Gray + -02.00,사출,2026-07-11
C관(2공장),1-Day_Color_Toric,Toric_CP-1.75_Halo Gray + -02.00,접착,2026-07-15
C관(2공장),1-Day_Color_Toric,Toric_CP-1.75_Halo Gray + -02.00,하이드레이션,2026-07-13
C관(2공장),1-Day_Color_Toric,Toric_CP-1.75_Halo Gray + -02.25,누수규격,2026-07-16
C관(2공장),1-Day_Color_Toric,Toric_CP-1.75_Halo Gray + -02.25,분리,2026-07-12
C관(2공장),1-Day_Color_Toric,Toric_CP-1.75_Halo Gray + -02.25,사출,2026-07-11
C관(2공장),1-Day_Color_Toric,Toric_CP-1.75_Halo Gray + -02.25,접착,2026-07-15
C관(2공장),1-Day_Color_Toric,Toric_CP-1.75_Halo Gray + -02.25,하이드레이션,2026-07-13
C관(2공장),1-Day_Color_Toric,Toric_CP-1.75_Halo Gray + -02.50,누수규격,2026-07-16
C관(2공장),1-Day_Color_Toric,Toric_CP-1.75_Halo Gray + -02.50,분리,2026-07-12
C관(2공장),1-Day_Color_Toric,Toric_CP-1.75_Halo Gray + -02.50,사출,2026-07-11
C관(2공장),1-Day_Color_Toric,Toric_CP-1.75_Halo Gray + -02.50,접착,2026-07-15
C관(2공장),1-Day_Color_Toric,Toric_CP-1.75_Halo Gray + -02.50,하이드레이션,2026-07-13
C관(2공장),1-Day_Color_Toric,Toric_CP-1.75_Halo Gray + -02.75,누수규격,2026-07-16
C관(2공장),1-Day_Color_Toric,Toric_CP-1.75_Halo Gray + -02.75,분리,2026-07-12
C관(2공장),1-Day_Color_Toric,Toric_CP-1.75_Halo Gray + -02.75,사출,2026-07-11
C관(2공장),1-Day_Color_Toric,Toric_CP-1.75_Halo Gray + -02.75,접착,2026-07-15
C관(2공장),1-Day_Color_Toric,Toric_CP-1.75_Halo Gray + -02.75,하이드레이션,2026-07-13
C관(2공장),1-Day_Color_Toric,Toric_CP-1.75_Halo Gray + -03.25,누수규격,2026-07-16
C관(2공장),1-Day_Color_Toric,Toric_CP-1.75_Halo Gray + -03.25,분리,2026-07-12
C관(2공장),1-Day_Color_Toric,Toric_CP-1.75_Halo Gray + -03.25,사출,2026-07-11
C관(2공장),1-Day_Color_Toric,Toric_CP-1.75_Halo Gray + -03.25,접착,2026-07-15
C관(2공장),1-Day_Color_Toric,Toric_CP-1.75_Halo Gray + -03.25,하이드레이션,2026-07-13
C관(2공장),1-Day_Color_Toric,Toric_CP-1.75_Halo Gray + -03.50,누수규격,2026-07-16
C관(2공장),1-Day_Color_Toric,Toric_CP-1.75_Halo Gray + -03.50,분리,2026-07-12
C관(2공장),1-Day_Color_Toric,Toric_CP-1.75_Halo Gray + -03.50,사출,2026-07-11
C관(2공장),1-Day_Color_Toric,Toric_CP-1.75_Halo Gray + -03.50,접착,2026-07-15
C관(2공장),1-Day_Color_Toric,Toric_CP-1.75_Halo Gray + -03.50,하이드레이션,2026-07-13
C관(2공장),1-Day_Color_Toric,Toric_CP-1.75_Halo Gray + -04.00,누수규격,2026-07-16
C관(2공장),1-Day_Color_Toric,Toric_CP-1.75_Halo Gray + -04.00,분리,2026-07-12
C관(2공장),1-Day_Color_Toric,Toric_CP-1.75_Halo Gray + -04.00,사출,2026-07-11
C관(2공장),1-Day_Color_Toric,Toric_CP-1.75_Halo Gray + -04.00,접착,2026-07-15
C관(2공장),1-Day_Color_Toric,Toric_CP-1.75_Halo Gray + -04.00,하이드레이션,2026-07-13
C관(2공장),1-Day_Color_Toric,Toric_CP-1.75_Halo Gray + -04.75,누수규격,2026-07-16
C관(2공장),1-Day_Color_Toric,Toric_CP-1.75_Halo Gray + -04.75,분리,2026-07-12
C관(2공장),1-Day_Color_Toric,Toric_CP-1.75_Halo Gray + -04.75,사출,2026-07-11
C관(2공장),1-Day_Color_Toric,Toric_CP-1.75_Halo Gray + -04.75,접착,2026-07-15
C관(2공장),1-Day_Color_Toric,Toric_CP-1.75_Halo Gray + -04.75,하이드레이션,2026-07-13
C관(2공장),1-Day_Color_Toric,Toric_CP-1.75_Halo Gray + -05.00,누수규격,2026-07-16
C관(2공장),1-Day_Color_Toric,Toric_CP-1.75_Halo Gray + -05.00,분리,2026-07-12
C관(2공장),1-Day_Color_Toric,Toric_CP-1.75_Halo Gray + -05.00,사출,2026-07-11
C관(2공장),1-Day_Color_Toric,Toric_CP-1.75_Halo Gray + -05.00,접착,2026-07-15
C관(2공장),1-Day_Color_Toric,Toric_CP-1.75_Halo Gray + -05.00,하이드레이션,2026-07-13
C관(2공장),1-Day_Color_Toric,Toric_CP-1.75_Halo Gray + -05.25,누수규격,2026-07-16
C관(2공장),1-Day_Color_Toric,Toric_CP-1.75_Halo Gray + -05.25,분리,2026-07-12
C관(2공장),1-Day_Color_Toric,Toric_CP-1.75_Halo Gray + -05.25,사출,2026-07-11
C관(2공장),1-Day_Color_Toric,Toric_CP-1.75_Halo Gray + -05.25,접착,2026-07-15
C관(2공장),1-Day_Color_Toric,Toric_CP-1.75_Halo Gray + -05.25,하이드레이션,2026-07-13
C관(2공장),1-Day_Color_Toric,Toric_CP-1.75_Halo Gray + -05.50,누수규격,2026-07-16
C관(2공장),1-Day_Color_Toric,Toric_CP-1.75_Halo Gray + -05.50,분리,2026-07-12
C관(2공장),1-Day_Color_Toric,Toric_CP-1.75_Halo Gray + -05.50,사출,2026-07-11
C관(2공장),1-Day_Color_Toric,Toric_CP-1.75_Halo Gray + -05.50,접착,2026-07-15
C관(2공장),1-Day_Color_Toric,Toric_CP-1.75_Halo Gray + -05.50,하이드레이션,2026-07-13
C관(2공장),1-Day_Color_Toric,Toric_CP-1.75_Halo Gray + -06.00,누수규격,2026-07-16
C관(2공장),1-Day_Color_Toric,Toric_CP-1.75_Halo Gray + -06.00,분리,2026-07-12
C관(2공장),1-Day_Color_Toric,Toric_CP-1.75_Halo Gray + -06.00,사출,2026-07-11
C관(2공장),1-Day_Color_Toric,Toric_CP-1.75_Halo Gray + -06.00,접착,2026-07-15
C관(2공장),1-Day_Color_Toric,Toric_CP-1.75_Halo Gray + -06.00,하이드레이션,2026-07-13
C관(2공장),1-Day_Color_Toric,Toric_CP-1.75_Halo Gray + -06.50,누수규격,2026-07-16
C관(2공장),1-Day_Color_Toric,Toric_CP-1.75_Halo Gray + -06.50,분리,2026-07-12
C관(2공장),1-Day_Color_Toric,Toric_CP-1.75_Halo Gray + -06.50,사출,2026-07-11
C관(2공장),1-Day_Color_Toric,Toric_CP-1.75_Halo Gray + -06.50,접착,2026-07-15
C관(2공장),1-Day_Color_Toric,Toric_CP-1.75_Halo Gray + -06.50,하이드레이션,2026-07-13
C관(2공장),1-Day_Color_Toric,Toric_CP-1.75_Halo Gray + -07.00,누수규격,2026-07-16
C관(2공장),1-Day_Color_Toric,Toric_CP-1.75_Halo Gray + -07.00,분리,2026-07-12
C관(2공장),1-Day_Color_Toric,Toric_CP-1.75_Halo Gray + -07.00,사출,2026-07-11
C관(2공장),1-Day_Color_Toric,Toric_CP-1.75_Halo Gray + -07.00,접착,2026-07-15
C관(2공장),1-Day_Color_Toric,Toric_CP-1.75_Halo Gray + -07.00,하이드레이션,2026-07-13
C관(2공장),1-Day_Color_Toric,Toric_CP-1.75_Halo Gray + -07.50,누수규격,2026-07-16
C관(2공장),1-Day_Color_Toric,Toric_CP-1.75_Halo Gray + -07.50,분리,2026-07-12
C관(2공장),1-Day_Color_Toric,Toric_CP-1.75_Halo Gray + -07.50,사출,2026-07-11
C관(2공장),1-Day_Color_Toric,Toric_CP-1.75_Halo Gray + -07.50,접착,2026-07-15
C관(2공장),1-Day_Color_Toric,Toric_CP-1.75_Halo Gray + -07.50,하이드레이션,2026-07-13
C관(2공장),1-Day_Color_Toric,Toric_CP-1.75_Halo Gray + -08.00,누수규격,2026-07-16
C관(2공장),1-Day_Color_Toric,Toric_CP-1.75_Halo Gray + -08.00,분리,2026-07-12
C관(2공장),1-Day_Color_Toric,Toric_CP-1.75_Halo Gray + -08.00,사출,2026-07-11
C관(2공장),1-Day_Color_Toric,Toric_CP-1.75_Halo Gray + -08.00,접착,2026-07-15
C관(2공장),1-Day_Color_Toric,Toric_CP-1.75_Halo Gray + -08.00,하이드레이션,2026-07-13
C관(2공장),1-Day_Sph,1-Day_Metha_Coastal + +02.75,누수규격,2026-07-23
C관(2공장),1-Day_Sph,1-Day_Metha_Coastal + +02.75,접착,2026-07-22
C관(2공장),1-Day_Sph,1-Day_Metha_Coastal + +02.75,하이드레이션,2026-07-20
C관(2공장),1-Day_Sph,1-Day_Metha_Coastal + -01.00,누수규격,2026-07-23
C관(2공장),1-Day_Sph,1-Day_Metha_Coastal + -01.00,접착,2026-07-22
C관(2공장),1-Day_Sph,1-Day_Metha_Coastal + -01.00,하이드레이션,2026-07-20
C관(2공장),1-Day_Sph,1-Day_Metha_Coastal + -01.25,누수규격,2026-07-23
C관(2공장),1-Day_Sph,1-Day_Metha_Coastal + -01.25,접착,2026-07-22
C관(2공장),1-Day_Sph,1-Day_Metha_Coastal + -01.25,하이드레이션,2026-07-20
C관(2공장),1-Day_Sph,1-Day_Metha_Coastal + -01.50,누수규격,2026-07-23
C관(2공장),1-Day_Sph,1-Day_Metha_Coastal + -01.50,접착,2026-07-22
C관(2공장),1-Day_Sph,1-Day_Metha_Coastal + -01.50,하이드레이션,2026-07-20
C관(2공장),1-Day_Sph,1-Day_Metha_Coastal + -02.50,누수규격,2026-07-23
C관(2공장),1-Day_Sph,1-Day_Metha_Coastal + -02.50,접착,2026-07-22
C관(2공장),1-Day_Sph,1-Day_Metha_Coastal + -02.50,하이드레이션,2026-07-20
C관(2공장),1-Day_Sph,1-Day_Metha_Coastal + -03.00,누수규격,2026-07-23
C관(2공장),1-Day_Sph,1-Day_Metha_Coastal + -03.00,접착,2026-07-22
C관(2공장),1-Day_Sph,1-Day_Metha_Coastal + -03.00,하이드레이션,2026-07-20
C관(2공장),1-Day_Sph,1-Day_Metha_Coastal + -03.50,누수규격,2026-07-23
C관(2공장),1-Day_Sph,1-Day_Metha_Coastal + -03.50,접착,2026-07-22
C관(2공장),1-Day_Sph,1-Day_Metha_Coastal + -03.50,하이드레이션,2026-07-20
C관(2공장),1-Day_Sph,1-Day_Metha_Coastal + -04.00,누수규격,2026-07-23
C관(2공장),1-Day_Sph,1-Day_Metha_Coastal + -04.00,접착,2026-07-22
C관(2공장),1-Day_Sph,1-Day_Metha_Coastal + -04.00,하이드레이션,2026-07-20
C관(2공장),1-Day_Sph,1-Day_Metha_Coastal + -04.75,누수규격,2026-07-23
C관(2공장),1-Day_Sph,1-Day_Metha_Coastal + -04.75,접착,2026-07-22
C관(2공장),1-Day_Sph,1-Day_Metha_Coastal + -04.75,하이드레이션,2026-07-20
C관(2공장),1-Day_Sph,1D_55 clear feliamo(투명) + -01.50,누수규격,2026-07-16
C관(2공장),1-Day_Sph,1D_55 clear feliamo(투명) + -01.50,분리,2026-07-12
C관(2공장),1-Day_Sph,1D_55 clear feliamo(투명) + -01.50,접착,2026-07-15
C관(2공장),1-Day_Sph,1D_55 clear feliamo(투명) + -01.50,하이드레이션,2026-07-13
C관(2공장),1-Day_Sph,1D_55 clear feliamo(투명) + -02.00,누수규격,2026-07-16
C관(2공장),1-Day_Sph,1D_55 clear feliamo(투명) + -02.00,분리,2026-07-12
C관(2공장),1-Day_Sph,1D_55 clear feliamo(투명) + -02.00,접착,2026-07-15
C관(2공장),1-Day_Sph,1D_55 clear feliamo(투명) + -02.00,하이드레이션,2026-07-13
C관(2공장),1-Day_Sph,1D_55 clear feliamo(투명) + -02.25,누수규격,2026-07-16
C관(2공장),1-Day_Sph,1D_55 clear feliamo(투명) + -02.25,분리,2026-07-12
C관(2공장),1-Day_Sph,1D_55 clear feliamo(투명) + -02.25,접착,2026-07-15
C관(2공장),1-Day_Sph,1D_55 clear feliamo(투명) + -02.25,하이드레이션,2026-07-13
C관(2공장),1-Day_Sph,Metha D_FML_55% + -05.50,누수규격,2026-07-13
C관(2공장),1-Day_Sph,Metha D_FML_55% + -05.50,접착,2026-07-12
C관(2공장),1-Day_Sph,Metha D_FML_55% + -05.50,하이드레이션,2026-07-10
C관(2공장),1-Day_Sph,Metha_Daily + -01.00,누수규격,2026-07-24
C관(2공장),1-Day_Sph,Metha_Daily + -01.00,접착,2026-07-23
C관(2공장),1-Day_Sph,Metha_Daily + -01.00,하이드레이션,2026-07-21
C관(2공장),1-Day_Sph,Metha_Daily + -01.25,누수규격,2026-07-24
C관(2공장),1-Day_Sph,Metha_Daily + -01.25,접착,2026-07-23
C관(2공장),1-Day_Sph,Metha_Daily + -01.25,하이드레이션,2026-07-21
C관(2공장),1-Day_Sph,Metha_Daily + -01.50,누수규격,2026-07-24
C관(2공장),1-Day_Sph,Metha_Daily + -01.50,접착,2026-07-23
C관(2공장),1-Day_Sph,Metha_Daily + -01.50,하이드레이션,2026-07-21
C관(2공장),1-Day_Sph,Metha_Daily + -01.75,누수규격,2026-07-24
C관(2공장),1-Day_Sph,Metha_Daily + -01.75,접착,2026-07-23
C관(2공장),1-Day_Sph,Metha_Daily + -01.75,하이드레이션,2026-07-21
C관(2공장),1-Day_Sph,Metha_Daily + -03.00,누수규격,2026-07-24
C관(2공장),1-Day_Sph,Metha_Daily + -03.00,접착,2026-07-23
C관(2공장),1-Day_Sph,Metha_Daily + -03.00,하이드레이션,2026-07-21
C관(2공장),1-Day_Sph,Metha_Daily + -03.50,누수규격,2026-07-24
C관(2공장),1-Day_Sph,Metha_Daily + -03.50,접착,2026-07-23
C관(2공장),1-Day_Sph,Metha_Daily + -03.50,하이드레이션,2026-07-21
C관(2공장),1-Day_Sph,Metha_Daily + -04.25,누수규격,2026-07-24
C관(2공장),1-Day_Sph,Metha_Daily + -04.25,접착,2026-07-23
C관(2공장),1-Day_Sph,Metha_Daily + -04.25,하이드레이션,2026-07-21
C관(2공장),1-Day_Sph,Metha_Daily + -04.75,누수규격,2026-07-24
C관(2공장),1-Day_Sph,Metha_Daily + -04.75,접착,2026-07-23
C관(2공장),1-Day_Sph,Metha_Daily + -04.75,하이드레이션,2026-07-21
C관(2공장),1-Day_Sph,Metha_Daily + -05.25,누수규격,2026-07-24
C관(2공장),1-Day_Sph,Metha_Daily + -05.25,접착,2026-07-23
C관(2공장),1-Day_Sph,Metha_Daily + -05.25,하이드레이션,2026-07-21
C관(2공장),1-Day_Sph,Metha_Daily + -06.00,누수규격,2026-07-24
C관(2공장),1-Day_Sph,Metha_Daily + -06.00,접착,2026-07-23
C관(2공장),1-Day_Sph,Metha_Daily + -06.00,하이드레이션,2026-07-21
C관(2공장),FRP_Color_Sph,Cream Rose_PIA_M + -00.00,분리,2026-07-12
C관(2공장),FRP_Color_Sph,Cream Rose_PIA_M + -00.00,사출,2026-07-11
C관(2공장),FRP_Color_Sph,Cream Rose_PIA_M_(중) + -00.00,누수규격,2026-07-16
C관(2공장),FRP_Color_Sph,Cream Rose_PIA_M_(중) + -00.00,접착,2026-07-15
C관(2공장),FRP_Color_Sph,Cream Rose_PIA_M_(중) + -00.00,하이드레이션,2026-07-13
C관(2공장),FRP_Color_Sph,Dark Peony_PIA_M(Y) + -04.00,분리,2026-07-12
C관(2공장),FRP_Color_Sph,Dark Peony_PIA_M(Y) + -04.00,사출,2026-07-11
C관(2공장),FRP_Color_Sph,Dark Peony_PIA_M_(중)(Y) + -04.00,누수규격,2026-07-16
C관(2공장),FRP_Color_Sph,Dark Peony_PIA_M_(중)(Y) + -04.00,접착,2026-07-15
C관(2공장),FRP_Color_Sph,Dark Peony_PIA_M_(중)(Y) + -04.00,하이드레이션,2026-07-13
C관(2공장),FRP_Color_Sph,Mocha Ring_PIA_M + -00.00,분리,2026-07-12
C관(2공장),FRP_Color_Sph,Mocha Ring_PIA_M + -00.00,사출,2026-07-11
C관(2공장),FRP_Color_Sph,Mocha Ring_PIA_M + -01.75,분리,2026-07-12
C관(2공장),FRP_Color_Sph,Mocha Ring_PIA_M + -01.75,사출,2026-07-11
C관(2공장),FRP_Color_Sph,Mocha Ring_PIA_M + -02.75,분리,2026-07-12
C관(2공장),FRP_Color_Sph,Mocha Ring_PIA_M + -02.75,사출,2026-07-11
C관(2공장),FRP_Color_Sph,Mocha Ring_PIA_M_(중) + -00.00,누수규격,2026-07-16
C관(2공장),FRP_Color_Sph,Mocha Ring_PIA_M_(중) + -00.00,접착,2026-07-15
C관(2공장),FRP_Color_Sph,Mocha Ring_PIA_M_(중) + -00.00,하이드레이션,2026-07-13
C관(2공장),FRP_Color_Sph,Mocha Ring_PIA_M_(중) + -01.75,누수규격,2026-07-16
C관(2공장),FRP_Color_Sph,Mocha Ring_PIA_M_(중) + -01.75,접착,2026-07-15
C관(2공장),FRP_Color_Sph,Mocha Ring_PIA_M_(중) + -01.75,하이드레이션,2026-07-13
C관(2공장),FRP_Color_Sph,Mocha Ring_PIA_M_(중) + -02.75,누수규격,2026-07-16
C관(2공장),FRP_Color_Sph,Mocha Ring_PIA_M_(중) + -02.75,접착,2026-07-15
C관(2공장),FRP_Color_Sph,Mocha Ring_PIA_M_(중) + -02.75,하이드레이션,2026-07-13
C관(2공장),FRP_Color_Sph,OCEAN_PIA_M(Y) + -03.50,분리,2026-07-12
C관(2공장),FRP_Color_Sph,OCEAN_PIA_M(Y) + -03.50,사출,2026-07-11
C관(2공장),FRP_Color_Sph,OCEAN_PIA_M_(중)(Y) + -03.50,누수규격,2026-07-16
C관(2공장),FRP_Color_Sph,OCEAN_PIA_M_(중)(Y) + -03.50,접착,2026-07-15
C관(2공장),FRP_Color_Sph,OCEAN_PIA_M_(중)(Y) + -03.50,하이드레이션,2026-07-13
C관(2공장),FRP_Color_Sph,Strawberry Quartz_PIA_M(Y) + -00.00,분리,2026-07-12
C관(2공장),FRP_Color_Sph,Strawberry Quartz_PIA_M(Y) + -00.00,사출,2026-07-11
C관(2공장),FRP_Color_Sph,Strawberry Quartz_PIA_M_(중)(Y) + -00.00,누수규격,2026-07-16
C관(2공장),FRP_Color_Sph,Strawberry Quartz_PIA_M_(중)(Y) + -00.00,접착,2026-07-15
C관(2공장),FRP_Color_Sph,Strawberry Quartz_PIA_M_(중)(Y) + -00.00,하이드레이션,2026-07-13
C관(2공장),FRP_Sph,Sincere_2week UV_Clear + -01.75,누수규격,2026-08-31
C관(2공장),FRP_Sph,Sincere_2week UV_Clear + -01.75,분리,2026-08-27
C관(2공장),FRP_Sph,Sincere_2week UV_Clear + -01.75,접착,2026-08-30
C관(2공장),FRP_Sph,Sincere_2week UV_Clear + -01.75,하이드레이션,2026-08-28
C관(2공장),FRP_Sph,Sincere_2week UV_Clear + -02.25,누수규격,2026-08-31
C관(2공장),FRP_Sph,Sincere_2week UV_Clear + -02.25,분리,2026-08-27
C관(2공장),FRP_Sph,Sincere_2week UV_Clear + -02.25,접착,2026-08-30
C관(2공장),FRP_Sph,Sincere_2week UV_Clear + -02.25,하이드레이션,2026-08-28
C관(2공장),FRP_Sph,Sincere_2week UV_Clear + -02.50,누수규격,2026-08-31
C관(2공장),FRP_Sph,Sincere_2week UV_Clear + -02.50,분리,2026-08-27
C관(2공장),FRP_Sph,Sincere_2week UV_Clear + -02.50,접착,2026-08-30
C관(2공장),FRP_Sph,Sincere_2week UV_Clear + -02.50,하이드레이션,2026-08-28
C관(2공장),FRP_Sph,Sincere_2week UV_Clear + -02.75,누수규격,2026-08-31
C관(2공장),FRP_Sph,Sincere_2week UV_Clear + -02.75,분리,2026-08-27
C관(2공장),FRP_Sph,Sincere_2week UV_Clear + -02.75,접착,2026-08-30
C관(2공장),FRP_Sph,Sincere_2week UV_Clear + -02.75,하이드레이션,2026-08-28
C관(2공장),FRP_Sph,Sincere_2week UV_Clear + -03.00,누수규격,2026-08-31
C관(2공장),FRP_Sph,Sincere_2week UV_Clear + -03.00,분리,2026-08-27
C관(2공장),FRP_Sph,Sincere_2week UV_Clear + -03.00,접착,2026-08-30
C관(2공장),FRP_Sph,Sincere_2week UV_Clear + -03.00,하이드레이션,2026-08-28
C관(2공장),FRP_Sph,Sincere_2week UV_Clear + -04.00,누수규격,2026-08-31
C관(2공장),FRP_Sph,Sincere_2week UV_Clear + -04.00,분리,2026-08-27
C관(2공장),FRP_Sph,Sincere_2week UV_Clear + -04.00,접착,2026-08-30
C관(2공장),FRP_Sph,Sincere_2week UV_Clear + -04.00,하이드레이션,2026-08-28
C관(2공장),FRP_Sph,Sincere_2week UV_Clear + -04.25,누수규격,2026-08-31
C관(2공장),FRP_Sph,Sincere_2week UV_Clear + -04.25,분리,2026-08-27
C관(2공장),FRP_Sph,Sincere_2week UV_Clear + -04.25,접착,2026-08-30
C관(2공장),FRP_Sph,Sincere_2week UV_Clear + -04.25,하이드레이션,2026-08-28
C관(2공장),FRP_Sph,Sincere_2week UV_Clear + -04.75,누수규격,2026-08-31
C관(2공장),FRP_Sph,Sincere_2week UV_Clear + -04.75,분리,2026-08-27
C관(2공장),FRP_Sph,Sincere_2week UV_Clear + -04.75,접착,2026-08-30
C관(2공장),FRP_Sph,Sincere_2week UV_Clear + -04.75,하이드레이션,2026-08-28
C관(2공장),FRP_Sph,Sincere_2week UV_Clear + -05.75,누수규격,2026-08-31
C관(2공장),FRP_Sph,Sincere_2week UV_Clear + -05.75,분리,2026-08-27
C관(2공장),FRP_Sph,Sincere_2week UV_Clear + -05.75,접착,2026-08-30
C관(2공장),FRP_Sph,Sincere_2week UV_Clear + -05.75,하이드레이션,2026-08-28
C관(2공장),FRP_Sph,Sincere_2week UV_Clear + -06.00,누수규격,2026-08-31
C관(2공장),FRP_Sph,Sincere_2week UV_Clear + -06.00,분리,2026-08-27
C관(2공장),FRP_Sph,Sincere_2week UV_Clear + -06.00,접착,2026-08-30
C관(2공장),FRP_Sph,Sincere_2week UV_Clear + -06.00,하이드레이션,2026-08-28
C관(2공장),FRP_Sph,Sincere_2week UV_Clear + -06.50,누수규격,2026-08-31
C관(2공장),FRP_Sph,Sincere_2week UV_Clear + -06.50,분리,2026-08-27
C관(2공장),FRP_Sph,Sincere_2week UV_Clear + -06.50,접착,2026-08-30
C관(2공장),FRP_Sph,Sincere_2week UV_Clear + -06.50,하이드레이션,2026-08-28
C관(2공장),FRP_Sph,Sincere_2week UV_Clear + -07.00,누수규격,2026-08-31
C관(2공장),FRP_Sph,Sincere_2week UV_Clear + -07.00,분리,2026-08-27
C관(2공장),FRP_Sph,Sincere_2week UV_Clear + -07.00,접착,2026-08-30
C관(2공장),FRP_Sph,Sincere_2week UV_Clear + -07.00,하이드레이션,2026-08-28
S관(3공장),1-Day_Color_Sph,BELLA D_Cedar + -00.00,누수규격,2026-08-18
S관(3공장),1-Day_Color_Sph,BELLA D_Cedar + -00.00,접착,2026-08-17
S관(3공장),1-Day_Color_Sph,BELLA D_Cedar + -00.00,하이드레이션,2026-08-15
S관(3공장),1-Day_Color_Sph,BELLA D_Cedar + -00.50,분리,2026-08-14
S관(3공장),1-Day_Color_Sph,BELLA D_Cedar + -00.50,사출,2026-08-13
S관(3공장),1-Day_Color_Sph,BELLA D_Cedar + -00.75,분리,2026-08-14
S관(3공장),1-Day_Color_Sph,BELLA D_Cedar + -00.75,사출,2026-08-13
S관(3공장),1-Day_Color_Sph,BELLA D_Cedar + -01.00,분리,2026-08-14
S관(3공장),1-Day_Color_Sph,BELLA D_Cedar + -01.00,사출,2026-08-13
S관(3공장),1-Day_Color_Sph,BELLA D_Cedar + -01.25,분리,2026-08-14
S관(3공장),1-Day_Color_Sph,BELLA D_Cedar + -01.25,사출,2026-08-13
S관(3공장),1-Day_Color_Sph,BELLA D_Cedar + -01.50,누수규격,2026-08-18
S관(3공장),1-Day_Color_Sph,BELLA D_Cedar + -01.50,분리,2026-08-14
S관(3공장),1-Day_Color_Sph,BELLA D_Cedar + -01.50,사출,2026-08-13
S관(3공장),1-Day_Color_Sph,BELLA D_Cedar + -01.50,접착,2026-08-17
S관(3공장),1-Day_Color_Sph,BELLA D_Cedar + -01.50,하이드레이션,2026-08-15
S관(3공장),1-Day_Color_Sph,BELLA D_Cedar + -01.75,분리,2026-08-14
S관(3공장),1-Day_Color_Sph,BELLA D_Cedar + -01.75,사출,2026-08-13
S관(3공장),1-Day_Color_Sph,BELLA D_Cedar + -02.00,분리,2026-08-14
S관(3공장),1-Day_Color_Sph,BELLA D_Cedar + -02.00,사출,2026-08-13
S관(3공장),1-Day_Color_Sph,BELLA D_Cedar + -02.25,분리,2026-08-14
S관(3공장),1-Day_Color_Sph,BELLA D_Cedar + -02.25,사출,2026-08-13
S관(3공장),1-Day_Color_Sph,BELLA D_Cedar + -02.50,분리,2026-08-14
S관(3공장),1-Day_Color_Sph,BELLA D_Cedar + -02.50,사출,2026-08-13
S관(3공장),1-Day_Color_Sph,BELLA D_Cedar + -02.75,분리,2026-08-14
S관(3공장),1-Day_Color_Sph,BELLA D_Cedar + -02.75,사출,2026-08-13
S관(3공장),1-Day_Color_Sph,BELLA D_Cedar + -03.00,분리,2026-08-14
S관(3공장),1-Day_Color_Sph,BELLA D_Cedar + -03.00,사출,2026-08-13
S관(3공장),1-Day_Color_Sph,BELLA D_Cedar + -03.25,분리,2026-08-14
S관(3공장),1-Day_Color_Sph,BELLA D_Cedar + -03.25,사출,2026-08-13
S관(3공장),1-Day_Color_Sph,BELLA D_Cedar + -03.50,분리,2026-08-14
S관(3공장),1-Day_Color_Sph,BELLA D_Cedar + -03.50,사출,2026-08-13
S관(3공장),1-Day_Color_Sph,BELLA D_Cedar + -03.75,분리,2026-08-14
S관(3공장),1-Day_Color_Sph,BELLA D_Cedar + -03.75,사출,2026-08-13
S관(3공장),1-Day_Color_Sph,BELLA D_Cedar + -04.00,분리,2026-08-14
S관(3공장),1-Day_Color_Sph,BELLA D_Cedar + -04.00,사출,2026-08-13
S관(3공장),1-Day_Color_Sph,BELLA D_Cedar + -04.50,분리,2026-08-14
S관(3공장),1-Day_Color_Sph,BELLA D_Cedar + -04.50,사출,2026-08-13
S관(3공장),1-Day_Color_Sph,BELLA D_Cedar + -06.00,분리,2026-08-14
S관(3공장),1-Day_Color_Sph,BELLA D_Cedar + -06.00,사출,2026-08-13
S관(3공장),1-Day_Color_Sph,BELLA D_Garnet + -00.00,누수규격,2026-08-18
S관(3공장),1-Day_Color_Sph,BELLA D_Garnet + -00.00,접착,2026-08-17
S관(3공장),1-Day_Color_Sph,BELLA D_Garnet + -00.00,하이드레이션,2026-08-15
S관(3공장),1-Day_Color_Sph,BELLA D_Pine + -00.00,누수규격,2026-08-18
S관(3공장),1-Day_Color_Sph,BELLA D_Pine + -00.00,접착,2026-08-17
S관(3공장),1-Day_Color_Sph,BELLA D_Pine + -00.00,하이드레이션,2026-08-15
S관(3공장),1-Day_Color_Sph,BELLA D_Pine + -00.50,분리,2026-08-14
S관(3공장),1-Day_Color_Sph,BELLA D_Pine + -00.50,사출,2026-08-13
S관(3공장),1-Day_Color_Sph,BELLA D_Pine + -00.75,분리,2026-08-14
S관(3공장),1-Day_Color_Sph,BELLA D_Pine + -00.75,사출,2026-08-13
S관(3공장),1-Day_Color_Sph,BELLA D_Pine + -01.50,분리,2026-08-14
S관(3공장),1-Day_Color_Sph,BELLA D_Pine + -01.50,사출,2026-08-13
S관(3공장),1-Day_Color_Sph,BELLA D_Pine + -01.75,분리,2026-08-14
S관(3공장),1-Day_Color_Sph,BELLA D_Pine + -01.75,사출,2026-08-13
S관(3공장),1-Day_Color_Sph,BELLA D_Pine + -02.00,분리,2026-08-14
S관(3공장),1-Day_Color_Sph,BELLA D_Pine + -02.00,사출,2026-08-13
S관(3공장),1-Day_Color_Sph,BELLA D_Pine + -02.25,분리,2026-08-14
S관(3공장),1-Day_Color_Sph,BELLA D_Pine + -02.25,사출,2026-08-13
S관(3공장),1-Day_Color_Sph,BELLA D_Pine + -02.50,분리,2026-08-14
S관(3공장),1-Day_Color_Sph,BELLA D_Pine + -02.50,사출,2026-08-13
S관(3공장),1-Day_Color_Sph,BELLA D_Pine + -02.75,분리,2026-08-14
S관(3공장),1-Day_Color_Sph,BELLA D_Pine + -02.75,사출,2026-08-13
S관(3공장),1-Day_Color_Sph,BELLA D_Pine + -03.00,분리,2026-08-14
S관(3공장),1-Day_Color_Sph,BELLA D_Pine + -03.00,사출,2026-08-13
S관(3공장),1-Day_Color_Sph,BELLA D_Pine + -03.25,분리,2026-08-14
S관(3공장),1-Day_Color_Sph,BELLA D_Pine + -03.25,사출,2026-08-13
S관(3공장),1-Day_Color_Sph,BELLA D_Pine + -03.75,분리,2026-08-14
S관(3공장),1-Day_Color_Sph,BELLA D_Pine + -03.75,사출,2026-08-13
S관(3공장),1-Day_Color_Sph,BELLA D_Pine + -04.00,분리,2026-08-14
S관(3공장),1-Day_Color_Sph,BELLA D_Pine + -04.00,사출,2026-08-13
S관(3공장),1-Day_Color_Sph,BELLA D_Pine + -04.50,분리,2026-08-14
S관(3공장),1-Day_Color_Sph,BELLA D_Pine + -04.50,사출,2026-08-13
S관(3공장),1-Day_Color_Sph,BELLA D_Saudi_Cedar_55% + -00.50,누수규격,2026-08-18
S관(3공장),1-Day_Color_Sph,BELLA D_Saudi_Cedar_55% + -00.50,접착,2026-08-17
S관(3공장),1-Day_Color_Sph,BELLA D_Saudi_Cedar_55% + -00.50,하이드레이션,2026-08-15
S관(3공장),1-Day_Color_Sph,BELLA D_Saudi_Cedar_55% + -00.75,누수규격,2026-08-18
S관(3공장),1-Day_Color_Sph,BELLA D_Saudi_Cedar_55% + -00.75,접착,2026-08-17
S관(3공장),1-Day_Color_Sph,BELLA D_Saudi_Cedar_55% + -00.75,하이드레이션,2026-08-15
S관(3공장),1-Day_Color_Sph,BELLA D_Saudi_Cedar_55% + -01.00,누수규격,2026-08-18
S관(3공장),1-Day_Color_Sph,BELLA D_Saudi_Cedar_55% + -01.00,접착,2026-08-17
S관(3공장),1-Day_Color_Sph,BELLA D_Saudi_Cedar_55% + -01.00,하이드레이션,2026-08-15
S관(3공장),1-Day_Color_Sph,BELLA D_Saudi_Cedar_55% + -01.25,누수규격,2026-08-18
S관(3공장),1-Day_Color_Sph,BELLA D_Saudi_Cedar_55% + -01.25,접착,2026-08-17
S관(3공장),1-Day_Color_Sph,BELLA D_Saudi_Cedar_55% + -01.25,하이드레이션,2026-08-15
S관(3공장),1-Day_Color_Sph,BELLA D_Saudi_Cedar_55% + -01.50,누수규격,2026-08-18
S관(3공장),1-Day_Color_Sph,BELLA D_Saudi_Cedar_55% + -01.50,접착,2026-08-17
S관(3공장),1-Day_Color_Sph,BELLA D_Saudi_Cedar_55% + -01.50,하이드레이션,2026-08-15
S관(3공장),1-Day_Color_Sph,BELLA D_Saudi_Cedar_55% + -01.75,누수규격,2026-08-18
S관(3공장),1-Day_Color_Sph,BELLA D_Saudi_Cedar_55% + -01.75,접착,2026-08-17
S관(3공장),1-Day_Color_Sph,BELLA D_Saudi_Cedar_55% + -01.75,하이드레이션,2026-08-15
S관(3공장),1-Day_Color_Sph,BELLA D_Saudi_Cedar_55% + -02.00,누수규격,2026-08-18
S관(3공장),1-Day_Color_Sph,BELLA D_Saudi_Cedar_55% + -02.00,접착,2026-08-17
S관(3공장),1-Day_Color_Sph,BELLA D_Saudi_Cedar_55% + -02.00,하이드레이션,2026-08-15
S관(3공장),1-Day_Color_Sph,BELLA D_Saudi_Cedar_55% + -02.25,누수규격,2026-08-18
S관(3공장),1-Day_Color_Sph,BELLA D_Saudi_Cedar_55% + -02.25,접착,2026-08-17
S관(3공장),1-Day_Color_Sph,BELLA D_Saudi_Cedar_55% + -02.25,하이드레이션,2026-08-15
S관(3공장),1-Day_Color_Sph,BELLA D_Saudi_Cedar_55% + -02.50,누수규격,2026-08-18
S관(3공장),1-Day_Color_Sph,BELLA D_Saudi_Cedar_55% + -02.50,접착,2026-08-17
S관(3공장),1-Day_Color_Sph,BELLA D_Saudi_Cedar_55% + -02.50,하이드레이션,2026-08-15
S관(3공장),1-Day_Color_Sph,BELLA D_Saudi_Cedar_55% + -02.75,누수규격,2026-08-18
S관(3공장),1-Day_Color_Sph,BELLA D_Saudi_Cedar_55% + -02.75,접착,2026-08-17
S관(3공장),1-Day_Color_Sph,BELLA D_Saudi_Cedar_55% + -02.75,하이드레이션,2026-08-15
S관(3공장),1-Day_Color_Sph,BELLA D_Saudi_Cedar_55% + -03.00,누수규격,2026-08-18
S관(3공장),1-Day_Color_Sph,BELLA D_Saudi_Cedar_55% + -03.00,접착,2026-08-17
S관(3공장),1-Day_Color_Sph,BELLA D_Saudi_Cedar_55% + -03.00,하이드레이션,2026-08-15
S관(3공장),1-Day_Color_Sph,BELLA D_Saudi_Cedar_55% + -03.25,누수규격,2026-08-18
S관(3공장),1-Day_Color_Sph,BELLA D_Saudi_Cedar_55% + -03.25,접착,2026-08-17
S관(3공장),1-Day_Color_Sph,BELLA D_Saudi_Cedar_55% + -03.25,하이드레이션,2026-08-15
S관(3공장),1-Day_Color_Sph,BELLA D_Saudi_Cedar_55% + -03.50,누수규격,2026-08-18
S관(3공장),1-Day_Color_Sph,BELLA D_Saudi_Cedar_55% + -03.50,접착,2026-08-17
S관(3공장),1-Day_Color_Sph,BELLA D_Saudi_Cedar_55% + -03.50,하이드레이션,2026-08-15
S관(3공장),1-Day_Color_Sph,BELLA D_Saudi_Cedar_55% + -03.75,누수규격,2026-08-18
S관(3공장),1-Day_Color_Sph,BELLA D_Saudi_Cedar_55% + -03.75,접착,2026-08-17
S관(3공장),1-Day_Color_Sph,BELLA D_Saudi_Cedar_55% + -03.75,하이드레이션,2026-08-15
S관(3공장),1-Day_Color_Sph,BELLA D_Saudi_Cedar_55% + -04.00,누수규격,2026-08-18
S관(3공장),1-Day_Color_Sph,BELLA D_Saudi_Cedar_55% + -04.00,접착,2026-08-17
S관(3공장),1-Day_Color_Sph,BELLA D_Saudi_Cedar_55% + -04.00,하이드레이션,2026-08-15
S관(3공장),1-Day_Color_Sph,BELLA D_Saudi_Cedar_55% + -04.50,누수규격,2026-08-18
S관(3공장),1-Day_Color_Sph,BELLA D_Saudi_Cedar_55% + -04.50,접착,2026-08-17
S관(3공장),1-Day_Color_Sph,BELLA D_Saudi_Cedar_55% + -04.50,하이드레이션,2026-08-15
S관(3공장),1-Day_Color_Sph,BELLA D_Saudi_Cedar_55% + -05.50,누수규격,2026-08-18
S관(3공장),1-Day_Color_Sph,BELLA D_Saudi_Cedar_55% + -05.50,접착,2026-08-17
S관(3공장),1-Day_Color_Sph,BELLA D_Saudi_Cedar_55% + -05.50,하이드레이션,2026-08-15
S관(3공장),1-Day_Color_Sph,BELLA D_Saudi_Cedar_55% + -06.00,누수규격,2026-08-18
S관(3공장),1-Day_Color_Sph,BELLA D_Saudi_Cedar_55% + -06.00,접착,2026-08-17
S관(3공장),1-Day_Color_Sph,BELLA D_Saudi_Cedar_55% + -06.00,하이드레이션,2026-08-15
S관(3공장),1-Day_Color_Sph,BELLA D_Saudi_Pine_55% + -00.50,누수규격,2026-08-18
S관(3공장),1-Day_Color_Sph,BELLA D_Saudi_Pine_55% + -00.50,접착,2026-08-17
S관(3공장),1-Day_Color_Sph,BELLA D_Saudi_Pine_55% + -00.50,하이드레이션,2026-08-15
S관(3공장),1-Day_Color_Sph,BELLA D_Saudi_Pine_55% + -00.75,누수규격,2026-08-18
S관(3공장),1-Day_Color_Sph,BELLA D_Saudi_Pine_55% + -00.75,접착,2026-08-17
S관(3공장),1-Day_Color_Sph,BELLA D_Saudi_Pine_55% + -00.75,하이드레이션,2026-08-15
S관(3공장),1-Day_Color_Sph,BELLA D_Saudi_Pine_55% + -01.50,누수규격,2026-08-18
S관(3공장),1-Day_Color_Sph,BELLA D_Saudi_Pine_55% + -01.50,접착,2026-08-17
S관(3공장),1-Day_Color_Sph,BELLA D_Saudi_Pine_55% + -01.50,하이드레이션,2026-08-15
S관(3공장),1-Day_Color_Sph,BELLA D_Saudi_Pine_55% + -01.75,누수규격,2026-08-18
S관(3공장),1-Day_Color_Sph,BELLA D_Saudi_Pine_55% + -01.75,접착,2026-08-17
S관(3공장),1-Day_Color_Sph,BELLA D_Saudi_Pine_55% + -01.75,하이드레이션,2026-08-15
S관(3공장),1-Day_Color_Sph,BELLA D_Saudi_Pine_55% + -02.00,누수규격,2026-08-18
S관(3공장),1-Day_Color_Sph,BELLA D_Saudi_Pine_55% + -02.00,접착,2026-08-17
S관(3공장),1-Day_Color_Sph,BELLA D_Saudi_Pine_55% + -02.00,하이드레이션,2026-08-15
S관(3공장),1-Day_Color_Sph,BELLA D_Saudi_Pine_55% + -02.25,누수규격,2026-08-18
S관(3공장),1-Day_Color_Sph,BELLA D_Saudi_Pine_55% + -02.25,접착,2026-08-17
S관(3공장),1-Day_Color_Sph,BELLA D_Saudi_Pine_55% + -02.25,하이드레이션,2026-08-15
S관(3공장),1-Day_Color_Sph,BELLA D_Saudi_Pine_55% + -02.50,누수규격,2026-08-18
S관(3공장),1-Day_Color_Sph,BELLA D_Saudi_Pine_55% + -02.50,접착,2026-08-17
S관(3공장),1-Day_Color_Sph,BELLA D_Saudi_Pine_55% + -02.50,하이드레이션,2026-08-15
S관(3공장),1-Day_Color_Sph,BELLA D_Saudi_Pine_55% + -02.75,누수규격,2026-08-18
S관(3공장),1-Day_Color_Sph,BELLA D_Saudi_Pine_55% + -02.75,접착,2026-08-17
S관(3공장),1-Day_Color_Sph,BELLA D_Saudi_Pine_55% + -02.75,하이드레이션,2026-08-15
S관(3공장),1-Day_Color_Sph,BELLA D_Saudi_Pine_55% + -03.00,누수규격,2026-08-18
S관(3공장),1-Day_Color_Sph,BELLA D_Saudi_Pine_55% + -03.00,접착,2026-08-17
S관(3공장),1-Day_Color_Sph,BELLA D_Saudi_Pine_55% + -03.00,하이드레이션,2026-08-15
S관(3공장),1-Day_Color_Sph,BELLA D_Saudi_Pine_55% + -03.25,누수규격,2026-08-18
S관(3공장),1-Day_Color_Sph,BELLA D_Saudi_Pine_55% + -03.25,접착,2026-08-17
S관(3공장),1-Day_Color_Sph,BELLA D_Saudi_Pine_55% + -03.25,하이드레이션,2026-08-15
S관(3공장),1-Day_Color_Sph,BELLA D_Saudi_Pine_55% + -03.75,누수규격,2026-08-18
S관(3공장),1-Day_Color_Sph,BELLA D_Saudi_Pine_55% + -03.75,접착,2026-08-17
S관(3공장),1-Day_Color_Sph,BELLA D_Saudi_Pine_55% + -03.75,하이드레이션,2026-08-15
S관(3공장),1-Day_Color_Sph,BELLA D_Saudi_Pine_55% + -04.00,누수규격,2026-08-18
S관(3공장),1-Day_Color_Sph,BELLA D_Saudi_Pine_55% + -04.00,접착,2026-08-17
S관(3공장),1-Day_Color_Sph,BELLA D_Saudi_Pine_55% + -04.00,하이드레이션,2026-08-15
S관(3공장),1-Day_Color_Sph,BELLA D_Saudi_Pine_55% + -04.50,누수규격,2026-08-18
S관(3공장),1-Day_Color_Sph,BELLA D_Saudi_Pine_55% + -04.50,접착,2026-08-17
S관(3공장),1-Day_Color_Sph,BELLA D_Saudi_Pine_55% + -04.50,하이드레이션,2026-08-15
S관(3공장),1-Day_Color_Sph,BELLA D_Saudi_Pine_55% + -05.50,누수규격,2026-08-18
S관(3공장),1-Day_Color_Sph,BELLA D_Saudi_Pine_55% + -05.50,접착,2026-08-17
S관(3공장),1-Day_Color_Sph,BELLA D_Saudi_Pine_55% + -05.50,하이드레이션,2026-08-15
S관(3공장),1-Day_Color_Sph,BELLA D_Star + -00.00,누수규격,2026-08-18
S관(3공장),1-Day_Color_Sph,BELLA D_Star + -00.00,분리,2026-08-14
S관(3공장),1-Day_Color_Sph,BELLA D_Star + -00.00,접착,2026-08-17
S관(3공장),1-Day_Color_Sph,BELLA D_Star + -00.00,하이드레이션,2026-08-15
S관(3공장),1-Day_Color_Sph,BELLA D_Star + -02.75,누수규격,2026-08-18
S관(3공장),1-Day_Color_Sph,BELLA D_Star + -02.75,접착,2026-08-17
S관(3공장),1-Day_Color_Sph,BELLA D_Star + -02.75,하이드레이션,2026-08-15
S관(3공장),1-Day_Color_Sph,Clalen D_Canola Brown + -00.00,누수규격,2026-08-18
S관(3공장),1-Day_Color_Sph,Clalen D_Canola Brown + -00.00,분리,2026-08-14
S관(3공장),1-Day_Color_Sph,Clalen D_Canola Brown + -00.00,사출,2026-08-13
S관(3공장),1-Day_Color_Sph,Clalen D_Canola Brown + -00.00,접착,2026-08-17
S관(3공장),1-Day_Color_Sph,Clalen D_Canola Brown + -00.00,하이드레이션,2026-08-15
S관(3공장),1-Day_Color_Sph,Clalen D_Canola Brown + -02.75,누수규격,2026-08-18
S관(3공장),1-Day_Color_Sph,Clalen D_Canola Brown + -02.75,분리,2026-08-14
S관(3공장),1-Day_Color_Sph,Clalen D_Canola Brown + -02.75,사출,2026-08-13
S관(3공장),1-Day_Color_Sph,Clalen D_Canola Brown + -02.75,접착,2026-08-17
S관(3공장),1-Day_Color_Sph,Clalen D_Canola Brown + -02.75,하이드레이션,2026-08-15
S관(3공장),1-Day_Color_Sph,Clalen D_Canola Brown + -03.25,누수규격,2026-08-18
S관(3공장),1-Day_Color_Sph,Clalen D_Canola Brown + -03.25,분리,2026-08-14
S관(3공장),1-Day_Color_Sph,Clalen D_Canola Brown + -03.25,사출,2026-08-13
S관(3공장),1-Day_Color_Sph,Clalen D_Canola Brown + -03.25,접착,2026-08-17
S관(3공장),1-Day_Color_Sph,Clalen D_Canola Brown + -03.25,하이드레이션,2026-08-15
S관(3공장),1-Day_Color_Sph,Clalen D_Canola Brown + -04.25,누수규격,2026-08-18
S관(3공장),1-Day_Color_Sph,Clalen D_Canola Brown + -04.25,분리,2026-08-14
S관(3공장),1-Day_Color_Sph,Clalen D_Canola Brown + -04.25,사출,2026-08-13
S관(3공장),1-Day_Color_Sph,Clalen D_Canola Brown + -04.25,접착,2026-08-17
S관(3공장),1-Day_Color_Sph,Clalen D_Canola Brown + -04.25,하이드레이션,2026-08-15
S관(3공장),1-Day_Color_Sph,Clalen D_Canola Brown + -05.25,누수규격,2026-08-18
S관(3공장),1-Day_Color_Sph,Clalen D_Canola Brown + -05.25,분리,2026-08-14
S관(3공장),1-Day_Color_Sph,Clalen D_Canola Brown + -05.25,사출,2026-08-13
S관(3공장),1-Day_Color_Sph,Clalen D_Canola Brown + -05.25,접착,2026-08-17
S관(3공장),1-Day_Color_Sph,Clalen D_Canola Brown + -05.25,하이드레이션,2026-08-15
S관(3공장),1-Day_Color_Sph,Clalen D_Canola Brown + -09.00,누수규격,2026-08-18
S관(3공장),1-Day_Color_Sph,Clalen D_Canola Brown + -09.00,분리,2026-08-14
S관(3공장),1-Day_Color_Sph,Clalen D_Canola Brown + -09.00,사출,2026-08-13
S관(3공장),1-Day_Color_Sph,Clalen D_Canola Brown + -09.00,접착,2026-08-17
S관(3공장),1-Day_Color_Sph,Clalen D_Canola Brown + -09.00,하이드레이션,2026-08-15
S관(3공장),1-Day_Color_Sph,Clalen D_Mimosa Brown + -00.00,누수규격,2026-08-18
S관(3공장),1-Day_Color_Sph,Clalen D_Mimosa Brown + -00.00,분리,2026-08-14
S관(3공장),1-Day_Color_Sph,Clalen D_Mimosa Brown + -00.00,사출,2026-08-13
S관(3공장),1-Day_Color_Sph,Clalen D_Mimosa Brown + -00.00,접착,2026-08-17
S관(3공장),1-Day_Color_Sph,Clalen D_Mimosa Brown + -00.00,하이드레이션,2026-08-15
S관(3공장),1-Day_Color_Sph,Clalen D_Mimosa Brown + -01.50,누수규격,2026-08-18
S관(3공장),1-Day_Color_Sph,Clalen D_Mimosa Brown + -01.50,접착,2026-08-17
S관(3공장),1-Day_Color_Sph,Clalen D_Mimosa Brown + -02.00,누수규격,2026-08-18
S관(3공장),1-Day_Color_Sph,Clalen D_Mimosa Brown + -02.00,접착,2026-08-17
S관(3공장),1-Day_Color_Sph,Clalen D_Mimosa Brown + -02.25,누수규격,2026-08-18
S관(3공장),1-Day_Color_Sph,Clalen D_Mimosa Brown + -02.25,접착,2026-08-17
S관(3공장),1-Day_Color_Sph,Clalen D_Mimosa Brown + -02.25,하이드레이션,2026-08-15
S관(3공장),1-Day_Color_Sph,Clalen D_Mimosa Brown + -02.50,누수규격,2026-08-18
S관(3공장),1-Day_Color_Sph,Clalen D_Mimosa Brown + -02.50,접착,2026-08-17
S관(3공장),1-Day_Color_Sph,Clalen D_Mimosa Brown + -02.75,누수규격,2026-08-18
S관(3공장),1-Day_Color_Sph,Clalen D_Mimosa Brown + -02.75,접착,2026-08-17
S관(3공장),1-Day_Color_Sph,Clalen D_Mimosa Brown + -03.00,누수규격,2026-08-18
S관(3공장),1-Day_Color_Sph,Clalen D_Mimosa Brown + -03.00,접착,2026-08-17
S관(3공장),1-Day_Color_Sph,Clalen D_Mimosa Brown + -03.50,누수규격,2026-08-18
S관(3공장),1-Day_Color_Sph,Clalen D_Mimosa Brown + -03.50,접착,2026-08-17
S관(3공장),1-Day_Color_Sph,Clalen D_Mimosa Brown + -03.50,하이드레이션,2026-08-15
S관(3공장),1-Day_Color_Sph,Clalen D_Mimosa Brown + -04.50,누수규격,2026-08-18
S관(3공장),1-Day_Color_Sph,Clalen D_Mimosa Brown + -04.50,접착,2026-08-17
S관(3공장),1-Day_Color_Sph,Clalen D_Mimosa Brown + -04.75,누수규격,2026-08-18
S관(3공장),1-Day_Color_Sph,Clalen D_Mimosa Brown + -04.75,접착,2026-08-17
S관(3공장),1-Day_Color_Sph,Clalen D_Mimosa Brown + -06.50,누수규격,2026-08-18
S관(3공장),1-Day_Color_Sph,Clalen D_Mimosa Brown + -06.50,분리,2026-08-14
S관(3공장),1-Day_Color_Sph,Clalen D_Mimosa Brown + -06.50,사출,2026-08-13
S관(3공장),1-Day_Color_Sph,Clalen D_Mimosa Brown + -06.50,접착,2026-08-17
S관(3공장),1-Day_Color_Sph,Clalen D_Mimosa Brown + -06.50,하이드레이션,2026-08-15
S관(3공장),1-Day_Color_Sph,Clalen D_Mimosa Brown + -07.50,누수규격,2026-08-18
S관(3공장),1-Day_Color_Sph,Clalen D_Mimosa Brown + -07.50,접착,2026-08-17
S관(3공장),1-Day_Color_Sph,Clalen D_Mimosa Brown + -10.00,누수규격,2026-08-18
S관(3공장),1-Day_Color_Sph,Clalen D_Mimosa Brown + -10.00,접착,2026-08-17
S관(3공장),1-Day_Color_Sph,Clalen D_Pink Tulip Brown + -02.50,누수규격,2026-08-18
S관(3공장),1-Day_Color_Sph,Clalen D_Pink Tulip Brown + -02.50,분리,2026-08-14
S관(3공장),1-Day_Color_Sph,Clalen D_Pink Tulip Brown + -02.50,사출,2026-08-13
S관(3공장),1-Day_Color_Sph,Clalen D_Pink Tulip Brown + -02.50,접착,2026-08-17
S관(3공장),1-Day_Color_Sph,Clalen D_Pink Tulip Brown + -02.50,하이드레이션,2026-08-15
S관(3공장),1-Day_Color_Sph,Clalen D_Pink Tulip Brown + -03.25,누수규격,2026-08-18
S관(3공장),1-Day_Color_Sph,Clalen D_Pink Tulip Brown + -03.25,접착,2026-08-17
S관(3공장),1-Day_Color_Sph,Clalen D_Pink Tulip Brown + -03.25,하이드레이션,2026-08-15
S관(3공장),1-Day_Color_Sph,Clalen D_Pink Tulip Brown + -03.50,누수규격,2026-08-18
S관(3공장),1-Day_Color_Sph,Clalen D_Pink Tulip Brown + -03.50,접착,2026-08-17
S관(3공장),1-Day_Color_Sph,Clalen D_Pink Tulip Brown + -03.50,하이드레이션,2026-08-15
S관(3공장),1-Day_Color_Sph,Clalen D_Pink Tulip Brown + -08.50,누수규격,2026-08-18
S관(3공장),1-Day_Color_Sph,Clalen D_Pink Tulip Brown + -08.50,분리,2026-08-14
S관(3공장),1-Day_Color_Sph,Clalen D_Pink Tulip Brown + -08.50,사출,2026-08-13
S관(3공장),1-Day_Color_Sph,Clalen D_Pink Tulip Brown + -08.50,접착,2026-08-17
S관(3공장),1-Day_Color_Sph,Clalen D_Pink Tulip Brown + -08.50,하이드레이션,2026-08-15
S관(3공장),1-Day_Color_Sph,Clalen D_Pink Tulip Brown + -09.50,누수규격,2026-08-18
S관(3공장),1-Day_Color_Sph,Clalen D_Pink Tulip Brown + -09.50,분리,2026-08-14
S관(3공장),1-Day_Color_Sph,Clalen D_Pink Tulip Brown + -09.50,사출,2026-08-13
S관(3공장),1-Day_Color_Sph,Clalen D_Pink Tulip Brown + -09.50,접착,2026-08-17
S관(3공장),1-Day_Color_Sph,Clalen D_Pink Tulip Brown + -09.50,하이드레이션,2026-08-15
S관(3공장),1-Day_Color_Sph,Clalen D_Pink Tulip Brown + -10.00,누수규격,2026-08-18
S관(3공장),1-Day_Color_Sph,Clalen D_Pink Tulip Brown + -10.00,분리,2026-08-14
S관(3공장),1-Day_Color_Sph,Clalen D_Pink Tulip Brown + -10.00,사출,2026-08-13
S관(3공장),1-Day_Color_Sph,Clalen D_Pink Tulip Brown + -10.00,접착,2026-08-17
S관(3공장),1-Day_Color_Sph,Clalen D_Pink Tulip Brown + -10.00,하이드레이션,2026-08-15
S관(3공장),1-Day_Color_Sph,DYE D_LAVA + -00.00,누수규격,2026-08-18
S관(3공장),1-Day_Color_Sph,DYE D_LAVA + -00.00,분리,2026-08-14
S관(3공장),1-Day_Color_Sph,DYE D_LAVA + -00.00,사출,2026-08-13
S관(3공장),1-Day_Color_Sph,DYE D_LAVA + -00.00,접착,2026-08-17
S관(3공장),1-Day_Color_Sph,DYE D_LAVA + -00.00,하이드레이션,2026-08-15
S관(3공장),1-Day_Color_Sph,DYE D_LAVA + -01.25,누수규격,2026-08-18
S관(3공장),1-Day_Color_Sph,DYE D_LAVA + -01.25,접착,2026-08-17
S관(3공장),1-Day_Color_Sph,DYE D_LAVA + -01.25,하이드레이션,2026-08-15
S관(3공장),1-Day_Color_Sph,DYE D_ONYX + -00.00,누수규격,2026-08-18
S관(3공장),1-Day_Color_Sph,DYE D_ONYX + -00.00,접착,2026-08-17
S관(3공장),1-Day_Color_Sph,DYE D_ONYX + -00.00,하이드레이션,2026-08-15
S관(3공장),1-Day_Color_Sph,DYE D_ONYX + -01.50,누수규격,2026-08-18
S관(3공장),1-Day_Color_Sph,DYE D_ONYX + -01.50,분리,2026-08-14
S관(3공장),1-Day_Color_Sph,DYE D_ONYX + -01.50,사출,2026-08-13
S관(3공장),1-Day_Color_Sph,DYE D_ONYX + -01.50,접착,2026-08-17
S관(3공장),1-Day_Color_Sph,DYE D_ONYX + -01.50,하이드레이션,2026-08-15
S관(3공장),1-Day_Color_Sph,DYE D_ONYX + -05.50,누수규격,2026-08-18
S관(3공장),1-Day_Color_Sph,DYE D_ONYX + -05.50,접착,2026-08-17
S관(3공장),1-Day_Color_Sph,DYE D_ONYX + -05.50,하이드레이션,2026-08-15
S관(3공장),1-Day_Color_Sph,JEWEL MOON D_Cherry Moon + -01.50,누수규격,2026-08-18
S관(3공장),1-Day_Color_Sph,JEWEL MOON D_Cherry Moon + -01.50,분리,2026-08-14
S관(3공장),1-Day_Color_Sph,JEWEL MOON D_Cherry Moon + -01.50,사출,2026-08-13
S관(3공장),1-Day_Color_Sph,JEWEL MOON D_Cherry Moon + -01.50,접착,2026-08-17
S관(3공장),1-Day_Color_Sph,JEWEL MOON D_Cherry Moon + -01.50,하이드레이션,2026-08-15
S관(3공장),1-Day_Color_Sph,JEWEL MOON D_Cherry Moon + -01.75,누수규격,2026-08-18
S관(3공장),1-Day_Color_Sph,JEWEL MOON D_Cherry Moon + -01.75,분리,2026-08-14
S관(3공장),1-Day_Color_Sph,JEWEL MOON D_Cherry Moon + -01.75,사출,2026-08-13
S관(3공장),1-Day_Color_Sph,JEWEL MOON D_Cherry Moon + -01.75,접착,2026-08-17
S관(3공장),1-Day_Color_Sph,JEWEL MOON D_Cherry Moon + -01.75,하이드레이션,2026-08-15
S관(3공장),1-Day_Color_Sph,JEWEL MOON D_Cherry Moon + -04.25,누수규격,2026-08-18
S관(3공장),1-Day_Color_Sph,JEWEL MOON D_Cherry Moon + -04.25,분리,2026-08-14
S관(3공장),1-Day_Color_Sph,JEWEL MOON D_Cherry Moon + -04.25,사출,2026-08-13
S관(3공장),1-Day_Color_Sph,JEWEL MOON D_Cherry Moon + -04.25,접착,2026-08-17
S관(3공장),1-Day_Color_Sph,JEWEL MOON D_Cherry Moon + -04.25,하이드레이션,2026-08-15
S관(3공장),1-Day_Color_Sph,JEWEL MOON D_Cherry Moon + -04.75,누수규격,2026-08-18
S관(3공장),1-Day_Color_Sph,JEWEL MOON D_Cherry Moon + -04.75,분리,2026-08-14
S관(3공장),1-Day_Color_Sph,JEWEL MOON D_Cherry Moon + -04.75,사출,2026-08-13
S관(3공장),1-Day_Color_Sph,JEWEL MOON D_Cherry Moon + -04.75,접착,2026-08-17
S관(3공장),1-Day_Color_Sph,JEWEL MOON D_Cherry Moon + -04.75,하이드레이션,2026-08-15
S관(3공장),1-Day_Color_Sph,JEWEL MOON D_Cherry Moon + -06.00,누수규격,2026-08-18
S관(3공장),1-Day_Color_Sph,JEWEL MOON D_Cherry Moon + -06.00,분리,2026-08-14
S관(3공장),1-Day_Color_Sph,JEWEL MOON D_Cherry Moon + -06.00,사출,2026-08-13
S관(3공장),1-Day_Color_Sph,JEWEL MOON D_Cherry Moon + -06.00,접착,2026-08-17
S관(3공장),1-Day_Color_Sph,JEWEL MOON D_Cherry Moon + -06.00,하이드레이션,2026-08-15
S관(3공장),1-Day_Color_Sph,JEWEL MOON D_Cherry Moon + -08.50,누수규격,2026-08-18
S관(3공장),1-Day_Color_Sph,JEWEL MOON D_Cherry Moon + -08.50,분리,2026-08-14
S관(3공장),1-Day_Color_Sph,JEWEL MOON D_Cherry Moon + -08.50,사출,2026-08-13
S관(3공장),1-Day_Color_Sph,JEWEL MOON D_Cherry Moon + -08.50,접착,2026-08-17
S관(3공장),1-Day_Color_Sph,JEWEL MOON D_Cherry Moon + -08.50,하이드레이션,2026-08-15
S관(3공장),1-Day_Color_Sph,JEWEL MOON D_Cherry Moon + -09.00,누수규격,2026-08-18
S관(3공장),1-Day_Color_Sph,JEWEL MOON D_Cherry Moon + -09.00,분리,2026-08-14
S관(3공장),1-Day_Color_Sph,JEWEL MOON D_Cherry Moon + -09.00,사출,2026-08-13
S관(3공장),1-Day_Color_Sph,JEWEL MOON D_Cherry Moon + -09.00,접착,2026-08-17
S관(3공장),1-Day_Color_Sph,JEWEL MOON D_Cherry Moon + -09.00,하이드레이션,2026-08-15
S관(3공장),1-Day_Color_Sph,JEWEL MOON D_Cherry Moon + -09.50,누수규격,2026-08-18
S관(3공장),1-Day_Color_Sph,JEWEL MOON D_Cherry Moon + -09.50,분리,2026-08-14
S관(3공장),1-Day_Color_Sph,JEWEL MOON D_Cherry Moon + -09.50,사출,2026-08-13
S관(3공장),1-Day_Color_Sph,JEWEL MOON D_Cherry Moon + -09.50,접착,2026-08-17
S관(3공장),1-Day_Color_Sph,JEWEL MOON D_Cherry Moon + -09.50,하이드레이션,2026-08-15
S관(3공장),1-Day_Color_Sph,JEWEL MOON D_Creamy Moon + -00.00,누수규격,2026-08-18
S관(3공장),1-Day_Color_Sph,JEWEL MOON D_Creamy Moon + -00.00,분리,2026-08-14
S관(3공장),1-Day_Color_Sph,JEWEL MOON D_Creamy Moon + -00.00,사출,2026-08-13
S관(3공장),1-Day_Color_Sph,JEWEL MOON D_Creamy Moon + -00.00,접착,2026-08-17
S관(3공장),1-Day_Color_Sph,JEWEL MOON D_Creamy Moon + -00.00,하이드레이션,2026-08-15
S관(3공장),1-Day_Color_Sph,JEWEL MOON D_Creamy Moon + -01.00,누수규격,2026-08-18
S관(3공장),1-Day_Color_Sph,JEWEL MOON D_Creamy Moon + -01.00,분리,2026-08-14
S관(3공장),1-Day_Color_Sph,JEWEL MOON D_Creamy Moon + -01.00,사출,2026-08-13
S관(3공장),1-Day_Color_Sph,JEWEL MOON D_Creamy Moon + -01.00,접착,2026-08-17
S관(3공장),1-Day_Color_Sph,JEWEL MOON D_Creamy Moon + -01.00,하이드레이션,2026-08-15
S관(3공장),1-Day_Color_Sph,JEWEL MOON D_Creamy Moon + -01.25,누수규격,2026-08-18
S관(3공장),1-Day_Color_Sph,JEWEL MOON D_Creamy Moon + -01.25,분리,2026-08-14
S관(3공장),1-Day_Color_Sph,JEWEL MOON D_Creamy Moon + -01.25,사출,2026-08-13
S관(3공장),1-Day_Color_Sph,JEWEL MOON D_Creamy Moon + -01.25,접착,2026-08-17
S관(3공장),1-Day_Color_Sph,JEWEL MOON D_Creamy Moon + -01.25,하이드레이션,2026-08-15
S관(3공장),1-Day_Color_Sph,JEWEL MOON D_Creamy Moon + -01.75,누수규격,2026-08-18
S관(3공장),1-Day_Color_Sph,JEWEL MOON D_Creamy Moon + -01.75,분리,2026-08-14
S관(3공장),1-Day_Color_Sph,JEWEL MOON D_Creamy Moon + -01.75,사출,2026-08-13
S관(3공장),1-Day_Color_Sph,JEWEL MOON D_Creamy Moon + -01.75,접착,2026-08-17
S관(3공장),1-Day_Color_Sph,JEWEL MOON D_Creamy Moon + -01.75,하이드레이션,2026-08-15
S관(3공장),1-Day_Color_Sph,JEWEL MOON D_Creamy Moon + -03.75,누수규격,2026-08-18
S관(3공장),1-Day_Color_Sph,JEWEL MOON D_Creamy Moon + -03.75,분리,2026-08-14
S관(3공장),1-Day_Color_Sph,JEWEL MOON D_Creamy Moon + -03.75,사출,2026-08-13
S관(3공장),1-Day_Color_Sph,JEWEL MOON D_Creamy Moon + -03.75,접착,2026-08-17
S관(3공장),1-Day_Color_Sph,JEWEL MOON D_Creamy Moon + -03.75,하이드레이션,2026-08-15
S관(3공장),1-Day_Color_Sph,JEWEL MOON D_Creamy Moon + -04.25,누수규격,2026-08-18
S관(3공장),1-Day_Color_Sph,JEWEL MOON D_Creamy Moon + -04.25,분리,2026-08-14
S관(3공장),1-Day_Color_Sph,JEWEL MOON D_Creamy Moon + -04.25,사출,2026-08-13
S관(3공장),1-Day_Color_Sph,JEWEL MOON D_Creamy Moon + -04.25,접착,2026-08-17
S관(3공장),1-Day_Color_Sph,JEWEL MOON D_Creamy Moon + -04.25,하이드레이션,2026-08-15
S관(3공장),1-Day_Color_Sph,JEWEL MOON D_Creamy Moon + -04.50,누수규격,2026-08-18
S관(3공장),1-Day_Color_Sph,JEWEL MOON D_Creamy Moon + -04.50,분리,2026-08-14
S관(3공장),1-Day_Color_Sph,JEWEL MOON D_Creamy Moon + -04.50,사출,2026-08-13
S관(3공장),1-Day_Color_Sph,JEWEL MOON D_Creamy Moon + -04.50,접착,2026-08-17
S관(3공장),1-Day_Color_Sph,JEWEL MOON D_Creamy Moon + -04.50,하이드레이션,2026-08-15
S관(3공장),1-Day_Color_Sph,JEWEL MOON D_Creamy Moon + -06.00,누수규격,2026-08-18
S관(3공장),1-Day_Color_Sph,JEWEL MOON D_Creamy Moon + -06.00,분리,2026-08-14
S관(3공장),1-Day_Color_Sph,JEWEL MOON D_Creamy Moon + -06.00,사출,2026-08-13
S관(3공장),1-Day_Color_Sph,JEWEL MOON D_Creamy Moon + -06.00,접착,2026-08-17
S관(3공장),1-Day_Color_Sph,JEWEL MOON D_Creamy Moon + -06.00,하이드레이션,2026-08-15
S관(3공장),1-Day_Color_Sph,JEWEL MOON D_Creamy Moon + -07.00,누수규격,2026-08-18
S관(3공장),1-Day_Color_Sph,JEWEL MOON D_Creamy Moon + -07.00,분리,2026-08-14
S관(3공장),1-Day_Color_Sph,JEWEL MOON D_Creamy Moon + -07.00,사출,2026-08-13
S관(3공장),1-Day_Color_Sph,JEWEL MOON D_Creamy Moon + -07.00,접착,2026-08-17
S관(3공장),1-Day_Color_Sph,JEWEL MOON D_Creamy Moon + -07.00,하이드레이션,2026-08-15
S관(3공장),1-Day_Color_Sph,JEWEL MOON D_Creamy Moon + -07.50,누수규격,2026-08-18
S관(3공장),1-Day_Color_Sph,JEWEL MOON D_Creamy Moon + -07.50,분리,2026-08-14
S관(3공장),1-Day_Color_Sph,JEWEL MOON D_Creamy Moon + -07.50,사출,2026-08-13
S관(3공장),1-Day_Color_Sph,JEWEL MOON D_Creamy Moon + -07.50,접착,2026-08-17
S관(3공장),1-Day_Color_Sph,JEWEL MOON D_Creamy Moon + -07.50,하이드레이션,2026-08-15
S관(3공장),1-Day_Color_Sph,JEWEL MOON D_Creamy Moon + -08.00,누수규격,2026-08-18
S관(3공장),1-Day_Color_Sph,JEWEL MOON D_Creamy Moon + -08.00,분리,2026-08-14
S관(3공장),1-Day_Color_Sph,JEWEL MOON D_Creamy Moon + -08.00,사출,2026-08-13
S관(3공장),1-Day_Color_Sph,JEWEL MOON D_Creamy Moon + -08.00,접착,2026-08-17
S관(3공장),1-Day_Color_Sph,JEWEL MOON D_Creamy Moon + -08.00,하이드레이션,2026-08-15
S관(3공장),1-Day_Color_Sph,JEWEL MOON D_Ice gray Moon + -05.00,누수규격,2026-08-18
S관(3공장),1-Day_Color_Sph,JEWEL MOON D_Ice gray Moon + -05.00,분리,2026-08-14
S관(3공장),1-Day_Color_Sph,JEWEL MOON D_Ice gray Moon + -05.00,사출,2026-08-13
S관(3공장),1-Day_Color_Sph,JEWEL MOON D_Ice gray Moon + -05.00,접착,2026-08-17
S관(3공장),1-Day_Color_Sph,JEWEL MOON D_Ice gray Moon + -05.00,하이드레이션,2026-08-15
S관(3공장),1-Day_Color_Sph,JEWEL MOON D_Ice gray Moon + -05.50,누수규격,2026-08-18
S관(3공장),1-Day_Color_Sph,JEWEL MOON D_Ice gray Moon + -05.50,분리,2026-08-14
S관(3공장),1-Day_Color_Sph,JEWEL MOON D_Ice gray Moon + -05.50,사출,2026-08-13
S관(3공장),1-Day_Color_Sph,JEWEL MOON D_Ice gray Moon + -05.50,접착,2026-08-17
S관(3공장),1-Day_Color_Sph,JEWEL MOON D_Ice gray Moon + -05.50,하이드레이션,2026-08-15
S관(3공장),1-Day_Color_Sph,JEWEL MOON D_Ice gray Moon + -07.00,누수규격,2026-08-18
S관(3공장),1-Day_Color_Sph,JEWEL MOON D_Ice gray Moon + -07.00,분리,2026-08-14
S관(3공장),1-Day_Color_Sph,JEWEL MOON D_Ice gray Moon + -07.00,사출,2026-08-13
S관(3공장),1-Day_Color_Sph,JEWEL MOON D_Ice gray Moon + -07.00,접착,2026-08-17
S관(3공장),1-Day_Color_Sph,JEWEL MOON D_Ice gray Moon + -07.00,하이드레이션,2026-08-15
S관(3공장),1-Day_Color_Sph,JEWEL MOON D_Ice gray Moon + -09.00,누수규격,2026-08-18
S관(3공장),1-Day_Color_Sph,JEWEL MOON D_Ice gray Moon + -09.00,분리,2026-08-14
S관(3공장),1-Day_Color_Sph,JEWEL MOON D_Ice gray Moon + -09.00,사출,2026-08-13
S관(3공장),1-Day_Color_Sph,JEWEL MOON D_Ice gray Moon + -09.00,접착,2026-08-17
S관(3공장),1-Day_Color_Sph,JEWEL MOON D_Ice gray Moon + -09.00,하이드레이션,2026-08-15
S관(3공장),1-Day_Color_Sph,JEWEL MOON D_Ice gray Moon + -09.50,누수규격,2026-08-18
S관(3공장),1-Day_Color_Sph,JEWEL MOON D_Ice gray Moon + -09.50,분리,2026-08-14
S관(3공장),1-Day_Color_Sph,JEWEL MOON D_Ice gray Moon + -09.50,사출,2026-08-13
S관(3공장),1-Day_Color_Sph,JEWEL MOON D_Ice gray Moon + -09.50,접착,2026-08-17
S관(3공장),1-Day_Color_Sph,JEWEL MOON D_Ice gray Moon + -09.50,하이드레이션,2026-08-15
S관(3공장),1-Day_Sph,1-DAY(OPTIC CENTER) + -00.50,누수규격,2026-08-16
S관(3공장),1-Day_Sph,1-DAY(OPTIC CENTER) + -00.50,접착,2026-08-15
S관(3공장),1-Day_Sph,1-DAY(OPTIC CENTER) + -00.50,하이드레이션,2026-08-13
S관(3공장),1-Day_Sph,1-DAY(OPTIC CENTER) + -00.75,누수규격,2026-08-16
S관(3공장),1-Day_Sph,1-DAY(OPTIC CENTER) + -00.75,접착,2026-08-15
S관(3공장),1-Day_Sph,1-DAY(OPTIC CENTER) + -00.75,하이드레이션,2026-08-13
S관(3공장),1-Day_Sph,1-DAY(OPTIC CENTER) + -01.00,누수규격,2026-08-16
S관(3공장),1-Day_Sph,1-DAY(OPTIC CENTER) + -01.00,접착,2026-08-15
S관(3공장),1-Day_Sph,1-DAY(OPTIC CENTER) + -01.00,하이드레이션,2026-08-13
S관(3공장),1-Day_Sph,1-DAY(OPTIC CENTER) + -01.25,누수규격,2026-08-16
S관(3공장),1-Day_Sph,1-DAY(OPTIC CENTER) + -01.25,접착,2026-08-15
S관(3공장),1-Day_Sph,1-DAY(OPTIC CENTER) + -01.25,하이드레이션,2026-08-13
S관(3공장),1-Day_Sph,1-DAY(OPTIC CENTER) + -01.50,누수규격,2026-08-16
S관(3공장),1-Day_Sph,1-DAY(OPTIC CENTER) + -01.50,접착,2026-08-15
S관(3공장),1-Day_Sph,1-DAY(OPTIC CENTER) + -01.50,하이드레이션,2026-08-13
S관(3공장),1-Day_Sph,1-DAY(OPTIC CENTER) + -01.75,누수규격,2026-08-16
S관(3공장),1-Day_Sph,1-DAY(OPTIC CENTER) + -01.75,접착,2026-08-15
S관(3공장),1-Day_Sph,1-DAY(OPTIC CENTER) + -01.75,하이드레이션,2026-08-13
S관(3공장),1-Day_Sph,1-DAY(OPTIC CENTER) + -02.00,누수규격,2026-08-16
S관(3공장),1-Day_Sph,1-DAY(OPTIC CENTER) + -02.00,접착,2026-08-15
S관(3공장),1-Day_Sph,1-DAY(OPTIC CENTER) + -02.00,하이드레이션,2026-08-13
S관(3공장),1-Day_Sph,1-DAY(OPTIC CENTER) + -02.25,누수규격,2026-08-16
S관(3공장),1-Day_Sph,1-DAY(OPTIC CENTER) + -02.25,접착,2026-08-15
S관(3공장),1-Day_Sph,1-DAY(OPTIC CENTER) + -02.25,하이드레이션,2026-08-13
S관(3공장),1-Day_Sph,1-DAY(OPTIC CENTER) + -02.50,누수규격,2026-08-16
S관(3공장),1-Day_Sph,1-DAY(OPTIC CENTER) + -02.50,접착,2026-08-15
S관(3공장),1-Day_Sph,1-DAY(OPTIC CENTER) + -02.50,하이드레이션,2026-08-13
S관(3공장),1-Day_Sph,1-DAY(OPTIC CENTER) + -02.75,누수규격,2026-08-16
S관(3공장),1-Day_Sph,1-DAY(OPTIC CENTER) + -02.75,접착,2026-08-15
S관(3공장),1-Day_Sph,1-DAY(OPTIC CENTER) + -02.75,하이드레이션,2026-08-13
S관(3공장),1-Day_Sph,1-DAY(OPTIC CENTER) + -03.00,누수규격,2026-08-16
S관(3공장),1-Day_Sph,1-DAY(OPTIC CENTER) + -03.00,접착,2026-08-15
S관(3공장),1-Day_Sph,1-DAY(OPTIC CENTER) + -03.00,하이드레이션,2026-08-13
S관(3공장),1-Day_Sph,1-DAY(OPTIC CENTER) + -03.25,누수규격,2026-08-16
S관(3공장),1-Day_Sph,1-DAY(OPTIC CENTER) + -03.25,접착,2026-08-15
S관(3공장),1-Day_Sph,1-DAY(OPTIC CENTER) + -03.25,하이드레이션,2026-08-13
S관(3공장),1-Day_Sph,1-DAY(OPTIC CENTER) + -03.50,누수규격,2026-08-16
S관(3공장),1-Day_Sph,1-DAY(OPTIC CENTER) + -03.50,접착,2026-08-15
S관(3공장),1-Day_Sph,1-DAY(OPTIC CENTER) + -03.50,하이드레이션,2026-08-13
S관(3공장),1-Day_Sph,1-DAY(OPTIC CENTER) + -03.75,누수규격,2026-08-16
S관(3공장),1-Day_Sph,1-DAY(OPTIC CENTER) + -03.75,접착,2026-08-15
S관(3공장),1-Day_Sph,1-DAY(OPTIC CENTER) + -03.75,하이드레이션,2026-08-13
S관(3공장),1-Day_Sph,1-DAY(OPTIC CENTER) + -04.00,누수규격,2026-08-16
S관(3공장),1-Day_Sph,1-DAY(OPTIC CENTER) + -04.00,접착,2026-08-15
S관(3공장),1-Day_Sph,1-DAY(OPTIC CENTER) + -04.00,하이드레이션,2026-08-13
S관(3공장),1-Day_Sph,1-DAY(OPTIC CENTER) + -04.25,누수규격,2026-08-16
S관(3공장),1-Day_Sph,1-DAY(OPTIC CENTER) + -04.25,접착,2026-08-15
S관(3공장),1-Day_Sph,1-DAY(OPTIC CENTER) + -04.25,하이드레이션,2026-08-13
S관(3공장),1-Day_Sph,1-DAY(OPTIC CENTER) + -04.50,누수규격,2026-08-16
S관(3공장),1-Day_Sph,1-DAY(OPTIC CENTER) + -04.50,접착,2026-08-15
S관(3공장),1-Day_Sph,1-DAY(OPTIC CENTER) + -04.50,하이드레이션,2026-08-13
S관(3공장),1-Day_Sph,1-DAY(OPTIC CENTER) + -04.75,누수규격,2026-08-16
S관(3공장),1-Day_Sph,1-DAY(OPTIC CENTER) + -04.75,접착,2026-08-15
S관(3공장),1-Day_Sph,1-DAY(OPTIC CENTER) + -04.75,하이드레이션,2026-08-13
S관(3공장),1-Day_Sph,1-DAY(OPTIC CENTER) + -05.00,누수규격,2026-08-16
S관(3공장),1-Day_Sph,1-DAY(OPTIC CENTER) + -05.00,접착,2026-08-15
S관(3공장),1-Day_Sph,1-DAY(OPTIC CENTER) + -05.00,하이드레이션,2026-08-13
S관(3공장),1-Day_Sph,1-DAY(OPTIC CENTER) + -05.50,누수규격,2026-08-16
S관(3공장),1-Day_Sph,1-DAY(OPTIC CENTER) + -05.50,접착,2026-08-15
S관(3공장),1-Day_Sph,1-DAY(OPTIC CENTER) + -05.50,하이드레이션,2026-08-13
S관(3공장),1-Day_Sph,1-DAY(OPTIC CENTER) + -05.75,누수규격,2026-08-16
S관(3공장),1-Day_Sph,1-DAY(OPTIC CENTER) + -05.75,접착,2026-08-15
S관(3공장),1-Day_Sph,1-DAY(OPTIC CENTER) + -05.75,하이드레이션,2026-08-13
S관(3공장),1-Day_Sph,1-DAY(OPTIC CENTER) + -06.00,누수규격,2026-08-16
S관(3공장),1-Day_Sph,1-DAY(OPTIC CENTER) + -06.00,접착,2026-08-15
S관(3공장),1-Day_Sph,1-DAY(OPTIC CENTER) + -06.00,하이드레이션,2026-08-13
S관(3공장),1-Day_Sph,1-DAY(OPTIC CENTER) + -06.50,누수규격,2026-08-16
S관(3공장),1-Day_Sph,1-DAY(OPTIC CENTER) + -06.50,접착,2026-08-15
S관(3공장),1-Day_Sph,1-DAY(OPTIC CENTER) + -06.50,하이드레이션,2026-08-13
S관(3공장),1-Day_Sph,1-DAY(OPTIC CENTER) + -07.00,누수규격,2026-08-16
S관(3공장),1-Day_Sph,1-DAY(OPTIC CENTER) + -07.00,접착,2026-08-15
S관(3공장),1-Day_Sph,1-DAY(OPTIC CENTER) + -07.00,하이드레이션,2026-08-13
S관(3공장),1-Day_Sph,1-DAY(OPTIC CENTER) + -07.50,누수규격,2026-08-16
S관(3공장),1-Day_Sph,1-DAY(OPTIC CENTER) + -07.50,접착,2026-08-15
S관(3공장),1-Day_Sph,1-DAY(OPTIC CENTER) + -07.50,하이드레이션,2026-08-13
S관(3공장),1-Day_Sph,1-DAY(OPTIC CENTER) + -08.00,누수규격,2026-08-16
S관(3공장),1-Day_Sph,1-DAY(OPTIC CENTER) + -08.00,접착,2026-08-15
S관(3공장),1-Day_Sph,1-DAY(OPTIC CENTER) + -08.00,하이드레이션,2026-08-13
S관(3공장),1-Day_Sph,1-DAY(OPTIC CENTER) + -08.50,누수규격,2026-08-16
S관(3공장),1-Day_Sph,1-DAY(OPTIC CENTER) + -08.50,접착,2026-08-15
S관(3공장),1-Day_Sph,1-DAY(OPTIC CENTER) + -08.50,하이드레이션,2026-08-13
S관(3공장),1-Day_Sph,1-DAY(OPTIC CENTER) + -09.00,누수규격,2026-08-16
S관(3공장),1-Day_Sph,1-DAY(OPTIC CENTER) + -09.00,접착,2026-08-15
S관(3공장),1-Day_Sph,1-DAY(OPTIC CENTER) + -09.00,하이드레이션,2026-08-13
S관(3공장),1-Day_Sph,1-DAY(OPTIC CENTER) + -09.50,누수규격,2026-08-16
S관(3공장),1-Day_Sph,1-DAY(OPTIC CENTER) + -09.50,접착,2026-08-15
S관(3공장),1-Day_Sph,1-DAY(OPTIC CENTER) + -09.50,하이드레이션,2026-08-13
S관(3공장),1-Day_Sph,1-DAY(OPTIC CENTER) + -10.00,누수규격,2026-08-16
S관(3공장),1-Day_Sph,1-DAY(OPTIC CENTER) + -10.00,접착,2026-08-15
S관(3공장),1-Day_Sph,1-DAY(OPTIC CENTER) + -10.00,하이드레이션,2026-08-13
S관(3공장),1-Day_Sph,1-DAY(OPTIC CENTER) + -10.50,누수규격,2026-08-16
S관(3공장),1-Day_Sph,1-DAY(OPTIC CENTER) + -10.50,접착,2026-08-15
S관(3공장),1-Day_Sph,1-DAY(OPTIC CENTER) + -10.50,하이드레이션,2026-08-13
S관(3공장),1-Day_Sph,1-DAY(OPTIC CENTER) + -11.00,누수규격,2026-08-16
S관(3공장),1-Day_Sph,1-DAY(OPTIC CENTER) + -11.00,접착,2026-08-15
S관(3공장),1-Day_Sph,1-DAY(OPTIC CENTER) + -11.00,하이드레이션,2026-08-13
S관(3공장),1-Day_Sph,1-DAY(OPTIC CENTER) + -11.50,누수규격,2026-08-16
S관(3공장),1-Day_Sph,1-DAY(OPTIC CENTER) + -11.50,접착,2026-08-15
S관(3공장),1-Day_Sph,1-DAY(OPTIC CENTER) + -11.50,하이드레이션,2026-08-13
S관(3공장),1-Day_Sph,1-DAY(OPTIC CENTER) + -12.00,누수규격,2026-08-16
S관(3공장),1-Day_Sph,1-DAY(OPTIC CENTER) + -12.00,접착,2026-08-15
S관(3공장),1-Day_Sph,1-DAY(OPTIC CENTER) + -12.00,하이드레이션,2026-08-13
S관(3공장),1-Day_Sph,1-DAY58_Micure + -02.25,누수규격,2026-07-18
S관(3공장),1-Day_Sph,1-DAY58_Micure + -02.25,접착,2026-07-17
S관(3공장),1-Day_Sph,1-DAY58_Micure + -02.25,하이드레이션,2026-07-15
S관(3공장),1-Day_Sph,1-DAY58_Micure + -02.50,누수규격,2026-07-18
S관(3공장),1-Day_Sph,1-DAY58_Micure + -02.50,접착,2026-07-17
S관(3공장),1-Day_Sph,1-DAY58_Micure + -02.50,하이드레이션,2026-07-15
S관(3공장),1-Day_Sph,1-DAY58_Micure + -02.75,누수규격,2026-07-18
S관(3공장),1-Day_Sph,1-DAY58_Micure + -02.75,접착,2026-07-17
S관(3공장),1-Day_Sph,1-DAY58_Micure + -02.75,하이드레이션,2026-07-15
S관(3공장),1-Day_Sph,1-DAY58_Micure + -03.00,누수규격,2026-07-18
S관(3공장),1-Day_Sph,1-DAY58_Micure + -03.00,접착,2026-07-17
S관(3공장),1-Day_Sph,1-DAY58_Micure + -03.00,하이드레이션,2026-07-15
S관(3공장),1-Day_Sph,1-DAY58_Micure + -03.25,누수규격,2026-07-18
S관(3공장),1-Day_Sph,1-DAY58_Micure + -03.25,접착,2026-07-17
S관(3공장),1-Day_Sph,1-DAY58_Micure + -03.25,하이드레이션,2026-07-15
S관(3공장),1-Day_Sph,1-DAY58_Micure + -03.50,누수규격,2026-07-18
S관(3공장),1-Day_Sph,1-DAY58_Micure + -03.50,접착,2026-07-17
S관(3공장),1-Day_Sph,1-DAY58_Micure + -03.50,하이드레이션,2026-07-15
S관(3공장),1-Day_Sph,1-DAY58_Micure + -03.75,누수규격,2026-07-18
S관(3공장),1-Day_Sph,1-DAY58_Micure + -03.75,접착,2026-07-17
S관(3공장),1-Day_Sph,1-DAY58_Micure + -03.75,하이드레이션,2026-07-15
S관(3공장),1-Day_Sph,1-DAY58_Micure + -04.50,누수규격,2026-07-27
S관(3공장),1-Day_Sph,1-DAY58_Micure + -04.50,접착,2026-07-26
S관(3공장),1-Day_Sph,1-DAY58_Micure + -04.50,하이드레이션,2026-07-24
S관(3공장),1-Day_Sph,1-DAY58_Micure + -05.00,누수규격,2026-07-24
S관(3공장),1-Day_Sph,1-DAY58_Micure + -05.00,접착,2026-07-23
S관(3공장),1-Day_Sph,1-DAY58_Micure + -05.00,하이드레이션,2026-07-21
S관(3공장),1-Day_Sph,1-DAY58_Micure + -05.50,누수규격,2026-07-18
S관(3공장),1-Day_Sph,1-DAY58_Micure + -05.50,접착,2026-07-17
S관(3공장),1-Day_Sph,1-DAY58_Micure + -05.50,하이드레이션,2026-07-15
S관(3공장),1-Day_Sph,1-DAY58_Micure + -06.00,누수규격,2026-07-18
S관(3공장),1-Day_Sph,1-DAY58_Micure + -06.00,접착,2026-07-17
S관(3공장),1-Day_Sph,1-DAY58_Micure + -06.00,하이드레이션,2026-07-15
S관(3공장),1-Day_Sph,1-DAY58_Micure + -06.50,누수규격,2026-07-18
S관(3공장),1-Day_Sph,1-DAY58_Micure + -06.50,접착,2026-07-17
S관(3공장),1-Day_Sph,1-DAY58_Micure + -06.50,하이드레이션,2026-07-15
S관(3공장),1-Day_Sph,1-DAY58_Micure + -08.00,누수규격,2026-07-18
S관(3공장),1-Day_Sph,1-DAY58_Micure + -08.00,접착,2026-07-17
S관(3공장),1-Day_Sph,1-DAY58_Micure + -08.00,하이드레이션,2026-07-15
S관(3공장),1-Day_Sph,1-DAY58_Micure + -08.50,누수규격,2026-07-18
S관(3공장),1-Day_Sph,1-DAY58_Micure + -08.50,접착,2026-07-17
S관(3공장),1-Day_Sph,1-DAY58_Micure + -08.50,하이드레이션,2026-07-15
S관(3공장),1-Day_Sph,1-DAY58_Micure + -09.00,누수규격,2026-07-18
S관(3공장),1-Day_Sph,1-DAY58_Micure + -09.00,접착,2026-07-17
S관(3공장),1-Day_Sph,1-DAY58_Micure + -09.00,하이드레이션,2026-07-15
S관(3공장),1-Day_Sph,1-DAY58_Micure + -10.00,누수규격,2026-07-18
S관(3공장),1-Day_Sph,1-DAY58_Micure + -10.00,접착,2026-07-17
S관(3공장),1-Day_Sph,1-DAY58_Micure + -10.00,하이드레이션,2026-07-15
S관(3공장),1-Day_Sph,1-DAY58_Micure + -11.00,누수규격,2026-07-18
S관(3공장),1-Day_Sph,1-DAY58_Micure + -11.00,접착,2026-07-17
S관(3공장),1-Day_Sph,1-DAY58_Micure + -11.00,하이드레이션,2026-07-15
S관(3공장),1-Day_Sph,1-DAY_58(PDI) + +00.75,누수규격,2026-07-23
S관(3공장),1-Day_Sph,1-DAY_58(PDI) + +00.75,접착,2026-07-22
S관(3공장),1-Day_Sph,1-DAY_58(PDI) + +00.75,하이드레이션,2026-07-20
S관(3공장),1-Day_Sph,1-DAY_58(PDI) + +01.00,누수규격,2026-07-23
S관(3공장),1-Day_Sph,1-DAY_58(PDI) + +01.00,접착,2026-07-22
S관(3공장),1-Day_Sph,1-DAY_58(PDI) + +01.00,하이드레이션,2026-07-20
S관(3공장),1-Day_Sph,1-DAY_58(PDI) + +01.25,누수규격,2026-07-23
S관(3공장),1-Day_Sph,1-DAY_58(PDI) + +01.25,접착,2026-07-22
S관(3공장),1-Day_Sph,1-DAY_58(PDI) + +01.25,하이드레이션,2026-07-20
S관(3공장),1-Day_Sph,1-DAY_58(PDI) + +01.50,누수규격,2026-07-23
S관(3공장),1-Day_Sph,1-DAY_58(PDI) + +01.50,접착,2026-07-22
S관(3공장),1-Day_Sph,1-DAY_58(PDI) + +01.50,하이드레이션,2026-07-20
S관(3공장),1-Day_Sph,1-DAY_58(PDI) + +01.75,누수규격,2026-07-23
S관(3공장),1-Day_Sph,1-DAY_58(PDI) + +01.75,접착,2026-07-22
S관(3공장),1-Day_Sph,1-DAY_58(PDI) + +01.75,하이드레이션,2026-07-20
S관(3공장),1-Day_Sph,1-DAY_58(PDI) + +02.00,누수규격,2026-07-23
S관(3공장),1-Day_Sph,1-DAY_58(PDI) + +02.00,접착,2026-07-22
S관(3공장),1-Day_Sph,1-DAY_58(PDI) + +02.00,하이드레이션,2026-07-20
S관(3공장),1-Day_Sph,1-DAY_58(PDI) + +02.25,누수규격,2026-07-23
S관(3공장),1-Day_Sph,1-DAY_58(PDI) + +02.25,접착,2026-07-22
S관(3공장),1-Day_Sph,1-DAY_58(PDI) + +02.25,하이드레이션,2026-07-20
S관(3공장),1-Day_Sph,1-DAY_58(PDI) + +02.50,누수규격,2026-07-23
S관(3공장),1-Day_Sph,1-DAY_58(PDI) + +02.50,접착,2026-07-22
S관(3공장),1-Day_Sph,1-DAY_58(PDI) + +02.50,하이드레이션,2026-07-20
S관(3공장),1-Day_Sph,1-DAY_58(PDI) + +02.75,누수규격,2026-07-23
S관(3공장),1-Day_Sph,1-DAY_58(PDI) + +02.75,접착,2026-07-22
S관(3공장),1-Day_Sph,1-DAY_58(PDI) + +02.75,하이드레이션,2026-07-20
S관(3공장),1-Day_Sph,1-DAY_58(PDI) + +03.00,누수규격,2026-07-23
S관(3공장),1-Day_Sph,1-DAY_58(PDI) + +03.00,접착,2026-07-22
S관(3공장),1-Day_Sph,1-DAY_58(PDI) + +03.00,하이드레이션,2026-07-20
S관(3공장),1-Day_Sph,1-DAY_58(PDI) + +03.25,누수규격,2026-07-23
S관(3공장),1-Day_Sph,1-DAY_58(PDI) + +03.25,접착,2026-07-22
S관(3공장),1-Day_Sph,1-DAY_58(PDI) + +03.25,하이드레이션,2026-07-20
S관(3공장),1-Day_Sph,1-DAY_58(PDI) + +03.50,누수규격,2026-07-23
S관(3공장),1-Day_Sph,1-DAY_58(PDI) + +03.50,접착,2026-07-22
S관(3공장),1-Day_Sph,1-DAY_58(PDI) + +03.50,하이드레이션,2026-07-20
S관(3공장),1-Day_Sph,1-DAY_58(PDI) + +03.75,누수규격,2026-07-23
S관(3공장),1-Day_Sph,1-DAY_58(PDI) + +03.75,접착,2026-07-22
S관(3공장),1-Day_Sph,1-DAY_58(PDI) + +03.75,하이드레이션,2026-07-20
S관(3공장),1-Day_Sph,1-DAY_58(PDI) + +04.00,누수규격,2026-07-23
S관(3공장),1-Day_Sph,1-DAY_58(PDI) + +04.00,접착,2026-07-22
S관(3공장),1-Day_Sph,1-DAY_58(PDI) + +04.00,하이드레이션,2026-07-20
S관(3공장),1-Day_Sph,1-DAY_58(PDI) + -00.00,누수규격,2026-07-23
S관(3공장),1-Day_Sph,1-DAY_58(PDI) + -00.00,접착,2026-07-22
S관(3공장),1-Day_Sph,1-DAY_58(PDI) + -00.00,하이드레이션,2026-07-20
S관(3공장),1-Day_Sph,1-DAY_58(PDI) + -00.50,누수규격,2026-07-23
S관(3공장),1-Day_Sph,1-DAY_58(PDI) + -00.50,접착,2026-07-22
S관(3공장),1-Day_Sph,1-DAY_58(PDI) + -00.50,하이드레이션,2026-07-20
S관(3공장),1-Day_Sph,1-DAY_58(PDI) + -00.75,누수규격,2026-07-23
S관(3공장),1-Day_Sph,1-DAY_58(PDI) + -00.75,접착,2026-07-22
S관(3공장),1-Day_Sph,1-DAY_58(PDI) + -00.75,하이드레이션,2026-07-20
S관(3공장),1-Day_Sph,1-DAY_58(PDI) + -01.00,누수규격,2026-07-23
S관(3공장),1-Day_Sph,1-DAY_58(PDI) + -01.00,접착,2026-07-22
S관(3공장),1-Day_Sph,1-DAY_58(PDI) + -01.00,하이드레이션,2026-07-20
S관(3공장),1-Day_Sph,1-DAY_58(PDI) + -01.75,누수규격,2026-07-23
S관(3공장),1-Day_Sph,1-DAY_58(PDI) + -01.75,접착,2026-07-22
S관(3공장),1-Day_Sph,1-DAY_58(PDI) + -01.75,하이드레이션,2026-07-20
S관(3공장),1-Day_Sph,1-DAY_58(PDI) + -02.00,누수규격,2026-07-23
S관(3공장),1-Day_Sph,1-DAY_58(PDI) + -02.00,접착,2026-07-22
S관(3공장),1-Day_Sph,1-DAY_58(PDI) + -02.00,하이드레이션,2026-07-20
S관(3공장),1-Day_Sph,1-DAY_58(PDI) + -02.25,누수규격,2026-07-23
S관(3공장),1-Day_Sph,1-DAY_58(PDI) + -02.25,접착,2026-07-22
S관(3공장),1-Day_Sph,1-DAY_58(PDI) + -02.25,하이드레이션,2026-07-20
S관(3공장),1-Day_Sph,1-DAY_58(PDI) + -02.50,누수규격,2026-07-23
S관(3공장),1-Day_Sph,1-DAY_58(PDI) + -02.50,접착,2026-07-22
S관(3공장),1-Day_Sph,1-DAY_58(PDI) + -02.50,하이드레이션,2026-07-20
S관(3공장),1-Day_Sph,1-DAY_58(PDI) + -02.75,누수규격,2026-07-23
S관(3공장),1-Day_Sph,1-DAY_58(PDI) + -02.75,접착,2026-07-22
S관(3공장),1-Day_Sph,1-DAY_58(PDI) + -02.75,하이드레이션,2026-07-20
S관(3공장),1-Day_Sph,1-DAY_58(PDI) + -03.00,누수규격,2026-07-23
S관(3공장),1-Day_Sph,1-DAY_58(PDI) + -03.00,접착,2026-07-22
S관(3공장),1-Day_Sph,1-DAY_58(PDI) + -03.00,하이드레이션,2026-07-20
S관(3공장),1-Day_Sph,1-DAY_58(PDI) + -03.25,누수규격,2026-07-23
S관(3공장),1-Day_Sph,1-DAY_58(PDI) + -03.25,접착,2026-07-22
S관(3공장),1-Day_Sph,1-DAY_58(PDI) + -03.25,하이드레이션,2026-07-20
S관(3공장),1-Day_Sph,1-DAY_58(PDI) + -03.50,누수규격,2026-07-23
S관(3공장),1-Day_Sph,1-DAY_58(PDI) + -03.50,접착,2026-07-22
S관(3공장),1-Day_Sph,1-DAY_58(PDI) + -03.50,하이드레이션,2026-07-20
S관(3공장),1-Day_Sph,1-DAY_58(PDI) + -04.00,누수규격,2026-07-23
S관(3공장),1-Day_Sph,1-DAY_58(PDI) + -04.00,접착,2026-07-22
S관(3공장),1-Day_Sph,1-DAY_58(PDI) + -04.00,하이드레이션,2026-07-20
S관(3공장),1-Day_Sph,1-DAY_58(PDI) + -04.25,누수규격,2026-07-23
S관(3공장),1-Day_Sph,1-DAY_58(PDI) + -04.25,접착,2026-07-22
S관(3공장),1-Day_Sph,1-DAY_58(PDI) + -04.25,하이드레이션,2026-07-20
S관(3공장),1-Day_Sph,1-DAY_58(PDI) + -04.50,누수규격,2026-07-23
S관(3공장),1-Day_Sph,1-DAY_58(PDI) + -04.50,접착,2026-07-22
S관(3공장),1-Day_Sph,1-DAY_58(PDI) + -04.50,하이드레이션,2026-07-20
S관(3공장),1-Day_Sph,1-DAY_58(PDI) + -04.75,누수규격,2026-07-23
S관(3공장),1-Day_Sph,1-DAY_58(PDI) + -04.75,접착,2026-07-22
S관(3공장),1-Day_Sph,1-DAY_58(PDI) + -04.75,하이드레이션,2026-07-20
S관(3공장),1-Day_Sph,1-DAY_58(PDI) + -05.00,누수규격,2026-07-23
S관(3공장),1-Day_Sph,1-DAY_58(PDI) + -05.00,접착,2026-07-22
S관(3공장),1-Day_Sph,1-DAY_58(PDI) + -05.00,하이드레이션,2026-07-20
S관(3공장),1-Day_Sph,1-DAY_58(PDI) + -05.25,누수규격,2026-07-23
S관(3공장),1-Day_Sph,1-DAY_58(PDI) + -05.25,접착,2026-07-22
S관(3공장),1-Day_Sph,1-DAY_58(PDI) + -05.25,하이드레이션,2026-07-20
S관(3공장),1-Day_Sph,1-DAY_58(PDI) + -05.50,누수규격,2026-07-23
S관(3공장),1-Day_Sph,1-DAY_58(PDI) + -05.50,접착,2026-07-22
S관(3공장),1-Day_Sph,1-DAY_58(PDI) + -05.50,하이드레이션,2026-07-20
S관(3공장),1-Day_Sph,1-DAY_58(PDI) + -05.75,누수규격,2026-07-23
S관(3공장),1-Day_Sph,1-DAY_58(PDI) + -05.75,접착,2026-07-22
S관(3공장),1-Day_Sph,1-DAY_58(PDI) + -05.75,하이드레이션,2026-07-20
S관(3공장),1-Day_Sph,1-DAY_58(PDI) + -06.00,누수규격,2026-07-23
S관(3공장),1-Day_Sph,1-DAY_58(PDI) + -06.00,접착,2026-07-22
S관(3공장),1-Day_Sph,1-DAY_58(PDI) + -06.00,하이드레이션,2026-07-20
S관(3공장),1-Day_Sph,1-DAY_58(PDI) + -06.50,누수규격,2026-07-23
S관(3공장),1-Day_Sph,1-DAY_58(PDI) + -06.50,접착,2026-07-22
S관(3공장),1-Day_Sph,1-DAY_58(PDI) + -06.50,하이드레이션,2026-07-20
S관(3공장),1-Day_Sph,1-DAY_58(PDI) + -07.00,누수규격,2026-07-23
S관(3공장),1-Day_Sph,1-DAY_58(PDI) + -07.00,접착,2026-07-22
S관(3공장),1-Day_Sph,1-DAY_58(PDI) + -07.00,하이드레이션,2026-07-20
S관(3공장),1-Day_Sph,1-DAY_58(PDI) + -07.50,누수규격,2026-07-23
S관(3공장),1-Day_Sph,1-DAY_58(PDI) + -07.50,접착,2026-07-22
S관(3공장),1-Day_Sph,1-DAY_58(PDI) + -07.50,하이드레이션,2026-07-20
S관(3공장),1-Day_Sph,1-DAY_58(PDI) + -08.00,누수규격,2026-07-23
S관(3공장),1-Day_Sph,1-DAY_58(PDI) + -08.00,접착,2026-07-22
S관(3공장),1-Day_Sph,1-DAY_58(PDI) + -08.00,하이드레이션,2026-07-20
S관(3공장),1-Day_Sph,1-DAY_58(PDI) + -08.50,누수규격,2026-07-23
S관(3공장),1-Day_Sph,1-DAY_58(PDI) + -08.50,접착,2026-07-22
S관(3공장),1-Day_Sph,1-DAY_58(PDI) + -08.50,하이드레이션,2026-07-20
S관(3공장),1-Day_Sph,1-DAY_58(PDI) + -09.00,누수규격,2026-07-23
S관(3공장),1-Day_Sph,1-DAY_58(PDI) + -09.00,접착,2026-07-22
S관(3공장),1-Day_Sph,1-DAY_58(PDI) + -09.00,하이드레이션,2026-07-20
S관(3공장),1-Day_Sph,1-DAY_58(PDI) + -10.00,누수규격,2026-07-23
S관(3공장),1-Day_Sph,1-DAY_58(PDI) + -10.00,접착,2026-07-22
S관(3공장),1-Day_Sph,1-DAY_58(PDI) + -10.00,하이드레이션,2026-07-20
S관(3공장),1-Day_Sph,1-DAY_58(PDI) + -10.50,누수규격,2026-07-23
S관(3공장),1-Day_Sph,1-DAY_58(PDI) + -10.50,접착,2026-07-22
S관(3공장),1-Day_Sph,1-DAY_58(PDI) + -10.50,하이드레이션,2026-07-20
S관(3공장),1-Day_Sph,1-DAY_58(PDI) + -11.00,누수규격,2026-07-23
S관(3공장),1-Day_Sph,1-DAY_58(PDI) + -11.00,접착,2026-07-22
S관(3공장),1-Day_Sph,1-DAY_58(PDI) + -11.00,하이드레이션,2026-07-20
S관(3공장),1-Day_Sph,1-DAY_58(PDI) + -11.50,누수규격,2026-07-23
S관(3공장),1-Day_Sph,1-DAY_58(PDI) + -11.50,접착,2026-07-22
S관(3공장),1-Day_Sph,1-DAY_58(PDI) + -11.50,하이드레이션,2026-07-20
S관(3공장),1-Day_Sph,1-DAY_58(PDI) + -12.00,누수규격,2026-07-23
S관(3공장),1-Day_Sph,1-DAY_58(PDI) + -12.00,접착,2026-07-22
S관(3공장),1-Day_Sph,1-DAY_58(PDI) + -12.00,하이드레이션,2026-07-20
S관(3공장),1-Day_Sph,1-DAY_58_공용_Hioxi_MD로고 + -01.00,누수규격,2026-08-16
S관(3공장),1-Day_Sph,1-DAY_58_공용_Hioxi_MD로고 + -01.00,접착,2026-08-15
S관(3공장),1-Day_Sph,1-DAY_58_공용_Hioxi_MD로고 + -01.00,하이드레이션,2026-08-13
S관(3공장),1-Day_Sph,1-DAY_58_공용_Hioxi_MD로고 + -01.25,누수규격,2026-08-16
S관(3공장),1-Day_Sph,1-DAY_58_공용_Hioxi_MD로고 + -01.25,접착,2026-08-15
S관(3공장),1-Day_Sph,1-DAY_58_공용_Hioxi_MD로고 + -01.25,하이드레이션,2026-08-13
S관(3공장),1-Day_Sph,1-DAY_58_공용_Hioxi_MD로고 + -01.50,누수규격,2026-08-16
S관(3공장),1-Day_Sph,1-DAY_58_공용_Hioxi_MD로고 + -01.50,접착,2026-08-15
S관(3공장),1-Day_Sph,1-DAY_58_공용_Hioxi_MD로고 + -01.50,하이드레이션,2026-08-13
S관(3공장),1-Day_Sph,1-DAY_58_공용_Hioxi_MD로고 + -01.75,누수규격,2026-08-16
S관(3공장),1-Day_Sph,1-DAY_58_공용_Hioxi_MD로고 + -01.75,접착,2026-08-15
S관(3공장),1-Day_Sph,1-DAY_58_공용_Hioxi_MD로고 + -01.75,하이드레이션,2026-08-13
S관(3공장),1-Day_Sph,1-DAY_58_공용_Hioxi_MD로고 + -02.00,누수규격,2026-08-16
S관(3공장),1-Day_Sph,1-DAY_58_공용_Hioxi_MD로고 + -02.00,접착,2026-08-15
S관(3공장),1-Day_Sph,1-DAY_58_공용_Hioxi_MD로고 + -02.00,하이드레이션,2026-08-13
S관(3공장),1-Day_Sph,1-DAY_58_공용_Hioxi_MD로고 + -02.25,누수규격,2026-08-16
S관(3공장),1-Day_Sph,1-DAY_58_공용_Hioxi_MD로고 + -02.25,접착,2026-08-15
S관(3공장),1-Day_Sph,1-DAY_58_공용_Hioxi_MD로고 + -02.25,하이드레이션,2026-08-13
S관(3공장),1-Day_Sph,1-DAY_58_공용_Hioxi_MD로고 + -02.50,누수규격,2026-08-16
S관(3공장),1-Day_Sph,1-DAY_58_공용_Hioxi_MD로고 + -02.50,접착,2026-08-15
S관(3공장),1-Day_Sph,1-DAY_58_공용_Hioxi_MD로고 + -02.50,하이드레이션,2026-08-13
S관(3공장),1-Day_Sph,1-DAY_58_공용_Hioxi_MD로고 + -02.75,누수규격,2026-08-16
S관(3공장),1-Day_Sph,1-DAY_58_공용_Hioxi_MD로고 + -02.75,접착,2026-08-15
S관(3공장),1-Day_Sph,1-DAY_58_공용_Hioxi_MD로고 + -02.75,하이드레이션,2026-08-13
S관(3공장),1-Day_Sph,1-DAY_58_공용_Hioxi_MD로고 + -03.00,누수규격,2026-08-16
S관(3공장),1-Day_Sph,1-DAY_58_공용_Hioxi_MD로고 + -03.00,접착,2026-08-15
S관(3공장),1-Day_Sph,1-DAY_58_공용_Hioxi_MD로고 + -03.00,하이드레이션,2026-08-13
S관(3공장),1-Day_Sph,1-DAY_58_공용_Hioxi_MD로고 + -03.25,누수규격,2026-08-16
S관(3공장),1-Day_Sph,1-DAY_58_공용_Hioxi_MD로고 + -03.25,접착,2026-08-15
S관(3공장),1-Day_Sph,1-DAY_58_공용_Hioxi_MD로고 + -03.25,하이드레이션,2026-08-13
S관(3공장),1-Day_Sph,1-DAY_58_공용_Hioxi_MD로고 + -03.50,누수규격,2026-08-16
S관(3공장),1-Day_Sph,1-DAY_58_공용_Hioxi_MD로고 + -03.50,접착,2026-08-15
S관(3공장),1-Day_Sph,1-DAY_58_공용_Hioxi_MD로고 + -03.50,하이드레이션,2026-08-13
S관(3공장),1-Day_Sph,1-DAY_58_공용_Hioxi_MD로고 + -03.75,누수규격,2026-08-16
S관(3공장),1-Day_Sph,1-DAY_58_공용_Hioxi_MD로고 + -03.75,접착,2026-08-15
S관(3공장),1-Day_Sph,1-DAY_58_공용_Hioxi_MD로고 + -03.75,하이드레이션,2026-08-13
S관(3공장),1-Day_Sph,1-DAY_58_공용_Hioxi_MD로고 + -04.00,누수규격,2026-08-16
S관(3공장),1-Day_Sph,1-DAY_58_공용_Hioxi_MD로고 + -04.00,접착,2026-08-15
S관(3공장),1-Day_Sph,1-DAY_58_공용_Hioxi_MD로고 + -04.00,하이드레이션,2026-08-13
S관(3공장),1-Day_Sph,1-DAY_58_공용_Hioxi_MD로고 + -04.25,누수규격,2026-08-16
S관(3공장),1-Day_Sph,1-DAY_58_공용_Hioxi_MD로고 + -04.25,접착,2026-08-15
S관(3공장),1-Day_Sph,1-DAY_58_공용_Hioxi_MD로고 + -04.25,하이드레이션,2026-08-13
S관(3공장),1-Day_Sph,1-DAY_58_공용_Hioxi_MD로고 + -04.50,누수규격,2026-08-16
S관(3공장),1-Day_Sph,1-DAY_58_공용_Hioxi_MD로고 + -04.50,접착,2026-08-15
S관(3공장),1-Day_Sph,1-DAY_58_공용_Hioxi_MD로고 + -04.50,하이드레이션,2026-08-13
S관(3공장),1-Day_Sph,1-DAY_58_공용_Hioxi_MD로고 + -04.75,누수규격,2026-08-16
S관(3공장),1-Day_Sph,1-DAY_58_공용_Hioxi_MD로고 + -04.75,접착,2026-08-15
S관(3공장),1-Day_Sph,1-DAY_58_공용_Hioxi_MD로고 + -04.75,하이드레이션,2026-08-13
S관(3공장),1-Day_Sph,1-DAY_58_공용_Hioxi_MD로고 + -05.25,누수규격,2026-08-16
S관(3공장),1-Day_Sph,1-DAY_58_공용_Hioxi_MD로고 + -05.25,접착,2026-08-15
S관(3공장),1-Day_Sph,1-DAY_58_공용_Hioxi_MD로고 + -05.25,하이드레이션,2026-08-13
S관(3공장),1-Day_Sph,1-DAY_58_공용_Hioxi_MD로고 + -05.50,누수규격,2026-08-16
S관(3공장),1-Day_Sph,1-DAY_58_공용_Hioxi_MD로고 + -05.50,접착,2026-08-15
S관(3공장),1-Day_Sph,1-DAY_58_공용_Hioxi_MD로고 + -05.50,하이드레이션,2026-08-13
S관(3공장),1-Day_Sph,1-DAY_58_공용_Hioxi_MD로고 + -05.75,누수규격,2026-08-16
S관(3공장),1-Day_Sph,1-DAY_58_공용_Hioxi_MD로고 + -05.75,접착,2026-08-15
S관(3공장),1-Day_Sph,1-DAY_58_공용_Hioxi_MD로고 + -05.75,하이드레이션,2026-08-13
S관(3공장),1-Day_Sph,1-DAY_58_공용_Hioxi_MD로고 + -06.00,누수규격,2026-08-16
S관(3공장),1-Day_Sph,1-DAY_58_공용_Hioxi_MD로고 + -06.00,접착,2026-08-15
S관(3공장),1-Day_Sph,1-DAY_58_공용_Hioxi_MD로고 + -06.00,하이드레이션,2026-08-13
S관(3공장),1-Day_Sph,1-DAY_58_공용_Hioxi_MD로고 + -06.50,누수규격,2026-08-16
S관(3공장),1-Day_Sph,1-DAY_58_공용_Hioxi_MD로고 + -06.50,접착,2026-08-15
S관(3공장),1-Day_Sph,1-DAY_58_공용_Hioxi_MD로고 + -06.50,하이드레이션,2026-08-13
S관(3공장),1-Day_Sph,1-DAY_58_공용_Hioxi_MD로고 + -07.00,누수규격,2026-08-16
S관(3공장),1-Day_Sph,1-DAY_58_공용_Hioxi_MD로고 + -07.00,접착,2026-08-15
S관(3공장),1-Day_Sph,1-DAY_58_공용_Hioxi_MD로고 + -07.00,하이드레이션,2026-08-13
S관(3공장),1-Day_Sph,1-DAY_58_공용_Hioxi_MD로고 + -10.50,누수규격,2026-08-16
S관(3공장),1-Day_Sph,1-DAY_58_공용_Hioxi_MD로고 + -10.50,접착,2026-08-15
S관(3공장),1-Day_Sph,1-DAY_58_공용_Hioxi_MD로고 + -10.50,하이드레이션,2026-08-13
S관(3공장),1-Day_Sph,1-DAY_58_공용_MD로고 + +00.75,누수규격,2026-08-16
S관(3공장),1-Day_Sph,1-DAY_58_공용_MD로고 + +00.75,접착,2026-08-15
S관(3공장),1-Day_Sph,1-DAY_58_공용_MD로고 + +00.75,하이드레이션,2026-08-13
S관(3공장),1-Day_Sph,1-DAY_58_공용_MD로고 + +02.75,누수규격,2026-08-16
S관(3공장),1-Day_Sph,1-DAY_58_공용_MD로고 + +02.75,접착,2026-08-15
S관(3공장),1-Day_Sph,1-DAY_58_공용_MD로고 + +02.75,하이드레이션,2026-08-13
S관(3공장),1-Day_Sph,1-DAY_58_공용_MD로고 + +03.50,누수규격,2026-08-16
S관(3공장),1-Day_Sph,1-DAY_58_공용_MD로고 + +03.50,접착,2026-08-15
S관(3공장),1-Day_Sph,1-DAY_58_공용_MD로고 + +03.50,하이드레이션,2026-08-13
S관(3공장),1-Day_Sph,1-DAY_58_공용_MD로고 + -01.00,누수규격,2026-08-16
S관(3공장),1-Day_Sph,1-DAY_58_공용_MD로고 + -01.00,접착,2026-08-15
S관(3공장),1-Day_Sph,1-DAY_58_공용_MD로고 + -01.00,하이드레이션,2026-08-13
S관(3공장),1-Day_Sph,1-DAY_58_공용_MD로고 + -01.25,누수규격,2026-08-16
S관(3공장),1-Day_Sph,1-DAY_58_공용_MD로고 + -01.25,접착,2026-08-15
S관(3공장),1-Day_Sph,1-DAY_58_공용_MD로고 + -01.25,하이드레이션,2026-08-13
S관(3공장),1-Day_Sph,1-DAY_58_공용_MD로고 + -01.50,누수규격,2026-08-16
S관(3공장),1-Day_Sph,1-DAY_58_공용_MD로고 + -01.50,접착,2026-08-15
S관(3공장),1-Day_Sph,1-DAY_58_공용_MD로고 + -01.50,하이드레이션,2026-08-13
S관(3공장),1-Day_Sph,1-DAY_58_공용_MD로고 + -01.75,누수규격,2026-08-16
S관(3공장),1-Day_Sph,1-DAY_58_공용_MD로고 + -01.75,접착,2026-08-15
S관(3공장),1-Day_Sph,1-DAY_58_공용_MD로고 + -01.75,하이드레이션,2026-08-13
S관(3공장),1-Day_Sph,1-DAY_58_공용_MD로고 + -02.00,누수규격,2026-08-16
S관(3공장),1-Day_Sph,1-DAY_58_공용_MD로고 + -02.00,접착,2026-08-15
S관(3공장),1-Day_Sph,1-DAY_58_공용_MD로고 + -02.00,하이드레이션,2026-08-13
S관(3공장),1-Day_Sph,1-DAY_58_공용_MD로고 + -02.75,누수규격,2026-08-16
S관(3공장),1-Day_Sph,1-DAY_58_공용_MD로고 + -02.75,접착,2026-08-15
S관(3공장),1-Day_Sph,1-DAY_58_공용_MD로고 + -02.75,하이드레이션,2026-08-13
S관(3공장),1-Day_Sph,1-DAY_58_공용_MD로고 + -03.25,누수규격,2026-08-16
S관(3공장),1-Day_Sph,1-DAY_58_공용_MD로고 + -03.25,접착,2026-08-15
S관(3공장),1-Day_Sph,1-DAY_58_공용_MD로고 + -03.25,하이드레이션,2026-08-13
S관(3공장),1-Day_Sph,1-DAY_58_공용_MD로고 + -03.50,누수규격,2026-08-16
S관(3공장),1-Day_Sph,1-DAY_58_공용_MD로고 + -03.50,접착,2026-08-15
S관(3공장),1-Day_Sph,1-DAY_58_공용_MD로고 + -03.50,하이드레이션,2026-08-13
S관(3공장),1-Day_Sph,1-DAY_58_공용_MD로고 + -04.00,누수규격,2026-08-16
S관(3공장),1-Day_Sph,1-DAY_58_공용_MD로고 + -04.00,접착,2026-08-15
S관(3공장),1-Day_Sph,1-DAY_58_공용_MD로고 + -04.00,하이드레이션,2026-08-13
S관(3공장),1-Day_Sph,1-DAY_58_공용_MD로고 + -04.50,누수규격,2026-08-16
S관(3공장),1-Day_Sph,1-DAY_58_공용_MD로고 + -04.50,접착,2026-08-15
S관(3공장),1-Day_Sph,1-DAY_58_공용_MD로고 + -04.50,하이드레이션,2026-08-13
S관(3공장),1-Day_Sph,1-DAY_58_공용_MD로고 + -05.00,누수규격,2026-08-16
S관(3공장),1-Day_Sph,1-DAY_58_공용_MD로고 + -05.00,접착,2026-08-15
S관(3공장),1-Day_Sph,1-DAY_58_공용_MD로고 + -05.00,하이드레이션,2026-08-13
S관(3공장),1-Day_Sph,1-DAY_58_공용_MD로고 + -05.25,누수규격,2026-08-16
S관(3공장),1-Day_Sph,1-DAY_58_공용_MD로고 + -05.25,접착,2026-08-15
S관(3공장),1-Day_Sph,1-DAY_58_공용_MD로고 + -05.25,하이드레이션,2026-08-13
S관(3공장),1-Day_Sph,1-DAY_58_공용_MD로고 + -05.50,누수규격,2026-08-16
S관(3공장),1-Day_Sph,1-DAY_58_공용_MD로고 + -05.50,접착,2026-08-15
S관(3공장),1-Day_Sph,1-DAY_58_공용_MD로고 + -05.50,하이드레이션,2026-08-13
S관(3공장),1-Day_Sph,1-DAY_58_공용_MD로고 + -06.00,누수규격,2026-08-16
S관(3공장),1-Day_Sph,1-DAY_58_공용_MD로고 + -06.00,접착,2026-08-15
S관(3공장),1-Day_Sph,1-DAY_58_공용_MD로고 + -06.00,하이드레이션,2026-08-13
S관(3공장),1-Day_Sph,1-DAY_58_공용_MD로고 + -06.50,누수규격,2026-08-16
S관(3공장),1-Day_Sph,1-DAY_58_공용_MD로고 + -06.50,접착,2026-08-15
S관(3공장),1-Day_Sph,1-DAY_58_공용_MD로고 + -06.50,하이드레이션,2026-08-13
S관(3공장),1-Day_Sph,1-DAY_58_공용_MD로고 + -07.50,누수규격,2026-08-16
S관(3공장),1-Day_Sph,1-DAY_58_공용_MD로고 + -07.50,접착,2026-08-15
S관(3공장),1-Day_Sph,1-DAY_58_공용_MD로고 + -07.50,하이드레이션,2026-08-13
S관(3공장),1-Day_Sph,1-DAY_58_공용_MD로고 + -08.00,누수규격,2026-08-16
S관(3공장),1-Day_Sph,1-DAY_58_공용_MD로고 + -08.00,접착,2026-08-15
S관(3공장),1-Day_Sph,1-DAY_58_공용_MD로고 + -08.00,하이드레이션,2026-08-13
S관(3공장),1-Day_Sph,1-DAY_58_폴란드 FML Oviso_Hioxi + +00.50,누수규격,2026-08-16
S관(3공장),1-Day_Sph,1-DAY_58_폴란드 FML Oviso_Hioxi + +00.50,접착,2026-08-15
S관(3공장),1-Day_Sph,1-DAY_58_폴란드 FML Oviso_Hioxi + +00.50,하이드레이션,2026-08-13
S관(3공장),1-Day_Sph,1-DAY_58_폴란드 FML Oviso_Hioxi + +01.00,누수규격,2026-08-16
S관(3공장),1-Day_Sph,1-DAY_58_폴란드 FML Oviso_Hioxi + +01.00,접착,2026-08-15
S관(3공장),1-Day_Sph,1-DAY_58_폴란드 FML Oviso_Hioxi + +01.00,하이드레이션,2026-08-13
S관(3공장),1-Day_Sph,1-DAY_58_폴란드 FML Oviso_Hioxi + +03.75,누수규격,2026-08-16
S관(3공장),1-Day_Sph,1-DAY_58_폴란드 FML Oviso_Hioxi + +03.75,접착,2026-08-15
S관(3공장),1-Day_Sph,1-DAY_58_폴란드 FML Oviso_Hioxi + +03.75,하이드레이션,2026-08-13
S관(3공장),1-Day_Sph,1-DAY_58_폴란드 FML Oviso_Hioxi + +04.25,누수규격,2026-08-16
S관(3공장),1-Day_Sph,1-DAY_58_폴란드 FML Oviso_Hioxi + +04.25,접착,2026-08-15
S관(3공장),1-Day_Sph,1-DAY_58_폴란드 FML Oviso_Hioxi + +04.25,하이드레이션,2026-08-13
S관(3공장),1-Day_Sph,1-DAY_58_폴란드 FML Oviso_Hioxi + +05.00,누수규격,2026-08-16
S관(3공장),1-Day_Sph,1-DAY_58_폴란드 FML Oviso_Hioxi + +05.00,접착,2026-08-15
S관(3공장),1-Day_Sph,1-DAY_58_폴란드 FML Oviso_Hioxi + +05.00,하이드레이션,2026-08-13
S관(3공장),1-Day_Sph,1-DAY_58_폴란드 FML Oviso_Hioxi + +05.50,누수규격,2026-08-16
S관(3공장),1-Day_Sph,1-DAY_58_폴란드 FML Oviso_Hioxi + +05.50,접착,2026-08-15
S관(3공장),1-Day_Sph,1-DAY_58_폴란드 FML Oviso_Hioxi + +05.50,하이드레이션,2026-08-13
S관(3공장),1-Day_Sph,1-DAY_58_폴란드 FML Oviso_Hioxi + +06.00,누수규격,2026-08-16
S관(3공장),1-Day_Sph,1-DAY_58_폴란드 FML Oviso_Hioxi + +06.00,접착,2026-08-15
S관(3공장),1-Day_Sph,1-DAY_58_폴란드 FML Oviso_Hioxi + +06.00,하이드레이션,2026-08-13
S관(3공장),1-Day_Sph,1-DAY_58_폴란드 FML Oviso_Hioxi + -00.75,누수규격,2026-08-16
S관(3공장),1-Day_Sph,1-DAY_58_폴란드 FML Oviso_Hioxi + -00.75,접착,2026-08-15
S관(3공장),1-Day_Sph,1-DAY_58_폴란드 FML Oviso_Hioxi + -00.75,하이드레이션,2026-08-13
S관(3공장),1-Day_Sph,1-DAY_58_폴란드 FML Oviso_Hioxi + -01.00,누수규격,2026-08-16
S관(3공장),1-Day_Sph,1-DAY_58_폴란드 FML Oviso_Hioxi + -01.00,접착,2026-08-15
S관(3공장),1-Day_Sph,1-DAY_58_폴란드 FML Oviso_Hioxi + -01.00,하이드레이션,2026-08-13
S관(3공장),1-Day_Sph,1-DAY_58_폴란드 FML Oviso_Hioxi + -01.25,누수규격,2026-08-16
S관(3공장),1-Day_Sph,1-DAY_58_폴란드 FML Oviso_Hioxi + -01.25,접착,2026-08-15
S관(3공장),1-Day_Sph,1-DAY_58_폴란드 FML Oviso_Hioxi + -01.25,하이드레이션,2026-08-13
S관(3공장),1-Day_Sph,1-DAY_58_폴란드 FML Oviso_Hioxi + -01.50,누수규격,2026-08-16
S관(3공장),1-Day_Sph,1-DAY_58_폴란드 FML Oviso_Hioxi + -01.50,접착,2026-08-15
S관(3공장),1-Day_Sph,1-DAY_58_폴란드 FML Oviso_Hioxi + -01.50,하이드레이션,2026-08-13
S관(3공장),1-Day_Sph,1-DAY_58_폴란드 FML Oviso_Hioxi + -01.75,누수규격,2026-08-16
S관(3공장),1-Day_Sph,1-DAY_58_폴란드 FML Oviso_Hioxi + -01.75,접착,2026-08-15
S관(3공장),1-Day_Sph,1-DAY_58_폴란드 FML Oviso_Hioxi + -01.75,하이드레이션,2026-08-13
S관(3공장),1-Day_Sph,1-DAY_58_폴란드 FML Oviso_Hioxi + -02.00,누수규격,2026-08-16
S관(3공장),1-Day_Sph,1-DAY_58_폴란드 FML Oviso_Hioxi + -02.00,접착,2026-08-15
S관(3공장),1-Day_Sph,1-DAY_58_폴란드 FML Oviso_Hioxi + -02.00,하이드레이션,2026-08-13
S관(3공장),1-Day_Sph,1-DAY_58_폴란드 FML Oviso_Hioxi + -02.25,누수규격,2026-08-16
S관(3공장),1-Day_Sph,1-DAY_58_폴란드 FML Oviso_Hioxi + -02.25,접착,2026-08-15
S관(3공장),1-Day_Sph,1-DAY_58_폴란드 FML Oviso_Hioxi + -02.25,하이드레이션,2026-08-13
S관(3공장),1-Day_Sph,1-DAY_58_폴란드 FML Oviso_Hioxi + -02.50,누수규격,2026-08-16
S관(3공장),1-Day_Sph,1-DAY_58_폴란드 FML Oviso_Hioxi + -02.50,접착,2026-08-15
S관(3공장),1-Day_Sph,1-DAY_58_폴란드 FML Oviso_Hioxi + -02.50,하이드레이션,2026-08-13
S관(3공장),1-Day_Sph,1-DAY_58_폴란드 FML Oviso_Hioxi + -02.75,누수규격,2026-08-16
S관(3공장),1-Day_Sph,1-DAY_58_폴란드 FML Oviso_Hioxi + -02.75,접착,2026-08-15
S관(3공장),1-Day_Sph,1-DAY_58_폴란드 FML Oviso_Hioxi + -02.75,하이드레이션,2026-08-13
S관(3공장),1-Day_Sph,1-DAY_58_폴란드 FML Oviso_Hioxi + -03.00,누수규격,2026-08-16
S관(3공장),1-Day_Sph,1-DAY_58_폴란드 FML Oviso_Hioxi + -03.00,접착,2026-08-15
S관(3공장),1-Day_Sph,1-DAY_58_폴란드 FML Oviso_Hioxi + -03.00,하이드레이션,2026-08-13
S관(3공장),1-Day_Sph,1-DAY_58_폴란드 FML Oviso_Hioxi + -03.25,누수규격,2026-08-16
S관(3공장),1-Day_Sph,1-DAY_58_폴란드 FML Oviso_Hioxi + -03.25,접착,2026-08-15
S관(3공장),1-Day_Sph,1-DAY_58_폴란드 FML Oviso_Hioxi + -03.25,하이드레이션,2026-08-13
S관(3공장),1-Day_Sph,1-DAY_58_폴란드 FML Oviso_Hioxi + -03.50,누수규격,2026-08-16
S관(3공장),1-Day_Sph,1-DAY_58_폴란드 FML Oviso_Hioxi + -03.50,접착,2026-08-15
S관(3공장),1-Day_Sph,1-DAY_58_폴란드 FML Oviso_Hioxi + -03.50,하이드레이션,2026-08-13
S관(3공장),1-Day_Sph,1-DAY_58_폴란드 FML Oviso_Hioxi + -03.75,누수규격,2026-08-16
S관(3공장),1-Day_Sph,1-DAY_58_폴란드 FML Oviso_Hioxi + -03.75,접착,2026-08-15
S관(3공장),1-Day_Sph,1-DAY_58_폴란드 FML Oviso_Hioxi + -03.75,하이드레이션,2026-08-13
S관(3공장),1-Day_Sph,1-DAY_58_폴란드 FML Oviso_Hioxi + -04.00,누수규격,2026-08-16
S관(3공장),1-Day_Sph,1-DAY_58_폴란드 FML Oviso_Hioxi + -04.00,접착,2026-08-15
S관(3공장),1-Day_Sph,1-DAY_58_폴란드 FML Oviso_Hioxi + -04.00,하이드레이션,2026-08-13
S관(3공장),1-Day_Sph,1-DAY_58_폴란드 FML Oviso_Hioxi + -04.25,누수규격,2026-08-16
S관(3공장),1-Day_Sph,1-DAY_58_폴란드 FML Oviso_Hioxi + -04.25,접착,2026-08-15
S관(3공장),1-Day_Sph,1-DAY_58_폴란드 FML Oviso_Hioxi + -04.25,하이드레이션,2026-08-13
S관(3공장),1-Day_Sph,1-DAY_58_폴란드 FML Oviso_Hioxi + -04.50,누수규격,2026-08-16
S관(3공장),1-Day_Sph,1-DAY_58_폴란드 FML Oviso_Hioxi + -04.50,접착,2026-08-15
S관(3공장),1-Day_Sph,1-DAY_58_폴란드 FML Oviso_Hioxi + -04.50,하이드레이션,2026-08-13
S관(3공장),1-Day_Sph,1-DAY_58_폴란드 FML Oviso_Hioxi + -05.75,누수규격,2026-08-16
S관(3공장),1-Day_Sph,1-DAY_58_폴란드 FML Oviso_Hioxi + -05.75,접착,2026-08-15
S관(3공장),1-Day_Sph,1-DAY_58_폴란드 FML Oviso_Hioxi + -05.75,하이드레이션,2026-08-13
S관(3공장),1-Day_Sph,1-DAY_58_폴란드 FML Oviso_Hioxi + -06.00,누수규격,2026-08-16
S관(3공장),1-Day_Sph,1-DAY_58_폴란드 FML Oviso_Hioxi + -06.00,접착,2026-08-15
S관(3공장),1-Day_Sph,1-DAY_58_폴란드 FML Oviso_Hioxi + -06.00,하이드레이션,2026-08-13
S관(3공장),1-Day_Sph,1-Day_58(NEW) + -01.50,누수규격,2026-08-16
S관(3공장),1-Day_Sph,1-Day_58(NEW) + -01.50,접착,2026-08-15
S관(3공장),1-Day_Sph,1-Day_58(NEW) + -01.50,하이드레이션,2026-08-13
S관(3공장),1-Day_Sph,1-Day_58(NEW) + -01.75,누수규격,2026-08-16
S관(3공장),1-Day_Sph,1-Day_58(NEW) + -01.75,접착,2026-08-15
S관(3공장),1-Day_Sph,1-Day_58(NEW) + -01.75,하이드레이션,2026-08-13
S관(3공장),1-Day_Sph,1-Day_58(NEW) + -03.25,누수규격,2026-08-16
S관(3공장),1-Day_Sph,1-Day_58(NEW) + -03.25,접착,2026-08-15
S관(3공장),1-Day_Sph,1-Day_58(NEW) + -03.25,하이드레이션,2026-08-13
S관(3공장),1-Day_Sph,1-Day_58(NEW) + -03.50,누수규격,2026-08-16
S관(3공장),1-Day_Sph,1-Day_58(NEW) + -03.50,접착,2026-08-15
S관(3공장),1-Day_Sph,1-Day_58(NEW) + -03.50,하이드레이션,2026-08-13
S관(3공장),1-Day_Sph,1-Day_58(NEW) + -04.25,누수규격,2026-08-16
S관(3공장),1-Day_Sph,1-Day_58(NEW) + -04.25,접착,2026-08-15
S관(3공장),1-Day_Sph,1-Day_58(NEW) + -04.25,하이드레이션,2026-08-13
S관(3공장),1-Day_Sph,1-Day_58(NEW) + -04.50,누수규격,2026-08-16
S관(3공장),1-Day_Sph,1-Day_58(NEW) + -04.50,접착,2026-08-15
S관(3공장),1-Day_Sph,1-Day_58(NEW) + -04.50,하이드레이션,2026-08-13
S관(3공장),1-Day_Sph,1-Day_58(NEW) + -04.75,누수규격,2026-08-16
S관(3공장),1-Day_Sph,1-Day_58(NEW) + -04.75,접착,2026-08-15
S관(3공장),1-Day_Sph,1-Day_58(NEW) + -04.75,하이드레이션,2026-08-13
S관(3공장),1-Day_Sph,1-Day_58(NEW) + -05.00,누수규격,2026-08-16
S관(3공장),1-Day_Sph,1-Day_58(NEW) + -05.00,접착,2026-08-15
S관(3공장),1-Day_Sph,1-Day_58(NEW) + -05.00,하이드레이션,2026-08-13
S관(3공장),1-Day_Sph,1-Day_58(NEW) + -05.25,누수규격,2026-08-16
S관(3공장),1-Day_Sph,1-Day_58(NEW) + -05.25,접착,2026-08-15
S관(3공장),1-Day_Sph,1-Day_58(NEW) + -05.25,하이드레이션,2026-08-13
S관(3공장),1-Day_Sph,1-Day_58(NEW) + -05.50,누수규격,2026-08-16
S관(3공장),1-Day_Sph,1-Day_58(NEW) + -05.50,접착,2026-08-15
S관(3공장),1-Day_Sph,1-Day_58(NEW) + -05.50,하이드레이션,2026-08-13
S관(3공장),1-Day_Sph,1-Day_58(NEW) + -05.75,누수규격,2026-08-16
S관(3공장),1-Day_Sph,1-Day_58(NEW) + -05.75,접착,2026-08-15
S관(3공장),1-Day_Sph,1-Day_58(NEW) + -05.75,하이드레이션,2026-08-13
S관(3공장),1-Day_Sph,1-Day_58(NEW) + -06.00,누수규격,2026-08-16
S관(3공장),1-Day_Sph,1-Day_58(NEW) + -06.00,접착,2026-08-15
S관(3공장),1-Day_Sph,1-Day_58(NEW) + -06.00,하이드레이션,2026-08-13
S관(3공장),1-Day_Sph,1-Day_58(NEW) + -06.50,누수규격,2026-08-16
S관(3공장),1-Day_Sph,1-Day_58(NEW) + -06.50,접착,2026-08-15
S관(3공장),1-Day_Sph,1-Day_58(NEW) + -06.50,하이드레이션,2026-08-13
S관(3공장),1-Day_Sph,1-Day_58(NEW) + -07.00,누수규격,2026-08-16
S관(3공장),1-Day_Sph,1-Day_58(NEW) + -07.00,접착,2026-08-15
S관(3공장),1-Day_Sph,1-Day_58(NEW) + -07.00,하이드레이션,2026-08-13
S관(3공장),1-Day_Sph,1-Day_58(NEW) + -08.00,누수규격,2026-08-16
S관(3공장),1-Day_Sph,1-Day_58(NEW) + -08.00,접착,2026-08-15
S관(3공장),1-Day_Sph,1-Day_58(NEW) + -08.00,하이드레이션,2026-08-13
S관(3공장),1-Day_Sph,1-Day_58(NEW) + -09.00,누수규격,2026-08-16
S관(3공장),1-Day_Sph,1-Day_58(NEW) + -09.00,접착,2026-08-15
S관(3공장),1-Day_Sph,1-Day_58(NEW) + -09.00,하이드레이션,2026-08-13
S관(3공장),1-Day_Sph,1-Day_58(NEW) + -09.50,누수규격,2026-08-16
S관(3공장),1-Day_Sph,1-Day_58(NEW) + -09.50,접착,2026-08-15
S관(3공장),1-Day_Sph,1-Day_58(NEW) + -09.50,하이드레이션,2026-08-13
S관(3공장),1-Day_Sph,1-Day_58(NEW) + -12.00,누수규격,2026-08-16
S관(3공장),1-Day_Sph,1-Day_58(NEW) + -12.00,접착,2026-08-15
S관(3공장),1-Day_Sph,1-Day_58(NEW) + -12.00,하이드레이션,2026-08-13
S관(3공장),1-Day_Sph,1-Day_58(수출용_파랑) + +03.00,누수규격,2026-08-16
S관(3공장),1-Day_Sph,1-Day_58(수출용_파랑) + +03.00,접착,2026-08-15
S관(3공장),1-Day_Sph,1-Day_58(수출용_파랑) + +03.00,하이드레이션,2026-08-13
S관(3공장),1-Day_Sph,1-Day_58(수출용_파랑) + -00.75,누수규격,2026-08-16
S관(3공장),1-Day_Sph,1-Day_58(수출용_파랑) + -00.75,접착,2026-08-15
S관(3공장),1-Day_Sph,1-Day_58(수출용_파랑) + -00.75,하이드레이션,2026-08-13
S관(3공장),1-Day_Sph,1-Day_58(수출용_파랑) + -01.50,누수규격,2026-08-16
S관(3공장),1-Day_Sph,1-Day_58(수출용_파랑) + -01.50,접착,2026-08-15
S관(3공장),1-Day_Sph,1-Day_58(수출용_파랑) + -01.50,하이드레이션,2026-08-13
S관(3공장),1-Day_Sph,1-Day_58(수출용_파랑) + -01.75,누수규격,2026-08-16
S관(3공장),1-Day_Sph,1-Day_58(수출용_파랑) + -01.75,접착,2026-08-15
S관(3공장),1-Day_Sph,1-Day_58(수출용_파랑) + -01.75,하이드레이션,2026-08-13
S관(3공장),1-Day_Sph,1-Day_58(수출용_파랑) + -02.00,누수규격,2026-08-16
S관(3공장),1-Day_Sph,1-Day_58(수출용_파랑) + -02.00,접착,2026-08-15
S관(3공장),1-Day_Sph,1-Day_58(수출용_파랑) + -02.00,하이드레이션,2026-08-13
S관(3공장),1-Day_Sph,1-Day_58(수출용_파랑) + -02.50,누수규격,2026-08-16
S관(3공장),1-Day_Sph,1-Day_58(수출용_파랑) + -02.50,접착,2026-08-15
S관(3공장),1-Day_Sph,1-Day_58(수출용_파랑) + -02.50,하이드레이션,2026-08-13
S관(3공장),1-Day_Sph,1-Day_58(수출용_파랑) + -03.00,누수규격,2026-08-16
S관(3공장),1-Day_Sph,1-Day_58(수출용_파랑) + -03.00,접착,2026-08-15
S관(3공장),1-Day_Sph,1-Day_58(수출용_파랑) + -03.00,하이드레이션,2026-08-13
S관(3공장),1-Day_Sph,1-Day_58(수출용_파랑) + -03.50,누수규격,2026-08-16
S관(3공장),1-Day_Sph,1-Day_58(수출용_파랑) + -03.50,접착,2026-08-15
S관(3공장),1-Day_Sph,1-Day_58(수출용_파랑) + -03.50,하이드레이션,2026-08-13
S관(3공장),1-Day_Sph,1-Day_58(수출용_파랑) + -04.00,누수규격,2026-08-16
S관(3공장),1-Day_Sph,1-Day_58(수출용_파랑) + -04.00,접착,2026-08-15
S관(3공장),1-Day_Sph,1-Day_58(수출용_파랑) + -04.00,하이드레이션,2026-08-13
S관(3공장),1-Day_Sph,1-Day_58(수출용_파랑) + -06.00,누수규격,2026-08-16
S관(3공장),1-Day_Sph,1-Day_58(수출용_파랑) + -06.00,접착,2026-08-15
S관(3공장),1-Day_Sph,1-Day_58(수출용_파랑) + -06.00,하이드레이션,2026-08-13
S관(3공장),1-Day_Sph,1-Day_58_M + +01.50,누수규격,2026-08-16
S관(3공장),1-Day_Sph,1-Day_58_M + +01.50,접착,2026-08-15
S관(3공장),1-Day_Sph,1-Day_58_M + +01.50,하이드레이션,2026-08-13
S관(3공장),1-Day_Sph,1-Day_58_M + +02.00,누수규격,2026-08-16
S관(3공장),1-Day_Sph,1-Day_58_M + +02.00,접착,2026-08-15
S관(3공장),1-Day_Sph,1-Day_58_M + +02.00,하이드레이션,2026-08-13
S관(3공장),1-Day_Sph,1-Day_58_M + +03.00,누수규격,2026-08-16
S관(3공장),1-Day_Sph,1-Day_58_M + +03.00,접착,2026-08-15
S관(3공장),1-Day_Sph,1-Day_58_M + +03.00,하이드레이션,2026-08-13
S관(3공장),1-Day_Sph,1-Day_58_M + +03.50,누수규격,2026-08-16
S관(3공장),1-Day_Sph,1-Day_58_M + +03.50,접착,2026-08-15
S관(3공장),1-Day_Sph,1-Day_58_M + +03.50,하이드레이션,2026-08-13
S관(3공장),1-Day_Sph,1-Day_58_M + +04.00,누수규격,2026-08-16
S관(3공장),1-Day_Sph,1-Day_58_M + +04.00,접착,2026-08-15
S관(3공장),1-Day_Sph,1-Day_58_M + +04.00,하이드레이션,2026-08-13
S관(3공장),1-Day_Sph,1-Day_58_M + -00.50,누수규격,2026-08-16
S관(3공장),1-Day_Sph,1-Day_58_M + -00.50,접착,2026-08-15
S관(3공장),1-Day_Sph,1-Day_58_M + -00.50,하이드레이션,2026-08-13
S관(3공장),1-Day_Sph,1-Day_58_M + -00.75,누수규격,2026-08-16
S관(3공장),1-Day_Sph,1-Day_58_M + -00.75,접착,2026-08-15
S관(3공장),1-Day_Sph,1-Day_58_M + -00.75,하이드레이션,2026-08-13
S관(3공장),1-Day_Sph,1-Day_58_M + -01.00,누수규격,2026-08-16
S관(3공장),1-Day_Sph,1-Day_58_M + -01.00,접착,2026-08-15
S관(3공장),1-Day_Sph,1-Day_58_M + -01.00,하이드레이션,2026-08-13
S관(3공장),1-Day_Sph,1-Day_58_M + -01.25,누수규격,2026-08-16
S관(3공장),1-Day_Sph,1-Day_58_M + -01.25,접착,2026-08-15
S관(3공장),1-Day_Sph,1-Day_58_M + -01.25,하이드레이션,2026-08-13
S관(3공장),1-Day_Sph,1-Day_58_M + -01.50,누수규격,2026-08-16
S관(3공장),1-Day_Sph,1-Day_58_M + -01.50,접착,2026-08-15
S관(3공장),1-Day_Sph,1-Day_58_M + -01.50,하이드레이션,2026-08-13
S관(3공장),1-Day_Sph,1-Day_58_M + -01.75,누수규격,2026-08-16
S관(3공장),1-Day_Sph,1-Day_58_M + -01.75,접착,2026-08-15
S관(3공장),1-Day_Sph,1-Day_58_M + -01.75,하이드레이션,2026-08-13
S관(3공장),1-Day_Sph,1-Day_58_M + -02.00,누수규격,2026-08-16
S관(3공장),1-Day_Sph,1-Day_58_M + -02.00,접착,2026-08-15
S관(3공장),1-Day_Sph,1-Day_58_M + -02.00,하이드레이션,2026-08-13
S관(3공장),1-Day_Sph,1-Day_58_M + -02.25,누수규격,2026-08-16
S관(3공장),1-Day_Sph,1-Day_58_M + -02.25,접착,2026-08-15
S관(3공장),1-Day_Sph,1-Day_58_M + -02.25,하이드레이션,2026-08-13
S관(3공장),1-Day_Sph,1-Day_58_M + -02.50,누수규격,2026-08-16
S관(3공장),1-Day_Sph,1-Day_58_M + -02.50,접착,2026-08-15
S관(3공장),1-Day_Sph,1-Day_58_M + -02.50,하이드레이션,2026-08-13
S관(3공장),1-Day_Sph,1-Day_58_M + -02.75,누수규격,2026-08-16
S관(3공장),1-Day_Sph,1-Day_58_M + -02.75,접착,2026-08-15
S관(3공장),1-Day_Sph,1-Day_58_M + -02.75,하이드레이션,2026-08-13
S관(3공장),1-Day_Sph,1-Day_58_M + -03.00,누수규격,2026-08-16
S관(3공장),1-Day_Sph,1-Day_58_M + -03.00,접착,2026-08-15
S관(3공장),1-Day_Sph,1-Day_58_M + -03.00,하이드레이션,2026-08-13
S관(3공장),1-Day_Sph,1-Day_58_M + -03.25,누수규격,2026-08-16
S관(3공장),1-Day_Sph,1-Day_58_M + -03.25,접착,2026-08-15
S관(3공장),1-Day_Sph,1-Day_58_M + -03.25,하이드레이션,2026-08-13
S관(3공장),1-Day_Sph,1-Day_58_M + -03.50,누수규격,2026-08-16
S관(3공장),1-Day_Sph,1-Day_58_M + -03.50,접착,2026-08-15
S관(3공장),1-Day_Sph,1-Day_58_M + -03.50,하이드레이션,2026-08-13
S관(3공장),1-Day_Sph,1-Day_58_M + -03.75,누수규격,2026-08-16
S관(3공장),1-Day_Sph,1-Day_58_M + -03.75,접착,2026-08-15
S관(3공장),1-Day_Sph,1-Day_58_M + -03.75,하이드레이션,2026-08-13
S관(3공장),1-Day_Sph,1-Day_58_M + -04.00,누수규격,2026-08-16
S관(3공장),1-Day_Sph,1-Day_58_M + -04.00,접착,2026-08-15
S관(3공장),1-Day_Sph,1-Day_58_M + -04.00,하이드레이션,2026-08-13
S관(3공장),1-Day_Sph,1-Day_58_M + -04.25,누수규격,2026-08-16
S관(3공장),1-Day_Sph,1-Day_58_M + -04.25,접착,2026-08-15
S관(3공장),1-Day_Sph,1-Day_58_M + -04.25,하이드레이션,2026-08-13
S관(3공장),1-Day_Sph,1-Day_58_M + -04.50,누수규격,2026-08-16
S관(3공장),1-Day_Sph,1-Day_58_M + -04.50,접착,2026-08-15
S관(3공장),1-Day_Sph,1-Day_58_M + -04.50,하이드레이션,2026-08-13
S관(3공장),1-Day_Sph,1-Day_58_M + -04.75,누수규격,2026-08-16
S관(3공장),1-Day_Sph,1-Day_58_M + -04.75,접착,2026-08-15
S관(3공장),1-Day_Sph,1-Day_58_M + -04.75,하이드레이션,2026-08-13
S관(3공장),1-Day_Sph,1-Day_58_M + -05.00,누수규격,2026-08-16
S관(3공장),1-Day_Sph,1-Day_58_M + -05.00,접착,2026-08-15
S관(3공장),1-Day_Sph,1-Day_58_M + -05.00,하이드레이션,2026-08-13
S관(3공장),1-Day_Sph,1-Day_58_M + -05.50,누수규격,2026-08-16
S관(3공장),1-Day_Sph,1-Day_58_M + -05.50,접착,2026-08-15
S관(3공장),1-Day_Sph,1-Day_58_M + -05.50,하이드레이션,2026-08-13
S관(3공장),1-Day_Sph,1-Day_58_M + -06.00,누수규격,2026-08-16
S관(3공장),1-Day_Sph,1-Day_58_M + -06.00,접착,2026-08-15
S관(3공장),1-Day_Sph,1-Day_58_M + -06.00,하이드레이션,2026-08-13
S관(3공장),1-Day_Sph,1-Day_58_M + -06.50,누수규격,2026-08-16
S관(3공장),1-Day_Sph,1-Day_58_M + -06.50,접착,2026-08-15
S관(3공장),1-Day_Sph,1-Day_58_M + -06.50,하이드레이션,2026-08-13
S관(3공장),1-Day_Sph,1-Day_58_M + -07.00,누수규격,2026-08-16
S관(3공장),1-Day_Sph,1-Day_58_M + -07.00,접착,2026-08-15
S관(3공장),1-Day_Sph,1-Day_58_M + -07.00,하이드레이션,2026-08-13
S관(3공장),1-Day_Sph,1-Day_58_M + -07.50,누수규격,2026-08-16
S관(3공장),1-Day_Sph,1-Day_58_M + -07.50,접착,2026-08-15
S관(3공장),1-Day_Sph,1-Day_58_M + -07.50,하이드레이션,2026-08-13
S관(3공장),1-Day_Sph,1-Day_58_M + -08.00,누수규격,2026-08-16
S관(3공장),1-Day_Sph,1-Day_58_M + -08.00,접착,2026-08-15
S관(3공장),1-Day_Sph,1-Day_58_M + -08.00,하이드레이션,2026-08-13
S관(3공장),1-Day_Sph,1-Day_58_M + -08.50,누수규격,2026-08-16
S관(3공장),1-Day_Sph,1-Day_58_M + -08.50,접착,2026-08-15
S관(3공장),1-Day_Sph,1-Day_58_M + -08.50,하이드레이션,2026-08-13
S관(3공장),1-Day_Sph,1-Day_58_M + -09.00,누수규격,2026-08-16
S관(3공장),1-Day_Sph,1-Day_58_M + -09.00,접착,2026-08-15
S관(3공장),1-Day_Sph,1-Day_58_M + -09.00,하이드레이션,2026-08-13
S관(3공장),1-Day_Sph,1-Day_58_M + -10.00,누수규격,2026-08-16
S관(3공장),1-Day_Sph,1-Day_58_M + -10.00,접착,2026-08-15
S관(3공장),1-Day_Sph,1-Day_58_M + -10.00,하이드레이션,2026-08-13
S관(3공장),1-Day_Sph,1-Day_58_M + -11.50,누수규격,2026-08-16
S관(3공장),1-Day_Sph,1-Day_58_M + -11.50,접착,2026-08-15
S관(3공장),1-Day_Sph,1-Day_58_M + -11.50,하이드레이션,2026-08-13
S관(3공장),1-Day_Sph,1-Day_Contakt + -02.00,누수규격,2026-08-16
S관(3공장),1-Day_Sph,1-Day_Contakt + -02.00,접착,2026-08-15
S관(3공장),1-Day_Sph,1-Day_Contakt + -02.00,하이드레이션,2026-08-13
S관(3공장),1-Day_Sph,1-Day_Contakt + -03.25,누수규격,2026-08-16
S관(3공장),1-Day_Sph,1-Day_Contakt + -03.25,접착,2026-08-15
S관(3공장),1-Day_Sph,1-Day_Contakt + -03.25,하이드레이션,2026-08-13
S관(3공장),1-Day_Sph,1-Day_Contakt + -04.25,누수규격,2026-08-16
S관(3공장),1-Day_Sph,1-Day_Contakt + -04.25,접착,2026-08-15
S관(3공장),1-Day_Sph,1-Day_Contakt + -04.25,하이드레이션,2026-08-13
S관(3공장),1-Day_Sph,1-Day_Contakt + -05.00,누수규격,2026-08-16
S관(3공장),1-Day_Sph,1-Day_Contakt + -05.00,접착,2026-08-15
S관(3공장),1-Day_Sph,1-Day_Contakt + -05.00,하이드레이션,2026-08-13
S관(3공장),1-Day_Sph,1-Day_Contakt + -05.50,누수규격,2026-08-16
S관(3공장),1-Day_Sph,1-Day_Contakt + -05.50,접착,2026-08-15
S관(3공장),1-Day_Sph,1-Day_Contakt + -05.50,하이드레이션,2026-08-13
S관(3공장),1-Day_Sph,1-Day_Contakt + -11.50,누수규격,2026-08-16
S관(3공장),1-Day_Sph,1-Day_Contakt + -11.50,접착,2026-08-15
S관(3공장),1-Day_Sph,1-Day_Contakt + -11.50,하이드레이션,2026-08-13
S관(3공장),1-Day_Sph,1-Day_Contakt(유효기간_8년) + -00.75,누수규격,2026-08-16
S관(3공장),1-Day_Sph,1-Day_Contakt(유효기간_8년) + -00.75,접착,2026-08-15
S관(3공장),1-Day_Sph,1-Day_Contakt(유효기간_8년) + -00.75,하이드레이션,2026-08-13
S관(3공장),1-Day_Sph,1-Day_Contakt(유효기간_8년) + -01.00,누수규격,2026-08-16
S관(3공장),1-Day_Sph,1-Day_Contakt(유효기간_8년) + -01.00,접착,2026-08-15
S관(3공장),1-Day_Sph,1-Day_Contakt(유효기간_8년) + -01.00,하이드레이션,2026-08-13
S관(3공장),1-Day_Sph,1-Day_Contakt(유효기간_8년) + -01.25,누수규격,2026-08-16
S관(3공장),1-Day_Sph,1-Day_Contakt(유효기간_8년) + -01.25,접착,2026-08-15
S관(3공장),1-Day_Sph,1-Day_Contakt(유효기간_8년) + -01.25,하이드레이션,2026-08-13
S관(3공장),1-Day_Sph,1-Day_Contakt(유효기간_8년) + -01.50,누수규격,2026-08-16
S관(3공장),1-Day_Sph,1-Day_Contakt(유효기간_8년) + -01.50,접착,2026-08-15
S관(3공장),1-Day_Sph,1-Day_Contakt(유효기간_8년) + -01.50,하이드레이션,2026-08-13
S관(3공장),1-Day_Sph,1-Day_Contakt(유효기간_8년) + -01.75,누수규격,2026-08-16
S관(3공장),1-Day_Sph,1-Day_Contakt(유효기간_8년) + -01.75,접착,2026-08-15
S관(3공장),1-Day_Sph,1-Day_Contakt(유효기간_8년) + -01.75,하이드레이션,2026-08-13
S관(3공장),1-Day_Sph,1-Day_Contakt(유효기간_8년) + -02.00,누수규격,2026-08-16
S관(3공장),1-Day_Sph,1-Day_Contakt(유효기간_8년) + -02.00,접착,2026-08-15
S관(3공장),1-Day_Sph,1-Day_Contakt(유효기간_8년) + -02.00,하이드레이션,2026-08-13
S관(3공장),1-Day_Sph,1-Day_Contakt(유효기간_8년) + -02.25,누수규격,2026-08-16
S관(3공장),1-Day_Sph,1-Day_Contakt(유효기간_8년) + -02.25,접착,2026-08-15
S관(3공장),1-Day_Sph,1-Day_Contakt(유효기간_8년) + -02.25,하이드레이션,2026-08-13
S관(3공장),1-Day_Sph,1-Day_Contakt(유효기간_8년) + -02.50,누수규격,2026-08-16
S관(3공장),1-Day_Sph,1-Day_Contakt(유효기간_8년) + -02.50,접착,2026-08-15
S관(3공장),1-Day_Sph,1-Day_Contakt(유효기간_8년) + -02.50,하이드레이션,2026-08-13
S관(3공장),1-Day_Sph,1-Day_Contakt(유효기간_8년) + -02.75,누수규격,2026-08-16
S관(3공장),1-Day_Sph,1-Day_Contakt(유효기간_8년) + -02.75,접착,2026-08-15
S관(3공장),1-Day_Sph,1-Day_Contakt(유효기간_8년) + -02.75,하이드레이션,2026-08-13
S관(3공장),1-Day_Sph,1-Day_Contakt(유효기간_8년) + -03.00,누수규격,2026-08-16
S관(3공장),1-Day_Sph,1-Day_Contakt(유효기간_8년) + -03.00,접착,2026-08-15
S관(3공장),1-Day_Sph,1-Day_Contakt(유효기간_8년) + -03.00,하이드레이션,2026-08-13
S관(3공장),1-Day_Sph,1-Day_Contakt(유효기간_8년) + -03.25,누수규격,2026-08-16
S관(3공장),1-Day_Sph,1-Day_Contakt(유효기간_8년) + -03.25,접착,2026-08-15
S관(3공장),1-Day_Sph,1-Day_Contakt(유효기간_8년) + -03.25,하이드레이션,2026-08-13
S관(3공장),1-Day_Sph,1-Day_Contakt(유효기간_8년) + -03.50,누수규격,2026-08-16
S관(3공장),1-Day_Sph,1-Day_Contakt(유효기간_8년) + -03.50,접착,2026-08-15
S관(3공장),1-Day_Sph,1-Day_Contakt(유효기간_8년) + -03.50,하이드레이션,2026-08-13
S관(3공장),1-Day_Sph,1-Day_Contakt(유효기간_8년) + -03.75,누수규격,2026-08-16
S관(3공장),1-Day_Sph,1-Day_Contakt(유효기간_8년) + -03.75,접착,2026-08-15
S관(3공장),1-Day_Sph,1-Day_Contakt(유효기간_8년) + -03.75,하이드레이션,2026-08-13
S관(3공장),1-Day_Sph,1-Day_Contakt(유효기간_8년) + -04.00,누수규격,2026-08-16
S관(3공장),1-Day_Sph,1-Day_Contakt(유효기간_8년) + -04.00,접착,2026-08-15
S관(3공장),1-Day_Sph,1-Day_Contakt(유효기간_8년) + -04.00,하이드레이션,2026-08-13
S관(3공장),1-Day_Sph,1-Day_Contakt(유효기간_8년) + -04.50,누수규격,2026-08-16
S관(3공장),1-Day_Sph,1-Day_Contakt(유효기간_8년) + -04.50,접착,2026-08-15
S관(3공장),1-Day_Sph,1-Day_Contakt(유효기간_8년) + -04.50,하이드레이션,2026-08-13
S관(3공장),1-Day_Sph,1-Day_Contakt(유효기간_8년) + -04.75,누수규격,2026-08-16
S관(3공장),1-Day_Sph,1-Day_Contakt(유효기간_8년) + -04.75,접착,2026-08-15
S관(3공장),1-Day_Sph,1-Day_Contakt(유효기간_8년) + -04.75,하이드레이션,2026-08-13
S관(3공장),1-Day_Sph,1-Day_Contakt(유효기간_8년) + -05.00,누수규격,2026-08-16
S관(3공장),1-Day_Sph,1-Day_Contakt(유효기간_8년) + -05.00,접착,2026-08-15
S관(3공장),1-Day_Sph,1-Day_Contakt(유효기간_8년) + -05.00,하이드레이션,2026-08-13
S관(3공장),1-Day_Sph,1-Day_Contakt(유효기간_8년) + -05.25,누수규격,2026-08-16
S관(3공장),1-Day_Sph,1-Day_Contakt(유효기간_8년) + -05.25,접착,2026-08-15
S관(3공장),1-Day_Sph,1-Day_Contakt(유효기간_8년) + -05.25,하이드레이션,2026-08-13
S관(3공장),1-Day_Sph,1-Day_Contakt(유효기간_8년) + -05.50,누수규격,2026-08-16
S관(3공장),1-Day_Sph,1-Day_Contakt(유효기간_8년) + -05.50,접착,2026-08-15
S관(3공장),1-Day_Sph,1-Day_Contakt(유효기간_8년) + -05.50,하이드레이션,2026-08-13
S관(3공장),1-Day_Sph,1-Day_Contakt(유효기간_8년) + -05.75,누수규격,2026-08-16
S관(3공장),1-Day_Sph,1-Day_Contakt(유효기간_8년) + -05.75,접착,2026-08-15
S관(3공장),1-Day_Sph,1-Day_Contakt(유효기간_8년) + -05.75,하이드레이션,2026-08-13
S관(3공장),1-Day_Sph,1-Day_Contakt(유효기간_8년) + -06.00,누수규격,2026-08-16
S관(3공장),1-Day_Sph,1-Day_Contakt(유효기간_8년) + -06.00,접착,2026-08-15
S관(3공장),1-Day_Sph,1-Day_Contakt(유효기간_8년) + -06.00,하이드레이션,2026-08-13
S관(3공장),1-Day_Sph,1-Day_Contakt(유효기간_8년) + -06.50,누수규격,2026-08-16
S관(3공장),1-Day_Sph,1-Day_Contakt(유효기간_8년) + -06.50,접착,2026-08-15
S관(3공장),1-Day_Sph,1-Day_Contakt(유효기간_8년) + -06.50,하이드레이션,2026-08-13
S관(3공장),1-Day_Sph,1-Day_Contakt(유효기간_8년) + -07.00,누수규격,2026-08-16
S관(3공장),1-Day_Sph,1-Day_Contakt(유효기간_8년) + -07.00,접착,2026-08-15
S관(3공장),1-Day_Sph,1-Day_Contakt(유효기간_8년) + -07.00,하이드레이션,2026-08-13
S관(3공장),1-Day_Sph,1-Day_Contakt(유효기간_8년) + -07.50,누수규격,2026-08-16
S관(3공장),1-Day_Sph,1-Day_Contakt(유효기간_8년) + -07.50,접착,2026-08-15
S관(3공장),1-Day_Sph,1-Day_Contakt(유효기간_8년) + -07.50,하이드레이션,2026-08-13
S관(3공장),1-Day_Sph,1-Day_Contakt(유효기간_8년) + -08.00,누수규격,2026-08-16
S관(3공장),1-Day_Sph,1-Day_Contakt(유효기간_8년) + -08.00,접착,2026-08-15
S관(3공장),1-Day_Sph,1-Day_Contakt(유효기간_8년) + -08.00,하이드레이션,2026-08-13
S관(3공장),1-Day_Sph,1-Day_Contakt(유효기간_8년) + -09.00,누수규격,2026-08-16
S관(3공장),1-Day_Sph,1-Day_Contakt(유효기간_8년) + -09.00,접착,2026-08-15
S관(3공장),1-Day_Sph,1-Day_Contakt(유효기간_8년) + -09.00,하이드레이션,2026-08-13
S관(3공장),1-Day_Sph,1-Day_Contakt(유효기간_8년) + -10.00,누수규격,2026-08-16
S관(3공장),1-Day_Sph,1-Day_Contakt(유효기간_8년) + -10.00,접착,2026-08-15
S관(3공장),1-Day_Sph,1-Day_Contakt(유효기간_8년) + -10.00,하이드레이션,2026-08-13
S관(3공장),1-Day_Sph,1-Day_Contakt(유효기간_8년) + -12.00,누수규격,2026-08-16
S관(3공장),1-Day_Sph,1-Day_Contakt(유효기간_8년) + -12.00,접착,2026-08-15
S관(3공장),1-Day_Sph,1-Day_Contakt(유효기간_8년) + -12.00,하이드레이션,2026-08-13
S관(3공장),1-Day_Sph,1-Day_Contakt-HA + +01.50,누수규격,2026-08-16
S관(3공장),1-Day_Sph,1-Day_Contakt-HA + +01.50,접착,2026-08-15
S관(3공장),1-Day_Sph,1-Day_Contakt-HA + +01.50,하이드레이션,2026-08-13
S관(3공장),1-Day_Sph,1-Day_Contakt-HA + +02.00,누수규격,2026-08-16
S관(3공장),1-Day_Sph,1-Day_Contakt-HA + +02.00,접착,2026-08-15
S관(3공장),1-Day_Sph,1-Day_Contakt-HA + +02.00,하이드레이션,2026-08-13
S관(3공장),1-Day_Sph,1-Day_Contakt-HA + +03.00,누수규격,2026-08-16
S관(3공장),1-Day_Sph,1-Day_Contakt-HA + +03.00,접착,2026-08-15
S관(3공장),1-Day_Sph,1-Day_Contakt-HA + +03.00,하이드레이션,2026-08-13
S관(3공장),1-Day_Sph,1-Day_Contakt-HA + +03.75,누수규격,2026-08-16
S관(3공장),1-Day_Sph,1-Day_Contakt-HA + +03.75,접착,2026-08-15
S관(3공장),1-Day_Sph,1-Day_Contakt-HA + +03.75,하이드레이션,2026-08-13
S관(3공장),1-Day_Sph,1-Day_Contakt-HA + -01.00,누수규격,2026-08-16
S관(3공장),1-Day_Sph,1-Day_Contakt-HA + -01.00,접착,2026-08-15
S관(3공장),1-Day_Sph,1-Day_Contakt-HA + -01.00,하이드레이션,2026-08-13
S관(3공장),1-Day_Sph,1-Day_Contakt-HA + -01.25,누수규격,2026-08-16
S관(3공장),1-Day_Sph,1-Day_Contakt-HA + -01.25,접착,2026-08-15
S관(3공장),1-Day_Sph,1-Day_Contakt-HA + -01.25,하이드레이션,2026-08-13
S관(3공장),1-Day_Sph,1-Day_Contakt-HA + -02.50,누수규격,2026-08-16
S관(3공장),1-Day_Sph,1-Day_Contakt-HA + -02.50,접착,2026-08-15
S관(3공장),1-Day_Sph,1-Day_Contakt-HA + -02.50,하이드레이션,2026-08-13
S관(3공장),1-Day_Sph,1-Day_Contakt-HA + -02.75,누수규격,2026-08-16
S관(3공장),1-Day_Sph,1-Day_Contakt-HA + -02.75,접착,2026-08-15
S관(3공장),1-Day_Sph,1-Day_Contakt-HA + -02.75,하이드레이션,2026-08-13
S관(3공장),1-Day_Sph,1-Day_Contakt-HA + -03.00,누수규격,2026-08-16
S관(3공장),1-Day_Sph,1-Day_Contakt-HA + -03.00,접착,2026-08-15
S관(3공장),1-Day_Sph,1-Day_Contakt-HA + -03.00,하이드레이션,2026-08-13
S관(3공장),1-Day_Sph,1-Day_Contakt-HA + -03.25,누수규격,2026-07-24
S관(3공장),1-Day_Sph,1-Day_Contakt-HA + -03.25,접착,2026-07-23
S관(3공장),1-Day_Sph,1-Day_Contakt-HA + -03.25,하이드레이션,2026-07-21
S관(3공장),1-Day_Sph,1-Day_Contakt-HA + -03.75,누수규격,2026-08-16
S관(3공장),1-Day_Sph,1-Day_Contakt-HA + -03.75,접착,2026-08-15
S관(3공장),1-Day_Sph,1-Day_Contakt-HA + -03.75,하이드레이션,2026-08-13
S관(3공장),1-Day_Sph,1-Day_Contakt-HA + -04.25,누수규격,2026-08-16
S관(3공장),1-Day_Sph,1-Day_Contakt-HA + -04.25,접착,2026-08-15
S관(3공장),1-Day_Sph,1-Day_Contakt-HA + -04.25,하이드레이션,2026-08-13
S관(3공장),1-Day_Sph,1-Day_Contakt-HA + -04.75,누수규격,2026-08-16
S관(3공장),1-Day_Sph,1-Day_Contakt-HA + -04.75,접착,2026-08-15
S관(3공장),1-Day_Sph,1-Day_Contakt-HA + -04.75,하이드레이션,2026-08-13
S관(3공장),1-Day_Sph,1-Day_Contakt-HA + -05.00,누수규격,2026-08-16
S관(3공장),1-Day_Sph,1-Day_Contakt-HA + -05.00,접착,2026-08-15
S관(3공장),1-Day_Sph,1-Day_Contakt-HA + -05.00,하이드레이션,2026-08-13
S관(3공장),1-Day_Sph,1-Day_Contakt-HA + -05.25,누수규격,2026-07-24
S관(3공장),1-Day_Sph,1-Day_Contakt-HA + -05.25,접착,2026-07-23
S관(3공장),1-Day_Sph,1-Day_Contakt-HA + -05.25,하이드레이션,2026-07-21
S관(3공장),1-Day_Sph,1-Day_Contakt-HA + -05.50,누수규격,2026-08-16
S관(3공장),1-Day_Sph,1-Day_Contakt-HA + -05.50,접착,2026-08-15
S관(3공장),1-Day_Sph,1-Day_Contakt-HA + -05.50,하이드레이션,2026-08-13
S관(3공장),1-Day_Sph,1-Day_Contakt-HA + -06.50,누수규격,2026-08-16
S관(3공장),1-Day_Sph,1-Day_Contakt-HA + -06.50,접착,2026-08-15
S관(3공장),1-Day_Sph,1-Day_Contakt-HA + -06.50,하이드레이션,2026-08-13
S관(3공장),1-Day_Sph,1-Day_Contakt-HA + -08.00,누수규격,2026-07-24
S관(3공장),1-Day_Sph,1-Day_Contakt-HA + -08.00,접착,2026-07-23
S관(3공장),1-Day_Sph,1-Day_Contakt-HA + -08.00,하이드레이션,2026-07-21
S관(3공장),1-Day_Sph,1-Day_SOLEKO(5년) + +01.00,누수규격,2026-08-16
S관(3공장),1-Day_Sph,1-Day_SOLEKO(5년) + +01.00,접착,2026-08-15
S관(3공장),1-Day_Sph,1-Day_SOLEKO(5년) + +01.00,하이드레이션,2026-08-13
S관(3공장),1-Day_Sph,1-Day_SOLEKO(5년) + +01.25,누수규격,2026-08-08
S관(3공장),1-Day_Sph,1-Day_SOLEKO(5년) + +01.25,접착,2026-08-07
S관(3공장),1-Day_Sph,1-Day_SOLEKO(5년) + +01.25,하이드레이션,2026-08-05
S관(3공장),1-Day_Sph,1-Day_SOLEKO(5년) + +01.50,누수규격,2026-08-08
S관(3공장),1-Day_Sph,1-Day_SOLEKO(5년) + +01.50,접착,2026-08-07
S관(3공장),1-Day_Sph,1-Day_SOLEKO(5년) + +01.50,하이드레이션,2026-08-05
S관(3공장),1-Day_Sph,1-Day_SOLEKO(5년) + +01.75,누수규격,2026-08-16
S관(3공장),1-Day_Sph,1-Day_SOLEKO(5년) + +01.75,접착,2026-08-15
S관(3공장),1-Day_Sph,1-Day_SOLEKO(5년) + +01.75,하이드레이션,2026-08-13
S관(3공장),1-Day_Sph,1-Day_SOLEKO(5년) + +02.00,누수규격,2026-08-08
S관(3공장),1-Day_Sph,1-Day_SOLEKO(5년) + +02.00,접착,2026-08-07
S관(3공장),1-Day_Sph,1-Day_SOLEKO(5년) + +02.00,하이드레이션,2026-08-05
S관(3공장),1-Day_Sph,1-Day_SOLEKO(5년) + +02.25,누수규격,2026-08-08
S관(3공장),1-Day_Sph,1-Day_SOLEKO(5년) + +02.25,접착,2026-08-07
S관(3공장),1-Day_Sph,1-Day_SOLEKO(5년) + +02.25,하이드레이션,2026-08-05
S관(3공장),1-Day_Sph,1-Day_SOLEKO(5년) + +02.50,누수규격,2026-08-08
S관(3공장),1-Day_Sph,1-Day_SOLEKO(5년) + +02.50,접착,2026-08-07
S관(3공장),1-Day_Sph,1-Day_SOLEKO(5년) + +02.50,하이드레이션,2026-08-05
S관(3공장),1-Day_Sph,1-Day_SOLEKO(5년) + +02.75,누수규격,2026-08-08
S관(3공장),1-Day_Sph,1-Day_SOLEKO(5년) + +02.75,접착,2026-08-07
S관(3공장),1-Day_Sph,1-Day_SOLEKO(5년) + +02.75,하이드레이션,2026-08-05
S관(3공장),1-Day_Sph,1-Day_SOLEKO(5년) + +03.00,누수규격,2026-08-16
S관(3공장),1-Day_Sph,1-Day_SOLEKO(5년) + +03.00,접착,2026-08-15
S관(3공장),1-Day_Sph,1-Day_SOLEKO(5년) + +03.00,하이드레이션,2026-08-13
S관(3공장),1-Day_Sph,1-Day_SOLEKO(5년) + +03.25,누수규격,2026-08-08
S관(3공장),1-Day_Sph,1-Day_SOLEKO(5년) + +03.25,접착,2026-08-07
S관(3공장),1-Day_Sph,1-Day_SOLEKO(5년) + +03.25,하이드레이션,2026-08-05
S관(3공장),1-Day_Sph,1-Day_SOLEKO(5년) + +04.75,누수규격,2026-08-08
S관(3공장),1-Day_Sph,1-Day_SOLEKO(5년) + +04.75,접착,2026-08-07
S관(3공장),1-Day_Sph,1-Day_SOLEKO(5년) + +04.75,하이드레이션,2026-08-05
S관(3공장),1-Day_Sph,1-Day_SOLEKO(5년) + +05.00,누수규격,2026-08-16
S관(3공장),1-Day_Sph,1-Day_SOLEKO(5년) + +05.00,접착,2026-08-15
S관(3공장),1-Day_Sph,1-Day_SOLEKO(5년) + +05.00,하이드레이션,2026-08-13
S관(3공장),1-Day_Sph,1-Day_SOLEKO(5년) + +05.25,누수규격,2026-08-08
S관(3공장),1-Day_Sph,1-Day_SOLEKO(5년) + +05.25,접착,2026-08-07
S관(3공장),1-Day_Sph,1-Day_SOLEKO(5년) + +05.25,하이드레이션,2026-08-05
S관(3공장),1-Day_Sph,1-Day_SOLEKO(5년) + +06.00,누수규격,2026-08-08
S관(3공장),1-Day_Sph,1-Day_SOLEKO(5년) + +06.00,접착,2026-08-07
S관(3공장),1-Day_Sph,1-Day_SOLEKO(5년) + +06.00,하이드레이션,2026-08-05
S관(3공장),1-Day_Sph,1-Day_SOLEKO(5년) + -00.75,누수규격,2026-08-16
S관(3공장),1-Day_Sph,1-Day_SOLEKO(5년) + -00.75,접착,2026-08-15
S관(3공장),1-Day_Sph,1-Day_SOLEKO(5년) + -00.75,하이드레이션,2026-08-13
S관(3공장),1-Day_Sph,1-Day_SOLEKO(5년) + -01.00,누수규격,2026-08-16
S관(3공장),1-Day_Sph,1-Day_SOLEKO(5년) + -01.00,접착,2026-08-15
S관(3공장),1-Day_Sph,1-Day_SOLEKO(5년) + -01.00,하이드레이션,2026-08-13
S관(3공장),1-Day_Sph,1-Day_SOLEKO(5년) + -01.25,누수규격,2026-08-16
S관(3공장),1-Day_Sph,1-Day_SOLEKO(5년) + -01.25,접착,2026-08-15
S관(3공장),1-Day_Sph,1-Day_SOLEKO(5년) + -01.25,하이드레이션,2026-08-13
S관(3공장),1-Day_Sph,1-Day_SOLEKO(5년) + -01.50,누수규격,2026-08-16
S관(3공장),1-Day_Sph,1-Day_SOLEKO(5년) + -01.50,접착,2026-08-15
S관(3공장),1-Day_Sph,1-Day_SOLEKO(5년) + -01.50,하이드레이션,2026-08-13
S관(3공장),1-Day_Sph,1-Day_SOLEKO(5년) + -01.75,누수규격,2026-08-16
S관(3공장),1-Day_Sph,1-Day_SOLEKO(5년) + -01.75,접착,2026-08-15
S관(3공장),1-Day_Sph,1-Day_SOLEKO(5년) + -01.75,하이드레이션,2026-08-13
S관(3공장),1-Day_Sph,1-Day_SOLEKO(5년) + -02.00,누수규격,2026-08-16
S관(3공장),1-Day_Sph,1-Day_SOLEKO(5년) + -02.00,접착,2026-08-15
S관(3공장),1-Day_Sph,1-Day_SOLEKO(5년) + -02.00,하이드레이션,2026-08-13
S관(3공장),1-Day_Sph,1-Day_SOLEKO(5년) + -02.25,누수규격,2026-08-16
S관(3공장),1-Day_Sph,1-Day_SOLEKO(5년) + -02.25,접착,2026-08-15
S관(3공장),1-Day_Sph,1-Day_SOLEKO(5년) + -02.25,하이드레이션,2026-08-13
S관(3공장),1-Day_Sph,1-Day_SOLEKO(5년) + -02.50,누수규격,2026-08-16
S관(3공장),1-Day_Sph,1-Day_SOLEKO(5년) + -02.50,접착,2026-08-15
S관(3공장),1-Day_Sph,1-Day_SOLEKO(5년) + -02.50,하이드레이션,2026-08-13
S관(3공장),1-Day_Sph,1-Day_SOLEKO(5년) + -02.75,누수규격,2026-08-16
S관(3공장),1-Day_Sph,1-Day_SOLEKO(5년) + -02.75,접착,2026-08-15
S관(3공장),1-Day_Sph,1-Day_SOLEKO(5년) + -02.75,하이드레이션,2026-08-13
S관(3공장),1-Day_Sph,1-Day_SOLEKO(5년) + -03.00,누수규격,2026-08-16
S관(3공장),1-Day_Sph,1-Day_SOLEKO(5년) + -03.00,접착,2026-08-15
S관(3공장),1-Day_Sph,1-Day_SOLEKO(5년) + -03.00,하이드레이션,2026-08-13
S관(3공장),1-Day_Sph,1-Day_SOLEKO(5년) + -03.25,누수규격,2026-08-08
S관(3공장),1-Day_Sph,1-Day_SOLEKO(5년) + -03.25,접착,2026-08-07
S관(3공장),1-Day_Sph,1-Day_SOLEKO(5년) + -03.25,하이드레이션,2026-08-05
S관(3공장),1-Day_Sph,1-Day_SOLEKO(5년) + -03.50,누수규격,2026-08-16
S관(3공장),1-Day_Sph,1-Day_SOLEKO(5년) + -03.50,접착,2026-08-15
S관(3공장),1-Day_Sph,1-Day_SOLEKO(5년) + -03.50,하이드레이션,2026-08-13
S관(3공장),1-Day_Sph,1-Day_SOLEKO(5년) + -03.75,누수규격,2026-08-16
S관(3공장),1-Day_Sph,1-Day_SOLEKO(5년) + -03.75,접착,2026-08-15
S관(3공장),1-Day_Sph,1-Day_SOLEKO(5년) + -03.75,하이드레이션,2026-08-13
S관(3공장),1-Day_Sph,1-Day_SOLEKO(5년) + -04.00,누수규격,2026-08-16
S관(3공장),1-Day_Sph,1-Day_SOLEKO(5년) + -04.00,접착,2026-08-15
S관(3공장),1-Day_Sph,1-Day_SOLEKO(5년) + -04.00,하이드레이션,2026-08-13
S관(3공장),1-Day_Sph,1-Day_SOLEKO(5년) + -04.25,누수규격,2026-08-08
S관(3공장),1-Day_Sph,1-Day_SOLEKO(5년) + -04.25,접착,2026-08-07
S관(3공장),1-Day_Sph,1-Day_SOLEKO(5년) + -04.25,하이드레이션,2026-08-05
S관(3공장),1-Day_Sph,1-Day_SOLEKO(5년) + -04.50,누수규격,2026-08-16
S관(3공장),1-Day_Sph,1-Day_SOLEKO(5년) + -04.50,접착,2026-08-15
S관(3공장),1-Day_Sph,1-Day_SOLEKO(5년) + -04.50,하이드레이션,2026-08-13
S관(3공장),1-Day_Sph,1-Day_SOLEKO(5년) + -04.75,누수규격,2026-08-16
S관(3공장),1-Day_Sph,1-Day_SOLEKO(5년) + -04.75,접착,2026-08-15
S관(3공장),1-Day_Sph,1-Day_SOLEKO(5년) + -04.75,하이드레이션,2026-08-13
S관(3공장),1-Day_Sph,1-Day_SOLEKO(5년) + -05.00,누수규격,2026-08-16
S관(3공장),1-Day_Sph,1-Day_SOLEKO(5년) + -05.00,접착,2026-08-15
S관(3공장),1-Day_Sph,1-Day_SOLEKO(5년) + -05.00,하이드레이션,2026-08-13
S관(3공장),1-Day_Sph,1-Day_SOLEKO(5년) + -05.50,누수규격,2026-08-16
S관(3공장),1-Day_Sph,1-Day_SOLEKO(5년) + -05.50,접착,2026-08-15
S관(3공장),1-Day_Sph,1-Day_SOLEKO(5년) + -05.50,하이드레이션,2026-08-13
S관(3공장),1-Day_Sph,1-Day_SOLEKO(5년) + -05.75,누수규격,2026-08-16
S관(3공장),1-Day_Sph,1-Day_SOLEKO(5년) + -05.75,접착,2026-08-15
S관(3공장),1-Day_Sph,1-Day_SOLEKO(5년) + -05.75,하이드레이션,2026-08-13
S관(3공장),1-Day_Sph,1-Day_SOLEKO(5년) + -06.00,누수규격,2026-08-16
S관(3공장),1-Day_Sph,1-Day_SOLEKO(5년) + -06.00,접착,2026-08-15
S관(3공장),1-Day_Sph,1-Day_SOLEKO(5년) + -06.00,하이드레이션,2026-08-13
S관(3공장),1-Day_Sph,1-Day_SOLEKO(5년) + -06.50,누수규격,2026-08-16
S관(3공장),1-Day_Sph,1-Day_SOLEKO(5년) + -06.50,접착,2026-08-15
S관(3공장),1-Day_Sph,1-Day_SOLEKO(5년) + -06.50,하이드레이션,2026-08-13
S관(3공장),1-Day_Sph,1-Day_SOLEKO(5년) + -07.00,누수규격,2026-08-16
S관(3공장),1-Day_Sph,1-Day_SOLEKO(5년) + -07.00,접착,2026-08-15
S관(3공장),1-Day_Sph,1-Day_SOLEKO(5년) + -07.00,하이드레이션,2026-08-13
S관(3공장),1-Day_Sph,1-Day_SOLEKO(5년) + -07.50,누수규격,2026-08-16
S관(3공장),1-Day_Sph,1-Day_SOLEKO(5년) + -07.50,접착,2026-08-15
S관(3공장),1-Day_Sph,1-Day_SOLEKO(5년) + -07.50,하이드레이션,2026-08-13
S관(3공장),1-Day_Sph,1-Day_SOLEKO(5년) + -08.00,누수규격,2026-08-16
S관(3공장),1-Day_Sph,1-Day_SOLEKO(5년) + -08.00,접착,2026-08-15
S관(3공장),1-Day_Sph,1-Day_SOLEKO(5년) + -08.00,하이드레이션,2026-08-13
S관(3공장),1-Day_Sph,1-Day_SOLEKO(5년) + -08.50,누수규격,2026-08-16
S관(3공장),1-Day_Sph,1-Day_SOLEKO(5년) + -08.50,접착,2026-08-15
S관(3공장),1-Day_Sph,1-Day_SOLEKO(5년) + -08.50,하이드레이션,2026-08-13
S관(3공장),1-Day_Sph,1-Day_SOLEKO(5년) + -09.00,누수규격,2026-08-16
S관(3공장),1-Day_Sph,1-Day_SOLEKO(5년) + -09.00,접착,2026-08-15
S관(3공장),1-Day_Sph,1-Day_SOLEKO(5년) + -09.00,하이드레이션,2026-08-13
S관(3공장),1-Day_Sph,1-Day_SOLEKO(5년) + -10.00,누수규격,2026-08-08
S관(3공장),1-Day_Sph,1-Day_SOLEKO(5년) + -10.00,접착,2026-08-07
S관(3공장),1-Day_Sph,1-Day_SOLEKO(5년) + -10.00,하이드레이션,2026-08-05
S관(3공장),1-Day_Sph,1-Day_SOLEKO(5년) + -11.00,누수규격,2026-08-16
S관(3공장),1-Day_Sph,1-Day_SOLEKO(5년) + -11.00,접착,2026-08-15
S관(3공장),1-Day_Sph,1-Day_SOLEKO(5년) + -11.00,하이드레이션,2026-08-13
S관(3공장),1-Day_Sph,1-Day_SOLEKO(5년) + -11.50,누수규격,2026-08-08
S관(3공장),1-Day_Sph,1-Day_SOLEKO(5년) + -11.50,접착,2026-08-07
S관(3공장),1-Day_Sph,1-Day_SOLEKO(5년) + -11.50,하이드레이션,2026-08-05
S관(3공장),1-Day_Sph,1-day_58_Kontaktni-HA + +01.00,분리,2026-07-19
S관(3공장),1-Day_Sph,1-day_58_Kontaktni-HA + +01.50,분리,2026-08-12
S관(3공장),1-Day_Sph,1-day_58_Kontaktni-HA + +02.00,분리,2026-07-19
S관(3공장),1-Day_Sph,1-day_58_Kontaktni-HA + +02.00,사출,2026-08-11
S관(3공장),1-Day_Sph,1-day_58_Kontaktni-HA + +04.75,분리,2026-08-04
S관(3공장),1-Day_Sph,1-day_58_Kontaktni-HA + +05.00,분리,2026-08-12
S관(3공장),1-Day_Sph,1-day_58_Kontaktni-HA + +05.25,분리,2026-08-04
S관(3공장),1-Day_Sph,1-day_58_Kontaktni-HA + +05.50,분리,2026-08-12
S관(3공장),1-Day_Sph,1-day_58_Kontaktni-HA + +06.00,분리,2026-08-04
S관(3공장),1-Day_Sph,1-day_58_Kontaktni-HA + +06.00,사출,2026-08-03
S관(3공장),1-Day_Sph,1-day_58_Kontaktni-HA + -00.00,분리,2026-07-19
S관(3공장),1-Day_Sph,1-day_58_Kontaktni-HA + -00.00,사출,2026-07-18
S관(3공장),1-Day_Sph,1-day_58_Kontaktni-HA + -00.50,분리,2026-07-19
S관(3공장),1-Day_Sph,1-day_58_Kontaktni-HA + -00.50,사출,2026-07-18
S관(3공장),1-Day_Sph,1-day_58_Kontaktni-HA + -00.75,분리,2026-07-19
S관(3공장),1-Day_Sph,1-day_58_Kontaktni-HA + -00.75,사출,2026-07-18
S관(3공장),1-Day_Sph,1-day_58_Kontaktni-HA + -01.00,분리,2026-07-06
S관(3공장),1-Day_Sph,1-day_58_Kontaktni-HA + -01.00,사출,2026-07-05
S관(3공장),1-Day_Sph,1-day_58_Kontaktni-HA + -01.25,분리,2026-08-07
S관(3공장),1-Day_Sph,1-day_58_Kontaktni-HA + -01.25,사출,2026-08-06
S관(3공장),1-Day_Sph,1-day_58_Kontaktni-HA + -01.50,분리,2026-08-12
S관(3공장),1-Day_Sph,1-day_58_Kontaktni-HA + -01.50,사출,2026-08-11
S관(3공장),1-Day_Sph,1-day_58_Kontaktni-HA + -01.75,분리,2026-07-19
S관(3공장),1-Day_Sph,1-day_58_Kontaktni-HA + -01.75,사출,2026-07-18
S관(3공장),1-Day_Sph,1-day_58_Kontaktni-HA + -02.00,분리,2026-07-19
S관(3공장),1-Day_Sph,1-day_58_Kontaktni-HA + -02.00,사출,2026-07-18
S관(3공장),1-Day_Sph,1-day_58_Kontaktni-HA + -02.25,분리,2026-08-12
S관(3공장),1-Day_Sph,1-day_58_Kontaktni-HA + -02.25,사출,2026-08-11
S관(3공장),1-Day_Sph,1-day_58_Kontaktni-HA + -02.50,분리,2026-07-06
S관(3공장),1-Day_Sph,1-day_58_Kontaktni-HA + -02.50,사출,2026-07-05
S관(3공장),1-Day_Sph,1-day_58_Kontaktni-HA + -02.75,분리,2026-07-14
S관(3공장),1-Day_Sph,1-day_58_Kontaktni-HA + -02.75,사출,2026-07-13
S관(3공장),1-Day_Sph,1-day_58_Kontaktni-HA + -03.00,분리,2026-08-12
S관(3공장),1-Day_Sph,1-day_58_Kontaktni-HA + -03.00,사출,2026-08-11
S관(3공장),1-Day_Sph,1-day_58_Kontaktni-HA + -03.25,분리,2026-07-14
S관(3공장),1-Day_Sph,1-day_58_Kontaktni-HA + -03.25,사출,2026-07-13
S관(3공장),1-Day_Sph,1-day_58_Kontaktni-HA + -03.50,분리,2026-07-14
S관(3공장),1-Day_Sph,1-day_58_Kontaktni-HA + -03.50,사출,2026-07-13
S관(3공장),1-Day_Sph,1-day_58_Kontaktni-HA + -03.75,분리,2026-07-14
S관(3공장),1-Day_Sph,1-day_58_Kontaktni-HA + -03.75,사출,2026-07-13
S관(3공장),1-Day_Sph,1-day_58_Kontaktni-HA + -04.00,분리,2026-08-12
S관(3공장),1-Day_Sph,1-day_58_Kontaktni-HA + -04.00,사출,2026-08-11
S관(3공장),1-Day_Sph,1-day_58_Kontaktni-HA + -04.25,분리,2026-08-12
S관(3공장),1-Day_Sph,1-day_58_Kontaktni-HA + -04.25,사출,2026-08-11
S관(3공장),1-Day_Sph,1-day_58_Kontaktni-HA + -04.50,분리,2026-07-19
S관(3공장),1-Day_Sph,1-day_58_Kontaktni-HA + -04.50,사출,2026-08-11
S관(3공장),1-Day_Sph,1-day_58_Kontaktni-HA + -04.75,분리,2026-08-12
S관(3공장),1-Day_Sph,1-day_58_Kontaktni-HA + -04.75,사출,2026-08-11
S관(3공장),1-Day_Sph,1-day_58_Kontaktni-HA + -05.00,분리,2026-07-06
S관(3공장),1-Day_Sph,1-day_58_Kontaktni-HA + -05.00,사출,2026-08-11
S관(3공장),1-Day_Sph,1-day_58_Kontaktni-HA + -05.25,분리,2026-08-12
S관(3공장),1-Day_Sph,1-day_58_Kontaktni-HA + -05.25,사출,2026-08-11
S관(3공장),1-Day_Sph,1-day_58_Kontaktni-HA + -05.50,분리,2026-07-14
S관(3공장),1-Day_Sph,1-day_58_Kontaktni-HA + -05.50,사출,2026-07-13
S관(3공장),1-Day_Sph,1-day_58_Kontaktni-HA + -05.75,누수규격,2026-08-16
S관(3공장),1-Day_Sph,1-day_58_Kontaktni-HA + -05.75,분리,2026-07-19
S관(3공장),1-Day_Sph,1-day_58_Kontaktni-HA + -05.75,사출,2026-07-18
S관(3공장),1-Day_Sph,1-day_58_Kontaktni-HA + -05.75,접착,2026-08-15
S관(3공장),1-Day_Sph,1-day_58_Kontaktni-HA + -05.75,하이드레이션,2026-08-13
S관(3공장),1-Day_Sph,1-day_58_Kontaktni-HA + -06.00,분리,2026-07-14
S관(3공장),1-Day_Sph,1-day_58_Kontaktni-HA + -06.00,사출,2026-08-11
S관(3공장),1-Day_Sph,1-day_58_Kontaktni-HA + -06.50,분리,2026-07-14
S관(3공장),1-Day_Sph,1-day_58_Kontaktni-HA + -06.50,사출,2026-07-13
S관(3공장),1-Day_Sph,1-day_58_Kontaktni-HA + -07.00,분리,2026-07-06
S관(3공장),1-Day_Sph,1-day_58_Kontaktni-HA + -07.00,사출,2026-07-05
S관(3공장),1-Day_Sph,1-day_58_Kontaktni-HA + -07.50,분리,2026-07-19
S관(3공장),1-Day_Sph,1-day_58_Kontaktni-HA + -07.50,사출,2026-07-18
S관(3공장),1-Day_Sph,1-day_58_Kontaktni-HA + -08.00,분리,2026-07-06
S관(3공장),1-Day_Sph,1-day_58_Kontaktni-HA + -08.00,사출,2026-07-05
S관(3공장),1-Day_Sph,1-day_58_Kontaktni-HA + -08.50,분리,2026-07-14
S관(3공장),1-Day_Sph,1-day_58_Kontaktni-HA + -08.50,사출,2026-07-13
S관(3공장),1-Day_Sph,1-day_58_Kontaktni-HA + -09.00,누수규격,2026-08-16
S관(3공장),1-Day_Sph,1-day_58_Kontaktni-HA + -09.00,분리,2026-07-14
S관(3공장),1-Day_Sph,1-day_58_Kontaktni-HA + -09.00,사출,2026-07-13
S관(3공장),1-Day_Sph,1-day_58_Kontaktni-HA + -09.00,접착,2026-08-15
S관(3공장),1-Day_Sph,1-day_58_Kontaktni-HA + -09.00,하이드레이션,2026-08-13
S관(3공장),1-Day_Sph,1-day_58_Kontaktni-HA + -09.50,분리,2026-08-12
S관(3공장),1-Day_Sph,1-day_58_Kontaktni-HA + -09.50,사출,2026-08-11
S관(3공장),1-Day_Sph,1-day_58_Kontaktni-HA + -10.00,분리,2026-07-14
S관(3공장),1-Day_Sph,1-day_58_Kontaktni-HA + -10.50,누수규격,2026-08-16
S관(3공장),1-Day_Sph,1-day_58_Kontaktni-HA + -10.50,분리,2026-07-19
S관(3공장),1-Day_Sph,1-day_58_Kontaktni-HA + -10.50,사출,2026-07-18
S관(3공장),1-Day_Sph,1-day_58_Kontaktni-HA + -10.50,접착,2026-08-15
S관(3공장),1-Day_Sph,1-day_58_Kontaktni-HA + -10.50,하이드레이션,2026-08-13
S관(3공장),1-Day_Sph,1-day_58_Kontaktni-HA + -11.00,분리,2026-07-14
S관(3공장),1-Day_Sph,1-day_58_Kontaktni-HA + -11.00,사출,2026-07-13
S관(3공장),1-Day_Sph,1-day_58_Kontaktni-HA + -12.00,누수규격,2026-08-16
S관(3공장),1-Day_Sph,1-day_58_Kontaktni-HA + -12.00,분리,2026-07-19
S관(3공장),1-Day_Sph,1-day_58_Kontaktni-HA + -12.00,사출,2026-08-11
S관(3공장),1-Day_Sph,1-day_58_Kontaktni-HA + -12.00,접착,2026-08-15
S관(3공장),1-Day_Sph,1-day_58_Kontaktni-HA + -12.00,하이드레이션,2026-08-13
S관(3공장),1-Day_Sph,Hapakristin D_1-day_58 + -01.00,누수규격,2026-07-10
S관(3공장),1-Day_Sph,Hapakristin D_1-day_58 + -01.00,접착,2026-07-09
S관(3공장),1-Day_Sph,Hapakristin D_1-day_58 + -01.00,하이드레이션,2026-07-07
S관(3공장),1-Day_Sph,Hapakristin D_1-day_58 + -01.25,누수규격,2026-08-11
S관(3공장),1-Day_Sph,Hapakristin D_1-day_58 + -01.25,접착,2026-08-10
S관(3공장),1-Day_Sph,Hapakristin D_1-day_58 + -01.25,하이드레이션,2026-08-08
S관(3공장),1-Day_Sph,Hapakristin D_1-day_58 + -02.00,누수규격,2026-08-16
S관(3공장),1-Day_Sph,Hapakristin D_1-day_58 + -02.00,접착,2026-08-15
S관(3공장),1-Day_Sph,Hapakristin D_1-day_58 + -02.00,하이드레이션,2026-08-13
S관(3공장),1-Day_Sph,Hapakristin D_1-day_58 + -02.50,누수규격,2026-07-10
S관(3공장),1-Day_Sph,Hapakristin D_1-day_58 + -02.50,접착,2026-07-09
S관(3공장),1-Day_Sph,Hapakristin D_1-day_58 + -02.50,하이드레이션,2026-07-07
S관(3공장),1-Day_Sph,Hapakristin D_1-day_58 + -03.75,누수규격,2026-08-16
S관(3공장),1-Day_Sph,Hapakristin D_1-day_58 + -03.75,접착,2026-08-15
S관(3공장),1-Day_Sph,Hapakristin D_1-day_58 + -03.75,하이드레이션,2026-08-13
S관(3공장),1-Day_Sph,Hapakristin D_1-day_58 + -04.25,누수규격,2026-08-16
S관(3공장),1-Day_Sph,Hapakristin D_1-day_58 + -04.25,접착,2026-08-15
S관(3공장),1-Day_Sph,Hapakristin D_1-day_58 + -04.25,하이드레이션,2026-08-13
S관(3공장),1-Day_Sph,Hapakristin D_1-day_58 + -05.00,누수규격,2026-07-10
S관(3공장),1-Day_Sph,Hapakristin D_1-day_58 + -05.00,접착,2026-07-09
S관(3공장),1-Day_Sph,Hapakristin D_1-day_58 + -05.00,하이드레이션,2026-07-07
S관(3공장),1-Day_Sph,Hapakristin D_1-day_58 + -05.25,누수규격,2026-07-10
S관(3공장),1-Day_Sph,Hapakristin D_1-day_58 + -05.25,접착,2026-07-09
S관(3공장),1-Day_Sph,Hapakristin D_1-day_58 + -05.25,하이드레이션,2026-07-07
S관(3공장),1-Day_Sph,Hapakristin D_1-day_58 + -07.00,누수규격,2026-07-10
S관(3공장),1-Day_Sph,Hapakristin D_1-day_58 + -07.00,접착,2026-07-09
S관(3공장),1-Day_Sph,Hapakristin D_1-day_58 + -07.00,하이드레이션,2026-07-07
S관(3공장),1-Day_Sph,Hapakristin D_1-day_58 + -08.00,누수규격,2026-07-10
S관(3공장),1-Day_Sph,Hapakristin D_1-day_58 + -08.00,접착,2026-07-09
S관(3공장),1-Day_Sph,Hapakristin D_1-day_58 + -08.00,하이드레이션,2026-07-07
S관(3공장),1-Day_Sph,Sincere D_Clear_38% + -01.00,분리,2026-07-20
S관(3공장),1-Day_Sph,Sincere D_Clear_38% + -01.00,사출,2026-07-19
S관(3공장),1-Day_Sph,Sincere D_Clear_38% + -01.75,분리,2026-08-14
S관(3공장),1-Day_Sph,Sincere D_Clear_38% + -01.75,사출,2026-08-13
S관(3공장),1-Day_Sph,Sincere D_Clear_38% + -02.00,분리,2026-08-14
S관(3공장),1-Day_Sph,Sincere D_Clear_38% + -02.00,사출,2026-08-13
S관(3공장),1-Day_Sph,Sincere D_Clear_38% + -02.25,분리,2026-08-14
S관(3공장),1-Day_Sph,Sincere D_Clear_38% + -02.25,사출,2026-08-13
S관(3공장),1-Day_Sph,Sincere D_Clear_38% + -02.75,분리,2026-07-20
S관(3공장),1-Day_Sph,Sincere D_Clear_38% + -02.75,사출,2026-07-19
S관(3공장),1-Day_Sph,Sincere D_Clear_38% + -03.25,분리,2026-08-14
S관(3공장),1-Day_Sph,Sincere D_Clear_38% + -03.25,사출,2026-08-13
S관(3공장),1-Day_Sph,Sincere D_Clear_38% + -03.50,분리,2026-08-14
S관(3공장),1-Day_Sph,Sincere D_Clear_38% + -03.50,사출,2026-08-13
S관(3공장),1-Day_Sph,Sincere D_Clear_38% + -03.75,분리,2026-08-14
S관(3공장),1-Day_Sph,Sincere D_Clear_38% + -03.75,사출,2026-08-13
S관(3공장),1-Day_Sph,Sincere D_Clear_38% + -04.00,분리,2026-07-20
S관(3공장),1-Day_Sph,Sincere D_Clear_38% + -04.00,사출,2026-07-19
S관(3공장),1-Day_Sph,Sincere D_Clear_38% + -04.25,분리,2026-08-14
S관(3공장),1-Day_Sph,Sincere D_Clear_38% + -04.25,사출,2026-08-13
S관(3공장),1-Day_Sph,Sincere D_Clear_38% + -04.50,분리,2026-07-20
S관(3공장),1-Day_Sph,Sincere D_Clear_38% + -04.50,사출,2026-07-19
S관(3공장),1-Day_Sph,Sincere D_Clear_38% + -04.75,분리,2026-08-14
S관(3공장),1-Day_Sph,Sincere D_Clear_38% + -04.75,사출,2026-08-13
S관(3공장),1-Day_Sph,Sincere D_Clear_38% + -05.00,분리,2026-08-14
S관(3공장),1-Day_Sph,Sincere D_Clear_38% + -05.00,사출,2026-08-13
S관(3공장),1-Day_Sph,Sincere D_Clear_38% + -06.00,분리,2026-07-20
S관(3공장),1-Day_Sph,Sincere D_Clear_38% + -06.00,사출,2026-07-19
S관(3공장),1-Day_Sph,Sincere D_Clear_38% + -06.50,분리,2026-08-14
S관(3공장),1-Day_Sph,Sincere D_Clear_38% + -06.50,사출,2026-08-13
S관(3공장),1-Day_Sph,Sincere D_Clear_38% + -07.00,분리,2026-08-14
S관(3공장),1-Day_Sph,Sincere D_Clear_38% + -07.00,사출,2026-08-13
S관(3공장),1-Day_Sph,Sincere D_Clear_38% + -07.50,분리,2026-08-14
S관(3공장),1-Day_Sph,Sincere D_Clear_38% + -07.50,사출,2026-08-13
S관(3공장),1-Day_Sph,Sincere D_Clear_38% + -08.00,분리,2026-08-14
S관(3공장),1-Day_Sph,Sincere D_Clear_38% + -08.00,사출,2026-08-13
S관(3공장),1-Day_Sph,Sincere D_Clear_38% + -08.50,분리,2026-08-14
S관(3공장),1-Day_Sph,Sincere D_Clear_38% + -08.50,사출,2026-08-13
S관(3공장),1-Day_Sph,Sincere D_Clear_38% + -09.00,분리,2026-08-14
S관(3공장),1-Day_Sph,Sincere D_Clear_38% + -09.00,사출,2026-08-13
S관(3공장),1-Day_Sph,Sincere D_Clear_38% + -11.00,분리,2026-08-14
S관(3공장),1-Day_Sph,Sincere D_Clear_38% + -11.00,사출,2026-08-13
S관(3공장),1-Day_Sph,Sincere D_Clear_38% + -11.50,분리,2026-08-14
S관(3공장),1-Day_Sph,Sincere D_Clear_38% + -11.50,사출,2026-08-13
S관(3공장),1-Day_Sph,Sincere D_Clear_L-con_A-type_38% + -01.75,누수규격,2026-08-18
S관(3공장),1-Day_Sph,Sincere D_Clear_L-con_A-type_38% + -01.75,접착,2026-08-17
S관(3공장),1-Day_Sph,Sincere D_Clear_L-con_A-type_38% + -01.75,하이드레이션,2026-08-15
S관(3공장),1-Day_Sph,Sincere D_Clear_L-con_A-type_38% + -02.00,누수규격,2026-08-18
S관(3공장),1-Day_Sph,Sincere D_Clear_L-con_A-type_38% + -02.00,접착,2026-08-17
S관(3공장),1-Day_Sph,Sincere D_Clear_L-con_A-type_38% + -02.00,하이드레이션,2026-08-15
S관(3공장),1-Day_Sph,Sincere D_Clear_L-con_A-type_38% + -02.25,누수규격,2026-08-18
S관(3공장),1-Day_Sph,Sincere D_Clear_L-con_A-type_38% + -02.25,접착,2026-08-17
S관(3공장),1-Day_Sph,Sincere D_Clear_L-con_A-type_38% + -02.25,하이드레이션,2026-08-15
S관(3공장),1-Day_Sph,Sincere D_Clear_L-con_A-type_38% + -03.25,누수규격,2026-08-18
S관(3공장),1-Day_Sph,Sincere D_Clear_L-con_A-type_38% + -03.25,접착,2026-08-17
S관(3공장),1-Day_Sph,Sincere D_Clear_L-con_A-type_38% + -03.25,하이드레이션,2026-08-15
S관(3공장),1-Day_Sph,Sincere D_Clear_L-con_A-type_38% + -03.50,누수규격,2026-08-18
S관(3공장),1-Day_Sph,Sincere D_Clear_L-con_A-type_38% + -03.50,접착,2026-08-17
S관(3공장),1-Day_Sph,Sincere D_Clear_L-con_A-type_38% + -03.50,하이드레이션,2026-08-15
S관(3공장),1-Day_Sph,Sincere D_Clear_L-con_A-type_38% + -03.75,누수규격,2026-08-18
S관(3공장),1-Day_Sph,Sincere D_Clear_L-con_A-type_38% + -03.75,접착,2026-08-17
S관(3공장),1-Day_Sph,Sincere D_Clear_L-con_A-type_38% + -03.75,하이드레이션,2026-08-15
S관(3공장),1-Day_Sph,Sincere D_Clear_L-con_A-type_38% + -04.00,누수규격,2026-08-18
S관(3공장),1-Day_Sph,Sincere D_Clear_L-con_A-type_38% + -04.00,접착,2026-08-17
S관(3공장),1-Day_Sph,Sincere D_Clear_L-con_A-type_38% + -04.00,하이드레이션,2026-08-15
S관(3공장),1-Day_Sph,Sincere D_Clear_L-con_A-type_38% + -04.25,누수규격,2026-08-18
S관(3공장),1-Day_Sph,Sincere D_Clear_L-con_A-type_38% + -04.25,접착,2026-08-17
S관(3공장),1-Day_Sph,Sincere D_Clear_L-con_A-type_38% + -04.25,하이드레이션,2026-08-15
S관(3공장),1-Day_Sph,Sincere D_Clear_L-con_A-type_38% + -04.50,누수규격,2026-08-18
S관(3공장),1-Day_Sph,Sincere D_Clear_L-con_A-type_38% + -04.50,접착,2026-08-17
S관(3공장),1-Day_Sph,Sincere D_Clear_L-con_A-type_38% + -04.50,하이드레이션,2026-08-15
S관(3공장),1-Day_Sph,Sincere D_Clear_L-con_A-type_38% + -04.75,누수규격,2026-08-18
S관(3공장),1-Day_Sph,Sincere D_Clear_L-con_A-type_38% + -04.75,접착,2026-08-17
S관(3공장),1-Day_Sph,Sincere D_Clear_L-con_A-type_38% + -04.75,하이드레이션,2026-08-15
S관(3공장),1-Day_Sph,Sincere D_Clear_L-con_A-type_38% + -05.00,누수규격,2026-08-18
S관(3공장),1-Day_Sph,Sincere D_Clear_L-con_A-type_38% + -05.00,접착,2026-08-17
S관(3공장),1-Day_Sph,Sincere D_Clear_L-con_A-type_38% + -05.00,하이드레이션,2026-08-15
S관(3공장),1-Day_Sph,Sincere D_Clear_L-con_A-type_38% + -06.00,누수규격,2026-08-18
S관(3공장),1-Day_Sph,Sincere D_Clear_L-con_A-type_38% + -06.00,접착,2026-08-17
S관(3공장),1-Day_Sph,Sincere D_Clear_L-con_A-type_38% + -06.00,하이드레이션,2026-08-15
S관(3공장),1-Day_Sph,Sincere D_Clear_L-con_A-type_38% + -06.50,누수규격,2026-08-18
S관(3공장),1-Day_Sph,Sincere D_Clear_L-con_A-type_38% + -06.50,접착,2026-08-17
S관(3공장),1-Day_Sph,Sincere D_Clear_L-con_A-type_38% + -06.50,하이드레이션,2026-08-15
S관(3공장),1-Day_Sph,Sincere D_Clear_L-con_A-type_38% + -07.00,누수규격,2026-08-18
S관(3공장),1-Day_Sph,Sincere D_Clear_L-con_A-type_38% + -07.00,접착,2026-08-17
S관(3공장),1-Day_Sph,Sincere D_Clear_L-con_A-type_38% + -07.00,하이드레이션,2026-08-15
S관(3공장),1-Day_Sph,Sincere D_Clear_L-con_A-type_38% + -07.50,누수규격,2026-08-18
S관(3공장),1-Day_Sph,Sincere D_Clear_L-con_A-type_38% + -07.50,접착,2026-08-17
S관(3공장),1-Day_Sph,Sincere D_Clear_L-con_A-type_38% + -07.50,하이드레이션,2026-08-15
S관(3공장),1-Day_Sph,Sincere D_Clear_L-con_A-type_38% + -08.00,누수규격,2026-08-18
S관(3공장),1-Day_Sph,Sincere D_Clear_L-con_A-type_38% + -08.00,접착,2026-08-17
S관(3공장),1-Day_Sph,Sincere D_Clear_L-con_A-type_38% + -08.00,하이드레이션,2026-08-15
S관(3공장),1-Day_Sph,Sincere D_Clear_L-con_A-type_38% + -08.50,누수규격,2026-08-18
S관(3공장),1-Day_Sph,Sincere D_Clear_L-con_A-type_38% + -08.50,접착,2026-08-17
S관(3공장),1-Day_Sph,Sincere D_Clear_L-con_A-type_38% + -08.50,하이드레이션,2026-08-15
S관(3공장),1-Day_Sph,Sincere D_Clear_L-con_A-type_38% + -09.00,누수규격,2026-08-18
S관(3공장),1-Day_Sph,Sincere D_Clear_L-con_A-type_38% + -09.00,접착,2026-08-17
S관(3공장),1-Day_Sph,Sincere D_Clear_L-con_A-type_38% + -09.00,하이드레이션,2026-08-15
S관(3공장),1-Day_Sph,Sincere D_Clear_L-con_A-type_38% + -11.00,누수규격,2026-08-18
S관(3공장),1-Day_Sph,Sincere D_Clear_L-con_A-type_38% + -11.00,접착,2026-08-17
S관(3공장),1-Day_Sph,Sincere D_Clear_L-con_A-type_38% + -11.00,하이드레이션,2026-08-15
S관(3공장),1-Day_Sph,Sincere D_Clear_L-con_A-type_38% + -11.50,누수규격,2026-08-18
S관(3공장),1-Day_Sph,Sincere D_Clear_L-con_A-type_38% + -11.50,접착,2026-08-17
S관(3공장),1-Day_Sph,Sincere D_Clear_L-con_A-type_38% + -11.50,하이드레이션,2026-08-15
S관(3공장),1-Day_Sph,sincere Natural 1day + -01.00,누수규격,2026-07-24
S관(3공장),1-Day_Sph,sincere Natural 1day + -01.00,접착,2026-07-23
S관(3공장),1-Day_Sph,sincere Natural 1day + -01.00,하이드레이션,2026-07-21
S관(3공장),1-Day_Sph,sincere Natural 1day + -02.25,누수규격,2026-08-18
S관(3공장),1-Day_Sph,sincere Natural 1day + -02.25,접착,2026-08-17
S관(3공장),1-Day_Sph,sincere Natural 1day + -02.25,하이드레이션,2026-08-15
S관(3공장),1-Day_Sph,sincere Natural 1day + -02.75,누수규격,2026-07-24
S관(3공장),1-Day_Sph,sincere Natural 1day + -02.75,접착,2026-07-23
S관(3공장),1-Day_Sph,sincere Natural 1day + -02.75,하이드레이션,2026-07-21
S관(3공장),1-Day_Sph,sincere Natural 1day + -03.25,누수규격,2026-08-18
S관(3공장),1-Day_Sph,sincere Natural 1day + -03.25,접착,2026-08-17
S관(3공장),1-Day_Sph,sincere Natural 1day + -03.25,하이드레이션,2026-08-15
S관(3공장),1-Day_Sph,sincere Natural 1day + -03.50,누수규격,2026-08-18
S관(3공장),1-Day_Sph,sincere Natural 1day + -03.50,접착,2026-08-17
S관(3공장),1-Day_Sph,sincere Natural 1day + -03.50,하이드레이션,2026-08-15
S관(3공장),1-Day_Sph,sincere Natural 1day + -04.00,누수규격,2026-07-24
S관(3공장),1-Day_Sph,sincere Natural 1day + -04.00,접착,2026-07-23
S관(3공장),1-Day_Sph,sincere Natural 1day + -04.00,하이드레이션,2026-07-21
S관(3공장),1-Day_Sph,sincere Natural 1day + -04.50,누수규격,2026-07-24
S관(3공장),1-Day_Sph,sincere Natural 1day + -04.50,접착,2026-07-23
S관(3공장),1-Day_Sph,sincere Natural 1day + -04.50,하이드레이션,2026-07-21
S관(3공장),1-Day_Sph,sincere Natural 1day + -05.00,누수규격,2026-08-18
S관(3공장),1-Day_Sph,sincere Natural 1day + -05.00,접착,2026-08-17
S관(3공장),1-Day_Sph,sincere Natural 1day + -05.00,하이드레이션,2026-08-15
S관(3공장),1-Day_Sph,sincere Natural 1day + -06.00,누수규격,2026-07-24
S관(3공장),1-Day_Sph,sincere Natural 1day + -06.00,접착,2026-07-23
S관(3공장),1-Day_Sph,sincere Natural 1day + -06.00,하이드레이션,2026-07-21
S관(3공장),1-Day_Sph,sincere Natural 1day + -07.50,누수규격,2026-08-18
S관(3공장),1-Day_Sph,sincere Natural 1day + -07.50,접착,2026-08-17
S관(3공장),1-Day_Sph,sincere Natural 1day + -07.50,하이드레이션,2026-08-15
S관(3공장),Si_1-Day_Color_Sph,Clalen O2O2 D_Deep Black_45% + -01.50,누수규격,2026-08-11
S관(3공장),Si_1-Day_Color_Sph,Clalen O2O2 D_Deep Black_45% + -01.50,분리,2026-08-07
S관(3공장),Si_1-Day_Color_Sph,Clalen O2O2 D_Deep Black_45% + -01.50,사출,2026-08-06
S관(3공장),Si_1-Day_Color_Sph,Clalen O2O2 D_Deep Black_45% + -01.50,접착,2026-08-10
S관(3공장),Si_1-Day_Color_Sph,Clalen O2O2 D_Deep Black_45% + -01.50,하이드레이션,2026-08-08
S관(3공장),Si_1-Day_Color_Sph,Clalen O2O2 D_Deep Black_45% + -01.75,누수규격,2026-08-11
S관(3공장),Si_1-Day_Color_Sph,Clalen O2O2 D_Deep Black_45% + -01.75,분리,2026-08-07
S관(3공장),Si_1-Day_Color_Sph,Clalen O2O2 D_Deep Black_45% + -01.75,사출,2026-08-06
S관(3공장),Si_1-Day_Color_Sph,Clalen O2O2 D_Deep Black_45% + -01.75,접착,2026-08-10
S관(3공장),Si_1-Day_Color_Sph,Clalen O2O2 D_Deep Black_45% + -01.75,하이드레이션,2026-08-08
S관(3공장),Si_1-Day_Color_Sph,Clalen O2O2 D_Deep Black_45% + -02.25,누수규격,2026-08-11
S관(3공장),Si_1-Day_Color_Sph,Clalen O2O2 D_Deep Black_45% + -02.25,분리,2026-08-07
S관(3공장),Si_1-Day_Color_Sph,Clalen O2O2 D_Deep Black_45% + -02.25,사출,2026-08-06
S관(3공장),Si_1-Day_Color_Sph,Clalen O2O2 D_Deep Black_45% + -02.25,접착,2026-08-10
S관(3공장),Si_1-Day_Color_Sph,Clalen O2O2 D_Deep Black_45% + -02.25,하이드레이션,2026-08-08
S관(3공장),Si_1-Day_Color_Sph,Clalen O2O2 D_Deep Black_45% + -03.25,누수규격,2026-08-11
S관(3공장),Si_1-Day_Color_Sph,Clalen O2O2 D_Deep Black_45% + -03.25,분리,2026-08-07
S관(3공장),Si_1-Day_Color_Sph,Clalen O2O2 D_Deep Black_45% + -03.25,사출,2026-08-06
S관(3공장),Si_1-Day_Color_Sph,Clalen O2O2 D_Deep Black_45% + -03.25,접착,2026-08-10
S관(3공장),Si_1-Day_Color_Sph,Clalen O2O2 D_Deep Black_45% + -03.25,하이드레이션,2026-08-08
S관(3공장),Si_1-Day_Color_Sph,Clalen O2O2 D_Deep Black_45% + -03.50,누수규격,2026-08-11
S관(3공장),Si_1-Day_Color_Sph,Clalen O2O2 D_Deep Black_45% + -03.50,분리,2026-08-07
S관(3공장),Si_1-Day_Color_Sph,Clalen O2O2 D_Deep Black_45% + -03.50,사출,2026-08-06
S관(3공장),Si_1-Day_Color_Sph,Clalen O2O2 D_Deep Black_45% + -03.50,접착,2026-08-10
S관(3공장),Si_1-Day_Color_Sph,Clalen O2O2 D_Deep Black_45% + -03.50,하이드레이션,2026-08-08
S관(3공장),Si_1-Day_Color_Sph,Clalen O2O2 D_Lake Gray_45% + -01.00,누수규격,2026-08-09
S관(3공장),Si_1-Day_Color_Sph,Clalen O2O2 D_Lake Gray_45% + -01.00,접착,2026-08-08
S관(3공장),Si_1-Day_Color_Sph,Clalen O2O2 D_Lake Gray_45% + -01.50,누수규격,2026-08-09
S관(3공장),Si_1-Day_Color_Sph,Clalen O2O2 D_Lake Gray_45% + -01.50,접착,2026-08-08
S관(3공장),Si_1-Day_Color_Sph,Clalen O2O2 D_Lake Gray_45% + -01.75,누수규격,2026-08-09
S관(3공장),Si_1-Day_Color_Sph,Clalen O2O2 D_Lake Gray_45% + -01.75,분리,2026-08-05
S관(3공장),Si_1-Day_Color_Sph,Clalen O2O2 D_Lake Gray_45% + -01.75,사출,2026-08-04
S관(3공장),Si_1-Day_Color_Sph,Clalen O2O2 D_Lake Gray_45% + -01.75,접착,2026-08-08
S관(3공장),Si_1-Day_Color_Sph,Clalen O2O2 D_Lake Gray_45% + -01.75,하이드레이션,2026-08-06
S관(3공장),Si_1-Day_Color_Sph,Clalen O2O2 D_Lake Gray_45% + -02.25,누수규격,2026-08-09
S관(3공장),Si_1-Day_Color_Sph,Clalen O2O2 D_Lake Gray_45% + -02.25,분리,2026-08-05
S관(3공장),Si_1-Day_Color_Sph,Clalen O2O2 D_Lake Gray_45% + -02.25,사출,2026-08-04
S관(3공장),Si_1-Day_Color_Sph,Clalen O2O2 D_Lake Gray_45% + -02.25,접착,2026-08-08
S관(3공장),Si_1-Day_Color_Sph,Clalen O2O2 D_Lake Gray_45% + -02.25,하이드레이션,2026-08-06
S관(3공장),Si_1-Day_Color_Sph,Clalen O2O2 D_Lake Gray_45% + -02.50,누수규격,2026-08-09
S관(3공장),Si_1-Day_Color_Sph,Clalen O2O2 D_Lake Gray_45% + -02.50,분리,2026-08-05
S관(3공장),Si_1-Day_Color_Sph,Clalen O2O2 D_Lake Gray_45% + -02.50,사출,2026-08-04
S관(3공장),Si_1-Day_Color_Sph,Clalen O2O2 D_Lake Gray_45% + -02.50,접착,2026-08-08
S관(3공장),Si_1-Day_Color_Sph,Clalen O2O2 D_Lake Gray_45% + -02.50,하이드레이션,2026-08-06
S관(3공장),Si_1-Day_Color_Sph,Clalen O2O2 D_Lake Gray_45% + -03.25,누수규격,2026-08-09
S관(3공장),Si_1-Day_Color_Sph,Clalen O2O2 D_Lake Gray_45% + -03.25,분리,2026-08-05
S관(3공장),Si_1-Day_Color_Sph,Clalen O2O2 D_Lake Gray_45% + -03.25,사출,2026-08-04
S관(3공장),Si_1-Day_Color_Sph,Clalen O2O2 D_Lake Gray_45% + -03.25,접착,2026-08-08
S관(3공장),Si_1-Day_Color_Sph,Clalen O2O2 D_Lake Gray_45% + -03.25,하이드레이션,2026-08-06
S관(3공장),Si_1-Day_Color_Sph,Clalen O2O2 D_Lake Gray_45% + -04.00,누수규격,2026-08-09
S관(3공장),Si_1-Day_Color_Sph,Clalen O2O2 D_Lake Gray_45% + -04.00,분리,2026-08-05
S관(3공장),Si_1-Day_Color_Sph,Clalen O2O2 D_Lake Gray_45% + -04.00,사출,2026-08-04
S관(3공장),Si_1-Day_Color_Sph,Clalen O2O2 D_Lake Gray_45% + -04.00,접착,2026-08-08
S관(3공장),Si_1-Day_Color_Sph,Clalen O2O2 D_Lake Gray_45% + -04.00,하이드레이션,2026-08-06
S관(3공장),Si_1-Day_Color_Sph,Clalen O2O2 D_Lake Gray_45% + -05.50,누수규격,2026-08-09
S관(3공장),Si_1-Day_Color_Sph,Clalen O2O2 D_Lake Gray_45% + -05.50,분리,2026-08-05
S관(3공장),Si_1-Day_Color_Sph,Clalen O2O2 D_Lake Gray_45% + -05.50,사출,2026-08-04
S관(3공장),Si_1-Day_Color_Sph,Clalen O2O2 D_Lake Gray_45% + -05.50,접착,2026-08-08
S관(3공장),Si_1-Day_Color_Sph,Clalen O2O2 D_Lake Gray_45% + -05.50,하이드레이션,2026-08-06
S관(3공장),Si_1-Day_Color_Sph,Clalen O2O2 D_Lake Gray_45% + -06.00,누수규격,2026-08-09
S관(3공장),Si_1-Day_Color_Sph,Clalen O2O2 D_Lake Gray_45% + -06.00,분리,2026-08-05
S관(3공장),Si_1-Day_Color_Sph,Clalen O2O2 D_Lake Gray_45% + -06.00,사출,2026-08-04
S관(3공장),Si_1-Day_Color_Sph,Clalen O2O2 D_Lake Gray_45% + -06.00,접착,2026-08-08
S관(3공장),Si_1-Day_Color_Sph,Clalen O2O2 D_Lake Gray_45% + -06.00,하이드레이션,2026-08-06
S관(3공장),Si_1-Day_Color_Sph,Clalen O2O2 D_Mute Brown_45% + -01.00,누수규격,2026-08-10
S관(3공장),Si_1-Day_Color_Sph,Clalen O2O2 D_Mute Brown_45% + -01.00,분리,2026-08-06
S관(3공장),Si_1-Day_Color_Sph,Clalen O2O2 D_Mute Brown_45% + -01.00,사출,2026-08-05
S관(3공장),Si_1-Day_Color_Sph,Clalen O2O2 D_Mute Brown_45% + -01.00,접착,2026-08-09
S관(3공장),Si_1-Day_Color_Sph,Clalen O2O2 D_Mute Brown_45% + -01.00,하이드레이션,2026-08-07
S관(3공장),Si_1-Day_Color_Sph,Clalen O2O2 D_Mute Brown_45% + -01.25,누수규격,2026-08-10
S관(3공장),Si_1-Day_Color_Sph,Clalen O2O2 D_Mute Brown_45% + -01.25,분리,2026-08-06
S관(3공장),Si_1-Day_Color_Sph,Clalen O2O2 D_Mute Brown_45% + -01.25,사출,2026-08-05
S관(3공장),Si_1-Day_Color_Sph,Clalen O2O2 D_Mute Brown_45% + -01.25,접착,2026-08-09
S관(3공장),Si_1-Day_Color_Sph,Clalen O2O2 D_Mute Brown_45% + -01.25,하이드레이션,2026-08-07
S관(3공장),Si_1-Day_Color_Sph,Clalen O2O2 D_Mute Brown_45% + -01.75,누수규격,2026-08-10
S관(3공장),Si_1-Day_Color_Sph,Clalen O2O2 D_Mute Brown_45% + -01.75,분리,2026-08-06
S관(3공장),Si_1-Day_Color_Sph,Clalen O2O2 D_Mute Brown_45% + -01.75,사출,2026-08-05
S관(3공장),Si_1-Day_Color_Sph,Clalen O2O2 D_Mute Brown_45% + -01.75,접착,2026-08-09
S관(3공장),Si_1-Day_Color_Sph,Clalen O2O2 D_Mute Brown_45% + -01.75,하이드레이션,2026-08-07
S관(3공장),Si_1-Day_Color_Sph,Clalen O2O2 D_Mute Brown_45% + -04.00,누수규격,2026-08-10
S관(3공장),Si_1-Day_Color_Sph,Clalen O2O2 D_Mute Brown_45% + -04.00,분리,2026-08-06
S관(3공장),Si_1-Day_Color_Sph,Clalen O2O2 D_Mute Brown_45% + -04.00,사출,2026-08-05
S관(3공장),Si_1-Day_Color_Sph,Clalen O2O2 D_Mute Brown_45% + -04.00,접착,2026-08-09
S관(3공장),Si_1-Day_Color_Sph,Clalen O2O2 D_Mute Brown_45% + -04.00,하이드레이션,2026-08-07
S관(3공장),Si_1-Day_Color_Sph,Clalen O2O2 D_Mute Brown_45% + -04.50,누수규격,2026-08-10
S관(3공장),Si_1-Day_Color_Sph,Clalen O2O2 D_Mute Brown_45% + -04.50,분리,2026-08-06
S관(3공장),Si_1-Day_Color_Sph,Clalen O2O2 D_Mute Brown_45% + -04.50,사출,2026-08-05
S관(3공장),Si_1-Day_Color_Sph,Clalen O2O2 D_Mute Brown_45% + -04.50,접착,2026-08-09
S관(3공장),Si_1-Day_Color_Sph,Clalen O2O2 D_Mute Brown_45% + -04.50,하이드레이션,2026-08-07
S관(3공장),Si_1-Day_Color_Sph,Clalen O2O2 D_Pale Choco_45% + -01.00,누수규격,2026-08-08
S관(3공장),Si_1-Day_Color_Sph,Clalen O2O2 D_Pale Choco_45% + -01.00,분리,2026-08-04
S관(3공장),Si_1-Day_Color_Sph,Clalen O2O2 D_Pale Choco_45% + -01.00,사출,2026-08-03
S관(3공장),Si_1-Day_Color_Sph,Clalen O2O2 D_Pale Choco_45% + -01.00,접착,2026-08-07
S관(3공장),Si_1-Day_Color_Sph,Clalen O2O2 D_Pale Choco_45% + -01.00,하이드레이션,2026-08-05
S관(3공장),Si_1-Day_Color_Sph,Clalen O2O2 D_Pale Choco_45% + -01.25,누수규격,2026-08-08
S관(3공장),Si_1-Day_Color_Sph,Clalen O2O2 D_Pale Choco_45% + -01.25,분리,2026-08-04
S관(3공장),Si_1-Day_Color_Sph,Clalen O2O2 D_Pale Choco_45% + -01.25,사출,2026-08-03
S관(3공장),Si_1-Day_Color_Sph,Clalen O2O2 D_Pale Choco_45% + -01.25,접착,2026-08-07
S관(3공장),Si_1-Day_Color_Sph,Clalen O2O2 D_Pale Choco_45% + -01.25,하이드레이션,2026-08-05
S관(3공장),Si_1-Day_Color_Sph,Clalen O2O2 D_Pale Choco_45% + -01.50,누수규격,2026-08-08
S관(3공장),Si_1-Day_Color_Sph,Clalen O2O2 D_Pale Choco_45% + -01.50,분리,2026-08-04
S관(3공장),Si_1-Day_Color_Sph,Clalen O2O2 D_Pale Choco_45% + -01.50,사출,2026-08-03
S관(3공장),Si_1-Day_Color_Sph,Clalen O2O2 D_Pale Choco_45% + -01.50,접착,2026-08-07
S관(3공장),Si_1-Day_Color_Sph,Clalen O2O2 D_Pale Choco_45% + -01.50,하이드레이션,2026-08-05
S관(3공장),Si_1-Day_Color_Sph,Clalen O2O2 D_Pale Choco_45% + -01.75,누수규격,2026-08-08
S관(3공장),Si_1-Day_Color_Sph,Clalen O2O2 D_Pale Choco_45% + -01.75,분리,2026-08-04
S관(3공장),Si_1-Day_Color_Sph,Clalen O2O2 D_Pale Choco_45% + -01.75,사출,2026-08-03
S관(3공장),Si_1-Day_Color_Sph,Clalen O2O2 D_Pale Choco_45% + -01.75,접착,2026-08-07
S관(3공장),Si_1-Day_Color_Sph,Clalen O2O2 D_Pale Choco_45% + -01.75,하이드레이션,2026-08-05
S관(3공장),Si_1-Day_Color_Sph,Clalen O2O2 D_Pale Choco_45% + -02.00,누수규격,2026-08-08
S관(3공장),Si_1-Day_Color_Sph,Clalen O2O2 D_Pale Choco_45% + -02.00,분리,2026-08-04
S관(3공장),Si_1-Day_Color_Sph,Clalen O2O2 D_Pale Choco_45% + -02.00,사출,2026-08-03
S관(3공장),Si_1-Day_Color_Sph,Clalen O2O2 D_Pale Choco_45% + -02.00,접착,2026-08-07
S관(3공장),Si_1-Day_Color_Sph,Clalen O2O2 D_Pale Choco_45% + -02.00,하이드레이션,2026-08-05
S관(3공장),Si_1-Day_Color_Sph,Clalen O2O2 D_Pale Choco_45% + -02.25,누수규격,2026-08-03
S관(3공장),Si_1-Day_Color_Sph,Clalen O2O2 D_Pale Choco_45% + -02.25,분리,2026-07-30
S관(3공장),Si_1-Day_Color_Sph,Clalen O2O2 D_Pale Choco_45% + -02.25,사출,2026-07-29
S관(3공장),Si_1-Day_Color_Sph,Clalen O2O2 D_Pale Choco_45% + -02.25,접착,2026-08-02
S관(3공장),Si_1-Day_Color_Sph,Clalen O2O2 D_Pale Choco_45% + -02.25,하이드레이션,2026-07-31
S관(3공장),Si_1-Day_Color_Sph,Clalen O2O2 D_Pale Choco_45% + -02.50,누수규격,2026-08-08
S관(3공장),Si_1-Day_Color_Sph,Clalen O2O2 D_Pale Choco_45% + -02.50,분리,2026-08-04
S관(3공장),Si_1-Day_Color_Sph,Clalen O2O2 D_Pale Choco_45% + -02.50,사출,2026-08-03
S관(3공장),Si_1-Day_Color_Sph,Clalen O2O2 D_Pale Choco_45% + -02.50,접착,2026-08-07
S관(3공장),Si_1-Day_Color_Sph,Clalen O2O2 D_Pale Choco_45% + -02.50,하이드레이션,2026-08-05
S관(3공장),Si_1-Day_Color_Sph,Clalen O2O2 D_Pale Choco_45% + -03.00,누수규격,2026-08-08
S관(3공장),Si_1-Day_Color_Sph,Clalen O2O2 D_Pale Choco_45% + -03.00,분리,2026-08-04
S관(3공장),Si_1-Day_Color_Sph,Clalen O2O2 D_Pale Choco_45% + -03.00,사출,2026-08-03
S관(3공장),Si_1-Day_Color_Sph,Clalen O2O2 D_Pale Choco_45% + -03.00,접착,2026-08-07
S관(3공장),Si_1-Day_Color_Sph,Clalen O2O2 D_Pale Choco_45% + -03.00,하이드레이션,2026-08-05
S관(3공장),Si_1-Day_Color_Sph,Clalen O2O2 D_Pale Choco_45% + -03.25,누수규격,2026-07-18
S관(3공장),Si_1-Day_Color_Sph,Clalen O2O2 D_Pale Choco_45% + -03.25,분리,2026-07-14
S관(3공장),Si_1-Day_Color_Sph,Clalen O2O2 D_Pale Choco_45% + -03.25,사출,2026-07-13
S관(3공장),Si_1-Day_Color_Sph,Clalen O2O2 D_Pale Choco_45% + -03.25,접착,2026-07-17
S관(3공장),Si_1-Day_Color_Sph,Clalen O2O2 D_Pale Choco_45% + -03.25,하이드레이션,2026-07-15
S관(3공장),Si_1-Day_Color_Sph,Clalen O2O2 D_Pale Choco_45% + -04.50,누수규격,2026-08-03
S관(3공장),Si_1-Day_Color_Sph,Clalen O2O2 D_Pale Choco_45% + -04.50,분리,2026-07-30
S관(3공장),Si_1-Day_Color_Sph,Clalen O2O2 D_Pale Choco_45% + -04.50,사출,2026-07-29
S관(3공장),Si_1-Day_Color_Sph,Clalen O2O2 D_Pale Choco_45% + -04.50,접착,2026-08-02
S관(3공장),Si_1-Day_Color_Sph,Clalen O2O2 D_Pale Choco_45% + -04.50,하이드레이션,2026-07-31
S관(3공장),Si_1-Day_Color_Sph,Clalen O2O2 D_Pale Choco_45% + -05.00,누수규격,2026-08-03
S관(3공장),Si_1-Day_Color_Sph,Clalen O2O2 D_Pale Choco_45% + -05.00,분리,2026-07-30
S관(3공장),Si_1-Day_Color_Sph,Clalen O2O2 D_Pale Choco_45% + -05.00,사출,2026-07-29
S관(3공장),Si_1-Day_Color_Sph,Clalen O2O2 D_Pale Choco_45% + -05.00,접착,2026-08-02
S관(3공장),Si_1-Day_Color_Sph,Clalen O2O2 D_Pale Choco_45% + -05.00,하이드레이션,2026-07-31
S관(3공장),Si_1-Day_Color_Sph,Clalen O2O2 D_Pale Choco_45% + -06.00,누수규격,2026-07-18
S관(3공장),Si_1-Day_Color_Sph,Clalen O2O2 D_Pale Choco_45% + -06.00,분리,2026-07-14
S관(3공장),Si_1-Day_Color_Sph,Clalen O2O2 D_Pale Choco_45% + -06.00,사출,2026-07-13
S관(3공장),Si_1-Day_Color_Sph,Clalen O2O2 D_Pale Choco_45% + -06.00,접착,2026-07-17
S관(3공장),Si_1-Day_Color_Sph,Clalen O2O2 D_Pale Choco_45% + -06.00,하이드레이션,2026-07-15
S관(3공장),Si_1-Day_Color_Sph,Clalen O2O2 D_Pale Choco_45% + -06.50,누수규격,2026-07-18
S관(3공장),Si_1-Day_Color_Sph,Clalen O2O2 D_Pale Choco_45% + -06.50,분리,2026-07-14
S관(3공장),Si_1-Day_Color_Sph,Clalen O2O2 D_Pale Choco_45% + -06.50,사출,2026-07-13
S관(3공장),Si_1-Day_Color_Sph,Clalen O2O2 D_Pale Choco_45% + -06.50,접착,2026-07-17
S관(3공장),Si_1-Day_Color_Sph,Clalen O2O2 D_Pale Choco_45% + -06.50,하이드레이션,2026-07-15
S관(3공장),Si_1-Day_Color_Sph,DAVICH D_Mersee Brown + -01.50,누수규격,2026-07-13
S관(3공장),Si_1-Day_Color_Sph,DAVICH D_Mersee Brown + -01.50,분리,2026-07-09
S관(3공장),Si_1-Day_Color_Sph,DAVICH D_Mersee Brown + -01.50,사출,2026-07-08
S관(3공장),Si_1-Day_Color_Sph,DAVICH D_Mersee Brown + -01.50,접착,2026-07-12
S관(3공장),Si_1-Day_Color_Sph,DAVICH D_Mersee Brown + -01.50,하이드레이션,2026-07-10
S관(3공장),Si_1-Day_Color_Sph,O2O2 D_Ash Brown EX + -01.25,누수규격,2026-08-15
S관(3공장),Si_1-Day_Color_Sph,O2O2 D_Ash Brown EX + -01.25,분리,2026-08-11
S관(3공장),Si_1-Day_Color_Sph,O2O2 D_Ash Brown EX + -01.25,사출,2026-08-10
S관(3공장),Si_1-Day_Color_Sph,O2O2 D_Ash Brown EX + -01.25,접착,2026-08-14
S관(3공장),Si_1-Day_Color_Sph,O2O2 D_Ash Brown EX + -01.25,하이드레이션,2026-08-12
S관(3공장),Si_1-Day_Color_Sph,O2O2 D_Ash Brown EX + -01.50,누수규격,2026-07-13
S관(3공장),Si_1-Day_Color_Sph,O2O2 D_Ash Brown EX + -01.50,분리,2026-08-09
S관(3공장),Si_1-Day_Color_Sph,O2O2 D_Ash Brown EX + -01.50,사출,2026-08-08
S관(3공장),Si_1-Day_Color_Sph,O2O2 D_Ash Brown EX + -01.50,접착,2026-08-12
S관(3공장),Si_1-Day_Color_Sph,O2O2 D_Ash Brown EX + -01.50,하이드레이션,2026-08-10
S관(3공장),Si_1-Day_Color_Sph,O2O2 D_Ash Brown EX + -02.00,누수규격,2026-08-15
S관(3공장),Si_1-Day_Color_Sph,O2O2 D_Ash Brown EX + -02.00,분리,2026-08-11
S관(3공장),Si_1-Day_Color_Sph,O2O2 D_Ash Brown EX + -02.00,사출,2026-08-10
S관(3공장),Si_1-Day_Color_Sph,O2O2 D_Ash Brown EX + -02.00,접착,2026-08-14
S관(3공장),Si_1-Day_Color_Sph,O2O2 D_Ash Brown EX + -02.00,하이드레이션,2026-08-12
S관(3공장),Si_1-Day_Color_Sph,O2O2 D_Ash Brown EX + -02.25,누수규격,2026-08-15
S관(3공장),Si_1-Day_Color_Sph,O2O2 D_Ash Brown EX + -02.25,분리,2026-08-11
S관(3공장),Si_1-Day_Color_Sph,O2O2 D_Ash Brown EX + -02.25,사출,2026-08-10
S관(3공장),Si_1-Day_Color_Sph,O2O2 D_Ash Brown EX + -02.25,접착,2026-08-14
S관(3공장),Si_1-Day_Color_Sph,O2O2 D_Ash Brown EX + -02.25,하이드레이션,2026-08-12
S관(3공장),Si_1-Day_Color_Sph,O2O2 D_Ash Brown EX + -02.50,누수규격,2026-08-15
S관(3공장),Si_1-Day_Color_Sph,O2O2 D_Ash Brown EX + -02.50,분리,2026-08-11
S관(3공장),Si_1-Day_Color_Sph,O2O2 D_Ash Brown EX + -02.50,사출,2026-08-10
S관(3공장),Si_1-Day_Color_Sph,O2O2 D_Ash Brown EX + -02.50,접착,2026-08-14
S관(3공장),Si_1-Day_Color_Sph,O2O2 D_Ash Brown EX + -02.50,하이드레이션,2026-08-12
S관(3공장),Si_1-Day_Color_Sph,O2O2 D_Ash Brown EX + -03.00,누수규격,2026-07-13
S관(3공장),Si_1-Day_Color_Sph,O2O2 D_Ash Brown EX + -03.00,분리,2026-07-09
S관(3공장),Si_1-Day_Color_Sph,O2O2 D_Ash Brown EX + -03.00,사출,2026-07-08
S관(3공장),Si_1-Day_Color_Sph,O2O2 D_Ash Brown EX + -03.00,접착,2026-07-12
S관(3공장),Si_1-Day_Color_Sph,O2O2 D_Ash Brown EX + -03.00,하이드레이션,2026-07-10
S관(3공장),Si_1-Day_Color_Sph,O2O2 D_Ash Brown EX + -03.25,누수규격,2026-07-13
S관(3공장),Si_1-Day_Color_Sph,O2O2 D_Ash Brown EX + -03.25,분리,2026-07-09
S관(3공장),Si_1-Day_Color_Sph,O2O2 D_Ash Brown EX + -03.25,사출,2026-07-08
S관(3공장),Si_1-Day_Color_Sph,O2O2 D_Ash Brown EX + -03.25,접착,2026-07-12
S관(3공장),Si_1-Day_Color_Sph,O2O2 D_Ash Brown EX + -03.25,하이드레이션,2026-07-10
S관(3공장),Si_1-Day_Color_Sph,O2O2 D_Ash Brown EX + -03.50,누수규격,2026-07-13
S관(3공장),Si_1-Day_Color_Sph,O2O2 D_Ash Brown EX + -03.50,분리,2026-07-09
S관(3공장),Si_1-Day_Color_Sph,O2O2 D_Ash Brown EX + -03.50,사출,2026-07-08
S관(3공장),Si_1-Day_Color_Sph,O2O2 D_Ash Brown EX + -03.50,접착,2026-07-12
S관(3공장),Si_1-Day_Color_Sph,O2O2 D_Ash Brown EX + -03.50,하이드레이션,2026-07-10
S관(3공장),Si_1-Day_Color_Sph,O2O2 D_Ash Brown EX + -03.75,누수규격,2026-07-11
S관(3공장),Si_1-Day_Color_Sph,O2O2 D_Ash Brown EX + -03.75,분리,2026-08-09
S관(3공장),Si_1-Day_Color_Sph,O2O2 D_Ash Brown EX + -03.75,사출,2026-08-08
S관(3공장),Si_1-Day_Color_Sph,O2O2 D_Ash Brown EX + -03.75,접착,2026-07-12
S관(3공장),Si_1-Day_Color_Sph,O2O2 D_Ash Brown EX + -03.75,하이드레이션,2026-07-10
S관(3공장),Si_1-Day_Color_Sph,O2O2 D_Ash Brown EX + -04.00,누수규격,2026-08-15
S관(3공장),Si_1-Day_Color_Sph,O2O2 D_Ash Brown EX + -04.00,접착,2026-08-14
S관(3공장),Si_1-Day_Color_Sph,O2O2 D_Ash Brown EX + -04.00,하이드레이션,2026-08-12
S관(3공장),Si_1-Day_Color_Sph,O2O2 D_Ash Brown EX + -04.25,누수규격,2026-08-13
S관(3공장),Si_1-Day_Color_Sph,O2O2 D_Ash Brown EX + -04.25,분리,2026-08-09
S관(3공장),Si_1-Day_Color_Sph,O2O2 D_Ash Brown EX + -04.25,사출,2026-08-08
S관(3공장),Si_1-Day_Color_Sph,O2O2 D_Ash Brown EX + -04.25,접착,2026-08-12
S관(3공장),Si_1-Day_Color_Sph,O2O2 D_Ash Brown EX + -04.25,하이드레이션,2026-08-10
S관(3공장),Si_1-Day_Color_Sph,O2O2 D_Ash Brown EX + -04.50,누수규격,2026-08-15
S관(3공장),Si_1-Day_Color_Sph,O2O2 D_Ash Brown EX + -04.50,분리,2026-08-11
S관(3공장),Si_1-Day_Color_Sph,O2O2 D_Ash Brown EX + -04.50,사출,2026-08-10
S관(3공장),Si_1-Day_Color_Sph,O2O2 D_Ash Brown EX + -04.50,접착,2026-08-14
S관(3공장),Si_1-Day_Color_Sph,O2O2 D_Ash Brown EX + -04.50,하이드레이션,2026-08-12
S관(3공장),Si_1-Day_Color_Sph,O2O2 D_Ash Brown EX + -05.50,누수규격,2026-07-13
S관(3공장),Si_1-Day_Color_Sph,O2O2 D_Ash Brown EX + -05.50,분리,2026-07-09
S관(3공장),Si_1-Day_Color_Sph,O2O2 D_Ash Brown EX + -05.50,사출,2026-07-08
S관(3공장),Si_1-Day_Color_Sph,O2O2 D_Ash Brown EX + -05.50,접착,2026-07-12
S관(3공장),Si_1-Day_Color_Sph,O2O2 D_Ash Brown EX + -05.50,하이드레이션,2026-07-10
S관(3공장),Si_1-Day_Color_Sph,O2O2 D_Ash Brown EX + -07.00,누수규격,2026-08-15
S관(3공장),Si_1-Day_Color_Sph,O2O2 D_Ash Brown EX + -07.00,분리,2026-08-11
S관(3공장),Si_1-Day_Color_Sph,O2O2 D_Ash Brown EX + -07.00,사출,2026-08-10
S관(3공장),Si_1-Day_Color_Sph,O2O2 D_Ash Brown EX + -07.00,접착,2026-08-14
S관(3공장),Si_1-Day_Color_Sph,O2O2 D_Ash Brown EX + -07.00,하이드레이션,2026-08-12
S관(3공장),Si_1-Day_Color_Sph,O2O2 D_Ash Brown EX + -10.00,누수규격,2026-08-13
S관(3공장),Si_1-Day_Color_Sph,O2O2 D_Ash Brown EX + -10.00,분리,2026-08-09
S관(3공장),Si_1-Day_Color_Sph,O2O2 D_Ash Brown EX + -10.00,사출,2026-08-08
S관(3공장),Si_1-Day_Color_Sph,O2O2 D_Ash Brown EX + -10.00,접착,2026-08-12
S관(3공장),Si_1-Day_Color_Sph,O2O2 D_Ash Brown EX + -10.00,하이드레이션,2026-08-10
S관(3공장),Si_1-Day_Color_Sph,O2O2 D_Ash Gray EX + -01.00,누수규격,2026-08-14
S관(3공장),Si_1-Day_Color_Sph,O2O2 D_Ash Gray EX + -01.00,분리,2026-08-10
S관(3공장),Si_1-Day_Color_Sph,O2O2 D_Ash Gray EX + -01.00,사출,2026-08-09
S관(3공장),Si_1-Day_Color_Sph,O2O2 D_Ash Gray EX + -01.00,접착,2026-08-13
S관(3공장),Si_1-Day_Color_Sph,O2O2 D_Ash Gray EX + -01.00,하이드레이션,2026-08-11
S관(3공장),Si_1-Day_Color_Sph,O2O2 D_Ash Gray EX + -01.50,누수규격,2026-08-14
S관(3공장),Si_1-Day_Color_Sph,O2O2 D_Ash Gray EX + -01.50,분리,2026-08-10
S관(3공장),Si_1-Day_Color_Sph,O2O2 D_Ash Gray EX + -01.50,사출,2026-08-09
S관(3공장),Si_1-Day_Color_Sph,O2O2 D_Ash Gray EX + -01.50,접착,2026-08-13
S관(3공장),Si_1-Day_Color_Sph,O2O2 D_Ash Gray EX + -01.50,하이드레이션,2026-08-11
S관(3공장),Si_1-Day_Color_Sph,O2O2 D_Ash Gray EX + -01.75,누수규격,2026-07-13
S관(3공장),Si_1-Day_Color_Sph,O2O2 D_Ash Gray EX + -01.75,분리,2026-07-09
S관(3공장),Si_1-Day_Color_Sph,O2O2 D_Ash Gray EX + -01.75,사출,2026-07-08
S관(3공장),Si_1-Day_Color_Sph,O2O2 D_Ash Gray EX + -01.75,접착,2026-07-12
S관(3공장),Si_1-Day_Color_Sph,O2O2 D_Ash Gray EX + -01.75,하이드레이션,2026-07-10
S관(3공장),Si_1-Day_Color_Sph,O2O2 D_Ash Gray EX + -09.50,누수규격,2026-08-14
S관(3공장),Si_1-Day_Color_Sph,O2O2 D_Ash Gray EX + -09.50,분리,2026-08-10
S관(3공장),Si_1-Day_Color_Sph,O2O2 D_Ash Gray EX + -09.50,사출,2026-08-09
S관(3공장),Si_1-Day_Color_Sph,O2O2 D_Ash Gray EX + -09.50,접착,2026-08-13
S관(3공장),Si_1-Day_Color_Sph,O2O2 D_Ash Gray EX + -09.50,하이드레이션,2026-08-11
S관(3공장),Si_1-Day_Color_Sph,O2O2 D_Ash Gray EX + -10.00,누수규격,2026-07-13
S관(3공장),Si_1-Day_Color_Sph,O2O2 D_Ash Gray EX + -10.00,분리,2026-07-09
S관(3공장),Si_1-Day_Color_Sph,O2O2 D_Ash Gray EX + -10.00,사출,2026-07-08
S관(3공장),Si_1-Day_Color_Sph,O2O2 D_Ash Gray EX + -10.00,접착,2026-07-12
S관(3공장),Si_1-Day_Color_Sph,O2O2 D_Ash Gray EX + -10.00,하이드레이션,2026-07-10
S관(3공장),Si_1-Day_Color_Sph,O2O2 D_Blending Hazel EX + -01.00,누수규격,2026-08-12
S관(3공장),Si_1-Day_Color_Sph,O2O2 D_Blending Hazel EX + -01.00,분리,2026-08-08
S관(3공장),Si_1-Day_Color_Sph,O2O2 D_Blending Hazel EX + -01.00,사출,2026-08-07
S관(3공장),Si_1-Day_Color_Sph,O2O2 D_Blending Hazel EX + -01.00,접착,2026-08-11
S관(3공장),Si_1-Day_Color_Sph,O2O2 D_Blending Hazel EX + -01.00,하이드레이션,2026-08-09
S관(3공장),Si_1-Day_Color_Sph,O2O2 D_Blending Hazel EX + -01.25,누수규격,2026-08-12
S관(3공장),Si_1-Day_Color_Sph,O2O2 D_Blending Hazel EX + -01.25,분리,2026-08-08
S관(3공장),Si_1-Day_Color_Sph,O2O2 D_Blending Hazel EX + -01.25,사출,2026-08-07
S관(3공장),Si_1-Day_Color_Sph,O2O2 D_Blending Hazel EX + -01.25,접착,2026-08-11
S관(3공장),Si_1-Day_Color_Sph,O2O2 D_Blending Hazel EX + -01.25,하이드레이션,2026-08-09
S관(3공장),Si_1-Day_Color_Sph,O2O2 D_Blending Hazel EX + -01.75,누수규격,2026-08-12
S관(3공장),Si_1-Day_Color_Sph,O2O2 D_Blending Hazel EX + -01.75,분리,2026-08-08
S관(3공장),Si_1-Day_Color_Sph,O2O2 D_Blending Hazel EX + -01.75,사출,2026-08-07
S관(3공장),Si_1-Day_Color_Sph,O2O2 D_Blending Hazel EX + -01.75,접착,2026-08-11
S관(3공장),Si_1-Day_Color_Sph,O2O2 D_Blending Hazel EX + -01.75,하이드레이션,2026-08-09
S관(3공장),Si_1-Day_Color_Sph,O2O2 D_Blending Hazel EX + -02.00,누수규격,2026-08-12
S관(3공장),Si_1-Day_Color_Sph,O2O2 D_Blending Hazel EX + -02.00,분리,2026-08-08
S관(3공장),Si_1-Day_Color_Sph,O2O2 D_Blending Hazel EX + -02.00,사출,2026-08-07
S관(3공장),Si_1-Day_Color_Sph,O2O2 D_Blending Hazel EX + -02.00,접착,2026-08-11
S관(3공장),Si_1-Day_Color_Sph,O2O2 D_Blending Hazel EX + -02.00,하이드레이션,2026-08-09
S관(3공장),Si_1-Day_Color_Sph,O2O2 D_Blending Hazel EX + -02.50,누수규격,2026-08-12
S관(3공장),Si_1-Day_Color_Sph,O2O2 D_Blending Hazel EX + -02.50,분리,2026-08-08
S관(3공장),Si_1-Day_Color_Sph,O2O2 D_Blending Hazel EX + -02.50,사출,2026-08-07
S관(3공장),Si_1-Day_Color_Sph,O2O2 D_Blending Hazel EX + -02.50,접착,2026-08-11
S관(3공장),Si_1-Day_Color_Sph,O2O2 D_Blending Hazel EX + -02.50,하이드레이션,2026-08-09
S관(3공장),Si_1-Day_Color_Sph,O2O2 D_Blending Hazel EX + -02.75,누수규격,2026-08-12
S관(3공장),Si_1-Day_Color_Sph,O2O2 D_Blending Hazel EX + -02.75,분리,2026-08-08
S관(3공장),Si_1-Day_Color_Sph,O2O2 D_Blending Hazel EX + -02.75,사출,2026-08-07
S관(3공장),Si_1-Day_Color_Sph,O2O2 D_Blending Hazel EX + -02.75,접착,2026-08-11
S관(3공장),Si_1-Day_Color_Sph,O2O2 D_Blending Hazel EX + -02.75,하이드레이션,2026-08-09
S관(3공장),Si_1-Day_Color_Sph,O2O2 D_Blending Hazel EX + -03.50,누수규격,2026-08-12
S관(3공장),Si_1-Day_Color_Sph,O2O2 D_Blending Hazel EX + -03.50,분리,2026-08-08
S관(3공장),Si_1-Day_Color_Sph,O2O2 D_Blending Hazel EX + -03.50,사출,2026-08-07
S관(3공장),Si_1-Day_Color_Sph,O2O2 D_Blending Hazel EX + -03.50,접착,2026-08-11
S관(3공장),Si_1-Day_Color_Sph,O2O2 D_Blending Hazel EX + -03.50,하이드레이션,2026-08-09
S관(3공장),Si_1-Day_Color_Sph,O2O2 D_Blending Hazel EX + -04.50,누수규격,2026-08-12
S관(3공장),Si_1-Day_Color_Sph,O2O2 D_Blending Hazel EX + -04.50,분리,2026-08-08
S관(3공장),Si_1-Day_Color_Sph,O2O2 D_Blending Hazel EX + -04.50,사출,2026-08-07
S관(3공장),Si_1-Day_Color_Sph,O2O2 D_Blending Hazel EX + -04.50,접착,2026-08-11
S관(3공장),Si_1-Day_Color_Sph,O2O2 D_Blending Hazel EX + -04.50,하이드레이션,2026-08-09
S관(3공장),Si_1-Day_Color_Sph,O2O2 D_Blending Hazel EX + -05.00,누수규격,2026-08-12
S관(3공장),Si_1-Day_Color_Sph,O2O2 D_Blending Hazel EX + -05.00,분리,2026-08-08
S관(3공장),Si_1-Day_Color_Sph,O2O2 D_Blending Hazel EX + -05.00,사출,2026-08-07
S관(3공장),Si_1-Day_Color_Sph,O2O2 D_Blending Hazel EX + -05.00,접착,2026-08-11
S관(3공장),Si_1-Day_Color_Sph,O2O2 D_Blending Hazel EX + -05.00,하이드레이션,2026-08-09
S관(3공장),Si_1-Day_Color_Sph,O2O2 D_Blending Hazel EX + -05.50,누수규격,2026-08-12
S관(3공장),Si_1-Day_Color_Sph,O2O2 D_Blending Hazel EX + -05.50,분리,2026-08-08
S관(3공장),Si_1-Day_Color_Sph,O2O2 D_Blending Hazel EX + -05.50,사출,2026-08-07
S관(3공장),Si_1-Day_Color_Sph,O2O2 D_Blending Hazel EX + -05.50,접착,2026-08-11
S관(3공장),Si_1-Day_Color_Sph,O2O2 D_Blending Hazel EX + -05.50,하이드레이션,2026-08-09
S관(3공장),Si_1-Day_Color_Sph,O2O2 D_Blending Rose EX + -01.25,누수규격,2026-08-13
S관(3공장),Si_1-Day_Color_Sph,O2O2 D_Blending Rose EX + -01.25,분리,2026-08-09
S관(3공장),Si_1-Day_Color_Sph,O2O2 D_Blending Rose EX + -01.25,사출,2026-08-08
S관(3공장),Si_1-Day_Color_Sph,O2O2 D_Blending Rose EX + -01.25,접착,2026-08-12
S관(3공장),Si_1-Day_Color_Sph,O2O2 D_Blending Rose EX + -01.25,하이드레이션,2026-08-10
S관(3공장),Si_1-Day_Color_Sph,O2O2 D_Blending Rose EX + -02.00,누수규격,2026-08-13
S관(3공장),Si_1-Day_Color_Sph,O2O2 D_Blending Rose EX + -02.00,분리,2026-08-09
S관(3공장),Si_1-Day_Color_Sph,O2O2 D_Blending Rose EX + -02.00,사출,2026-08-08
S관(3공장),Si_1-Day_Color_Sph,O2O2 D_Blending Rose EX + -02.00,접착,2026-08-12
S관(3공장),Si_1-Day_Color_Sph,O2O2 D_Blending Rose EX + -02.00,하이드레이션,2026-08-10
S관(3공장),Si_1-Day_Color_Sph,O2O2 D_Blending Rose EX + -02.25,누수규격,2026-08-13
S관(3공장),Si_1-Day_Color_Sph,O2O2 D_Blending Rose EX + -02.25,분리,2026-08-09
S관(3공장),Si_1-Day_Color_Sph,O2O2 D_Blending Rose EX + -02.25,사출,2026-08-08
S관(3공장),Si_1-Day_Color_Sph,O2O2 D_Blending Rose EX + -02.25,접착,2026-08-12
S관(3공장),Si_1-Day_Color_Sph,O2O2 D_Blending Rose EX + -02.25,하이드레이션,2026-08-10
S관(3공장),Si_1-Day_Color_Sph,O2O2 D_Blending Rose EX + -02.50,누수규격,2026-08-13
S관(3공장),Si_1-Day_Color_Sph,O2O2 D_Blending Rose EX + -02.50,분리,2026-08-09
S관(3공장),Si_1-Day_Color_Sph,O2O2 D_Blending Rose EX + -02.50,사출,2026-08-08
S관(3공장),Si_1-Day_Color_Sph,O2O2 D_Blending Rose EX + -02.50,접착,2026-08-12
S관(3공장),Si_1-Day_Color_Sph,O2O2 D_Blending Rose EX + -02.50,하이드레이션,2026-08-10
S관(3공장),Si_1-Day_Color_Sph,O2O2 D_Blending Rose EX + -03.00,누수규격,2026-08-13
S관(3공장),Si_1-Day_Color_Sph,O2O2 D_Blending Rose EX + -03.00,분리,2026-08-09
S관(3공장),Si_1-Day_Color_Sph,O2O2 D_Blending Rose EX + -03.00,사출,2026-08-08
S관(3공장),Si_1-Day_Color_Sph,O2O2 D_Blending Rose EX + -03.00,접착,2026-08-12
S관(3공장),Si_1-Day_Color_Sph,O2O2 D_Blending Rose EX + -03.00,하이드레이션,2026-08-10
S관(3공장),Si_1-Day_Color_Sph,O2O2 D_Blending Rose EX + -03.25,누수규격,2026-08-13
S관(3공장),Si_1-Day_Color_Sph,O2O2 D_Blending Rose EX + -03.25,분리,2026-08-09
S관(3공장),Si_1-Day_Color_Sph,O2O2 D_Blending Rose EX + -03.25,사출,2026-08-08
S관(3공장),Si_1-Day_Color_Sph,O2O2 D_Blending Rose EX + -03.25,접착,2026-08-12
S관(3공장),Si_1-Day_Color_Sph,O2O2 D_Blending Rose EX + -03.25,하이드레이션,2026-08-10
S관(3공장),Si_1-Day_Color_Sph,O2O2 D_Blending Rose EX + -03.50,누수규격,2026-08-13
S관(3공장),Si_1-Day_Color_Sph,O2O2 D_Blending Rose EX + -03.50,분리,2026-08-09
S관(3공장),Si_1-Day_Color_Sph,O2O2 D_Blending Rose EX + -03.50,사출,2026-08-08
S관(3공장),Si_1-Day_Color_Sph,O2O2 D_Blending Rose EX + -03.50,접착,2026-08-12
S관(3공장),Si_1-Day_Color_Sph,O2O2 D_Blending Rose EX + -03.50,하이드레이션,2026-08-10
S관(3공장),Si_1-Day_Color_Sph,O2O2 D_Blending Rose EX + -04.00,누수규격,2026-08-13
S관(3공장),Si_1-Day_Color_Sph,O2O2 D_Blending Rose EX + -04.00,분리,2026-08-09
S관(3공장),Si_1-Day_Color_Sph,O2O2 D_Blending Rose EX + -04.00,사출,2026-08-08
S관(3공장),Si_1-Day_Color_Sph,O2O2 D_Blending Rose EX + -04.00,접착,2026-08-12
S관(3공장),Si_1-Day_Color_Sph,O2O2 D_Blending Rose EX + -04.00,하이드레이션,2026-08-10
S관(3공장),Si_1-Day_Color_Sph,O2O2 D_Blending Rose EX + -05.00,누수규격,2026-08-13
S관(3공장),Si_1-Day_Color_Sph,O2O2 D_Blending Rose EX + -05.00,분리,2026-08-09
S관(3공장),Si_1-Day_Color_Sph,O2O2 D_Blending Rose EX + -05.00,사출,2026-08-08
S관(3공장),Si_1-Day_Color_Sph,O2O2 D_Blending Rose EX + -05.00,접착,2026-08-12
S관(3공장),Si_1-Day_Color_Sph,O2O2 D_Blending Rose EX + -05.00,하이드레이션,2026-08-10
S관(3공장),Si_1-Day_Color_Sph,O2O2 D_Blending Rose EX + -05.50,누수규격,2026-08-13
S관(3공장),Si_1-Day_Color_Sph,O2O2 D_Blending Rose EX + -05.50,분리,2026-08-09
S관(3공장),Si_1-Day_Color_Sph,O2O2 D_Blending Rose EX + -05.50,사출,2026-08-08
S관(3공장),Si_1-Day_Color_Sph,O2O2 D_Blending Rose EX + -05.50,접착,2026-08-12
S관(3공장),Si_1-Day_Color_Sph,O2O2 D_Blending Rose EX + -05.50,하이드레이션,2026-08-10
S관(3공장),Si_1-Day_Color_Sph,O2O2 D_Blending Rose EX + -06.50,누수규격,2026-08-13
S관(3공장),Si_1-Day_Color_Sph,O2O2 D_Blending Rose EX + -06.50,분리,2026-08-09
S관(3공장),Si_1-Day_Color_Sph,O2O2 D_Blending Rose EX + -06.50,사출,2026-08-08
S관(3공장),Si_1-Day_Color_Sph,O2O2 D_Blending Rose EX + -06.50,접착,2026-08-12
S관(3공장),Si_1-Day_Color_Sph,O2O2 D_Blending Rose EX + -06.50,하이드레이션,2026-08-10
S관(3공장),Si_1-Day_Color_Sph,O2O2 D_Sepia Choco EX + -00.00,누수규격,2026-07-11
S관(3공장),Si_1-Day_Color_Sph,O2O2 D_Sepia Choco EX + -00.00,분리,2026-07-07
S관(3공장),Si_1-Day_Color_Sph,O2O2 D_Sepia Choco EX + -00.00,사출,2026-07-06
S관(3공장),Si_1-Day_Color_Sph,O2O2 D_Sepia Choco EX + -00.00,접착,2026-07-10
S관(3공장),Si_1-Day_Color_Sph,O2O2 D_Sepia Choco EX + -00.00,하이드레이션,2026-07-08
S관(3공장),Si_1-Day_Color_Sph,O2O2 D_Sepia Choco EX + -00.50,누수규격,2026-07-11
S관(3공장),Si_1-Day_Color_Sph,O2O2 D_Sepia Choco EX + -00.50,분리,2026-07-07
S관(3공장),Si_1-Day_Color_Sph,O2O2 D_Sepia Choco EX + -00.50,사출,2026-07-06
S관(3공장),Si_1-Day_Color_Sph,O2O2 D_Sepia Choco EX + -00.50,접착,2026-07-10
S관(3공장),Si_1-Day_Color_Sph,O2O2 D_Sepia Choco EX + -00.50,하이드레이션,2026-07-08
S관(3공장),Si_1-Day_Color_Sph,O2O2 D_Sepia Choco EX + -01.00,누수규격,2026-08-16
S관(3공장),Si_1-Day_Color_Sph,O2O2 D_Sepia Choco EX + -01.00,분리,2026-08-12
S관(3공장),Si_1-Day_Color_Sph,O2O2 D_Sepia Choco EX + -01.00,사출,2026-08-11
S관(3공장),Si_1-Day_Color_Sph,O2O2 D_Sepia Choco EX + -01.00,접착,2026-08-15
S관(3공장),Si_1-Day_Color_Sph,O2O2 D_Sepia Choco EX + -01.00,하이드레이션,2026-08-13
S관(3공장),Si_1-Day_Color_Sph,O2O2 D_Sepia Choco EX + -01.25,누수규격,2026-07-11
S관(3공장),Si_1-Day_Color_Sph,O2O2 D_Sepia Choco EX + -01.25,분리,2026-08-12
S관(3공장),Si_1-Day_Color_Sph,O2O2 D_Sepia Choco EX + -01.25,사출,2026-08-11
S관(3공장),Si_1-Day_Color_Sph,O2O2 D_Sepia Choco EX + -01.25,접착,2026-07-10
S관(3공장),Si_1-Day_Color_Sph,O2O2 D_Sepia Choco EX + -01.25,하이드레이션,2026-07-08
S관(3공장),Si_1-Day_Color_Sph,O2O2 D_Sepia Choco EX + -01.50,누수규격,2026-07-11
S관(3공장),Si_1-Day_Color_Sph,O2O2 D_Sepia Choco EX + -01.50,분리,2026-08-09
S관(3공장),Si_1-Day_Color_Sph,O2O2 D_Sepia Choco EX + -01.50,사출,2026-08-08
S관(3공장),Si_1-Day_Color_Sph,O2O2 D_Sepia Choco EX + -01.50,접착,2026-07-10
S관(3공장),Si_1-Day_Color_Sph,O2O2 D_Sepia Choco EX + -01.50,하이드레이션,2026-07-08
S관(3공장),Si_1-Day_Color_Sph,O2O2 D_Sepia Choco EX + -01.75,누수규격,2026-08-16
S관(3공장),Si_1-Day_Color_Sph,O2O2 D_Sepia Choco EX + -01.75,접착,2026-08-15
S관(3공장),Si_1-Day_Color_Sph,O2O2 D_Sepia Choco EX + -01.75,하이드레이션,2026-08-13
S관(3공장),Si_1-Day_Color_Sph,O2O2 D_Sepia Choco EX + -02.50,누수규격,2026-08-16
S관(3공장),Si_1-Day_Color_Sph,O2O2 D_Sepia Choco EX + -02.50,분리,2026-08-12
S관(3공장),Si_1-Day_Color_Sph,O2O2 D_Sepia Choco EX + -02.50,사출,2026-08-11
S관(3공장),Si_1-Day_Color_Sph,O2O2 D_Sepia Choco EX + -02.50,접착,2026-08-15
S관(3공장),Si_1-Day_Color_Sph,O2O2 D_Sepia Choco EX + -02.50,하이드레이션,2026-08-13
S관(3공장),Si_1-Day_Color_Sph,O2O2 D_Sepia Choco EX + -03.00,누수규격,2026-08-16
S관(3공장),Si_1-Day_Color_Sph,O2O2 D_Sepia Choco EX + -03.00,분리,2026-08-12
S관(3공장),Si_1-Day_Color_Sph,O2O2 D_Sepia Choco EX + -03.00,사출,2026-08-11
S관(3공장),Si_1-Day_Color_Sph,O2O2 D_Sepia Choco EX + -03.00,접착,2026-08-15
S관(3공장),Si_1-Day_Color_Sph,O2O2 D_Sepia Choco EX + -03.00,하이드레이션,2026-08-13
S관(3공장),Si_1-Day_Color_Sph,O2O2 D_Sepia Choco EX + -03.25,누수규격,2026-08-16
S관(3공장),Si_1-Day_Color_Sph,O2O2 D_Sepia Choco EX + -03.25,분리,2026-08-12
S관(3공장),Si_1-Day_Color_Sph,O2O2 D_Sepia Choco EX + -03.25,사출,2026-08-11
S관(3공장),Si_1-Day_Color_Sph,O2O2 D_Sepia Choco EX + -03.25,접착,2026-08-15
S관(3공장),Si_1-Day_Color_Sph,O2O2 D_Sepia Choco EX + -03.25,하이드레이션,2026-08-13
S관(3공장),Si_1-Day_Color_Sph,O2O2 D_Sepia Choco EX + -03.75,누수규격,2026-07-11
S관(3공장),Si_1-Day_Color_Sph,O2O2 D_Sepia Choco EX + -03.75,분리,2026-07-07
S관(3공장),Si_1-Day_Color_Sph,O2O2 D_Sepia Choco EX + -03.75,사출,2026-07-06
S관(3공장),Si_1-Day_Color_Sph,O2O2 D_Sepia Choco EX + -03.75,접착,2026-07-10
S관(3공장),Si_1-Day_Color_Sph,O2O2 D_Sepia Choco EX + -03.75,하이드레이션,2026-07-08
S관(3공장),Si_1-Day_Color_Sph,O2O2 D_Sepia Choco EX + -04.00,누수규격,2026-08-16
S관(3공장),Si_1-Day_Color_Sph,O2O2 D_Sepia Choco EX + -04.00,접착,2026-08-15
S관(3공장),Si_1-Day_Color_Sph,O2O2 D_Sepia Choco EX + -04.00,하이드레이션,2026-08-13
S관(3공장),Si_1-Day_Color_Sph,O2O2 D_Sepia Choco EX + -05.00,누수규격,2026-07-11
S관(3공장),Si_1-Day_Color_Sph,O2O2 D_Sepia Choco EX + -05.00,분리,2026-07-07
S관(3공장),Si_1-Day_Color_Sph,O2O2 D_Sepia Choco EX + -05.00,사출,2026-07-06
S관(3공장),Si_1-Day_Color_Sph,O2O2 D_Sepia Choco EX + -05.00,접착,2026-07-10
S관(3공장),Si_1-Day_Color_Sph,O2O2 D_Sepia Choco EX + -05.00,하이드레이션,2026-07-08
S관(3공장),Si_1-Day_Color_Sph,O2O2 D_Sepia Choco EX + -06.00,누수규격,2026-07-11
S관(3공장),Si_1-Day_Color_Sph,O2O2 D_Sepia Choco EX + -06.00,분리,2026-07-07
S관(3공장),Si_1-Day_Color_Sph,O2O2 D_Sepia Choco EX + -06.00,사출,2026-07-06
S관(3공장),Si_1-Day_Color_Sph,O2O2 D_Sepia Choco EX + -06.00,접착,2026-07-10
S관(3공장),Si_1-Day_Color_Sph,O2O2 D_Sepia Choco EX + -06.00,하이드레이션,2026-07-08
S관(3공장),Si_1-Day_Color_Sph,O2O2 D_Sepia Choco EX + -08.50,누수규격,2026-08-13
S관(3공장),Si_1-Day_Color_Sph,O2O2 D_Sepia Choco EX + -08.50,분리,2026-08-09
S관(3공장),Si_1-Day_Color_Sph,O2O2 D_Sepia Choco EX + -08.50,사출,2026-08-08
S관(3공장),Si_1-Day_Color_Sph,O2O2 D_Sepia Choco EX + -08.50,접착,2026-08-12
S관(3공장),Si_1-Day_Color_Sph,O2O2 D_Sepia Choco EX + -08.50,하이드레이션,2026-08-10
S관(3공장),Si_1-Day_Color_Toric,O2O2 D Toric_Sepia Choco EX + -00.00,누수규격,2026-07-11
S관(3공장),Si_1-Day_Color_Toric,O2O2 D Toric_Sepia Choco EX + -00.00,분리,2026-07-07
S관(3공장),Si_1-Day_Color_Toric,O2O2 D Toric_Sepia Choco EX + -00.00,사출,2026-07-06
S관(3공장),Si_1-Day_Color_Toric,O2O2 D Toric_Sepia Choco EX + -00.00,접착,2026-07-10
S관(3공장),Si_1-Day_Color_Toric,O2O2 D Toric_Sepia Choco EX + -00.00,하이드레이션,2026-07-08
S관(3공장),Si_1-Day_Color_Toric,O2O2 D Toric_Sepia Choco EX + -03.75,누수규격,2026-07-11
S관(3공장),Si_1-Day_Color_Toric,O2O2 D Toric_Sepia Choco EX + -03.75,분리,2026-07-07
S관(3공장),Si_1-Day_Color_Toric,O2O2 D Toric_Sepia Choco EX + -03.75,사출,2026-07-06
S관(3공장),Si_1-Day_Color_Toric,O2O2 D Toric_Sepia Choco EX + -03.75,접착,2026-07-10
S관(3공장),Si_1-Day_Color_Toric,O2O2 D Toric_Sepia Choco EX + -03.75,하이드레이션,2026-07-08
S관(3공장),Si_1-Day_Color_Toric,O2O2 D Toric_Sepia Choco EX + -04.00,누수규격,2026-07-11
S관(3공장),Si_1-Day_Color_Toric,O2O2 D Toric_Sepia Choco EX + -04.00,분리,2026-07-07
S관(3공장),Si_1-Day_Color_Toric,O2O2 D Toric_Sepia Choco EX + -04.00,사출,2026-07-06
S관(3공장),Si_1-Day_Color_Toric,O2O2 D Toric_Sepia Choco EX + -04.00,접착,2026-07-10
S관(3공장),Si_1-Day_Color_Toric,O2O2 D Toric_Sepia Choco EX + -04.00,하이드레이션,2026-07-08
S관(3공장),Si_1-Day_Color_Toric,O2O2 D Toric_Sepia Choco EX + -05.50,누수규격,2026-07-11
S관(3공장),Si_1-Day_Color_Toric,O2O2 D Toric_Sepia Choco EX + -05.50,분리,2026-07-07
S관(3공장),Si_1-Day_Color_Toric,O2O2 D Toric_Sepia Choco EX + -05.50,사출,2026-07-06
S관(3공장),Si_1-Day_Color_Toric,O2O2 D Toric_Sepia Choco EX + -05.50,접착,2026-07-10
S관(3공장),Si_1-Day_Color_Toric,O2O2 D Toric_Sepia Choco EX + -05.50,하이드레이션,2026-07-08
S관(3공장),Si_1-Day_Color_Toric,O2O2 D Toric_Sepia Choco EX + -07.00,누수규격,2026-07-11
S관(3공장),Si_1-Day_Color_Toric,O2O2 D Toric_Sepia Choco EX + -07.00,분리,2026-07-07
S관(3공장),Si_1-Day_Color_Toric,O2O2 D Toric_Sepia Choco EX + -07.00,사출,2026-07-06
S관(3공장),Si_1-Day_Color_Toric,O2O2 D Toric_Sepia Choco EX + -07.00,접착,2026-07-10
S관(3공장),Si_1-Day_Color_Toric,O2O2 D Toric_Sepia Choco EX + -07.00,하이드레이션,2026-07-08
S관(3공장),Si_1-Day_Color_Toric,O2O2 D Toric_Sepia Choco EX + -07.50,누수규격,2026-07-11
S관(3공장),Si_1-Day_Color_Toric,O2O2 D Toric_Sepia Choco EX + -07.50,접착,2026-07-10
S관(3공장),Si_1-Day_Color_Toric,O2O2 D Toric_Sepia Choco EX + -09.00,누수규격,2026-07-11
S관(3공장),Si_1-Day_Color_Toric,O2O2 D Toric_Sepia Choco EX + -09.00,분리,2026-07-07
S관(3공장),Si_1-Day_Color_Toric,O2O2 D Toric_Sepia Choco EX + -09.00,사출,2026-07-06
S관(3공장),Si_1-Day_Color_Toric,O2O2 D Toric_Sepia Choco EX + -09.00,접착,2026-07-10
S관(3공장),Si_1-Day_Color_Toric,O2O2 D Toric_Sepia Choco EX + -09.00,하이드레이션,2026-07-08
S관(3공장),Si_1-Day_M/F,O2O2 D_Multifocal(Dk70)_White_K2_SMD + -00.00,누수규격,2026-07-10
S관(3공장),Si_1-Day_M/F,O2O2 D_Multifocal(Dk70)_White_K2_SMD + -00.00,접착,2026-07-09
S관(3공장),Si_1-Day_M/F,O2O2 D_Multifocal(Dk70)_White_K2_SMD + -00.00,하이드레이션,2026-07-07
S관(3공장),Si_1-Day_M/F,O2O2 D_Multifocal(Dk70)_White_K2_SMD + -04.00,누수규격,2026-08-18
S관(3공장),Si_1-Day_M/F,O2O2 D_Multifocal(Dk70)_White_K2_SMD + -04.00,접착,2026-08-17
S관(3공장),Si_1-Day_M/F,O2O2 D_Multifocal(Dk70)_White_K2_SMD + -04.00,하이드레이션,2026-08-15
S관(3공장),Si_1-Day_M/F,O2O2 D_Multifocal_FGC + +00.25,누수규격,2026-08-18
S관(3공장),Si_1-Day_M/F,O2O2 D_Multifocal_FGC + +00.25,접착,2026-08-17
S관(3공장),Si_1-Day_M/F,O2O2 D_Multifocal_FGC + +00.25,하이드레이션,2026-08-15
S관(3공장),Si_1-Day_M/F,O2O2 D_Multifocal_FGC + +00.50,누수규격,2026-08-18
S관(3공장),Si_1-Day_M/F,O2O2 D_Multifocal_FGC + +00.50,접착,2026-08-17
S관(3공장),Si_1-Day_M/F,O2O2 D_Multifocal_FGC + +00.50,하이드레이션,2026-08-15
S관(3공장),Si_1-Day_M/F,O2O2 D_Multifocal_FGC + +01.00,누수규격,2026-08-18
S관(3공장),Si_1-Day_M/F,O2O2 D_Multifocal_FGC + +01.00,접착,2026-08-17
S관(3공장),Si_1-Day_M/F,O2O2 D_Multifocal_FGC + +01.00,하이드레이션,2026-08-15
S관(3공장),Si_1-Day_M/F,O2O2 D_Multifocal_FGC + +01.25,누수규격,2026-08-18
S관(3공장),Si_1-Day_M/F,O2O2 D_Multifocal_FGC + +01.25,접착,2026-08-17
S관(3공장),Si_1-Day_M/F,O2O2 D_Multifocal_FGC + +01.25,하이드레이션,2026-08-15
S관(3공장),Si_1-Day_M/F,O2O2 D_Multifocal_FGC + +02.00,누수규격,2026-08-18
S관(3공장),Si_1-Day_M/F,O2O2 D_Multifocal_FGC + +02.00,접착,2026-08-17
S관(3공장),Si_1-Day_M/F,O2O2 D_Multifocal_FGC + +02.00,하이드레이션,2026-08-15
S관(3공장),Si_1-Day_M/F,O2O2 D_Multifocal_FGC + +02.50,누수규격,2026-08-09
S관(3공장),Si_1-Day_M/F,O2O2 D_Multifocal_FGC + +02.50,접착,2026-08-08
S관(3공장),Si_1-Day_M/F,O2O2 D_Multifocal_FGC + +02.50,하이드레이션,2026-08-06
S관(3공장),Si_1-Day_M/F,O2O2 D_Multifocal_FGC + +02.75,누수규격,2026-08-18
S관(3공장),Si_1-Day_M/F,O2O2 D_Multifocal_FGC + +02.75,접착,2026-08-17
S관(3공장),Si_1-Day_M/F,O2O2 D_Multifocal_FGC + +02.75,하이드레이션,2026-08-15
S관(3공장),Si_1-Day_M/F,O2O2 D_Multifocal_FGC + +04.00,누수규격,2026-08-09
S관(3공장),Si_1-Day_M/F,O2O2 D_Multifocal_FGC + +04.00,접착,2026-08-08
S관(3공장),Si_1-Day_M/F,O2O2 D_Multifocal_FGC + +04.00,하이드레이션,2026-08-06
S관(3공장),Si_1-Day_M/F,O2O2 D_Multifocal_FGC + +04.25,누수규격,2026-08-09
S관(3공장),Si_1-Day_M/F,O2O2 D_Multifocal_FGC + +04.25,접착,2026-08-08
S관(3공장),Si_1-Day_M/F,O2O2 D_Multifocal_FGC + +04.25,하이드레이션,2026-08-06
S관(3공장),Si_1-Day_M/F,O2O2 D_Multifocal_FGC + +04.50,누수규격,2026-08-09
S관(3공장),Si_1-Day_M/F,O2O2 D_Multifocal_FGC + +04.50,접착,2026-08-08
S관(3공장),Si_1-Day_M/F,O2O2 D_Multifocal_FGC + +04.50,하이드레이션,2026-08-06
S관(3공장),Si_1-Day_M/F,O2O2 D_Multifocal_FGC + +05.00,누수규격,2026-08-18
S관(3공장),Si_1-Day_M/F,O2O2 D_Multifocal_FGC + +05.00,접착,2026-08-17
S관(3공장),Si_1-Day_M/F,O2O2 D_Multifocal_FGC + +05.00,하이드레이션,2026-08-15
S관(3공장),Si_1-Day_M/F,O2O2 D_Multifocal_FGC + +05.50,누수규격,2026-08-09
S관(3공장),Si_1-Day_M/F,O2O2 D_Multifocal_FGC + +05.50,접착,2026-08-08
S관(3공장),Si_1-Day_M/F,O2O2 D_Multifocal_FGC + +05.50,하이드레이션,2026-08-06
S관(3공장),Si_1-Day_M/F,O2O2 D_Multifocal_FGC + -00.75,누수규격,2026-08-18
S관(3공장),Si_1-Day_M/F,O2O2 D_Multifocal_FGC + -00.75,접착,2026-08-17
S관(3공장),Si_1-Day_M/F,O2O2 D_Multifocal_FGC + -00.75,하이드레이션,2026-08-15
S관(3공장),Si_1-Day_M/F,O2O2 D_Multifocal_FGC + -02.00,누수규격,2026-08-09
S관(3공장),Si_1-Day_M/F,O2O2 D_Multifocal_FGC + -02.00,접착,2026-08-08
S관(3공장),Si_1-Day_M/F,O2O2 D_Multifocal_FGC + -02.00,하이드레이션,2026-08-15
S관(3공장),Si_1-Day_M/F,O2O2 D_Multifocal_FGC + -02.25,누수규격,2026-08-09
S관(3공장),Si_1-Day_M/F,O2O2 D_Multifocal_FGC + -02.25,접착,2026-08-08
S관(3공장),Si_1-Day_M/F,O2O2 D_Multifocal_FGC + -02.25,하이드레이션,2026-08-06
S관(3공장),Si_1-Day_M/F,O2O2 D_Multifocal_FGC + -02.50,누수규격,2026-08-18
S관(3공장),Si_1-Day_M/F,O2O2 D_Multifocal_FGC + -02.50,접착,2026-08-17
S관(3공장),Si_1-Day_M/F,O2O2 D_Multifocal_FGC + -02.50,하이드레이션,2026-08-15
S관(3공장),Si_1-Day_M/F,O2O2 D_Multifocal_FGC + -02.75,누수규격,2026-08-09
S관(3공장),Si_1-Day_M/F,O2O2 D_Multifocal_FGC + -02.75,접착,2026-08-08
S관(3공장),Si_1-Day_M/F,O2O2 D_Multifocal_FGC + -02.75,하이드레이션,2026-08-06
S관(3공장),Si_1-Day_M/F,O2O2 D_Multifocal_FGC + -03.00,누수규격,2026-08-18
S관(3공장),Si_1-Day_M/F,O2O2 D_Multifocal_FGC + -03.00,접착,2026-08-17
S관(3공장),Si_1-Day_M/F,O2O2 D_Multifocal_FGC + -03.00,하이드레이션,2026-08-15
S관(3공장),Si_1-Day_M/F,O2O2 D_Multifocal_FGC + -03.25,누수규격,2026-08-18
S관(3공장),Si_1-Day_M/F,O2O2 D_Multifocal_FGC + -03.25,접착,2026-08-17
S관(3공장),Si_1-Day_M/F,O2O2 D_Multifocal_FGC + -03.25,하이드레이션,2026-08-15
S관(3공장),Si_1-Day_M/F,O2O2 D_Multifocal_FGC + -03.75,누수규격,2026-08-18
S관(3공장),Si_1-Day_M/F,O2O2 D_Multifocal_FGC + -03.75,접착,2026-08-17
S관(3공장),Si_1-Day_M/F,O2O2 D_Multifocal_FGC + -03.75,하이드레이션,2026-08-15
S관(3공장),Si_1-Day_M/F,O2O2 D_Multifocal_FGC + -04.00,누수규격,2026-08-09
S관(3공장),Si_1-Day_M/F,O2O2 D_Multifocal_FGC + -04.00,접착,2026-08-08
S관(3공장),Si_1-Day_M/F,O2O2 D_Multifocal_FGC + -04.00,하이드레이션,2026-08-15
S관(3공장),Si_1-Day_M/F,O2O2 D_Multifocal_FGC + -04.25,누수규격,2026-08-09
S관(3공장),Si_1-Day_M/F,O2O2 D_Multifocal_FGC + -04.25,접착,2026-08-08
S관(3공장),Si_1-Day_M/F,O2O2 D_Multifocal_FGC + -04.25,하이드레이션,2026-08-06
S관(3공장),Si_1-Day_M/F,O2O2 D_Multifocal_FGC + -04.50,누수규격,2026-08-09
S관(3공장),Si_1-Day_M/F,O2O2 D_Multifocal_FGC + -04.50,접착,2026-08-08
S관(3공장),Si_1-Day_M/F,O2O2 D_Multifocal_FGC + -04.50,하이드레이션,2026-08-06
S관(3공장),Si_1-Day_M/F,O2O2 D_Multifocal_FGC + -05.00,누수규격,2026-08-18
S관(3공장),Si_1-Day_M/F,O2O2 D_Multifocal_FGC + -05.00,접착,2026-08-17
S관(3공장),Si_1-Day_M/F,O2O2 D_Multifocal_FGC + -05.00,하이드레이션,2026-08-15
S관(3공장),Si_1-Day_M/F,O2O2 D_Multifocal_FGC + -05.75,누수규격,2026-08-09
S관(3공장),Si_1-Day_M/F,O2O2 D_Multifocal_FGC + -05.75,접착,2026-08-08
S관(3공장),Si_1-Day_M/F,O2O2 D_Multifocal_FGC + -05.75,하이드레이션,2026-08-06
S관(3공장),Si_1-Day_M/F,O2O2 D_Multifocal_FGC + -06.00,누수규격,2026-08-18
S관(3공장),Si_1-Day_M/F,O2O2 D_Multifocal_FGC + -06.00,접착,2026-08-17
S관(3공장),Si_1-Day_M/F,O2O2 D_Multifocal_FGC + -06.00,하이드레이션,2026-08-15
S관(3공장),Si_1-Day_M/F,O2O2 D_Multifocal_FGC + -07.00,누수규격,2026-08-09
S관(3공장),Si_1-Day_M/F,O2O2 D_Multifocal_FGC + -07.00,접착,2026-08-08
S관(3공장),Si_1-Day_M/F,O2O2 D_Multifocal_FGC + -07.00,하이드레이션,2026-08-06
S관(3공장),Si_1-Day_M/F,O2O2 D_Multifocal_FGC + -07.50,누수규격,2026-08-18
S관(3공장),Si_1-Day_M/F,O2O2 D_Multifocal_FGC + -07.50,접착,2026-08-17
S관(3공장),Si_1-Day_M/F,O2O2 D_Multifocal_FGC + -07.50,하이드레이션,2026-08-15
S관(3공장),Si_1-Day_M/F,O2O2 Multifocal(DK70)_SMHL + +00.25,분리,2026-07-29
S관(3공장),Si_1-Day_M/F,O2O2 Multifocal(DK70)_SMHL + +00.25,사출,2026-07-28
S관(3공장),Si_1-Day_M/F,O2O2 Multifocal(DK70)_SMHL + +00.50,분리,2026-08-14
S관(3공장),Si_1-Day_M/F,O2O2 Multifocal(DK70)_SMHL + +00.50,사출,2026-08-13
S관(3공장),Si_1-Day_M/F,O2O2 Multifocal(DK70)_SMHL + +00.75,분리,2026-07-29
S관(3공장),Si_1-Day_M/F,O2O2 Multifocal(DK70)_SMHL + +00.75,사출,2026-07-28
S관(3공장),Si_1-Day_M/F,O2O2 Multifocal(DK70)_SMHL + +01.00,분리,2026-07-29
S관(3공장),Si_1-Day_M/F,O2O2 Multifocal(DK70)_SMHL + +01.00,사출,2026-07-28
S관(3공장),Si_1-Day_M/F,O2O2 Multifocal(DK70)_SMHL + +01.25,분리,2026-07-29
S관(3공장),Si_1-Day_M/F,O2O2 Multifocal(DK70)_SMHL + +01.25,사출,2026-07-28
S관(3공장),Si_1-Day_M/F,O2O2 Multifocal(DK70)_SMHL + +01.50,분리,2026-07-29
S관(3공장),Si_1-Day_M/F,O2O2 Multifocal(DK70)_SMHL + +01.50,사출,2026-07-28
S관(3공장),Si_1-Day_M/F,O2O2 Multifocal(DK70)_SMHL + +01.75,분리,2026-07-29
S관(3공장),Si_1-Day_M/F,O2O2 Multifocal(DK70)_SMHL + +01.75,사출,2026-07-28
S관(3공장),Si_1-Day_M/F,O2O2 Multifocal(DK70)_SMHL + +02.00,분리,2026-07-29
S관(3공장),Si_1-Day_M/F,O2O2 Multifocal(DK70)_SMHL + +02.00,사출,2026-07-28
S관(3공장),Si_1-Day_M/F,O2O2 Multifocal(DK70)_SMHL + +02.25,분리,2026-07-29
S관(3공장),Si_1-Day_M/F,O2O2 Multifocal(DK70)_SMHL + +02.25,사출,2026-07-28
S관(3공장),Si_1-Day_M/F,O2O2 Multifocal(DK70)_SMHL + +02.50,분리,2026-07-29
S관(3공장),Si_1-Day_M/F,O2O2 Multifocal(DK70)_SMHL + +02.50,사출,2026-07-28
S관(3공장),Si_1-Day_M/F,O2O2 Multifocal(DK70)_SMHL + +02.75,분리,2026-07-29
S관(3공장),Si_1-Day_M/F,O2O2 Multifocal(DK70)_SMHL + +02.75,사출,2026-07-28
S관(3공장),Si_1-Day_M/F,O2O2 Multifocal(DK70)_SMHL + +03.00,분리,2026-07-29
S관(3공장),Si_1-Day_M/F,O2O2 Multifocal(DK70)_SMHL + +03.00,사출,2026-07-28
S관(3공장),Si_1-Day_M/F,O2O2 Multifocal(DK70)_SMHL + +03.50,분리,2026-07-29
S관(3공장),Si_1-Day_M/F,O2O2 Multifocal(DK70)_SMHL + +03.50,사출,2026-07-28
S관(3공장),Si_1-Day_M/F,O2O2 Multifocal(DK70)_SMHL + +04.00,분리,2026-07-29
S관(3공장),Si_1-Day_M/F,O2O2 Multifocal(DK70)_SMHL + +04.00,사출,2026-07-28
S관(3공장),Si_1-Day_M/F,O2O2 Multifocal(DK70)_SMHL + +04.25,분리,2026-08-05
S관(3공장),Si_1-Day_M/F,O2O2 Multifocal(DK70)_SMHL + +04.25,사출,2026-08-04
S관(3공장),Si_1-Day_M/F,O2O2 Multifocal(DK70)_SMHL + +04.50,분리,2026-08-05
S관(3공장),Si_1-Day_M/F,O2O2 Multifocal(DK70)_SMHL + +04.50,사출,2026-08-04
S관(3공장),Si_1-Day_M/F,O2O2 Multifocal(DK70)_SMHL + +05.00,분리,2026-08-14
S관(3공장),Si_1-Day_M/F,O2O2 Multifocal(DK70)_SMHL + +05.00,사출,2026-08-13
S관(3공장),Si_1-Day_M/F,O2O2 Multifocal(DK70)_SMHL + +05.50,분리,2026-08-05
S관(3공장),Si_1-Day_M/F,O2O2 Multifocal(DK70)_SMHL + +05.50,사출,2026-08-04
S관(3공장),Si_1-Day_M/F,O2O2 Multifocal(DK70)_SMHL + +06.00,분리,2026-08-14
S관(3공장),Si_1-Day_M/F,O2O2 Multifocal(DK70)_SMHL + +06.00,사출,2026-08-13
S관(3공장),Si_1-Day_M/F,O2O2 Multifocal(DK70)_SMHL + -00.00,분리,2026-07-06
S관(3공장),Si_1-Day_M/F,O2O2 Multifocal(DK70)_SMHL + -00.00,사출,2026-07-05
S관(3공장),Si_1-Day_M/F,O2O2 Multifocal(DK70)_SMHL + -00.75,분리,2026-08-14
S관(3공장),Si_1-Day_M/F,O2O2 Multifocal(DK70)_SMHL + -00.75,사출,2026-08-13
S관(3공장),Si_1-Day_M/F,O2O2 Multifocal(DK70)_SMHL + -01.25,분리,2026-07-29
S관(3공장),Si_1-Day_M/F,O2O2 Multifocal(DK70)_SMHL + -01.25,사출,2026-07-28
S관(3공장),Si_1-Day_M/F,O2O2 Multifocal(DK70)_SMHL + -02.00,분리,2026-07-29
S관(3공장),Si_1-Day_M/F,O2O2 Multifocal(DK70)_SMHL + -02.00,사출,2026-07-28
S관(3공장),Si_1-Day_M/F,O2O2 Multifocal(DK70)_SMHL + -02.25,분리,2026-08-05
S관(3공장),Si_1-Day_M/F,O2O2 Multifocal(DK70)_SMHL + -02.25,사출,2026-08-04
S관(3공장),Si_1-Day_M/F,O2O2 Multifocal(DK70)_SMHL + -02.50,분리,2026-08-14
S관(3공장),Si_1-Day_M/F,O2O2 Multifocal(DK70)_SMHL + -02.50,사출,2026-08-13
S관(3공장),Si_1-Day_M/F,O2O2 Multifocal(DK70)_SMHL + -02.75,분리,2026-08-05
S관(3공장),Si_1-Day_M/F,O2O2 Multifocal(DK70)_SMHL + -02.75,사출,2026-08-04
S관(3공장),Si_1-Day_M/F,O2O2 Multifocal(DK70)_SMHL + -03.25,분리,2026-08-14
S관(3공장),Si_1-Day_M/F,O2O2 Multifocal(DK70)_SMHL + -03.25,사출,2026-08-13
S관(3공장),Si_1-Day_M/F,O2O2 Multifocal(DK70)_SMHL + -03.75,분리,2026-08-14
S관(3공장),Si_1-Day_M/F,O2O2 Multifocal(DK70)_SMHL + -03.75,사출,2026-08-13
S관(3공장),Si_1-Day_M/F,O2O2 Multifocal(DK70)_SMHL + -04.00,분리,2026-08-14
S관(3공장),Si_1-Day_M/F,O2O2 Multifocal(DK70)_SMHL + -04.00,사출,2026-08-13
S관(3공장),Si_1-Day_M/F,O2O2 Multifocal(DK70)_SMHL + -04.25,분리,2026-08-05
S관(3공장),Si_1-Day_M/F,O2O2 Multifocal(DK70)_SMHL + -04.25,사출,2026-08-04
S관(3공장),Si_1-Day_M/F,O2O2 Multifocal(DK70)_SMHL + -04.50,분리,2026-07-29
S관(3공장),Si_1-Day_M/F,O2O2 Multifocal(DK70)_SMHL + -04.50,사출,2026-07-28
S관(3공장),Si_1-Day_M/F,O2O2 Multifocal(DK70)_SMHL + -05.00,분리,2026-08-14
S관(3공장),Si_1-Day_M/F,O2O2 Multifocal(DK70)_SMHL + -05.00,사출,2026-08-13
S관(3공장),Si_1-Day_M/F,O2O2 Multifocal(DK70)_SMHL + -05.50,분리,2026-07-29
S관(3공장),Si_1-Day_M/F,O2O2 Multifocal(DK70)_SMHL + -05.50,사출,2026-07-28
S관(3공장),Si_1-Day_M/F,O2O2 Multifocal(DK70)_SMHL + -06.00,분리,2026-08-14
S관(3공장),Si_1-Day_M/F,O2O2 Multifocal(DK70)_SMHL + -06.00,사출,2026-08-13
S관(3공장),Si_1-Day_M/F,O2O2 Multifocal(DK70)_SMHL + -06.50,분리,2026-08-14
S관(3공장),Si_1-Day_M/F,O2O2 Multifocal(DK70)_SMHL + -06.50,사출,2026-08-13
S관(3공장),Si_1-Day_M/F,O2O2 Multifocal(DK70)_SMHL + -07.00,분리,2026-08-14
S관(3공장),Si_1-Day_M/F,O2O2 Multifocal(DK70)_SMHL + -07.00,사출,2026-08-13
S관(3공장),Si_1-Day_M/F,O2O2 Multifocal(DK70)_SMHL + -07.50,분리,2026-08-14
S관(3공장),Si_1-Day_M/F,O2O2 Multifocal(DK70)_SMHL + -07.50,사출,2026-08-13
S관(3공장),Si_1-Day_M/F,O2O2 Multifocal(DK70)_SMHL + -09.00,분리,2026-06-17
S관(3공장),Si_1-Day_M/F,O2O2 Multifocal(DK70)_SMHL + -09.00,사출,2026-06-16
S관(3공장),Si_1-Day_M/F,O2O2 Multifocal(DK70)_SMHL + -09.50,분리,2026-06-17
S관(3공장),Si_1-Day_M/F,O2O2 Multifocal(DK70)_SMHL + -09.50,사출,2026-06-16
S관(3공장),Si_1-Day_M/F,O2O2_Multifocal_K2_SMDH_WHITE_OPHTALMIC + +00.25,누수규격,2026-08-02
S관(3공장),Si_1-Day_M/F,O2O2_Multifocal_K2_SMDH_WHITE_OPHTALMIC + +00.25,접착,2026-08-01
S관(3공장),Si_1-Day_M/F,O2O2_Multifocal_K2_SMDH_WHITE_OPHTALMIC + +00.25,하이드레이션,2026-07-30
S관(3공장),Si_1-Day_M/F,O2O2_Multifocal_K2_SMDH_WHITE_OPHTALMIC + +00.50,누수규격,2026-08-18
S관(3공장),Si_1-Day_M/F,O2O2_Multifocal_K2_SMDH_WHITE_OPHTALMIC + +00.50,접착,2026-08-17
S관(3공장),Si_1-Day_M/F,O2O2_Multifocal_K2_SMDH_WHITE_OPHTALMIC + +00.50,하이드레이션,2026-08-15
S관(3공장),Si_1-Day_M/F,O2O2_Multifocal_K2_SMDH_WHITE_OPHTALMIC + +00.75,누수규격,2026-08-02
S관(3공장),Si_1-Day_M/F,O2O2_Multifocal_K2_SMDH_WHITE_OPHTALMIC + +00.75,접착,2026-08-01
S관(3공장),Si_1-Day_M/F,O2O2_Multifocal_K2_SMDH_WHITE_OPHTALMIC + +00.75,하이드레이션,2026-07-30
S관(3공장),Si_1-Day_M/F,O2O2_Multifocal_K2_SMDH_WHITE_OPHTALMIC + +01.00,누수규격,2026-08-02
S관(3공장),Si_1-Day_M/F,O2O2_Multifocal_K2_SMDH_WHITE_OPHTALMIC + +01.00,접착,2026-08-01
S관(3공장),Si_1-Day_M/F,O2O2_Multifocal_K2_SMDH_WHITE_OPHTALMIC + +01.00,하이드레이션,2026-07-30
S관(3공장),Si_1-Day_M/F,O2O2_Multifocal_K2_SMDH_WHITE_OPHTALMIC + +01.25,누수규격,2026-08-02
S관(3공장),Si_1-Day_M/F,O2O2_Multifocal_K2_SMDH_WHITE_OPHTALMIC + +01.25,접착,2026-08-01
S관(3공장),Si_1-Day_M/F,O2O2_Multifocal_K2_SMDH_WHITE_OPHTALMIC + +01.25,하이드레이션,2026-07-30
S관(3공장),Si_1-Day_M/F,O2O2_Multifocal_K2_SMDH_WHITE_OPHTALMIC + +01.50,누수규격,2026-08-02
S관(3공장),Si_1-Day_M/F,O2O2_Multifocal_K2_SMDH_WHITE_OPHTALMIC + +01.50,접착,2026-08-01
S관(3공장),Si_1-Day_M/F,O2O2_Multifocal_K2_SMDH_WHITE_OPHTALMIC + +01.50,하이드레이션,2026-07-30
S관(3공장),Si_1-Day_M/F,O2O2_Multifocal_K2_SMDH_WHITE_OPHTALMIC + +01.75,누수규격,2026-08-02
S관(3공장),Si_1-Day_M/F,O2O2_Multifocal_K2_SMDH_WHITE_OPHTALMIC + +01.75,접착,2026-08-01
S관(3공장),Si_1-Day_M/F,O2O2_Multifocal_K2_SMDH_WHITE_OPHTALMIC + +01.75,하이드레이션,2026-07-30
S관(3공장),Si_1-Day_M/F,O2O2_Multifocal_K2_SMDH_WHITE_OPHTALMIC + +02.00,누수규격,2026-08-02
S관(3공장),Si_1-Day_M/F,O2O2_Multifocal_K2_SMDH_WHITE_OPHTALMIC + +02.00,접착,2026-08-01
S관(3공장),Si_1-Day_M/F,O2O2_Multifocal_K2_SMDH_WHITE_OPHTALMIC + +02.00,하이드레이션,2026-07-30
S관(3공장),Si_1-Day_M/F,O2O2_Multifocal_K2_SMDH_WHITE_OPHTALMIC + +02.25,누수규격,2026-08-02
S관(3공장),Si_1-Day_M/F,O2O2_Multifocal_K2_SMDH_WHITE_OPHTALMIC + +02.25,접착,2026-08-01
S관(3공장),Si_1-Day_M/F,O2O2_Multifocal_K2_SMDH_WHITE_OPHTALMIC + +02.25,하이드레이션,2026-07-30
S관(3공장),Si_1-Day_M/F,O2O2_Multifocal_K2_SMDH_WHITE_OPHTALMIC + +02.50,누수규격,2026-08-02
S관(3공장),Si_1-Day_M/F,O2O2_Multifocal_K2_SMDH_WHITE_OPHTALMIC + +02.50,접착,2026-08-01
S관(3공장),Si_1-Day_M/F,O2O2_Multifocal_K2_SMDH_WHITE_OPHTALMIC + +02.50,하이드레이션,2026-07-30
S관(3공장),Si_1-Day_M/F,O2O2_Multifocal_K2_SMDH_WHITE_OPHTALMIC + +02.75,누수규격,2026-08-02
S관(3공장),Si_1-Day_M/F,O2O2_Multifocal_K2_SMDH_WHITE_OPHTALMIC + +02.75,접착,2026-08-01
S관(3공장),Si_1-Day_M/F,O2O2_Multifocal_K2_SMDH_WHITE_OPHTALMIC + +02.75,하이드레이션,2026-07-30
S관(3공장),Si_1-Day_M/F,O2O2_Multifocal_K2_SMDH_WHITE_OPHTALMIC + +03.00,누수규격,2026-08-02
S관(3공장),Si_1-Day_M/F,O2O2_Multifocal_K2_SMDH_WHITE_OPHTALMIC + +03.00,접착,2026-08-01
S관(3공장),Si_1-Day_M/F,O2O2_Multifocal_K2_SMDH_WHITE_OPHTALMIC + +03.00,하이드레이션,2026-07-30
S관(3공장),Si_1-Day_M/F,O2O2_Multifocal_K2_SMDH_WHITE_OPHTALMIC + +03.50,누수규격,2026-08-02
S관(3공장),Si_1-Day_M/F,O2O2_Multifocal_K2_SMDH_WHITE_OPHTALMIC + +03.50,접착,2026-08-01
S관(3공장),Si_1-Day_M/F,O2O2_Multifocal_K2_SMDH_WHITE_OPHTALMIC + +03.50,하이드레이션,2026-07-30
S관(3공장),Si_1-Day_M/F,O2O2_Multifocal_K2_SMDH_WHITE_OPHTALMIC + +04.00,누수규격,2026-08-02
S관(3공장),Si_1-Day_M/F,O2O2_Multifocal_K2_SMDH_WHITE_OPHTALMIC + +04.00,접착,2026-08-01
S관(3공장),Si_1-Day_M/F,O2O2_Multifocal_K2_SMDH_WHITE_OPHTALMIC + +04.00,하이드레이션,2026-07-30
S관(3공장),Si_1-Day_M/F,O2O2_Multifocal_K2_SMDH_WHITE_OPHTALMIC + +06.00,누수규격,2026-08-18
S관(3공장),Si_1-Day_M/F,O2O2_Multifocal_K2_SMDH_WHITE_OPHTALMIC + +06.00,접착,2026-08-17
S관(3공장),Si_1-Day_M/F,O2O2_Multifocal_K2_SMDH_WHITE_OPHTALMIC + +06.00,하이드레이션,2026-08-15
S관(3공장),Si_1-Day_M/F,O2O2_Multifocal_K2_SMDH_WHITE_OPHTALMIC + -00.00,누수규격,2026-08-02
S관(3공장),Si_1-Day_M/F,O2O2_Multifocal_K2_SMDH_WHITE_OPHTALMIC + -00.00,접착,2026-08-01
S관(3공장),Si_1-Day_M/F,O2O2_Multifocal_K2_SMDH_WHITE_OPHTALMIC + -00.00,하이드레이션,2026-07-30
S관(3공장),Si_1-Day_M/F,O2O2_Multifocal_K2_SMDH_WHITE_OPHTALMIC + -01.25,누수규격,2026-08-02
S관(3공장),Si_1-Day_M/F,O2O2_Multifocal_K2_SMDH_WHITE_OPHTALMIC + -01.25,접착,2026-08-01
S관(3공장),Si_1-Day_M/F,O2O2_Multifocal_K2_SMDH_WHITE_OPHTALMIC + -01.25,하이드레이션,2026-07-30
S관(3공장),Si_1-Day_M/F,O2O2_Multifocal_K2_SMDH_WHITE_OPHTALMIC + -02.00,누수규격,2026-08-02
S관(3공장),Si_1-Day_M/F,O2O2_Multifocal_K2_SMDH_WHITE_OPHTALMIC + -02.00,접착,2026-08-01
S관(3공장),Si_1-Day_M/F,O2O2_Multifocal_K2_SMDH_WHITE_OPHTALMIC + -02.00,하이드레이션,2026-07-30
S관(3공장),Si_1-Day_M/F,O2O2_Multifocal_K2_SMDH_WHITE_OPHTALMIC + -03.00,누수규격,2026-08-02
S관(3공장),Si_1-Day_M/F,O2O2_Multifocal_K2_SMDH_WHITE_OPHTALMIC + -03.00,접착,2026-08-01
S관(3공장),Si_1-Day_M/F,O2O2_Multifocal_K2_SMDH_WHITE_OPHTALMIC + -03.00,하이드레이션,2026-07-30
S관(3공장),Si_1-Day_M/F,O2O2_Multifocal_K2_SMDH_WHITE_OPHTALMIC + -03.25,누수규격,2026-08-18
S관(3공장),Si_1-Day_M/F,O2O2_Multifocal_K2_SMDH_WHITE_OPHTALMIC + -03.25,접착,2026-08-17
S관(3공장),Si_1-Day_M/F,O2O2_Multifocal_K2_SMDH_WHITE_OPHTALMIC + -03.25,하이드레이션,2026-08-15
S관(3공장),Si_1-Day_M/F,O2O2_Multifocal_K2_SMDH_WHITE_OPHTALMIC + -04.00,누수규격,2026-08-02
S관(3공장),Si_1-Day_M/F,O2O2_Multifocal_K2_SMDH_WHITE_OPHTALMIC + -04.00,접착,2026-08-01
S관(3공장),Si_1-Day_M/F,O2O2_Multifocal_K2_SMDH_WHITE_OPHTALMIC + -04.00,하이드레이션,2026-07-30
S관(3공장),Si_1-Day_M/F,O2O2_Multifocal_K2_SMDH_WHITE_OPHTALMIC + -04.25,누수규격,2026-08-18
S관(3공장),Si_1-Day_M/F,O2O2_Multifocal_K2_SMDH_WHITE_OPHTALMIC + -04.25,접착,2026-08-17
S관(3공장),Si_1-Day_M/F,O2O2_Multifocal_K2_SMDH_WHITE_OPHTALMIC + -04.25,하이드레이션,2026-08-15
S관(3공장),Si_1-Day_M/F,O2O2_Multifocal_K2_SMDH_WHITE_OPHTALMIC + -04.50,누수규격,2026-08-02
S관(3공장),Si_1-Day_M/F,O2O2_Multifocal_K2_SMDH_WHITE_OPHTALMIC + -04.50,접착,2026-08-01
S관(3공장),Si_1-Day_M/F,O2O2_Multifocal_K2_SMDH_WHITE_OPHTALMIC + -04.50,하이드레이션,2026-07-30
S관(3공장),Si_1-Day_M/F,O2O2_Multifocal_K2_SMDH_WHITE_OPHTALMIC + -04.75,누수규격,2026-08-18
S관(3공장),Si_1-Day_M/F,O2O2_Multifocal_K2_SMDH_WHITE_OPHTALMIC + -04.75,접착,2026-08-17
S관(3공장),Si_1-Day_M/F,O2O2_Multifocal_K2_SMDH_WHITE_OPHTALMIC + -04.75,하이드레이션,2026-08-15
S관(3공장),Si_1-Day_M/F,O2O2_Multifocal_K2_SMDH_WHITE_OPHTALMIC + -05.50,누수규격,2026-08-02
S관(3공장),Si_1-Day_M/F,O2O2_Multifocal_K2_SMDH_WHITE_OPHTALMIC + -05.50,접착,2026-08-01
S관(3공장),Si_1-Day_M/F,O2O2_Multifocal_K2_SMDH_WHITE_OPHTALMIC + -05.50,하이드레이션,2026-07-30
S관(3공장),Si_1-Day_M/F,O2O2_Multifocal_K2_SMDH_WHITE_OPHTALMIC + -06.00,누수규격,2026-08-02
S관(3공장),Si_1-Day_M/F,O2O2_Multifocal_K2_SMDH_WHITE_OPHTALMIC + -06.00,접착,2026-08-01
S관(3공장),Si_1-Day_M/F,O2O2_Multifocal_K2_SMDH_WHITE_OPHTALMIC + -06.00,하이드레이션,2026-07-30
S관(3공장),Si_1-Day_M/F,O2O2_Multifocal_K2_SMDH_WHITE_OPHTALMIC + -06.50,누수규격,2026-08-18
S관(3공장),Si_1-Day_M/F,O2O2_Multifocal_K2_SMDH_WHITE_OPHTALMIC + -06.50,접착,2026-08-17
S관(3공장),Si_1-Day_M/F,O2O2_Multifocal_K2_SMDH_WHITE_OPHTALMIC + -06.50,하이드레이션,2026-08-15
S관(3공장),Si_1-Day_M/F,O2O2_Multifocal_K2_SMDH_WHITE_OPHTALMIC + -12.00,누수규격,2026-08-18
S관(3공장),Si_1-Day_M/F,O2O2_Multifocal_K2_SMDH_WHITE_OPHTALMIC + -12.00,접착,2026-08-17
S관(3공장),Si_1-Day_M/F,O2O2_Multifocal_K2_SMDH_WHITE_OPHTALMIC + -12.00,하이드레이션,2026-08-15
S관(3공장),Si_1-Day_M/F,ZOOM D_ADD+1.00 + -03.00,누수규격,2026-06-21
S관(3공장),Si_1-Day_M/F,ZOOM D_ADD+1.00 + -03.00,접착,2026-06-20
S관(3공장),Si_1-Day_M/F,ZOOM D_ADD+1.00 + -03.00,하이드레이션,2026-06-18
S관(3공장),Si_1-Day_M/F,ZOOM D_ADD+1.00 + -03.25,누수규격,2026-06-21
S관(3공장),Si_1-Day_M/F,ZOOM D_ADD+1.00 + -03.25,접착,2026-06-20
S관(3공장),Si_1-Day_M/F,ZOOM D_ADD+1.00 + -04.00,누수규격,2026-06-21
S관(3공장),Si_1-Day_M/F,ZOOM D_ADD+1.00 + -04.00,접착,2026-06-20
S관(3공장),Si_1-Day_M/F,ZOOM D_ADD+1.00 + -04.25,누수규격,2026-06-21
S관(3공장),Si_1-Day_M/F,ZOOM D_ADD+1.00 + -04.25,접착,2026-06-20
S관(3공장),Si_1-Day_M/F,ZOOM D_ADD+1.00 + -04.25,하이드레이션,2026-06-18
S관(3공장),Si_1-Day_M/F,ZOOM D_ADD+1.00 + -05.50,누수규격,2026-06-21
S관(3공장),Si_1-Day_M/F,ZOOM D_ADD+1.00 + -05.50,접착,2026-06-20
S관(3공장),Si_1-Day_M/F,ZOOM D_ADD+1.00 + -07.00,누수규격,2026-06-21
S관(3공장),Si_1-Day_M/F,ZOOM D_ADD+1.00 + -07.00,접착,2026-06-20
S관(3공장),Si_1-Day_M/F,ZOOM D_ADD+1.00 + -08.50,누수규격,2026-06-21
S관(3공장),Si_1-Day_M/F,ZOOM D_ADD+1.00 + -08.50,접착,2026-06-20
S관(3공장),Si_1-Day_M/F,ZOOM D_ADD+1.00 + -09.00,누수규격,2026-06-21
S관(3공장),Si_1-Day_M/F,ZOOM D_ADD+1.00 + -09.00,접착,2026-06-20
S관(3공장),Si_1-Day_M/F,ZOOM D_ADD+1.00 + -09.00,하이드레이션,2026-06-18
S관(3공장),Si_1-Day_M/F,ZOOM D_ADD+1.00 + -09.50,누수규격,2026-06-21
S관(3공장),Si_1-Day_M/F,ZOOM D_ADD+1.00 + -09.50,접착,2026-06-20
S관(3공장),Si_1-Day_M/F,ZOOM D_ADD+1.00 + -09.50,하이드레이션,2026-06-18
S관(3공장),Si_1-Day_M/F,ZOOM D_ADD+1.00 + -10.00,누수규격,2026-06-21
S관(3공장),Si_1-Day_M/F,ZOOM D_ADD+1.00 + -10.00,접착,2026-06-20
S관(3공장),Si_1-Day_M/F,ZOOM D_ADD+1.00 + -10.50,누수규격,2026-06-21
S관(3공장),Si_1-Day_M/F,ZOOM D_ADD+1.00 + -10.50,접착,2026-06-20
S관(3공장),Si_1-Day_Sph,O2O2 D_Spherical(DK70)_K2-SMD + -08.50,누수규격,2026-08-18
S관(3공장),Si_1-Day_Sph,O2O2 D_Spherical(DK70)_K2-SMD + -08.50,접착,2026-08-17
S관(3공장),Si_1-Day_Sph,O2O2 D_Spherical(DK70)_K2-SMD + -08.50,하이드레이션,2026-08-15
S관(3공장),Si_1-Day_Sph,O2O2 D_Spherical(DK70)_K2-SMD_White + +00.50,누수규격,2026-08-18
S관(3공장),Si_1-Day_Sph,O2O2 D_Spherical(DK70)_K2-SMD_White + +00.50,접착,2026-08-17
S관(3공장),Si_1-Day_Sph,O2O2 D_Spherical(DK70)_K2-SMD_White + +00.50,하이드레이션,2026-08-15
S관(3공장),Si_1-Day_Sph,O2O2 D_Spherical(DK70)_K2-SMD_White + +02.25,누수규격,2026-08-18
S관(3공장),Si_1-Day_Sph,O2O2 D_Spherical(DK70)_K2-SMD_White + +02.25,접착,2026-08-17
S관(3공장),Si_1-Day_Sph,O2O2 D_Spherical(DK70)_K2-SMD_White + +02.25,하이드레이션,2026-08-15
S관(3공장),Si_1-Day_Sph,O2O2 D_Spherical(DK70)_K2-SMD_White + +06.00,누수규격,2026-08-18
S관(3공장),Si_1-Day_Sph,O2O2 D_Spherical(DK70)_K2-SMD_White + +06.00,접착,2026-08-17
S관(3공장),Si_1-Day_Sph,O2O2 D_Spherical(DK70)_K2-SMD_White + +06.00,하이드레이션,2026-08-15
S관(3공장),Si_1-Day_Sph,O2O2 D_Spherical_Optic Center_SMD + -01.00,누수규격,2026-08-18
S관(3공장),Si_1-Day_Sph,O2O2 D_Spherical_Optic Center_SMD + -01.00,접착,2026-08-17
S관(3공장),Si_1-Day_Sph,O2O2 D_Spherical_Optic Center_SMD + -01.00,하이드레이션,2026-08-15
S관(3공장),Si_1-Day_Sph,O2O2 D_Spherical_Optic Center_SMD + -03.25,누수규격,2026-08-18
S관(3공장),Si_1-Day_Sph,O2O2 D_Spherical_Optic Center_SMD + -03.25,접착,2026-08-17
S관(3공장),Si_1-Day_Sph,O2O2 D_Spherical_Optic Center_SMD + -03.25,하이드레이션,2026-08-15
S관(3공장),Si_1-Day_Sph,O2O2 D_Spherical_Optic Center_SMD + -03.50,누수규격,2026-08-18
S관(3공장),Si_1-Day_Sph,O2O2 D_Spherical_Optic Center_SMD + -03.50,접착,2026-08-17
S관(3공장),Si_1-Day_Sph,O2O2 D_Spherical_Optic Center_SMD + -03.50,하이드레이션,2026-08-15
S관(3공장),Si_1-Day_Sph,O2O2 D_Spherical_Optic Center_SMD + -03.75,누수규격,2026-08-18
S관(3공장),Si_1-Day_Sph,O2O2 D_Spherical_Optic Center_SMD + -03.75,접착,2026-08-17
S관(3공장),Si_1-Day_Sph,O2O2 D_Spherical_Optic Center_SMD + -03.75,하이드레이션,2026-08-15
S관(3공장),Si_1-Day_Sph,O2O2 D_Spherical_Optic Center_SMD + -04.50,누수규격,2026-08-18
S관(3공장),Si_1-Day_Sph,O2O2 D_Spherical_Optic Center_SMD + -04.50,접착,2026-08-17
S관(3공장),Si_1-Day_Sph,O2O2 D_Spherical_Optic Center_SMD + -04.50,하이드레이션,2026-08-15
S관(3공장),Si_1-Day_Sph,O2O2 D_UV_Spherical(DK70)_Marshal + +01.00,누수규격,2026-08-18
S관(3공장),Si_1-Day_Sph,O2O2 D_UV_Spherical(DK70)_Marshal + +01.00,접착,2026-08-17
S관(3공장),Si_1-Day_Sph,O2O2 D_UV_Spherical(DK70)_Marshal + +01.00,하이드레이션,2026-08-15
S관(3공장),Si_1-Day_Sph,O2O2 D_UV_Spherical(DK70)_Marshal + +02.00,누수규격,2026-08-18
S관(3공장),Si_1-Day_Sph,O2O2 D_UV_Spherical(DK70)_Marshal + +02.00,접착,2026-08-17
S관(3공장),Si_1-Day_Sph,O2O2 D_UV_Spherical(DK70)_Marshal + +02.00,하이드레이션,2026-08-15
S관(3공장),Si_1-Day_Sph,O2O2 D_UV_Spherical(DK70)_Marshal + +02.25,누수규격,2026-08-18
S관(3공장),Si_1-Day_Sph,O2O2 D_UV_Spherical(DK70)_Marshal + +02.25,접착,2026-08-17
S관(3공장),Si_1-Day_Sph,O2O2 D_UV_Spherical(DK70)_Marshal + +02.25,하이드레이션,2026-08-15
S관(3공장),Si_1-Day_Sph,O2O2 D_UV_Spherical(DK70)_Marshal + +02.50,누수규격,2026-08-18
S관(3공장),Si_1-Day_Sph,O2O2 D_UV_Spherical(DK70)_Marshal + +02.50,접착,2026-08-17
S관(3공장),Si_1-Day_Sph,O2O2 D_UV_Spherical(DK70)_Marshal + +02.50,하이드레이션,2026-08-15
S관(3공장),Si_1-Day_Sph,O2O2 D_UV_Spherical(DK70)_Marshal + +03.00,누수규격,2026-08-18
S관(3공장),Si_1-Day_Sph,O2O2 D_UV_Spherical(DK70)_Marshal + +03.00,접착,2026-08-17
S관(3공장),Si_1-Day_Sph,O2O2 D_UV_Spherical(DK70)_Marshal + +03.00,하이드레이션,2026-08-15
S관(3공장),Si_1-Day_Sph,O2O2 D_UV_Spherical(DK70)_Marshal + -01.50,누수규격,2026-08-18
S관(3공장),Si_1-Day_Sph,O2O2 D_UV_Spherical(DK70)_Marshal + -01.50,접착,2026-08-17
S관(3공장),Si_1-Day_Sph,O2O2 D_UV_Spherical(DK70)_Marshal + -01.50,하이드레이션,2026-08-15
S관(3공장),Si_1-Day_Sph,O2O2 D_UV_Spherical(DK70)_Marshal + -03.00,누수규격,2026-08-18
S관(3공장),Si_1-Day_Sph,O2O2 D_UV_Spherical(DK70)_Marshal + -03.00,접착,2026-08-17
S관(3공장),Si_1-Day_Sph,O2O2 D_UV_Spherical(DK70)_Marshal + -03.00,하이드레이션,2026-08-15
S관(3공장),Si_1-Day_Sph,O2O2 D_UV_Spherical(DK70)_Marshal + -03.25,누수규격,2026-08-18
S관(3공장),Si_1-Day_Sph,O2O2 D_UV_Spherical(DK70)_Marshal + -03.25,접착,2026-08-17
S관(3공장),Si_1-Day_Sph,O2O2 D_UV_Spherical(DK70)_Marshal + -03.25,하이드레이션,2026-08-15
S관(3공장),Si_1-Day_Sph,O2O2 D_UV_Spherical(DK70)_Marshal + -03.50,누수규격,2026-08-18
S관(3공장),Si_1-Day_Sph,O2O2 D_UV_Spherical(DK70)_Marshal + -03.50,접착,2026-08-17
S관(3공장),Si_1-Day_Sph,O2O2 D_UV_Spherical(DK70)_Marshal + -03.50,하이드레이션,2026-08-15
S관(3공장),Si_1-Day_Sph,O2O2 D_UV_Spherical(DK70)_Marshal + -04.25,누수규격,2026-08-18
S관(3공장),Si_1-Day_Sph,O2O2 D_UV_Spherical(DK70)_Marshal + -04.25,접착,2026-08-17
S관(3공장),Si_1-Day_Sph,O2O2 D_UV_Spherical(DK70)_Marshal + -04.25,하이드레이션,2026-08-15
S관(3공장),Si_1-Day_Sph,O2O2 D_UV_Spherical(DK70)_Marshal + -07.00,누수규격,2026-08-18
S관(3공장),Si_1-Day_Sph,O2O2 D_UV_Spherical(DK70)_Marshal + -07.00,접착,2026-08-17
S관(3공장),Si_1-Day_Sph,O2O2 D_UV_Spherical(DK70)_Marshal + -07.00,하이드레이션,2026-08-15
S관(3공장),Si_1-Day_Sph,O2O2 D_UV_Spherical(DK70)_Marshal + -10.50,누수규격,2026-08-18
S관(3공장),Si_1-Day_Sph,O2O2 D_UV_Spherical(DK70)_Marshal + -10.50,접착,2026-08-17
S관(3공장),Si_1-Day_Sph,O2O2 D_UV_Spherical(DK70)_Marshal + -10.50,하이드레이션,2026-08-15
S관(3공장),Si_1-Day_Sph,O2O2 D_UV_Spherical(DK70)_SMH_Esoform + +07.50,누수규격,2026-08-18
S관(3공장),Si_1-Day_Sph,O2O2 D_UV_Spherical(DK70)_SMH_Esoform + +07.50,접착,2026-08-17
S관(3공장),Si_1-Day_Sph,O2O2 D_UV_Spherical(DK70)_SMH_Esoform + +07.50,하이드레이션,2026-08-15
S관(3공장),Si_1-Day_Sph,O2O2 D_UV_Spherical(DK70)_SMH_Esoform + -00.50,누수규격,2026-08-13
S관(3공장),Si_1-Day_Sph,O2O2 D_UV_Spherical(DK70)_SMH_Esoform + -00.50,접착,2026-08-12
S관(3공장),Si_1-Day_Sph,O2O2 D_UV_Spherical(DK70)_SMH_Esoform + -00.50,하이드레이션,2026-08-10
S관(3공장),Si_1-Day_Sph,O2O2 D_UV_Spherical_FGC + +00.50,누수규격,2026-08-18
S관(3공장),Si_1-Day_Sph,O2O2 D_UV_Spherical_FGC + +00.50,접착,2026-08-17
S관(3공장),Si_1-Day_Sph,O2O2 D_UV_Spherical_FGC + +00.50,하이드레이션,2026-08-15
S관(3공장),Si_1-Day_Sph,O2O2 D_UV_Spherical_FGC + +01.00,누수규격,2026-08-18
S관(3공장),Si_1-Day_Sph,O2O2 D_UV_Spherical_FGC + +01.00,접착,2026-08-17
S관(3공장),Si_1-Day_Sph,O2O2 D_UV_Spherical_FGC + +01.00,하이드레이션,2026-08-15
S관(3공장),Si_1-Day_Sph,O2O2 D_UV_Spherical_FGC + +01.25,누수규격,2026-08-18
S관(3공장),Si_1-Day_Sph,O2O2 D_UV_Spherical_FGC + +01.25,접착,2026-08-17
S관(3공장),Si_1-Day_Sph,O2O2 D_UV_Spherical_FGC + +01.25,하이드레이션,2026-08-15
S관(3공장),Si_1-Day_Sph,O2O2 D_UV_Spherical_FGC + +02.00,누수규격,2026-08-18
S관(3공장),Si_1-Day_Sph,O2O2 D_UV_Spherical_FGC + +02.00,접착,2026-08-17
S관(3공장),Si_1-Day_Sph,O2O2 D_UV_Spherical_FGC + +02.00,하이드레이션,2026-08-15
S관(3공장),Si_1-Day_Sph,O2O2 D_UV_Spherical_FGC + +02.25,누수규격,2026-08-18
S관(3공장),Si_1-Day_Sph,O2O2 D_UV_Spherical_FGC + +02.25,접착,2026-08-17
S관(3공장),Si_1-Day_Sph,O2O2 D_UV_Spherical_FGC + +02.25,하이드레이션,2026-08-15
S관(3공장),Si_1-Day_Sph,O2O2 D_UV_Spherical_FGC + +02.50,누수규격,2026-08-18
S관(3공장),Si_1-Day_Sph,O2O2 D_UV_Spherical_FGC + +02.50,접착,2026-08-17
S관(3공장),Si_1-Day_Sph,O2O2 D_UV_Spherical_FGC + +02.50,하이드레이션,2026-08-15
S관(3공장),Si_1-Day_Sph,O2O2 D_UV_Spherical_FGC + +03.75,누수규격,2026-08-18
S관(3공장),Si_1-Day_Sph,O2O2 D_UV_Spherical_FGC + +03.75,접착,2026-08-17
S관(3공장),Si_1-Day_Sph,O2O2 D_UV_Spherical_FGC + +03.75,하이드레이션,2026-08-15
S관(3공장),Si_1-Day_Sph,O2O2 D_UV_Spherical_FGC + +04.00,누수규격,2026-08-18
S관(3공장),Si_1-Day_Sph,O2O2 D_UV_Spherical_FGC + +04.00,접착,2026-08-17
S관(3공장),Si_1-Day_Sph,O2O2 D_UV_Spherical_FGC + +04.00,하이드레이션,2026-08-15
S관(3공장),Si_1-Day_Sph,O2O2 D_UV_Spherical_FGC + +05.00,누수규격,2026-08-18
S관(3공장),Si_1-Day_Sph,O2O2 D_UV_Spherical_FGC + +05.00,접착,2026-08-17
S관(3공장),Si_1-Day_Sph,O2O2 D_UV_Spherical_FGC + +05.00,하이드레이션,2026-08-15
S관(3공장),Si_1-Day_Sph,O2O2 D_UV_Spherical_FGC + +05.50,누수규격,2026-08-18
S관(3공장),Si_1-Day_Sph,O2O2 D_UV_Spherical_FGC + +05.50,접착,2026-08-17
S관(3공장),Si_1-Day_Sph,O2O2 D_UV_Spherical_FGC + +05.50,하이드레이션,2026-08-15
S관(3공장),Si_1-Day_Sph,O2O2 D_UV_Spherical_FGC + +06.00,누수규격,2026-08-18
S관(3공장),Si_1-Day_Sph,O2O2 D_UV_Spherical_FGC + +06.00,접착,2026-08-17
S관(3공장),Si_1-Day_Sph,O2O2 D_UV_Spherical_FGC + +06.00,하이드레이션,2026-08-15
S관(3공장),Si_1-Day_Sph,O2O2 D_UV_Spherical_FGC + +06.50,누수규격,2026-08-18
S관(3공장),Si_1-Day_Sph,O2O2 D_UV_Spherical_FGC + +06.50,접착,2026-08-17
S관(3공장),Si_1-Day_Sph,O2O2 D_UV_Spherical_FGC + +06.50,하이드레이션,2026-08-15
S관(3공장),Si_1-Day_Sph,O2O2 D_UV_Spherical_FGC + +07.00,누수규격,2026-08-18
S관(3공장),Si_1-Day_Sph,O2O2 D_UV_Spherical_FGC + +07.00,접착,2026-08-17
S관(3공장),Si_1-Day_Sph,O2O2 D_UV_Spherical_FGC + +07.00,하이드레이션,2026-08-15
S관(3공장),Si_1-Day_Sph,O2O2 D_UV_Spherical_FGC + +07.50,누수규격,2026-08-18
S관(3공장),Si_1-Day_Sph,O2O2 D_UV_Spherical_FGC + +07.50,접착,2026-08-17
S관(3공장),Si_1-Day_Sph,O2O2 D_UV_Spherical_FGC + +07.50,하이드레이션,2026-08-15
S관(3공장),Si_1-Day_Sph,O2O2 D_UV_Spherical_FGC + -01.25,누수규격,2026-08-18
S관(3공장),Si_1-Day_Sph,O2O2 D_UV_Spherical_FGC + -01.25,접착,2026-08-17
S관(3공장),Si_1-Day_Sph,O2O2 D_UV_Spherical_FGC + -01.25,하이드레이션,2026-08-15
S관(3공장),Si_1-Day_Sph,O2O2 D_UV_Spherical_FGC + -01.50,누수규격,2026-08-09
S관(3공장),Si_1-Day_Sph,O2O2 D_UV_Spherical_FGC + -01.50,접착,2026-08-08
S관(3공장),Si_1-Day_Sph,O2O2 D_UV_Spherical_FGC + -01.50,하이드레이션,2026-08-15
S관(3공장),Si_1-Day_Sph,O2O2 D_UV_Spherical_FGC + -01.75,누수규격,2026-08-09
S관(3공장),Si_1-Day_Sph,O2O2 D_UV_Spherical_FGC + -01.75,접착,2026-08-08
S관(3공장),Si_1-Day_Sph,O2O2 D_UV_Spherical_FGC + -01.75,하이드레이션,2026-08-15
S관(3공장),Si_1-Day_Sph,O2O2 D_UV_Spherical_FGC + -02.00,누수규격,2026-08-09
S관(3공장),Si_1-Day_Sph,O2O2 D_UV_Spherical_FGC + -02.00,접착,2026-08-08
S관(3공장),Si_1-Day_Sph,O2O2 D_UV_Spherical_FGC + -02.00,하이드레이션,2026-08-15
S관(3공장),Si_1-Day_Sph,O2O2 D_UV_Spherical_FGC + -02.25,누수규격,2026-08-09
S관(3공장),Si_1-Day_Sph,O2O2 D_UV_Spherical_FGC + -02.25,접착,2026-08-08
S관(3공장),Si_1-Day_Sph,O2O2 D_UV_Spherical_FGC + -02.25,하이드레이션,2026-08-15
S관(3공장),Si_1-Day_Sph,O2O2 D_UV_Spherical_FGC + -02.50,누수규격,2026-08-09
S관(3공장),Si_1-Day_Sph,O2O2 D_UV_Spherical_FGC + -02.50,접착,2026-08-08
S관(3공장),Si_1-Day_Sph,O2O2 D_UV_Spherical_FGC + -02.50,하이드레이션,2026-08-15
S관(3공장),Si_1-Day_Sph,O2O2 D_UV_Spherical_FGC + -02.75,누수규격,2026-08-18
S관(3공장),Si_1-Day_Sph,O2O2 D_UV_Spherical_FGC + -02.75,접착,2026-08-17
S관(3공장),Si_1-Day_Sph,O2O2 D_UV_Spherical_FGC + -02.75,하이드레이션,2026-08-15
S관(3공장),Si_1-Day_Sph,O2O2 D_UV_Spherical_FGC + -03.00,누수규격,2026-08-09
S관(3공장),Si_1-Day_Sph,O2O2 D_UV_Spherical_FGC + -03.00,접착,2026-08-08
S관(3공장),Si_1-Day_Sph,O2O2 D_UV_Spherical_FGC + -03.00,하이드레이션,2026-08-15
S관(3공장),Si_1-Day_Sph,O2O2 D_UV_Spherical_FGC + -03.25,누수규격,2026-08-18
S관(3공장),Si_1-Day_Sph,O2O2 D_UV_Spherical_FGC + -03.25,접착,2026-08-17
S관(3공장),Si_1-Day_Sph,O2O2 D_UV_Spherical_FGC + -03.25,하이드레이션,2026-08-15
S관(3공장),Si_1-Day_Sph,O2O2 D_UV_Spherical_FGC + -03.50,누수규격,2026-08-18
S관(3공장),Si_1-Day_Sph,O2O2 D_UV_Spherical_FGC + -03.50,접착,2026-08-17
S관(3공장),Si_1-Day_Sph,O2O2 D_UV_Spherical_FGC + -03.50,하이드레이션,2026-08-15
S관(3공장),Si_1-Day_Sph,O2O2 D_UV_Spherical_FGC + -04.00,누수규격,2026-08-09
S관(3공장),Si_1-Day_Sph,O2O2 D_UV_Spherical_FGC + -04.00,접착,2026-08-08
S관(3공장),Si_1-Day_Sph,O2O2 D_UV_Spherical_FGC + -04.00,하이드레이션,2026-08-06
S관(3공장),Si_1-Day_Sph,O2O2 D_UV_Spherical_FGC + -04.25,누수규격,2026-08-09
S관(3공장),Si_1-Day_Sph,O2O2 D_UV_Spherical_FGC + -04.25,접착,2026-08-08
S관(3공장),Si_1-Day_Sph,O2O2 D_UV_Spherical_FGC + -04.25,하이드레이션,2026-08-06
S관(3공장),Si_1-Day_Sph,O2O2 D_UV_Spherical_FGC + -05.50,누수규격,2026-08-18
S관(3공장),Si_1-Day_Sph,O2O2 D_UV_Spherical_FGC + -05.50,접착,2026-08-17
S관(3공장),Si_1-Day_Sph,O2O2 D_UV_Spherical_FGC + -05.50,하이드레이션,2026-08-15
S관(3공장),Si_1-Day_Sph,O2O2 D_UV_Spherical_FGC + -06.00,누수규격,2026-08-09
S관(3공장),Si_1-Day_Sph,O2O2 D_UV_Spherical_FGC + -06.00,접착,2026-08-08
S관(3공장),Si_1-Day_Sph,O2O2 D_UV_Spherical_FGC + -06.00,하이드레이션,2026-08-15
S관(3공장),Si_1-Day_Sph,O2O2 D_UV_Spherical_FGC + -06.50,누수규격,2026-08-09
S관(3공장),Si_1-Day_Sph,O2O2 D_UV_Spherical_FGC + -06.50,접착,2026-08-08
S관(3공장),Si_1-Day_Sph,O2O2 D_UV_Spherical_FGC + -06.50,하이드레이션,2026-08-06
S관(3공장),Si_1-Day_Sph,O2O2 D_UV_Spherical_FGC + -07.00,누수규격,2026-08-18
S관(3공장),Si_1-Day_Sph,O2O2 D_UV_Spherical_FGC + -07.00,접착,2026-08-17
S관(3공장),Si_1-Day_Sph,O2O2 D_UV_Spherical_FGC + -07.00,하이드레이션,2026-08-15
S관(3공장),Si_1-Day_Sph,O2O2 D_UV_Spherical_FGC + -07.50,누수규격,2026-08-09
S관(3공장),Si_1-Day_Sph,O2O2 D_UV_Spherical_FGC + -07.50,접착,2026-08-17
S관(3공장),Si_1-Day_Sph,O2O2 D_UV_Spherical_FGC + -07.50,하이드레이션,2026-08-15
S관(3공장),Si_1-Day_Sph,O2O2 D_UV_Spherical_FGC + -08.00,누수규격,2026-08-09
S관(3공장),Si_1-Day_Sph,O2O2 D_UV_Spherical_FGC + -08.00,접착,2026-08-08
S관(3공장),Si_1-Day_Sph,O2O2 D_UV_Spherical_FGC + -08.00,하이드레이션,2026-08-15
S관(3공장),Si_1-Day_Sph,O2O2 D_UV_Spherical_FGC + -09.00,누수규격,2026-08-18
S관(3공장),Si_1-Day_Sph,O2O2 D_UV_Spherical_FGC + -09.00,접착,2026-08-17
S관(3공장),Si_1-Day_Sph,O2O2 D_UV_Spherical_FGC + -09.00,하이드레이션,2026-08-15
S관(3공장),Si_1-Day_Sph,O2O2 D_UV_Spherical_FGC + -10.00,누수규격,2026-08-09
S관(3공장),Si_1-Day_Sph,O2O2 D_UV_Spherical_FGC + -10.00,접착,2026-08-08
S관(3공장),Si_1-Day_Sph,O2O2 D_UV_Spherical_FGC + -10.00,하이드레이션,2026-08-06
S관(3공장),Si_1-Day_Sph,O2O2 Sph(DK70)_SMHL + +00.50,분리,2026-08-14
S관(3공장),Si_1-Day_Sph,O2O2 Sph(DK70)_SMHL + +00.50,사출,2026-08-13
S관(3공장),Si_1-Day_Sph,O2O2 Sph(DK70)_SMHL + +02.25,분리,2026-08-14
S관(3공장),Si_1-Day_Sph,O2O2 Sph(DK70)_SMHL + +02.25,사출,2026-08-13
S관(3공장),Si_1-Day_Sph,O2O2 Sph(DK70)_SMHL + +02.50,분리,2026-07-29
S관(3공장),Si_1-Day_Sph,O2O2 Sph(DK70)_SMHL + +02.50,사출,2026-07-28
S관(3공장),Si_1-Day_Sph,O2O2 Sph(DK70)_SMHL + +03.75,분리,2026-08-14
S관(3공장),Si_1-Day_Sph,O2O2 Sph(DK70)_SMHL + +03.75,사출,2026-08-13
S관(3공장),Si_1-Day_Sph,O2O2 Sph(DK70)_SMHL + +04.00,분리,2026-08-14
S관(3공장),Si_1-Day_Sph,O2O2 Sph(DK70)_SMHL + +04.00,사출,2026-08-13
S관(3공장),Si_1-Day_Sph,O2O2 Sph(DK70)_SMHL + +05.00,분리,2026-08-14
S관(3공장),Si_1-Day_Sph,O2O2 Sph(DK70)_SMHL + +05.00,사출,2026-08-13
S관(3공장),Si_1-Day_Sph,O2O2 Sph(DK70)_SMHL + +05.50,분리,2026-07-29
S관(3공장),Si_1-Day_Sph,O2O2 Sph(DK70)_SMHL + +05.50,사출,2026-07-28
S관(3공장),Si_1-Day_Sph,O2O2 Sph(DK70)_SMHL + +06.00,분리,2026-08-14
S관(3공장),Si_1-Day_Sph,O2O2 Sph(DK70)_SMHL + +06.00,사출,2026-08-13
S관(3공장),Si_1-Day_Sph,O2O2 Sph(DK70)_SMHL + +07.00,분리,2026-08-14
S관(3공장),Si_1-Day_Sph,O2O2 Sph(DK70)_SMHL + +07.00,사출,2026-08-13
S관(3공장),Si_1-Day_Sph,O2O2 Sph(DK70)_SMHL + +07.50,분리,2026-08-14
S관(3공장),Si_1-Day_Sph,O2O2 Sph(DK70)_SMHL + +07.50,사출,2026-08-13
S관(3공장),Si_1-Day_Sph,O2O2 Sph(DK70)_SMHL + -01.25,분리,2026-08-14
S관(3공장),Si_1-Day_Sph,O2O2 Sph(DK70)_SMHL + -01.25,사출,2026-08-13
S관(3공장),Si_1-Day_Sph,O2O2 Sph(DK70)_SMHL + -01.50,분리,2026-08-14
S관(3공장),Si_1-Day_Sph,O2O2 Sph(DK70)_SMHL + -01.50,사출,2026-08-13
S관(3공장),Si_1-Day_Sph,O2O2 Sph(DK70)_SMHL + -01.75,분리,2026-08-14
S관(3공장),Si_1-Day_Sph,O2O2 Sph(DK70)_SMHL + -01.75,사출,2026-08-13
S관(3공장),Si_1-Day_Sph,O2O2 Sph(DK70)_SMHL + -02.00,분리,2026-08-14
S관(3공장),Si_1-Day_Sph,O2O2 Sph(DK70)_SMHL + -02.00,사출,2026-08-13
S관(3공장),Si_1-Day_Sph,O2O2 Sph(DK70)_SMHL + -02.25,분리,2026-08-14
S관(3공장),Si_1-Day_Sph,O2O2 Sph(DK70)_SMHL + -02.25,사출,2026-08-13
S관(3공장),Si_1-Day_Sph,O2O2 Sph(DK70)_SMHL + -02.50,분리,2026-08-14
S관(3공장),Si_1-Day_Sph,O2O2 Sph(DK70)_SMHL + -02.50,사출,2026-08-13
S관(3공장),Si_1-Day_Sph,O2O2 Sph(DK70)_SMHL + -02.75,분리,2026-08-14
S관(3공장),Si_1-Day_Sph,O2O2 Sph(DK70)_SMHL + -02.75,사출,2026-08-13
S관(3공장),Si_1-Day_Sph,O2O2 Sph(DK70)_SMHL + -03.00,분리,2026-08-14
S관(3공장),Si_1-Day_Sph,O2O2 Sph(DK70)_SMHL + -03.00,사출,2026-08-13
S관(3공장),Si_1-Day_Sph,O2O2 Sph(DK70)_SMHL + -03.25,분리,2026-08-14
S관(3공장),Si_1-Day_Sph,O2O2 Sph(DK70)_SMHL + -03.25,사출,2026-08-13
S관(3공장),Si_1-Day_Sph,O2O2 Sph(DK70)_SMHL + -04.00,분리,2026-08-14
S관(3공장),Si_1-Day_Sph,O2O2 Sph(DK70)_SMHL + -04.00,사출,2026-08-13
S관(3공장),Si_1-Day_Sph,O2O2 Sph(DK70)_SMHL + -04.25,분리,2026-08-14
S관(3공장),Si_1-Day_Sph,O2O2 Sph(DK70)_SMHL + -04.25,사출,2026-08-13
S관(3공장),Si_1-Day_Sph,O2O2 Sph(DK70)_SMHL + -06.00,분리,2026-08-14
S관(3공장),Si_1-Day_Sph,O2O2 Sph(DK70)_SMHL + -06.00,사출,2026-08-13
S관(3공장),Si_1-Day_Sph,O2O2 Sph(DK70)_SMHL + -06.50,분리,2026-08-05
S관(3공장),Si_1-Day_Sph,O2O2 Sph(DK70)_SMHL + -06.50,사출,2026-08-04
S관(3공장),Si_1-Day_Sph,O2O2 Sph(DK70)_SMHL + -07.00,분리,2026-08-14
S관(3공장),Si_1-Day_Sph,O2O2 Sph(DK70)_SMHL + -07.00,사출,2026-08-13
S관(3공장),Si_1-Day_Sph,O2O2 Sph(DK70)_SMHL + -07.50,분리,2026-08-14
S관(3공장),Si_1-Day_Sph,O2O2 Sph(DK70)_SMHL + -07.50,사출,2026-08-13
S관(3공장),Si_1-Day_Sph,O2O2 Sph(DK70)_SMHL + -08.00,분리,2026-08-14
S관(3공장),Si_1-Day_Sph,O2O2 Sph(DK70)_SMHL + -08.00,사출,2026-08-13
S관(3공장),Si_1-Day_Sph,O2O2 Sph(DK70)_SMHL + -10.00,분리,2026-08-05
S관(3공장),Si_1-Day_Sph,O2O2 Sph(DK70)_SMHL + -10.00,사출,2026-08-04
S관(3공장),Si_1-Day_Sph,O2O2 Sph(DK70)_SMHL + -10.50,분리,2026-08-14
S관(3공장),Si_1-Day_Sph,O2O2 Sph(DK70)_SMHL + -10.50,사출,2026-08-13
S관(3공장),Si_1-Day_Sph,O2O2 Spherical_K2-SMDH_WHITE_OPHTALMIC + +00.50,누수규격,2026-08-18
S관(3공장),Si_1-Day_Sph,O2O2 Spherical_K2-SMDH_WHITE_OPHTALMIC + +00.50,접착,2026-08-17
S관(3공장),Si_1-Day_Sph,O2O2 Spherical_K2-SMDH_WHITE_OPHTALMIC + +00.50,하이드레이션,2026-08-15
S관(3공장),Si_1-Day_Sph,O2O2 Spherical_K2-SMDH_WHITE_OPHTALMIC + +02.50,누수규격,2026-08-02
S관(3공장),Si_1-Day_Sph,O2O2 Spherical_K2-SMDH_WHITE_OPHTALMIC + +02.50,접착,2026-08-01
S관(3공장),Si_1-Day_Sph,O2O2 Spherical_K2-SMDH_WHITE_OPHTALMIC + +02.50,하이드레이션,2026-07-30
S관(3공장),Si_1-Day_Sph,O2O2 Spherical_K2-SMDH_WHITE_OPHTALMIC + +02.75,누수규격,2026-08-02
S관(3공장),Si_1-Day_Sph,O2O2 Spherical_K2-SMDH_WHITE_OPHTALMIC + +02.75,접착,2026-08-01
S관(3공장),Si_1-Day_Sph,O2O2 Spherical_K2-SMDH_WHITE_OPHTALMIC + +02.75,하이드레이션,2026-08-15
S관(3공장),Si_1-Day_Sph,O2O2 Spherical_K2-SMDH_WHITE_OPHTALMIC + +03.50,누수규격,2026-08-18
S관(3공장),Si_1-Day_Sph,O2O2 Spherical_K2-SMDH_WHITE_OPHTALMIC + +03.50,접착,2026-08-17
S관(3공장),Si_1-Day_Sph,O2O2 Spherical_K2-SMDH_WHITE_OPHTALMIC + +03.50,하이드레이션,2026-08-15
S관(3공장),Si_1-Day_Sph,O2O2 Spherical_K2-SMDH_WHITE_OPHTALMIC + +05.50,누수규격,2026-08-02
S관(3공장),Si_1-Day_Sph,O2O2 Spherical_K2-SMDH_WHITE_OPHTALMIC + +05.50,접착,2026-08-01
S관(3공장),Si_1-Day_Sph,O2O2 Spherical_K2-SMDH_WHITE_OPHTALMIC + +05.50,하이드레이션,2026-07-30
S관(3공장),Si_1-Day_Sph,O2O2 Spherical_K2-SMDH_WHITE_OPHTALMIC + -07.00,누수규격,2026-08-02
S관(3공장),Si_1-Day_Sph,O2O2 Spherical_K2-SMDH_WHITE_OPHTALMIC + -07.00,접착,2026-08-01
S관(3공장),Si_1-Day_Sph,O2O2 Spherical_K2-SMDH_WHITE_OPHTALMIC + -07.00,하이드레이션,2026-08-15
S관(3공장),Si_1-Day_Toric,O2O2 D_Toric_SMDH + -01.00,분리,2026-07-20
S관(3공장),Si_1-Day_Toric,O2O2 D_Toric_SMDH + -01.00,사출,2026-07-19
S관(3공장),Si_1-Day_Toric,O2O2 D_Toric_SMDH + -01.25,분리,2026-07-20
S관(3공장),Si_1-Day_Toric,O2O2 D_Toric_SMDH + -01.25,사출,2026-07-19
S관(3공장),Si_1-Day_Toric,O2O2 D_Toric_SMDH + -01.50,분리,2026-07-05
S관(3공장),Si_1-Day_Toric,O2O2 D_Toric_SMDH + -01.50,사출,2026-07-04
S관(3공장),Si_1-Day_Toric,O2O2 D_Toric_SMDH + -01.75,분리,2026-07-05
S관(3공장),Si_1-Day_Toric,O2O2 D_Toric_SMDH + -01.75,사출,2026-07-04
S관(3공장),Si_1-Day_Toric,O2O2 D_Toric_SMDH + -02.00,분리,2026-07-20
S관(3공장),Si_1-Day_Toric,O2O2 D_Toric_SMDH + -02.00,사출,2026-07-19
S관(3공장),Si_1-Day_Toric,O2O2 D_Toric_SMDH + -02.25,분리,2026-07-05
S관(3공장),Si_1-Day_Toric,O2O2 D_Toric_SMDH + -02.25,사출,2026-07-04
S관(3공장),Si_1-Day_Toric,O2O2 D_Toric_SMDH + -02.50,분리,2026-07-20
S관(3공장),Si_1-Day_Toric,O2O2 D_Toric_SMDH + -02.50,사출,2026-07-19
S관(3공장),Si_1-Day_Toric,O2O2 D_Toric_SMDH + -02.75,분리,2026-07-20
S관(3공장),Si_1-Day_Toric,O2O2 D_Toric_SMDH + -02.75,사출,2026-07-19
S관(3공장),Si_1-Day_Toric,O2O2 D_Toric_SMDH + -03.00,분리,2026-07-20
S관(3공장),Si_1-Day_Toric,O2O2 D_Toric_SMDH + -03.00,사출,2026-07-19
S관(3공장),Si_1-Day_Toric,O2O2 D_Toric_SMDH + -03.25,분리,2026-07-20
S관(3공장),Si_1-Day_Toric,O2O2 D_Toric_SMDH + -03.25,사출,2026-07-19
S관(3공장),Si_1-Day_Toric,O2O2 D_Toric_SMDH + -03.50,분리,2026-07-20
S관(3공장),Si_1-Day_Toric,O2O2 D_Toric_SMDH + -03.50,사출,2026-07-19
S관(3공장),Si_1-Day_Toric,O2O2 D_Toric_SMDH + -03.75,분리,2026-07-05
S관(3공장),Si_1-Day_Toric,O2O2 D_Toric_SMDH + -03.75,사출,2026-07-04
S관(3공장),Si_1-Day_Toric,O2O2 D_Toric_SMDH + -04.00,분리,2026-07-20
S관(3공장),Si_1-Day_Toric,O2O2 D_Toric_SMDH + -04.00,사출,2026-07-19
S관(3공장),Si_1-Day_Toric,O2O2 D_Toric_SMDH + -04.25,분리,2026-07-20
S관(3공장),Si_1-Day_Toric,O2O2 D_Toric_SMDH + -04.25,사출,2026-07-19
S관(3공장),Si_1-Day_Toric,O2O2 D_Toric_SMDH + -04.50,분리,2026-07-20
S관(3공장),Si_1-Day_Toric,O2O2 D_Toric_SMDH + -04.50,사출,2026-07-19
S관(3공장),Si_1-Day_Toric,O2O2 D_Toric_SMDH + -04.75,분리,2026-07-05
S관(3공장),Si_1-Day_Toric,O2O2 D_Toric_SMDH + -04.75,사출,2026-07-04
S관(3공장),Si_1-Day_Toric,O2O2 D_Toric_SMDH + -05.00,분리,2026-07-20
S관(3공장),Si_1-Day_Toric,O2O2 D_Toric_SMDH + -05.00,사출,2026-07-19
S관(3공장),Si_1-Day_Toric,O2O2 D_Toric_SMDH + -05.50,분리,2026-07-20
S관(3공장),Si_1-Day_Toric,O2O2 D_Toric_SMDH + -05.50,사출,2026-07-19
S관(3공장),Si_1-Day_Toric,O2O2 D_Toric_SMDH + -06.00,분리,2026-07-20
S관(3공장),Si_1-Day_Toric,O2O2 D_Toric_SMDH + -06.00,사출,2026-07-19
S관(3공장),Si_1-Day_Toric,O2O2 D_Toric_SMDH + -06.50,분리,2026-07-20
S관(3공장),Si_1-Day_Toric,O2O2 D_Toric_SMDH + -06.50,사출,2026-07-19
S관(3공장),Si_1-Day_Toric,O2O2 D_Toric_SMDH + -07.00,분리,2026-07-20
S관(3공장),Si_1-Day_Toric,O2O2 D_Toric_SMDH + -07.00,사출,2026-07-19
S관(3공장),Si_1-Day_Toric,O2O2 D_Toric_SMDH + -07.50,분리,2026-07-20
S관(3공장),Si_1-Day_Toric,O2O2 D_Toric_SMDH + -07.50,사출,2026-07-19
S관(3공장),Si_1-Day_Toric,O2O2 D_Toric_SMDH + -08.00,분리,2026-07-20
S관(3공장),Si_1-Day_Toric,O2O2 D_Toric_SMDH + -08.00,사출,2026-07-19
S관(3공장),Si_1-Day_Toric,O2O2 D_Toric_SMDH + -08.50,분리,2026-07-20
S관(3공장),Si_1-Day_Toric,O2O2 D_Toric_SMDH + -08.50,사출,2026-07-19
S관(3공장),Si_1-Day_Toric,O2O2 D_Toric_SMDH + -09.00,분리,2026-07-20
S관(3공장),Si_1-Day_Toric,O2O2 D_Toric_SMDH + -09.00,사출,2026-07-19
S관(3공장),Si_1-Day_Toric,O2O2 D_Toric_SMDH_WHITE + -01.50,누수규격,2026-07-09
S관(3공장),Si_1-Day_Toric,O2O2 D_Toric_SMDH_WHITE + -01.50,접착,2026-07-08
S관(3공장),Si_1-Day_Toric,O2O2 D_Toric_SMDH_WHITE + -01.50,하이드레이션,2026-07-06
S관(3공장),Si_1-Day_Toric,O2O2 D_Toric_SMDH_WHITE + -01.75,누수규격,2026-07-09
S관(3공장),Si_1-Day_Toric,O2O2 D_Toric_SMDH_WHITE + -01.75,접착,2026-07-08
S관(3공장),Si_1-Day_Toric,O2O2 D_Toric_SMDH_WHITE + -01.75,하이드레이션,2026-07-06
S관(3공장),Si_1-Day_Toric,O2O2 D_Toric_SMDH_WHITE + -02.25,누수규격,2026-07-09
S관(3공장),Si_1-Day_Toric,O2O2 D_Toric_SMDH_WHITE + -02.25,접착,2026-07-08
S관(3공장),Si_1-Day_Toric,O2O2 D_Toric_SMDH_WHITE + -02.25,하이드레이션,2026-07-06
S관(3공장),Si_1-Day_Toric,O2O2 D_Toric_SMDH_WHITE + -03.75,누수규격,2026-07-09
S관(3공장),Si_1-Day_Toric,O2O2 D_Toric_SMDH_WHITE + -03.75,접착,2026-07-08
S관(3공장),Si_1-Day_Toric,O2O2 D_Toric_SMDH_WHITE + -03.75,하이드레이션,2026-07-06
S관(3공장),Si_1-Day_Toric,O2O2 D_Toric_SMDH_WHITE + -04.75,누수규격,2026-07-09
S관(3공장),Si_1-Day_Toric,O2O2 D_Toric_SMDH_WHITE + -04.75,접착,2026-07-08
S관(3공장),Si_1-Day_Toric,O2O2 D_Toric_SMDH_WHITE + -04.75,하이드레이션,2026-07-06
S관(3공장),Si_1-Day_Toric,O2O2 D_UV_Toric_SMD_White + -01.00,누수규격,2026-07-24
S관(3공장),Si_1-Day_Toric,O2O2 D_UV_Toric_SMD_White + -01.00,접착,2026-07-23
S관(3공장),Si_1-Day_Toric,O2O2 D_UV_Toric_SMD_White + -01.00,하이드레이션,2026-07-21
S관(3공장),Si_1-Day_Toric,O2O2 D_UV_Toric_SMD_White + -01.25,누수규격,2026-07-24
S관(3공장),Si_1-Day_Toric,O2O2 D_UV_Toric_SMD_White + -01.25,접착,2026-07-23
S관(3공장),Si_1-Day_Toric,O2O2 D_UV_Toric_SMD_White + -01.25,하이드레이션,2026-07-21
S관(3공장),Si_1-Day_Toric,O2O2 D_UV_Toric_SMD_White + -01.50,누수규격,2026-07-24
S관(3공장),Si_1-Day_Toric,O2O2 D_UV_Toric_SMD_White + -01.50,접착,2026-07-23
S관(3공장),Si_1-Day_Toric,O2O2 D_UV_Toric_SMD_White + -01.50,하이드레이션,2026-07-21
S관(3공장),Si_1-Day_Toric,O2O2 D_UV_Toric_SMD_White + -01.75,누수규격,2026-07-24
S관(3공장),Si_1-Day_Toric,O2O2 D_UV_Toric_SMD_White + -01.75,접착,2026-07-23
S관(3공장),Si_1-Day_Toric,O2O2 D_UV_Toric_SMD_White + -01.75,하이드레이션,2026-07-21
S관(3공장),Si_1-Day_Toric,O2O2 D_UV_Toric_SMD_White + -02.00,누수규격,2026-07-24
S관(3공장),Si_1-Day_Toric,O2O2 D_UV_Toric_SMD_White + -02.00,접착,2026-07-23
S관(3공장),Si_1-Day_Toric,O2O2 D_UV_Toric_SMD_White + -02.00,하이드레이션,2026-07-21
S관(3공장),Si_1-Day_Toric,O2O2 D_UV_Toric_SMD_White + -02.25,누수규격,2026-07-24
S관(3공장),Si_1-Day_Toric,O2O2 D_UV_Toric_SMD_White + -02.25,접착,2026-07-23
S관(3공장),Si_1-Day_Toric,O2O2 D_UV_Toric_SMD_White + -02.25,하이드레이션,2026-07-21
S관(3공장),Si_1-Day_Toric,O2O2 D_UV_Toric_SMD_White + -02.50,누수규격,2026-07-24
S관(3공장),Si_1-Day_Toric,O2O2 D_UV_Toric_SMD_White + -02.50,접착,2026-07-23
S관(3공장),Si_1-Day_Toric,O2O2 D_UV_Toric_SMD_White + -02.50,하이드레이션,2026-07-21
S관(3공장),Si_1-Day_Toric,O2O2 D_UV_Toric_SMD_White + -02.75,누수규격,2026-07-24
S관(3공장),Si_1-Day_Toric,O2O2 D_UV_Toric_SMD_White + -02.75,접착,2026-07-23
S관(3공장),Si_1-Day_Toric,O2O2 D_UV_Toric_SMD_White + -02.75,하이드레이션,2026-07-21
S관(3공장),Si_1-Day_Toric,O2O2 D_UV_Toric_SMD_White + -03.00,누수규격,2026-07-24
S관(3공장),Si_1-Day_Toric,O2O2 D_UV_Toric_SMD_White + -03.00,접착,2026-07-23
S관(3공장),Si_1-Day_Toric,O2O2 D_UV_Toric_SMD_White + -03.00,하이드레이션,2026-07-21
S관(3공장),Si_1-Day_Toric,O2O2 D_UV_Toric_SMD_White + -03.25,누수규격,2026-07-24
S관(3공장),Si_1-Day_Toric,O2O2 D_UV_Toric_SMD_White + -03.25,접착,2026-07-23
S관(3공장),Si_1-Day_Toric,O2O2 D_UV_Toric_SMD_White + -03.25,하이드레이션,2026-07-21
S관(3공장),Si_1-Day_Toric,O2O2 D_UV_Toric_SMD_White + -03.50,누수규격,2026-07-24
S관(3공장),Si_1-Day_Toric,O2O2 D_UV_Toric_SMD_White + -03.50,접착,2026-07-23
S관(3공장),Si_1-Day_Toric,O2O2 D_UV_Toric_SMD_White + -03.50,하이드레이션,2026-07-21
S관(3공장),Si_1-Day_Toric,O2O2 D_UV_Toric_SMD_White + -03.75,누수규격,2026-07-24
S관(3공장),Si_1-Day_Toric,O2O2 D_UV_Toric_SMD_White + -03.75,접착,2026-07-23
S관(3공장),Si_1-Day_Toric,O2O2 D_UV_Toric_SMD_White + -03.75,하이드레이션,2026-07-21
S관(3공장),Si_1-Day_Toric,O2O2 D_UV_Toric_SMD_White + -04.00,누수규격,2026-07-24
S관(3공장),Si_1-Day_Toric,O2O2 D_UV_Toric_SMD_White + -04.00,접착,2026-07-23
S관(3공장),Si_1-Day_Toric,O2O2 D_UV_Toric_SMD_White + -04.00,하이드레이션,2026-07-21
S관(3공장),Si_1-Day_Toric,O2O2 D_UV_Toric_SMD_White + -04.25,누수규격,2026-07-24
S관(3공장),Si_1-Day_Toric,O2O2 D_UV_Toric_SMD_White + -04.25,접착,2026-07-23
S관(3공장),Si_1-Day_Toric,O2O2 D_UV_Toric_SMD_White + -04.25,하이드레이션,2026-07-21
S관(3공장),Si_1-Day_Toric,O2O2 D_UV_Toric_SMD_White + -04.50,누수규격,2026-07-24
S관(3공장),Si_1-Day_Toric,O2O2 D_UV_Toric_SMD_White + -04.50,접착,2026-07-23
S관(3공장),Si_1-Day_Toric,O2O2 D_UV_Toric_SMD_White + -04.50,하이드레이션,2026-07-21
S관(3공장),Si_1-Day_Toric,O2O2 D_UV_Toric_SMD_White + -04.75,누수규격,2026-07-24
S관(3공장),Si_1-Day_Toric,O2O2 D_UV_Toric_SMD_White + -04.75,접착,2026-07-23
S관(3공장),Si_1-Day_Toric,O2O2 D_UV_Toric_SMD_White + -04.75,하이드레이션,2026-07-21
S관(3공장),Si_1-Day_Toric,O2O2 D_UV_Toric_SMD_White + -05.00,누수규격,2026-07-24
S관(3공장),Si_1-Day_Toric,O2O2 D_UV_Toric_SMD_White + -05.00,접착,2026-07-23
S관(3공장),Si_1-Day_Toric,O2O2 D_UV_Toric_SMD_White + -05.00,하이드레이션,2026-07-21
S관(3공장),Si_1-Day_Toric,O2O2 D_UV_Toric_SMD_White + -05.50,누수규격,2026-07-24
S관(3공장),Si_1-Day_Toric,O2O2 D_UV_Toric_SMD_White + -05.50,접착,2026-07-23
S관(3공장),Si_1-Day_Toric,O2O2 D_UV_Toric_SMD_White + -05.50,하이드레이션,2026-07-21
S관(3공장),Si_1-Day_Toric,O2O2 D_UV_Toric_SMD_White + -06.00,누수규격,2026-07-24
S관(3공장),Si_1-Day_Toric,O2O2 D_UV_Toric_SMD_White + -06.00,접착,2026-07-23
S관(3공장),Si_1-Day_Toric,O2O2 D_UV_Toric_SMD_White + -06.00,하이드레이션,2026-07-21
S관(3공장),Si_1-Day_Toric,O2O2 D_UV_Toric_SMD_White + -06.50,누수규격,2026-07-24
S관(3공장),Si_1-Day_Toric,O2O2 D_UV_Toric_SMD_White + -06.50,접착,2026-07-23
S관(3공장),Si_1-Day_Toric,O2O2 D_UV_Toric_SMD_White + -06.50,하이드레이션,2026-07-21
S관(3공장),Si_1-Day_Toric,O2O2 D_UV_Toric_SMD_White + -07.00,누수규격,2026-07-24
S관(3공장),Si_1-Day_Toric,O2O2 D_UV_Toric_SMD_White + -07.00,접착,2026-07-23
S관(3공장),Si_1-Day_Toric,O2O2 D_UV_Toric_SMD_White + -07.00,하이드레이션,2026-07-21
S관(3공장),Si_1-Day_Toric,O2O2 D_UV_Toric_SMD_White + -07.50,누수규격,2026-07-24
S관(3공장),Si_1-Day_Toric,O2O2 D_UV_Toric_SMD_White + -07.50,접착,2026-07-23
S관(3공장),Si_1-Day_Toric,O2O2 D_UV_Toric_SMD_White + -07.50,하이드레이션,2026-07-21
S관(3공장),Si_1-Day_Toric,O2O2 D_UV_Toric_SMD_White + -08.00,누수규격,2026-07-24
S관(3공장),Si_1-Day_Toric,O2O2 D_UV_Toric_SMD_White + -08.00,접착,2026-07-23
S관(3공장),Si_1-Day_Toric,O2O2 D_UV_Toric_SMD_White + -08.00,하이드레이션,2026-07-21
S관(3공장),Si_1-Day_Toric,O2O2 D_UV_Toric_SMD_White + -08.50,누수규격,2026-07-24
S관(3공장),Si_1-Day_Toric,O2O2 D_UV_Toric_SMD_White + -08.50,접착,2026-07-23
S관(3공장),Si_1-Day_Toric,O2O2 D_UV_Toric_SMD_White + -08.50,하이드레이션,2026-07-21
S관(3공장),Si_1-Day_Toric,O2O2 D_UV_Toric_SMD_White + -09.00,누수규격,2026-07-24
S관(3공장),Si_1-Day_Toric,O2O2 D_UV_Toric_SMD_White + -09.00,접착,2026-07-23
S관(3공장),Si_1-Day_Toric,O2O2 D_UV_Toric_SMD_White + -09.00,하이드레이션,2026-07-21
S관(3공장),Si_FRP_Color_Sph,O2O2 M_Natural Chocolat EX + -03.25,분리,2026-07-23
S관(3공장),Si_FRP_Color_Sph,O2O2 M_Natural Chocolat EX + -03.25,사출,2026-07-22
S관(3공장),Si_FRP_Color_Sph,O2O2 M_Natural Chocolat EX + -05.00,분리,2026-07-23
S관(3공장),Si_FRP_Color_Sph,O2O2 M_Natural Chocolat EX + -05.00,사출,2026-07-22
S관(3공장),Si_FRP_Color_Sph,O2O2 M_Natural Chocolat EX + -05.50,분리,2026-07-23
S관(3공장),Si_FRP_Color_Sph,O2O2 M_Natural Chocolat EX + -05.50,사출,2026-07-22
S관(3공장),Si_FRP_Color_Sph,O2O2 M_Natural Chocolat EX + -06.50,분리,2026-07-23
S관(3공장),Si_FRP_Color_Sph,O2O2 M_Natural Chocolat EX + -06.50,사출,2026-07-22
